Iteration	Posterior	Likelihood	Prior	rate_log_sd	rate_neo	tree_length
0	-4318.484	-4606.469	287.9854	0.8332137	0.3643049	11.59437
6	-4320.595	-4606.204	285.609	0.8359199	0.4189565	12.77631
12	-4321.777	-4606.941	285.1633	0.8211499	0.4294201	13.00575
18	-4328.207	-4613.635	285.4281	0.7576438	0.3289567	13.00575
24	-4329.766	-4614.09	284.3246	0.6974232	0.3775936	13.5574
30	-4304.744	-4591.367	286.623	0.7239838	0.3847966	12.34074
36	-4326.613	-4614.558	287.9451	0.8384561	0.3824738	11.59353
42	-4328.248	-4616.029	287.7818	0.8392522	0.3298135	11.73578
48	-4316.695	-4600.695	283.9994	0.7628316	0.3781324	13.69171
54	-4318.6	-4605.879	287.2792	0.7717487	0.3288931	12.03441
60	-4317.869	-4601.735	283.866	0.7509651	0.4223231	13.72287
66	-4303.125	-4587.618	284.493	0.794137	0.3644647	13.43357
72	-4308.202	-4596.342	288.1396	0.895887	0.4061531	11.43776
78	-4303.311	-4589.183	285.8723	0.8492478	0.4749333	12.58019
84	-4304.277	-4593.336	289.0599	0.7822046	0.37928	11.04313
90	-4320.959	-4611.083	290.1239	0.7820296	0.3280368	10.54164
96	-4325.729	-4616.06	290.3314	0.9152828	0.5300495	10.16566
102	-4326.804	-4617.318	290.5142	0.9101304	0.4261267	10.16566
108	-4343.175	-4630.646	287.471	0.8745732	0.485352	11.72407
114	-4320.584	-4608.641	288.0574	0.8663644	0.3809368	11.52183
120	-4327.178	-4615.439	288.2606	0.8448037	0.5193915	11.29757
126	-4319.796	-4605.734	285.938	0.7943662	0.3747525	12.67128
132	-4317.447	-4603.361	285.9141	0.8108513	0.3784473	12.67128
138	-4311.166	-4599.716	288.5505	0.9166917	0.4307973	11.1878
144	-4313.875	-4601.625	287.7501	0.8477024	0.3884599	11.6844
150	-4314.224	-4600.391	286.1679	0.8344256	0.3777235	12.52762
156	-4320.824	-4608.603	287.7789	0.7910653	0.3538208	11.73563
162	-4326.292	-4612.048	285.7568	0.7187021	0.3728574	12.80698
168	-4314.336	-4600.666	286.3293	0.7942654	0.3728574	12.46956
174	-4323.59	-4609.937	286.3466	0.8076822	0.3578552	12.46956
180	-4324.179	-4612.542	288.3635	0.9064419	0.3714373	11.35081
186	-4328.446	-4616.559	288.1127	0.902104	0.2969362	11.569
192	-4329.739	-4615.338	285.5992	0.7970679	0.2969362	12.93404
198	-4337.196	-4623.728	286.5318	0.8087229	0.3949333	12.33376
204	-4338.378	-4621.494	283.1166	0.9159366	0.3581052	14.09133
210	-4331.516	-4614.588	283.0728	0.7652517	0.3936637	14.15508
216	-4328.202	-4616.903	288.7011	0.9160252	0.4510586	11.09021
222	-4314.243	-4600.327	286.084	0.8063208	0.3516996	12.61375
228	-4317.632	-4601.509	283.8769	0.8184349	0.3434228	13.76359
234	-4333.784	-4616.133	282.3484	0.7724219	0.3130643	14.61424
240	-4343.035	-4627.161	284.1267	0.6793379	0.4817254	13.57001
246	-4326.5	-4613.223	286.723	0.7586499	0.3653624	12.29097
252	-4333.633	-4618.116	284.4833	0.7937381	0.3198755	13.48836
258	-4328.936	-4613.954	285.0183	0.7417836	0.470122	13.08473
264	-4313.768	-4599.605	285.8369	0.7670734	0.323074	12.79494
270	-4315.647	-4606.139	290.4927	0.8623368	0.3678314	10.2615
276	-4300.041	-4586.13	286.0897	0.910986	0.3546521	12.55306
282	-4301.475	-4586.397	284.9218	0.6309089	0.3731594	13.28642
288	-4296.167	-4585.072	288.905	0.7776671	0.3820873	11.12367
294	-4293.654	-4582.272	288.6179	0.895826	0.38809	11.2059
300	-4301.954	-4589.974	288.0208	0.76861	0.3634816	11.61054
306	-4307.467	-4593.032	285.5656	0.8131464	0.4050549	12.82438
312	-4327.911	-4614.539	286.6285	0.9189936	0.4529949	12.16974
318	-4326.52	-4615.145	288.6253	0.8835071	0.3847682	11.2119
324	-4320.431	-4607.917	287.4853	0.9093392	0.374443	11.80505
330	-4312.506	-4599.978	287.4727	0.8213687	0.4266499	11.80505
336	-4323.896	-4611.677	287.7815	0.8012466	0.4176196	11.66306
342	-4315.955	-4603.841	287.8862	0.9770775	0.3824781	11.55186
348	-4318.286	-4604.296	286.0096	0.8772926	0.3236926	12.647
354	-4330.191	-4617.044	286.8528	0.8312251	0.3904137	12.15931
360	-4321.039	-4609.127	288.0876	0.8772926	0.3818958	11.49937
366	-4320.877	-4606.907	286.0293	0.8936436	0.4145467	12.53175
372	-4346.343	-4630.831	284.488	0.7894638	0.4446415	13.3588
378	-4325.646	-4610.707	285.0619	0.8844017	0.2972028	13.16766
384	-4320.562	-4606.487	285.9255	0.6038346	0.393961	12.75716
390	-4318.565	-4606.145	287.5795	0.8488063	0.5246232	11.64716
396	-4312.883	-4601.716	288.8336	0.8619819	0.3505214	11.15071
402	-4319.073	-4608.484	289.4115	0.8529011	0.4342811	10.76685
408	-4315.573	-4603.377	287.8034	0.8074986	0.3362588	11.73375
414	-4316.378	-4602.667	286.2893	0.7548688	0.3845651	12.49872
420	-4324.782	-4611.619	286.8372	0.7275317	0.4344536	12.17812
426	-4336.522	-4625.045	288.5228	0.8317563	0.3455396	11.33468
432	-4329.476	-4617.404	287.928	0.8265242	0.3795217	11.61177
438	-4324.779	-4610.385	285.6058	0.8305749	0.3858918	12.81375
444	-4325.268	-4612.982	287.7132	0.9466045	0.4359763	11.60507
450	-4323.377	-4607.252	283.8754	0.6765499	0.4416706	13.73822
456	-4328.34	-4615.089	286.7497	0.895766	0.3912133	12.17859
462	-4325.713	-4609.133	283.4205	0.8588097	0.3235776	14.0018
468	-4324.182	-4611.468	287.2857	0.8548604	0.3933616	11.91814
474	-4322.618	-4611.342	288.7241	0.8548604	0.3743224	11.18608
480	-4309.589	-4596.004	286.4143	0.8489716	0.3743224	12.39523
486	-4326.214	-4613.971	287.757	0.7782807	0.3777233	11.72816
492	-4320.449	-4605.097	284.648	0.7547155	0.3777233	13.35958
498	-4322.743	-4609.383	286.6397	0.7902223	0.4356186	12.24729
504	-4320.358	-4609.031	288.6733	0.8675019	0.3334208	11.25087
510	-4306.415	-4590.741	284.3263	0.8650625	0.3940605	13.45261
516	-4301.066	-4585.139	284.0738	0.7817534	0.4160395	13.60515
522	-4294.404	-4580.523	286.119	0.8628108	0.4208896	12.49491
528	-4319.115	-4607.321	288.2068	0.9723218	0.3213095	11.454
534	-4321.393	-4607.983	286.5903	0.9073967	0.4363529	12.21124
540	-4337.954	-4625.194	287.2399	0.7442692	0.3478323	12.04794
546	-4328.979	-4615.934	286.954	0.8010445	0.360024	12.15412
552	-4327.028	-4610.683	283.6551	0.7429494	0.4207874	13.83792
558	-4325.195	-4608.605	283.4093	0.5914424	0.3404244	14.12716
564	-4320.883	-4607.667	286.7839	0.8195619	0.3834986	12.20839
570	-4323.768	-4610.003	286.2348	0.7026702	0.3999673	12.53865
576	-4322.465	-4610.748	288.283	0.8194143	0.3603909	11.45022
582	-4327.069	-4614.312	287.2431	0.8304607	0.4021154	11.94424
588	-4335.784	-4623.127	287.3429	0.7526912	0.4179767	11.91704
594	-4325.25	-4615.253	290.0039	0.9918511	0.3272534	10.49541
600	-4322.093	-4608.559	286.4659	0.8127018	0.3745704	12.38699
606	-4330.06	-4615.984	285.9245	0.7280635	0.3897676	12.6973
612	-4332.834	-4617.187	284.3524	0.9032699	0.3722058	13.44173
618	-4331.445	-4616.087	284.6417	0.7418082	0.3430489	13.40677
624	-4328.489	-4613.15	284.6612	0.7340813	0.3312922	13.41386
630	-4327.756	-4613.279	285.5227	0.8005506	0.3096086	12.95674
636	-4335.338	-4621.825	286.4874	0.718359	0.3096086	12.49744
642	-4329.892	-4609.701	279.8093	0.8022656	0.3494343	15.87034
648	-4326.873	-4609.464	282.5902	0.7658377	0.3575311	14.44248
654	-4320.967	-4606.663	285.6963	0.7925801	0.3447894	12.83028
660	-4336.132	-4623.142	287.0101	0.9204499	0.3273729	12.09893
666	-4336.363	-4622.443	286.0803	0.8618018	0.2980343	12.64866
672	-4324.87	-4609.271	284.4005	0.7643489	0.3807087	13.48
678	-4324.052	-4611.188	287.1363	0.7288597	0.3843516	12.07103
684	-4336.785	-4620.099	283.3137	0.7463709	0.4074091	14.02627
690	-4327.148	-4616.33	289.1819	0.7869077	0.4446435	10.91199
696	-4325.16	-4610.204	285.0437	0.7284104	0.2762942	13.28424
702	-4319.058	-4605.992	286.934	0.6689917	0.4217592	12.17034
708	-4321.31	-4609.909	288.5986	0.965232	0.3676733	11.20106
714	-4316.765	-4603.517	286.7522	0.915413	0.3679865	12.1912
720	-4317.643	-4604.198	286.5548	0.858198	0.3212905	12.37579
726	-4323.394	-4610.005	286.6117	0.823033	0.3920837	12.28757
732	-4318.282	-4605.454	287.1718	0.9655265	0.3769122	11.93678
738	-4316.518	-4602.813	286.2952	0.7555221	0.3769122	12.50325
744	-4323.04	-4611.971	288.9311	1.020951	0.4004308	10.96381
750	-4316.39	-4604.071	287.6811	0.8042094	0.3648031	11.76795
756	-4344.247	-4631.968	287.7208	0.7622987	0.3065479	11.83508
762	-4322.795	-4608.564	285.7689	0.7482179	0.3823743	12.77538
768	-4330.976	-4617.558	286.5819	0.713055	0.3602938	12.39368
774	-4326.889	-4615.76	288.8706	0.8139965	0.3835804	11.12112
780	-4330.596	-4619.421	288.8256	0.8139965	0.3780182	11.15046
786	-4322.905	-4610.979	288.0745	0.839799	0.3666667	11.54186
792	-4331.595	-4620.312	288.7167	0.9558268	0.5571565	10.96966
798	-4308.978	-4595.625	286.6474	0.8193897	0.4964542	12.17296
804	-4323.546	-4609.146	285.5996	0.7345248	0.5281098	12.73615
810	-4325.69	-4615.196	289.5062	0.8538001	0.3852045	10.76557
816	-4312.028	-4599.362	287.3334	0.7869315	0.4318605	11.89072
822	-4322.907	-4607.652	284.745	0.8866269	0.4161286	13.20199
828	-4324.08	-4607.053	282.9727	0.7395806	0.3337271	14.28413
834	-4318.637	-4605.914	287.2766	0.800505	0.3754463	11.96976
840	-4322.43	-4612.723	290.2931	0.9029067	0.4530253	10.26014
846	-4321.673	-4608.867	287.1939	0.9391253	0.4065038	11.90882
852	-4329.072	-4616.546	287.4745	0.821195	0.3519279	11.88089
858	-4339.957	-4624.963	285.0064	0.8213905	0.4106534	13.10539
864	-4331.527	-4617.322	285.795	0.7564782	0.3826622	12.75721
870	-4335.344	-4621.462	286.1182	0.8136257	0.3697613	12.57272
876	-4342.947	-4629.762	286.8148	0.8726739	0.3735282	12.17499
882	-4345.901	-4630.87	284.9695	0.8356953	0.4492913	13.08023
888	-4335.883	-4620.841	284.9583	0.8870567	0.4364679	13.07134
894	-4332.484	-4618.021	285.5364	0.8614569	0.4664372	12.75632
900	-4335.417	-4620.699	285.2822	0.727973	0.44535	12.97733
906	-4335.58	-4616.883	281.3027	0.7306591	0.4232778	15.06031
912	-4334.472	-4618.27	283.7973	0.7323313	0.5010221	13.69675
918	-4336.032	-4623.626	287.594	0.8999612	0.4321279	11.69538
924	-4331.693	-4616.325	284.6318	0.8355236	0.4031718	13.30011
930	-4332.067	-4614.646	282.5786	0.8791821	0.4676173	14.28179
936	-4338.928	-4623.821	284.8931	0.8162612	0.4538676	13.12586
942	-4326.953	-4615.744	288.7902	1.014787	0.3532711	11.09041
948	-4324.261	-4611.371	287.1106	0.9962039	0.3852597	11.94404
954	-4324.19	-4609.892	285.7014	0.842451	0.4703798	12.67677
960	-4332.22	-4617.659	285.439	0.7221374	0.4131391	12.92962
966	-4338.17	-4623.492	285.3219	0.9102775	0.4340463	12.8725
972	-4331.577	-4615.956	284.3782	0.7279606	0.481795	13.41412
978	-4332.749	-4617.03	284.2809	0.8188574	0.481795	13.41743
984	-4326.378	-4610.652	284.2743	0.754811	0.4081848	13.52275
990	-4328.202	-4614.882	286.68	0.7929448	0.3631873	12.29779
996	-4316.709	-4599.775	283.066	0.7406584	0.3356652	14.23308
1002	-4332.813	-4621.367	288.554	0.8466929	0.3713948	11.28246
1008	-4328.832	-4615.081	286.2493	0.9105431	0.3226151	12.5061
1014	-4332.078	-4614.519	282.4412	0.7618282	0.380166	14.49788
1020	-4318.345	-4602.406	284.0606	0.7210936	0.3783971	13.68133
1026	-4306.172	-4595.076	288.9046	0.80106	0.4195373	11.07385
1032	-4309.862	-4595.45	285.5876	0.7848734	0.460497	12.7749
1038	-4319.503	-4606.339	286.8362	0.7337301	0.3769906	12.23262
1044	-4318.48	-4605.079	286.5989	0.9310359	0.3681799	12.2628
1050	-4319.577	-4607.427	287.8504	0.823469	0.433966	11.59964
1056	-4320.018	-4606.93	286.9121	0.7533061	0.4158368	12.1436
1062	-4322.08	-4608.311	286.2315	0.8147542	0.386207	12.49595
1068	-4317.273	-4601.435	284.1626	0.8173787	0.3384687	13.62143
1074	-4316.333	-4604.287	287.9531	0.8431818	0.4013146	11.56766
1080	-4317.878	-4602.806	284.9277	0.8286376	0.301298	13.26139
1086	-4309.716	-4596.52	286.8045	0.7661701	0.4904665	12.12403
1092	-4309.979	-4597.383	287.4044	0.8875447	0.4709906	11.76489
1098	-4318.501	-4610.676	292.1745	0.9637369	0.3769091	9.312169
1104	-4312.241	-4597.124	284.883	0.9017529	0.4876403	13.05638
1110	-4326.506	-4611.845	285.3392	0.7448226	0.3692793	13.01435
1116	-4316.104	-4597.21	281.1056	0.800401	0.5022858	15.05477
1122	-4305.967	-4590.394	284.4272	0.8493292	0.3750931	13.42785
1128	-4318.699	-4600.958	282.2585	0.9795179	0.4634988	14.39939
1134	-4334.346	-4620.827	286.4808	0.8866518	0.4232073	12.29173
1140	-4311.452	-4599.669	288.2175	0.7883286	0.3765382	11.48354
1146	-4318.415	-4607.799	289.3832	0.9259239	0.4679815	10.71199
1152	-4319.804	-4610.101	290.2961	0.8993875	0.4250531	10.287
1158	-4320.182	-4607.611	287.4289	1.112958	0.3150622	11.79425
1164	-4315.163	-4602.283	287.1201	0.9805233	0.3164	12.02299
1170	-4328.466	-4616.15	287.6838	0.8981662	0.3944396	11.68654
1176	-4329.715	-4616.268	286.5534	0.8089033	0.3077685	12.41812
1182	-4332.219	-4618.451	286.2318	0.8379036	0.3269209	12.54811
1188	-4312.469	-4596.979	284.5098	0.8441243	0.3782033	13.38441
1194	-4319.57	-4606.883	287.3125	0.762848	0.3948823	11.95059
1200	-4323.456	-4609.738	286.2824	0.766399	0.3296667	12.55583
1206	-4315.556	-4601.651	286.0949	0.7959091	0.4070754	12.55583
1212	-4320.981	-4610.082	289.101	0.7757293	0.3614707	11.04392
1218	-4318.209	-4603.022	284.8122	0.8844815	0.3889154	13.19532
1224	-4316.123	-4602.015	285.8918	0.9416823	0.3332845	12.66382
1230	-4301.078	-4586.14	285.0614	0.880705	0.3972809	13.05927
1236	-4319.277	-4608.081	288.8036	0.9415275	0.4274573	11.0455
1242	-4343.71	-4629.48	285.7702	0.8286751	0.2798235	12.84991
1248	-4335.473	-4621.015	285.5414	0.8773913	0.3602139	12.84991
1254	-4317.115	-4605.207	288.0924	0.8215439	0.3402686	11.5709
1260	-4325.603	-4613.134	287.5303	0.7830008	0.3402686	11.88459
1266	-4327.799	-4613.608	285.8094	0.7732523	0.3582395	12.7668
1272	-4328.772	-4614.271	285.4992	0.7307444	0.3337987	12.97725
1278	-4322.32	-4608.787	286.4665	0.8289168	0.384129	12.36829
1284	-4324.229	-4608.643	284.4143	0.8272161	0.4411704	13.3807
1290	-4325.526	-4612.046	286.5193	0.9809731	0.4411704	12.20537
1296	-4321.637	-4608.601	286.9647	0.9223503	0.3522855	12.09369
1302	-4316.54	-4600.592	284.0514	0.781386	0.3630106	13.67099
1308	-4311.386	-4596.451	285.0647	0.7504591	0.3658412	13.15779
1314	-4316.828	-4601.863	285.0352	0.8436111	0.4565794	13.03525
1320	-4306.322	-4591.549	285.2262	0.7625932	0.3514682	13.08302
1326	-4317.178	-4599.871	282.6931	0.6985098	0.4543734	14.32808
1332	-4320.101	-4605.343	285.2422	0.9529119	0.3024596	13.03195
1338	-4318.478	-4607.12	288.6421	0.8169223	0.3688207	11.25468
1344	-4304.353	-4592.768	288.4151	0.9416758	0.4772974	11.20257
1350	-4307.807	-4590.372	282.5649	0.7580125	0.3715235	14.44476
1356	-4315.991	-4597.551	281.5598	0.8754325	0.3706791	14.90517
1362	-4312.529	-4598.339	285.8099	0.8008618	0.4069279	12.70181
1368	-4311.457	-4597.832	286.3752	0.996088	0.3941078	12.31856
1374	-4326.849	-4615.06	288.2112	1.091143	0.3812176	11.32361
1380	-4313.359	-4598.717	285.3571	0.8016072	0.4285074	12.916
1386	-4321.331	-4607.767	286.4362	0.965612	0.3606577	12.33757
1392	-4315.412	-4605.078	289.6661	1.056394	0.5014436	10.46539
1398	-4323.15	-4613.243	290.0926	1.095266	0.4239994	10.29203
1404	-4323.27	-4613.638	290.3679	0.8174592	0.3409877	10.38013
1410	-4317.527	-4600.788	283.2605	0.6880883	0.3318367	14.16384
1416	-4319.322	-4604.81	285.4885	0.7617092	0.3370232	12.96309
1422	-4314.556	-4600.093	285.5377	0.7694982	0.405311	12.86134
1428	-4308.365	-4590.69	282.3247	0.7894654	0.405311	14.51845
1434	-4316.501	-4604.348	287.8475	0.7562094	0.3637904	11.70717
1440	-4312.939	-4600.134	287.1949	0.7948362	0.4031326	11.98698
1446	-4317.25	-4604.349	287.0991	0.9147992	0.4649644	11.91546
1452	-4312.056	-4596.994	284.9385	0.8038913	0.3822064	13.17845
1458	-4311.476	-4598.94	287.4635	0.716192	0.278129	12.02856
1464	-4306.681	-4596.215	289.5345	0.9155356	0.5496974	10.568
1470	-4309.964	-4597.287	287.3239	0.9019633	0.4246107	11.84261
1476	-4301.139	-4590.377	289.2383	1.046776	0.2981501	10.9028
1482	-4301.599	-4592.025	290.4264	0.8664797	0.3355884	10.32976
1488	-4302.415	-4592.346	289.9306	0.8869129	0.3877665	10.52289
1494	-4293.461	-4583.396	289.935	0.8357072	0.4120302	10.52289
1500	-4300.39	-4589.194	288.8048	0.826615	0.5073848	11.03246
1506	-4298.415	-4587.984	289.5684	0.9080366	0.3982965	10.69108
1512	-4311.791	-4598.872	287.0813	0.8956881	0.5400225	11.87011
1518	-4313.862	-4602.634	288.7719	1.066497	0.5268345	10.90755
1524	-4307.184	-4593.863	286.6787	0.8374811	0.4174656	12.2198
1530	-4309.738	-4598.827	289.0885	0.9377525	0.4942287	10.83697
1536	-4316.417	-4602.372	285.955	0.7172471	0.4836562	12.5981
1542	-4321.985	-4605.792	283.8067	0.8251937	0.3991681	13.73785
1548	-4320.898	-4609.933	289.0349	1.000866	0.3328033	10.99244
1554	-4330.767	-4620.064	289.2973	0.7948862	0.3798062	10.91156
1560	-4321.628	-4610.17	288.5421	0.8513905	0.4166001	11.24017
1566	-4308.656	-4597.098	288.4413	1.084401	0.4997626	11.09437
1572	-4310.116	-4596.378	286.2616	0.8856533	0.4254869	12.40426
1578	-4308.633	-4596.616	287.9829	0.7875165	0.4254869	11.55735
1584	-4312.921	-4601.477	288.5555	0.8738815	0.4128121	11.2251
1590	-4312.783	-4601.217	288.4335	1.074631	0.399094	11.19762
1596	-4327.514	-4616.141	288.627	1.131163	0.493993	10.97767
1602	-4322.845	-4613.973	291.1283	1.131163	0.3893853	9.762797
1608	-4322.391	-4613.653	291.2623	1.086627	0.466216	9.640963
1614	-4325.397	-4613.548	288.1505	0.8376018	0.3761711	11.49318
1620	-4325.775	-4613.027	287.2516	0.818418	0.370348	11.97879
1626	-4327.336	-4617.754	290.4176	0.928755	0.5123564	10.12818
1632	-4328.509	-4615.889	287.3808	0.9432858	0.3840513	11.83187
1638	-4329.709	-4617.192	287.4829	0.8316856	0.4751203	11.74936
1644	-4307.48	-4595.091	287.6106	0.8153147	0.4131355	11.74936
1650	-4303.106	-4592.449	289.3423	0.9221085	0.4277722	10.77309
1656	-4307.207	-4596.657	289.4503	0.8882715	0.3887761	10.77309
1662	-4301.302	-4586.985	285.6831	0.88905	0.3957607	12.73304
1668	-4299.637	-4587.61	287.9724	0.8761312	0.4591775	11.48483
1674	-4314.272	-4601.707	287.4352	0.8326507	0.4257388	11.81961
1680	-4304.651	-4592.172	287.5205	0.7932697	0.4013822	11.81961
1686	-4291.298	-4580.373	289.0753	0.8795806	0.3757987	10.9877
1692	-4295.791	-4582.406	286.6148	0.804318	0.5010778	12.19381
1698	-4296.755	-4583.479	286.724	0.8588049	0.4154148	12.18706
1704	-4291.159	-4575.865	284.7056	0.8526874	0.3434447	13.31556
1710	-4294.994	-4578.899	283.9055	0.7401825	0.4787236	13.65592
1716	-4301.734	-4588.558	286.8235	0.7605289	0.3753112	12.22704
1722	-4347.889	-4635.039	287.1495	0.8315473	0.4698737	11.92819
1728	-4335.49	-4625.718	290.2276	0.8999088	0.3936749	10.35397
1734	-4316.404	-4606.422	290.0175	0.8899442	0.411371	10.45172
1740	-4319.958	-4611.586	291.6286	0.9107856	0.3240516	9.687024
1746	-4317.853	-4608.529	290.6757	0.877915	0.3973657	10.12623
1752	-4311.222	-4600.559	289.3374	0.9752835	0.3205216	10.86152
1758	-4322.035	-4610.249	288.2148	0.9636728	0.5023109	11.27393
1764	-4321.615	-4609.617	288.0018	0.980902	0.4428729	11.42979
1770	-4318.396	-4605.828	287.4316	0.7746888	0.4334705	11.84434
1776	-4320.111	-4605.516	285.4053	0.818661	0.4166789	12.89346
1782	-4330.903	-4616.116	285.2128	0.8045964	0.4537105	12.96584
1788	-4335.32	-4623.353	288.0327	0.8115389	0.3845691	11.55966
1794	-4316.8	-4606.25	289.4507	0.8907803	0.3845691	10.77594
1800	-4314.732	-4602.858	288.126	0.8992661	0.5189301	11.3399
1806	-4321.517	-4609.503	287.9857	0.899515	0.6111176	11.3399
1812	-4317.294	-4605.594	288.2998	0.9092321	0.3557999	11.39949
1818	-4321.211	-4611.506	290.2944	0.7835784	0.4342926	10.3398
1824	-4322.54	-4613.896	291.3554	1.022353	0.4496609	9.641091
1830	-4319.578	-4610.305	290.7268	0.9528691	0.3903442	10.06714
1836	-4296.115	-4583.074	286.9594	0.8778054	0.516481	11.96262
1842	-4304.714	-4588.448	283.7341	0.8024793	0.5298292	13.66891
1848	-4311.994	-4597.074	285.08	0.7636511	0.4473265	13.06209
1854	-4312.588	-4597.555	284.9669	0.7889001	0.4314469	13.12269
1860	-4307.269	-4592.622	285.3526	0.8135465	0.4125488	12.92757
1866	-4313.452	-4598.852	285.4009	0.7603544	0.4151517	12.92757
1872	-4320.37	-4606.134	285.7642	0.7683827	0.3718146	12.77834
1878	-4303.794	-4590.323	286.5292	0.8234491	0.3064312	12.42471
1884	-4315.71	-4600.347	284.6369	0.8123801	0.4003119	13.31235
1890	-4328.53	-4611.391	282.8615	0.7811342	0.5433779	14.12153
1896	-4319.13	-4604.622	285.4922	0.7826937	0.4435198	12.84134
1902	-4317	-4602.368	285.3681	0.7216703	0.3980585	12.98172
1908	-4325.632	-4613.111	287.4791	0.7674319	0.3980585	11.85804
1914	-4324.959	-4610.324	285.365	0.8117729	0.3599527	12.97607
1920	-4320.137	-4605.404	285.2666	0.7406687	0.3344936	13.09224
1926	-4326.764	-4615.806	289.0421	0.8319296	0.3909143	11.01434
1932	-4316.111	-4604.73	288.6193	0.9544244	0.4582535	11.10628
1938	-4320.203	-4607.935	287.7321	0.938888	0.3666981	11.66894
1944	-4322.685	-4607.473	284.7873	0.7774426	0.3184739	13.3406
1950	-4320.843	-4606.474	285.631	0.8209535	0.3529048	12.84056
1956	-4326.863	-4612.402	285.5399	0.831832	0.392607	12.84056
1962	-4333.53	-4622.85	289.3199	0.8406001	0.3223102	10.93918
1968	-4322.479	-4607.379	284.9	0.7406117	0.4279048	13.18593
1974	-4315.536	-4600.351	284.8151	0.7471207	0.4719573	13.18593
1980	-4309.756	-4593.688	283.9323	0.8829433	0.4563451	13.58801
1986	-4329.353	-4614.879	285.526	0.7626721	0.4980299	12.78524
1992	-4327.189	-4613.045	285.8562	0.7626721	0.4415964	12.66415
1998	-4333.831	-4620.907	287.0764	0.9849662	0.4316533	11.92169
2004	-4315.357	-4600.656	285.2987	0.9775896	0.4210991	12.86195
2010	-4312.161	-4595.622	283.4612	0.8101879	0.3728072	13.95185
2016	-4333.876	-4617.474	283.5973	0.7904325	0.4665054	13.80064
2022	-4332.659	-4618.164	285.5058	0.7152627	0.413864	12.89773
2028	-4332.601	-4616.027	283.4265	0.8116504	0.4148309	13.92667
2034	-4321.697	-4605.112	283.4144	0.7488616	0.3153488	14.07153
2040	-4323.962	-4608.579	284.617	0.7946797	0.3942076	13.33803
2046	-4326.227	-4612.374	286.1475	0.8305772	0.4516285	12.46776
2052	-4344.016	-4629.654	285.6377	0.9422629	0.3024197	12.8318
2058	-4337.928	-4625.23	287.302	0.8365159	0.3392021	11.97704
2064	-4337.734	-4621.68	283.9455	0.7867474	0.4706757	13.61815
2070	-4327.359	-4613.981	286.6219	0.7854118	0.2956422	12.40931
2076	-4328.814	-4612.155	283.3411	0.7837745	0.4210072	13.97939
2082	-4329.67	-4616.638	286.9671	0.773986	0.4512949	12.07035
2088	-4322.456	-4609.743	287.2876	0.8298525	0.3542144	11.9714
2094	-4335.766	-4619.347	283.5813	0.6108656	0.4197373	13.9457
2100	-4324.803	-4608.947	284.1439	0.7009062	0.3993371	13.62722
2106	-4325.428	-4612.812	287.3839	0.7405837	0.5327341	11.79913
2112	-4327.382	-4613.148	285.7661	0.8024224	0.3526059	12.78024
2118	-4327.339	-4611.06	283.7209	0.736101	0.439819	13.78925
2124	-4319.213	-4603.082	283.8685	0.6375196	0.3365719	13.86948
2130	-4316.407	-4603.358	286.9505	0.7540111	0.5198878	12.02899
2136	-4313.401	-4598.874	285.4725	0.7179564	0.3849379	12.94265
2142	-4326.134	-4611.807	285.6728	0.665896	0.378908	12.87182
2148	-4321.015	-4606.625	285.6098	0.6748844	0.4065749	12.87182
2154	-4337.966	-4624.161	286.1956	0.7568363	0.4018848	12.52894
2160	-4328.442	-4613.793	285.3512	0.7579272	0.3514991	13.0204
2166	-4337.178	-4621.128	283.9501	0.8258064	0.3312929	13.7354
2172	-4323.018	-4609.833	286.815	0.6156095	0.4234085	12.2586
2178	-4343.108	-4630.832	287.7246	0.7685464	0.4446448	11.68399
2184	-4332.473	-4618.652	286.1791	0.7258825	0.4030292	12.55248
2190	-4332.443	-4619.035	286.5921	0.8153315	0.3496253	12.34664
2196	-4345.945	-4631.863	285.9185	0.8165378	0.3779117	12.66658
2202	-4330.542	-4617.372	286.8307	0.9292013	0.4180715	12.0921
2208	-4331.358	-4616.472	285.1142	0.9128386	0.4003508	13.012
2214	-4324.561	-4608.267	283.7061	0.7201182	0.4410956	13.804
2220	-4334.066	-4618.275	284.2092	0.6851885	0.4229288	13.57828
2226	-4330.135	-4614.72	284.5855	0.8419026	0.3609099	13.36454
2232	-4331.266	-4616.072	284.8063	0.7726569	0.4065003	13.23881
2238	-4328.562	-4613.383	284.8217	0.7866262	0.3913062	13.23881
2244	-4326.32	-4611.688	285.368	0.9472887	0.4195106	12.84319
2250	-4315.508	-4602.126	286.6176	0.6956114	0.3920501	12.35092
2256	-4322.386	-4610.715	288.3285	0.8966367	0.4394863	11.30619
2262	-4323.805	-4608.668	284.8637	0.8933032	0.3845494	13.16841
2268	-4324.542	-4613.909	289.3673	0.9317161	0.4273181	10.75539
2274	-4318.239	-4606.175	287.9363	0.8339537	0.4088035	11.57377
2280	-4312.078	-4598.493	286.4148	0.7752031	0.4512403	12.3577
2286	-4328.71	-4618.442	289.7316	0.8731702	0.398717	10.62331
2292	-4318.896	-4606.734	287.8376	0.8807526	0.4739521	11.53944
2298	-4315.128	-4601.198	286.07	0.7967625	0.3412518	12.63753
2304	-4318.588	-4603.251	284.6628	0.8445653	0.382664	13.3001
2310	-4312.118	-4599.092	286.974	0.8151205	0.4175887	12.07735
2316	-4303.712	-4589.54	285.8284	0.8296782	0.3454585	12.74148
2322	-4312.32	-4598.474	286.1544	0.8324001	0.3276646	12.59039
2328	-4298.371	-4584.466	286.0952	0.9150849	0.3170997	12.59039
2334	-4317.475	-4602.474	284.9996	0.8421404	0.3785778	13.13055
2340	-4327.377	-4612.61	285.2328	0.8259246	0.3807332	13.01552
2346	-4327.818	-4616.111	288.2934	0.8592659	0.3604583	11.42393
2352	-4326.105	-4614.104	287.9986	0.9414097	0.406026	11.48778
2358	-4334.475	-4621.405	286.9303	0.8090031	0.2983621	12.23298
2364	-4334.161	-4617.939	283.7784	0.695224	0.4582499	13.76358
2370	-4320.878	-4607.41	286.5316	0.815553	0.3622448	12.36437
2376	-4330.883	-4619.823	288.94	0.8011683	0.3622448	11.11405
2382	-4329.378	-4616.21	286.8315	0.7416397	0.3645644	12.2441
2388	-4316.261	-4601.581	285.3201	0.7919809	0.4267549	12.94192
2394	-4321.983	-4610.026	288.0426	0.8265384	0.3471745	11.58664
2400	-4339.096	-4626.595	287.4996	0.7990859	0.3950704	11.83383
2406	-4342.677	-4628.71	286.033	1.034595	0.4162015	12.45478
2412	-4330.95	-4617.901	286.9508	0.9173357	0.3153198	12.14551
2418	-4333.011	-4621.75	288.7391	0.9828252	0.3551802	11.13182
2424	-4326.973	-4612.832	285.8593	0.7083282	0.3294151	12.8066
2430	-4303.209	-4588.66	285.4505	0.8154936	0.4771115	12.81535
2436	-4308.244	-4593.189	284.9445	0.7853691	0.5235562	13.05428
2442	-4298.85	-4583.515	284.6658	0.8148117	0.4424548	13.25533
2448	-4306.285	-4593.561	287.276	0.7732522	0.4083591	11.9507
2454	-4316.296	-4601.322	285.0257	0.8671158	0.3691869	13.11385
2460	-4320.011	-4604.488	284.4771	0.8386207	0.4075525	13.37452
2466	-4330.654	-4616.677	286.0234	0.9426691	0.4423691	12.48263
2472	-4341.353	-4623.593	282.2396	0.9800269	0.4658877	14.40675
2478	-4342.824	-4628.666	285.842	0.90969	0.4545973	12.58289
2484	-4322.504	-4602.995	280.491	0.7950476	0.365364	15.50488
2490	-4321.527	-4607.996	286.4692	0.8362706	0.3888167	12.35825
2496	-4321.872	-4608.205	286.3334	0.8547348	0.410738	12.39736
2502	-4329.272	-4615.203	285.9311	0.8270032	0.3575229	12.67623
2508	-4323.359	-4609.075	285.7166	0.9122	0.3904434	12.70898
2514	-4319.473	-4606.184	286.7111	0.7998502	0.3590047	12.28249
2520	-4333.31	-4619.368	286.0581	0.8692851	0.3590047	12.58649
2526	-4332.122	-4617.653	285.5305	0.6614325	0.3345784	12.99617
2532	-4327.601	-4612.951	285.3501	0.7322391	0.3875973	12.99617
2538	-4332.292	-4618.232	285.9398	0.7910527	0.3875973	12.65876
2544	-4328.218	-4616.611	288.3932	0.7797505	0.4289472	11.34355
2550	-4323.387	-4610.717	287.3307	0.784115	0.3741627	11.95139
2556	-4327.722	-4613.367	285.6454	0.7639823	0.3537902	12.86174
2562	-4318.273	-4604.795	286.5223	0.7639823	0.3720503	12.38566
2568	-4321.977	-4609.223	287.2456	0.8474928	0.3181797	12.02479
2574	-4321.447	-4604.299	282.8522	0.7016054	0.4089524	14.28713
2580	-4313.825	-4595.389	281.5634	0.8251348	0.3714069	14.92856
2586	-4322.969	-4604.33	281.3612	0.8251348	0.4603453	14.94661
2592	-4335.118	-4620.899	285.781	0.9296145	0.4934277	12.56959
2598	-4325.272	-4609.613	284.3404	0.8769604	0.498611	13.34172
2604	-4321.552	-4610.773	289.221	1.024515	0.4252675	10.78545
2610	-4317.095	-4603.533	286.438	0.825512	0.4252675	12.34393
2616	-4337.909	-4627.812	289.9031	0.8168231	0.4340064	10.52814
2622	-4333.489	-4621.004	287.5151	0.8097749	0.4953902	11.72608
2628	-4323.271	-4611.09	287.8191	0.941966	0.3909994	11.59652
2634	-4309.14	-4596.442	287.3017	0.9217679	0.3807989	11.88777
2640	-4341.666	-4632.519	290.8529	0.924102	0.445594	9.961452
2646	-4328.241	-4612.509	284.2683	0.6699152	0.4388147	13.54046
2652	-4325.819	-4611.529	285.7102	0.8908577	0.3305247	12.78793
2658	-4324.353	-4610.997	286.6444	0.8750678	0.4391291	12.19727
2664	-4324.734	-4613.446	288.7124	0.9387322	0.4813241	11.04486
2670	-4323.005	-4609.615	286.6099	0.7813205	0.3777876	12.32494
2676	-4311.808	-4600.788	288.9809	0.8231488	0.3777876	11.06462
2682	-4327.747	-4617.701	289.9538	0.7931878	0.3661916	10.58258
2688	-4326.994	-4618.381	291.3868	1.007109	0.3112602	9.778838
2694	-4317.462	-4608.26	290.7983	0.9512276	0.3171356	10.11108
2700	-4321.673	-4613.462	291.7894	1.00315	0.3461572	9.528218
2706	-4323.019	-4612.815	289.7958	1.00315	0.4532704	10.46849
2712	-4324.572	-4611.415	286.8429	0.8641892	0.3933717	12.14423
2718	-4313.558	-4600.828	287.2701	0.8930502	0.4435173	11.85738
2724	-4316.771	-4600.256	283.4848	0.8575829	0.3399446	13.95057
2730	-4312.224	-4597.081	284.8565	0.841115	0.4384623	13.14631
2736	-4325.526	-4609.998	284.4712	0.7674377	0.3488879	13.47557
2742	-4318.669	-4604.269	285.6	0.7955539	0.3306184	12.89471
2748	-4324.263	-4607.988	283.7255	0.8071275	0.406757	13.78185
2754	-4327.677	-4615.522	287.8457	0.9947926	0.4801833	11.47007
2760	-4309.633	-4597.159	287.5264	0.8458687	0.3552818	11.83725
2766	-4327.809	-4615.521	287.7117	0.8625135	0.3148987	11.77754
2772	-4319.513	-4604.326	284.8124	0.8168193	0.2518071	13.3906
2778	-4334.686	-4621.88	287.1941	0.9032976	0.436562	11.89821
2784	-4335.849	-4619.506	283.6569	0.7908188	0.4726218	13.76406
2790	-4332.83	-4617.624	284.7936	0.9046596	0.4502984	13.13493
2796	-4335.535	-4620.278	284.7435	0.8194617	0.3620743	13.29282
2802	-4334.387	-4621.547	287.1596	0.7426494	0.3773617	12.05898
2808	-4334.813	-4623.419	288.6057	0.7768159	0.5212636	11.15102
2814	-4329.063	-4613.458	284.3948	0.6728191	0.3984087	13.51249
2820	-4311.932	-4597.959	286.0273	0.8140245	0.4779416	12.51513
2826	-4318.58	-4601.953	283.3732	0.7165918	0.3764949	14.04219
2832	-4329.445	-4613.037	283.5916	0.7923742	0.4043086	13.86137
2838	-4336.84	-4620.308	283.4684	0.7678326	0.4866837	13.86137
2844	-4311.519	-4599.128	287.6089	0.8204199	0.368048	11.79373
2850	-4304.632	-4592.539	287.9074	0.75491	0.3542715	11.68687
2856	-4317.667	-4604.479	286.8121	0.7461325	0.4244148	12.19114
2862	-4325.741	-4612.333	286.5928	0.8967056	0.3398477	12.31472
2868	-4332.072	-4617.235	285.1623	0.782107	0.3194818	13.14213
2874	-4321.063	-4606.116	285.0529	0.7102862	0.4074287	13.14213
2880	-4317.928	-4606.696	288.768	0.8039969	0.4420361	11.12229
2886	-4321.603	-4608.142	286.5393	0.7295584	0.4411141	12.32608
2892	-4321.443	-4603.904	282.461	0.8327926	0.4284799	14.40292
2898	-4320.595	-4605.302	284.7072	0.7387244	0.4370908	13.27836
2904	-4318.422	-4600.099	281.6772	0.7904889	0.4526483	14.80804
2910	-4314.408	-4601.854	287.4456	0.8043048	0.3829645	11.87173
2916	-4320.764	-4610.336	289.572	0.8952698	0.3694648	10.72586
2922	-4312.591	-4598.532	285.9413	0.7184273	0.2991609	12.79426
2928	-4311.729	-4597.445	285.7169	0.808917	0.4791547	12.67833
2934	-4322.932	-4608.597	285.6646	0.8708854	0.4734862	12.67833
2940	-4321.322	-4609.835	288.513	0.7261347	0.521884	11.22552
2946	-4333.562	-4622.384	288.8219	0.7672281	0.3334837	11.22552
2952	-4339.141	-4625.543	286.4026	0.7224379	0.4446316	12.3977
2958	-4341.288	-4628.827	287.5392	0.7973828	0.3368053	11.87638
2964	-4333.004	-4620.289	287.2858	0.9669016	0.3368053	11.92012
2970	-4327.959	-4614.589	286.6293	0.7909028	0.4364626	12.25154
2976	-4330.458	-4618.411	287.9526	0.8425162	0.400188	11.56937
2982	-4317.226	-4606.257	289.0308	0.9417531	0.4339662	10.92012
2988	-4325.859	-4609.095	283.2363	0.7730131	0.4339662	14.02694
2994	-4345.438	-4632.845	287.4072	0.8029621	0.3959424	11.87916
3000	-4321.283	-4608.027	286.7434	1.050097	0.312827	12.18737
3006	-4318.963	-4605.71	286.7471	0.8988488	0.3569663	12.21431
3012	-4328.597	-4617.652	289.0553	0.9227232	0.4484534	10.9036
3018	-4311.016	-4599.909	288.8936	0.9893276	0.489186	10.91647
3024	-4322.303	-4608.806	286.5028	0.7794241	0.5432712	12.22989
3030	-4314.482	-4601.176	286.6938	0.7565057	0.4784371	12.19735
3036	-4309.372	-4597.336	287.9643	0.7471473	0.4339284	11.58007
3042	-4315.295	-4604.128	288.8331	0.8494814	0.3279521	11.18291
3048	-4320.46	-4610.157	289.6973	0.8924006	0.3144836	10.72342
3054	-4320.83	-4610.587	289.7564	0.8638344	0.4667549	10.54989
3060	-4337.908	-4624.101	286.1928	0.9254886	0.4724521	12.37575
3066	-4328.104	-4613.037	284.9329	1.02108	0.3909466	13.05948
3072	-4327.826	-4616.27	288.4447	1.142825	0.3614656	11.19533
3078	-4318.843	-4602.862	284.019	0.9056339	0.4074784	13.57769
3084	-4324.473	-4607.272	282.7991	0.8018117	0.3764149	14.29564
3090	-4328.891	-4613.558	284.6673	0.7753693	0.3969843	13.3191
3096	-4320.88	-4605.329	284.4483	0.8942617	0.4509786	13.3191
3102	-4322.369	-4607.222	284.8539	0.7329921	0.4901647	13.15702
3108	-4321.501	-4606.955	285.4539	0.7151222	0.3406625	13.00125
3114	-4309.231	-4595.772	286.541	0.7714523	0.3904329	12.35296
3120	-4312.213	-4598.113	285.8997	0.7627103	0.4767663	12.60935
3126	-4319.095	-4604.223	285.1277	0.7058077	0.3939031	13.11913
3132	-4333.362	-4619.765	286.4027	0.8603203	0.4483308	12.32235
3138	-4335.491	-4619.078	283.5871	0.8944931	0.4518891	13.76529
3144	-4332.659	-4621.147	288.4883	0.7189543	0.3482209	11.40872
3150	-4328.141	-4616.627	288.4868	0.9524598	0.2970961	11.34689
3156	-4321.884	-4609.132	287.2481	0.8409606	0.3999509	11.93834
3162	-4314.438	-4602.893	288.4548	0.9212483	0.5691718	11.11535
3168	-4311.769	-4598.827	287.0577	0.9659518	0.3810893	11.99174
3174	-4334.897	-4622.987	288.0891	0.9477849	0.50042	11.34961
3180	-4324.521	-4608.696	284.1755	0.7979238	0.4600492	13.50252
3186	-4319.26	-4602.022	282.7617	0.6924588	0.3638437	14.38491
3192	-4315.103	-4604.897	289.7936	1.006039	0.3858576	10.53422
3198	-4314.722	-4602.131	287.4096	0.8826159	0.4285575	11.80417
3204	-4311.817	-4600.863	289.0457	0.9438545	0.4696465	10.87804
3210	-4313.426	-4600.961	287.5353	0.791977	0.3385652	11.87921
3216	-4316.117	-4605.051	288.9349	0.8521028	0.4367521	11.0147
3222	-4319.344	-4604.002	284.6581	0.8356338	0.4033487	13.28623
3228	-4325.621	-4611.564	285.9432	0.8752647	0.3900674	12.61065
3234	-4322.085	-4608.128	286.0437	0.9173881	0.3217266	12.61065
3240	-4326.246	-4613.541	287.2956	0.8108516	0.5415992	11.80128
3246	-4319.142	-4605.462	286.3197	0.8259919	0.4930155	12.34335
3252	-4336.531	-4619.981	283.45	0.7507179	0.3414629	14.02231
3258	-4323.134	-4611.029	287.8951	0.8629489	0.5201308	11.4786
3264	-4319.156	-4609.017	289.8614	0.9166601	0.3887094	10.54263
3270	-4338.133	-4623.356	285.223	0.7680616	0.3576828	13.07507
3276	-4321.194	-4610.937	289.7424	0.8400657	0.5050202	10.53583
3282	-4318.262	-4604.576	286.3138	0.8788991	0.3903658	12.41541
3288	-4311.146	-4599.313	288.1673	0.8267647	0.5300583	11.34692
3294	-4323.741	-4609.715	285.9738	0.8956253	0.4590693	12.51753
3300	-4328.475	-4616.34	287.8652	0.9026613	0.5165751	11.47651
3306	-4338.577	-4625.148	286.5706	0.8559246	0.308924	12.38327
3312	-4341.42	-4626.858	285.4379	1.002172	0.3076091	12.89838
3318	-4329.227	-4613.809	284.5829	0.8736843	0.3076091	13.40957
3324	-4335.112	-4619.901	284.7899	0.7831463	0.3404505	13.31125
3330	-4337.388	-4625.89	288.5018	0.9576994	0.3686741	11.25461
3336	-4338.956	-4628.636	289.6803	0.9488178	0.3104071	10.70758
3342	-4325.635	-4610.975	285.3398	0.6929191	0.502057	12.91493
3348	-4327.655	-4613.094	285.4387	0.8156693	0.3796116	12.91493
3354	-4336.116	-4623.401	287.2851	0.9065196	0.372781	11.91278
3360	-4331.595	-4613.484	281.8892	0.8877262	0.5281973	14.58239
3366	-4330.739	-4615.108	284.369	0.8000985	0.3548973	13.50514
3372	-4336.901	-4624.322	287.4214	0.9023158	0.3710416	11.84565
3378	-4329.508	-4612.927	283.4191	0.8138724	0.3705192	13.97423
3384	-4326.994	-4608.479	281.4851	0.7123633	0.3705192	15.02833
3390	-4328.909	-4613.957	285.0481	0.7331576	0.519156	13.03121
3396	-4315.487	-4601.227	285.7399	0.9527297	0.5863333	12.50305
3402	-4310.632	-4596.361	285.7285	0.7989119	0.3878076	12.76443
3408	-4299.844	-4587.122	287.2784	0.8006609	0.3763196	11.96781
3414	-4314.079	-4600.009	285.9303	0.7934045	0.3738501	12.67676
3420	-4306.266	-4592.331	286.0651	0.8310021	0.3939039	12.56628
3426	-4302.782	-4591.196	288.4146	0.9935643	0.399406	11.2496
3432	-4306.336	-4594.745	288.4081	1.054827	0.3945317	11.22586
3438	-4307.032	-4594.436	287.4034	1.02419	0.3945317	11.76708
3444	-4308.582	-4596.162	287.5797	0.9057309	0.4154061	11.71606
3450	-4306.628	-4593.573	286.9452	0.8005464	0.4154061	12.10209
3456	-4305.663	-4592.954	287.2912	0.844206	0.3589643	11.95685
3462	-4317.48	-4604.066	286.586	0.8222995	0.3355296	12.36193
3468	-4323.081	-4606.911	283.8307	0.8222995	0.3666591	13.7604
3474	-4322.67	-4611.721	289.0509	0.89746	0.5055674	10.86796
3480	-4325.044	-4614.111	289.0661	0.8637946	0.5169107	10.86796
3486	-4319.727	-4608.311	288.5847	0.8651677	0.4213663	11.20598
3492	-4301.636	-4589.736	288.1002	0.9067342	0.3423318	11.51998
3498	-4292.511	-4579.896	287.3853	0.7797559	0.4445241	11.85544
3504	-4300.889	-4588.968	288.0796	1.008056	0.4133775	11.40333
3510	-4304.902	-4594.836	289.934	0.971285	0.3296872	10.54005
3516	-4305.269	-4593.825	288.5557	0.9245399	0.3532353	11.26043
3522	-4309.46	-4597.831	288.3715	0.9224133	0.3697808	11.34006
3528	-4306.359	-4594.808	288.4496	0.7685511	0.5633138	11.20264
3534	-4294.89	-4584.411	289.5217	0.8636557	0.2842518	10.86755
3540	-4309.856	-4599.257	289.4014	0.9043035	0.5575025	10.63739
3546	-4300.887	-4588.926	288.0381	0.7978875	0.4000017	11.54819
3552	-4312.089	-4599.942	287.8528	0.8295361	0.361663	11.66843
3558	-4305.819	-4595.933	290.1142	0.9413572	0.4880281	10.30217
3564	-4303.299	-4589.869	286.5702	0.7503984	0.4377082	12.30232
3570	-4305.494	-4590.001	284.5067	0.9031978	0.410808	13.32238
3576	-4320.405	-4606.987	286.5823	0.8167711	0.4518726	12.24814
3582	-4302.942	-4588.391	285.4494	0.8505492	0.377494	12.89345
3588	-4301.591	-4591.222	289.6312	0.8443381	0.377494	10.71302
3594	-4308.494	-4598.258	289.7635	0.9274489	0.4955698	10.48709
3600	-4309.222	-4600.565	291.3432	0.8531305	0.3789088	9.807024
3606	-4313.126	-4606.707	293.5814	1.026833	0.293009	8.630366
3612	-4318.113	-4609.112	290.9993	0.8968885	0.3789273	9.965086
3618	-4310.711	-4599.472	288.7612	0.8924697	0.3352565	11.1897
3624	-4310.097	-4596.815	286.7188	0.811969	0.4417182	12.18897
3630	-4313.152	-4599.374	286.2224	0.8821984	0.3553076	12.49821
3636	-4315.58	-4601.753	286.1734	0.7860683	0.3953137	12.53186
3642	-4315.326	-4603.621	288.2944	0.8767795	0.49562	11.28352
3648	-4314.886	-4603.536	288.6503	0.9842185	0.4362176	11.09503
3654	-4309.908	-4594.362	284.4542	0.8697852	0.4618099	13.31886
3660	-4321.375	-4609.044	287.6688	0.8168599	0.3892894	11.74211
3666	-4311.815	-4601.457	289.642	0.9331579	0.5246219	10.52298
3672	-4334.082	-4621.238	287.1563	0.9431733	0.3692535	11.96459
3678	-4319.871	-4603.772	283.901	0.6941982	0.4242273	13.73235
3684	-4313.966	-4599.842	285.8766	0.7740817	0.3713067	12.71742
3690	-4309.477	-4595.623	286.1459	0.8730062	0.4187838	12.47764
3696	-4300.452	-4587.719	287.267	0.8467222	0.4625789	11.86554
3702	-4306.712	-4590.139	283.4268	0.7388584	0.376254	14.00309
3708	-4311.609	-4599.42	287.8106	0.8641038	0.383744	11.64908
3714	-4303.489	-4589.468	285.9795	0.8152834	0.3668071	12.64719
3720	-4305.843	-4596.884	291.0414	1.004117	0.3698377	9.896073
3726	-4308.723	-4596.871	288.1478	0.8880366	0.3783711	11.46595
3732	-4310.968	-4597.383	286.4146	0.86569	0.4006205	12.35938
3738	-4313.25	-4601.37	288.1198	0.8605118	0.3031365	11.57947
3744	-4318.696	-4603.685	284.9893	0.7931869	0.4379536	13.10266
3750	-4341.059	-4626.641	285.5825	0.7711041	0.3482248	12.89684
3756	-4326.247	-4611.649	285.4017	0.7757831	0.348214	12.98848
3762	-4328.808	-4615.401	286.5926	0.8861582	0.3303676	12.33106
3768	-4301.933	-4589.145	287.2121	0.8857112	0.4261252	11.90801
3774	-4309.664	-4595.918	286.2537	0.7595399	0.386632	12.51274
3780	-4312.973	-4599.368	286.3948	0.8935523	0.3671922	12.38971
3786	-4327.147	-4612.467	285.3194	0.8903262	0.2706832	13.064
3792	-4332.722	-4616.67	283.9483	0.780303	0.3488262	13.74042
3798	-4335.332	-4612.347	277.0144	0.8145638	0.3878812	17.26459
3804	-4323.523	-4605.617	282.094	0.6983588	0.3595233	14.73216
3810	-4323.556	-4609.469	285.9135	0.8324487	0.3520569	12.6885
3816	-4328.338	-4616.531	288.1928	0.868042	0.3511418	11.48207
3822	-4312.483	-4601.262	288.7789	0.9302755	0.3215459	11.17645
3828	-4327.286	-4615.857	288.5712	0.9871197	0.3802305	11.19071
3834	-4322.105	-4607.03	284.9253	0.8174614	0.3953525	13.16483
3840	-4324.157	-4611.351	287.1943	0.8153922	0.4183177	11.96156
3846	-4332.525	-4619.159	286.6341	0.8836589	0.2921724	12.35605
3852	-4323.07	-4611.279	288.209	0.8535364	0.3390093	11.49465
3858	-4328.475	-4615.257	286.7817	0.7736731	0.4636022	12.15593
3864	-4312.133	-4598.791	286.6583	0.8202668	0.3795843	12.27759
3870	-4315.751	-4603.338	287.5868	0.7452022	0.4711909	11.7438
3876	-4315.413	-4604.341	288.9278	0.8396774	0.5112423	10.95787
3882	-4313.59	-4603.529	289.9391	0.9517997	0.4318235	10.44045
3888	-4318.693	-4607.58	288.8868	0.9729685	0.35055	11.06473
3894	-4309.758	-4599.709	289.9512	0.9165877	0.3518128	10.53484
3900	-4334.501	-4627.194	292.6926	1.236287	0.4542446	8.816777
3906	-4326.394	-4615.484	289.0905	0.9875729	0.3755581	10.92342
3912	-4333.937	-4617.803	283.8663	0.9383048	0.5060625	13.54968
3918	-4346.873	-4630.31	283.4372	0.711265	0.4091498	13.9787
3924	-4320.985	-4607.551	286.5656	0.8134662	0.313937	12.40205
3930	-4323.825	-4607.158	283.3329	0.9292953	0.313937	14.02186
3936	-4315.804	-4601.609	285.8053	0.7445482	0.313937	12.83378
3942	-4320.891	-4605.929	285.0375	0.7643633	0.4771031	13.05676
3948	-4332.66	-4617.505	284.8448	1.000125	0.5430908	12.97838
3954	-4346.29	-4630.802	284.5115	0.9115176	0.4444249	13.28339
3960	-4312.214	-4595.358	283.1444	0.8204598	0.3956407	14.08734
3966	-4313.402	-4599.58	286.1782	0.8271771	0.3606863	12.54409
3972	-4310.115	-4598.216	288.1011	0.893481	0.3606863	11.5063
3978	-4311.052	-4595.622	284.5698	0.6770028	0.4054668	13.41241
3984	-4315.678	-4603.329	287.6505	0.8190885	0.3644094	11.7766
3990	-4317.43	-4605.337	287.9072	0.8190885	0.4122429	11.59332
3996	-4314.733	-4602.381	287.6485	0.8679791	0.5339862	11.59332
4002	-4309.368	-4598.422	289.0534	1.020269	0.2735934	11.04443
4008	-4312.143	-4600.336	288.1927	0.7839039	0.3150975	11.56714
4014	-4307.058	-4597.072	290.0141	0.9605655	0.4700624	10.36075
4020	-4304.156	-4590.982	286.8267	0.9185492	0.4037799	12.11385
4026	-4322.967	-4609.323	286.3563	0.8691212	0.3971464	12.39147
4032	-4311.862	-4598.161	286.299	0.927642	0.3068391	12.48991
4038	-4305.083	-4593.346	288.2628	0.7279241	0.3403422	11.5307
4044	-4309.068	-4594.585	285.5161	0.7279241	0.4646163	12.83799
4050	-4297.15	-4585.056	287.9059	0.7876087	0.3616092	11.66266
4056	-4300.608	-4587.656	287.0479	0.9155546	0.3616092	12.04373
4062	-4283.427	-4570.524	287.0967	0.7958419	0.4033131	12.03748
4068	-4288.411	-4575.755	287.3436	0.8072323	0.4179355	11.88826
4074	-4330.45	-4616.191	285.7408	0.7221699	0.4039495	12.78165
4080	-4306.844	-4590.964	284.1203	0.9221668	0.3842832	13.53986
4086	-4315.875	-4604.654	288.7787	0.9230216	0.3788315	11.11712
4092	-4312.356	-4598.846	286.4908	0.8648531	0.4661757	12.2577
4098	-4311.954	-4597.428	285.4731	0.8648531	0.4831527	12.77256
4104	-4316.479	-4604.317	287.8376	0.773507	0.4242347	11.64178
4110	-4307.135	-4596.338	289.2026	0.9331048	0.373131	10.89576
4116	-4311.134	-4598.054	286.92	0.8274798	0.3944207	12.12213
4122	-4319.829	-4607.066	287.237	0.766496	0.4620938	11.9235
4128	-4319.759	-4604.579	284.8202	0.7416636	0.4244738	13.23015
4134	-4325.999	-4609.688	283.6882	0.763791	0.4825236	13.75308
4140	-4323.341	-4607.506	284.1645	0.7982868	0.3913201	13.57406
4146	-4323.981	-4610.601	286.62	0.8993224	0.3682213	12.26829
4152	-4327.185	-4614.783	287.598	0.8063234	0.4195677	11.75432
4158	-4304.753	-4590.95	286.1967	0.8282826	0.4195677	12.47368
4164	-4295.316	-4581.741	286.4253	0.759123	0.3398378	12.47368
4170	-4296.8	-4582.767	285.9667	0.8067709	0.3388837	12.68876
4176	-4305.972	-4589.663	283.6913	0.8538879	0.3052811	13.88539
4182	-4317.059	-4603.539	286.48	0.8145627	0.3930618	12.35962
4188	-4315.473	-4600.907	285.4336	0.702444	0.4354827	12.92112
4194	-4316.801	-4605.927	289.1264	0.8647842	0.4871256	10.86158
4200	-4298.883	-4588.09	289.2072	0.9006679	0.4211785	10.86158
4206	-4316.232	-4606.467	290.2349	1.067717	0.3787925	10.2774
4212	-4305.845	-4591.388	285.5428	0.7403272	0.3787925	12.90083
4218	-4315.31	-4601.844	286.5341	0.8833924	0.4829272	12.21049
4224	-4311.746	-4596.788	285.0412	0.8150284	0.3909288	13.11031
4230	-4314.752	-4599.036	284.2832	0.8522233	0.3154112	13.56711
4236	-4322.102	-4607.228	285.1266	0.7723733	0.4145041	13.06457
4242	-4326.04	-4614.592	288.5524	0.7624676	0.3835232	11.31466
4248	-4332.518	-4621.278	288.7604	0.7782982	0.4640886	11.11927
4254	-4327.363	-4617.169	289.8053	0.9558403	0.3732225	10.56767
4260	-4321.765	-4608.857	287.0918	0.7774705	0.3550691	12.09997
4266	-4309.685	-4595.287	285.6026	0.7759495	0.4137568	12.81592
4272	-4319.266	-4605.612	286.346	0.8737078	0.4577176	12.33624
4278	-4325.617	-4611.45	285.8329	0.7973889	0.4039989	12.69453
4284	-4336.945	-4623.446	286.5004	0.7306239	0.5252137	12.27144
4290	-4333.442	-4619.258	285.8151	0.7879843	0.5199719	12.60294
4296	-4343.093	-4629.121	286.0277	0.8537865	0.4420375	12.52701
4302	-4338.673	-4624.781	286.1074	0.8987795	0.3764001	12.52701
4308	-4336.666	-4622.269	285.6036	0.8991699	0.3992564	12.76567
4314	-4324.203	-4609.81	285.6064	0.9039418	0.5043042	12.66449
4320	-4325.471	-4609.962	284.4907	0.8278764	0.5049986	13.28366
4326	-4319.052	-4606.231	287.1792	1.041131	0.5049986	11.77243
4332	-4324.268	-4608.757	284.4893	0.9538019	0.3628048	13.35433
4338	-4321.703	-4607.218	285.5151	0.9343116	0.3628048	12.8312
4344	-4317.116	-4601.005	283.8884	0.8317194	0.3350735	13.76009
4350	-4310.772	-4594.915	284.1429	0.8962494	0.3917257	13.53401
4356	-4316.223	-4602.203	285.9799	0.8252911	0.3943182	12.61322
4362	-4326.429	-4612.358	285.9289	0.7955423	0.3971691	12.65238
4368	-4339.352	-4625.107	285.7548	1.014537	0.3744453	12.65238
4374	-4335.629	-4621.678	286.049	0.9234947	0.5383964	12.3953
4380	-4321.077	-4604.161	283.0835	0.8570689	0.3816208	14.11424
4386	-4319.539	-4605.72	286.1816	0.8760935	0.4133767	12.46274
4392	-4316.843	-4603.035	286.1918	0.8681421	0.4133767	12.46155
4398	-4327.561	-4612.282	284.7206	0.7136089	0.4133767	13.30723
4404	-4326.153	-4611.423	285.2701	0.8647298	0.2541	13.12483
4410	-4318.56	-4605.218	286.6581	0.8559784	0.4081016	12.23007
4416	-4324.318	-4612.01	287.6918	0.7884211	0.3395272	11.79833
4422	-4320.681	-4606.374	285.6931	0.7483018	0.3720705	12.82551
4428	-4313.601	-4596.41	282.809	0.801642	0.3902855	14.27636
4434	-4307.443	-4592.42	284.9769	0.8234771	0.4281511	13.10262
4440	-4310.103	-4596.727	286.6244	0.8269	0.391866	12.27915
4446	-4319.502	-4607.693	288.1912	0.8484687	0.3760158	11.46642
4452	-4329.473	-4611.35	281.8769	0.8360946	0.4421856	14.69076
4458	-4312.301	-4598.647	286.3457	0.8542878	0.3356479	12.4703
4464	-4303.971	-4590.257	286.2857	0.9027446	0.3410271	12.4703
4470	-4311.849	-4597.942	286.0924	0.8197575	0.4869667	12.4703
4476	-4310.241	-4596.578	286.3373	0.7945329	0.3844773	12.45315
4482	-4309.005	-4595.022	286.0163	0.8572957	0.369443	12.60334
4488	-4321.418	-4607.448	286.0298	0.7690287	0.4074696	12.60334
4494	-4336.176	-4620.937	284.7612	0.7690287	0.4143987	13.25638
4500	-4344.853	-4630.548	285.6952	0.8619668	0.4827657	12.6588
4506	-4344.682	-4631.034	286.3526	0.8109024	0.3424158	12.48173
4512	-4334.319	-4621.326	287.0068	0.7934257	0.4543524	12.0367
4518	-4329.423	-4612.671	283.2487	0.7934257	0.4543524	13.99096
4524	-4325.896	-4609.402	283.5063	0.719058	0.3584646	13.99096
4530	-4323.628	-4605.341	281.7133	0.7461998	0.4321824	14.83135
4536	-4331.927	-4618.122	286.1955	0.9320331	0.4973269	12.34907
4542	-4329.746	-4617.709	287.963	0.8264104	0.4664519	11.50907
4548	-4325.025	-4613.624	288.6	0.9409895	0.3720949	11.20834
4554	-4323.408	-4612.134	288.7257	0.8925897	0.344329	11.19802
4560	-4317.751	-4602.649	284.8978	0.8894037	0.4184453	13.11883
4566	-4321.884	-4611.834	289.9497	0.9057953	0.3921653	10.49839
4572	-4317.33	-4607.129	289.7994	0.946033	0.3884225	10.56004
4578	-4327.348	-4615.874	288.5258	0.9614266	0.4022492	11.20537
4584	-4316.232	-4600.447	284.215	0.8163345	0.4678429	13.4654
4590	-4320.976	-4607.527	286.5509	0.7312464	0.4501966	12.31063
4596	-4325.302	-4611.498	286.1961	0.7648454	0.402805	12.52356
4602	-4324.777	-4612.676	287.8991	0.6801167	0.3877286	11.69483
4608	-4325.001	-4612.195	287.1939	0.8406575	0.3369663	12.03378
4614	-4304.851	-4592.949	288.0982	0.8831383	0.3976473	11.47463
4620	-4317.625	-4606.719	289.0948	0.9268373	0.4204949	10.90741
4626	-4314.097	-4600.109	286.0114	0.9268373	0.34946	12.59126
4632	-4332.266	-4616.155	283.8891	0.8552342	0.5423905	13.5508
4638	-4312.264	-4595.879	283.6151	0.8241983	0.3959141	13.84108
4644	-4309.133	-4596.086	286.9524	0.7545444	0.4294786	12.1087
4650	-4316.832	-4605.873	289.041	0.8797572	0.4793715	10.90536
4656	-4320.273	-4608.172	287.8993	0.8639127	0.3406169	11.64928
4662	-4316.537	-4605.952	289.4157	0.9072762	0.4376335	10.73296
4668	-4339.745	-4630.983	291.2379	0.913411	0.3405619	9.872536
4674	-4329.956	-4612.923	282.9669	0.8324956	0.3781687	14.19096
4680	-4314.164	-4604.472	290.3081	0.9438556	0.4442511	10.23893
4686	-4300.51	-4586.955	286.4445	0.8729986	0.3889042	12.35191
4692	-4316.46	-4604.082	287.6218	0.8219119	0.4325533	11.72126
4698	-4313.586	-4601.731	288.1442	0.7997938	0.4325533	11.45982
4704	-4316.775	-4602.361	285.5866	0.8032795	0.4645987	12.76213
4710	-4325.646	-4611.834	286.1886	0.7910009	0.3324712	12.58867
4716	-4321.9	-4609.038	287.1378	0.8603773	0.4020337	11.98366
4722	-4332.991	-4618.368	285.377	0.8278478	0.4268576	12.89355
4728	-4332.949	-4619.051	286.1014	0.7920265	0.5296453	12.44369
4734	-4329.085	-4615.893	286.809	0.9033083	0.50761	12.03533
4740	-4334.811	-4621.271	286.4602	0.829173	0.505358	12.25779
4746	-4313.492	-4601.122	287.6293	0.9516835	0.4505231	11.63263
4752	-4328.268	-4618.341	290.0732	0.9671106	0.5222939	10.28062
4758	-4333.021	-4617.566	284.5442	0.8493649	0.4859633	13.26117
4764	-4328.497	-4612.066	283.5695	0.8783346	0.5551554	13.69446
4770	-4329.24	-4612.249	283.0091	0.7708055	0.4713472	14.11151
4776	-4332.664	-4615.84	283.1764	0.7160206	0.5323017	14.00106
4782	-4324.051	-4611.066	287.0152	0.962508	0.4021467	11.99425
4788	-4315.445	-4604.152	288.7066	1.014876	0.3985313	11.08646
4794	-4325.382	-4612.156	286.774	0.9639366	0.4720827	12.05306
4800	-4324.648	-4611.198	286.5496	0.8974189	0.4518433	12.2232
4806	-4327.112	-4615.592	288.4803	0.9689424	0.5037037	11.13103
4812	-4315.446	-4600.164	284.7187	0.8507344	0.330704	13.32409
4818	-4309.812	-4596.6	286.7879	0.8053274	0.3595547	12.23903
4824	-4315.104	-4600.818	285.7136	0.8781716	0.4011902	12.71738
4830	-4303.805	-4587.815	284.0108	0.7453832	0.3837539	13.689
4836	-4316.443	-4603.963	287.5202	0.8104882	0.368671	11.84454
4842	-4330.867	-4618.177	287.3096	0.7833059	0.3719492	11.9652
4848	-4321.619	-4608.371	286.7519	0.8824089	0.5851248	12.01315
4854	-4327.516	-4613.97	286.4539	0.7906357	0.4980295	12.28745
4860	-4333.002	-4617.027	284.0251	0.7633368	0.3620094	13.69506
4866	-4323.329	-4609.333	286.0049	0.7282071	0.492195	12.55895
4872	-4320.177	-4605.684	285.5072	0.8137718	0.4776298	12.78631
4878	-4312.958	-4600.221	287.2633	0.6645621	0.3714735	12.0518
4884	-4323.801	-4609.851	286.0499	0.7191111	0.4531299	12.57525
4890	-4324.673	-4611.668	286.9953	0.9267746	0.4464731	11.98042
4896	-4326.931	-4614.692	287.7611	0.8774833	0.4174339	11.63406
4902	-4320.215	-4607.088	286.8726	0.7374659	0.4152426	12.17301
4908	-4345.304	-4627.74	282.4359	0.837794	0.4594589	14.38456
4914	-4345.703	-4635.869	290.1668	1.040425	0.4020496	10.30361
4920	-4330.83	-4618.578	287.7476	0.9233127	0.317285	11.72423
4926	-4325.439	-4608.648	283.2093	0.7438879	0.5103188	13.98786
4932	-4325.211	-4611.43	286.2197	0.826794	0.3524424	12.53162
4938	-4334.938	-4620.131	285.1934	0.7889296	0.3378608	13.1014
4944	-4339.091	-4625.825	286.7341	0.8437577	0.4310899	12.1745
4950	-4339.428	-4624.768	285.34	0.7061638	0.4665944	12.93915
4956	-4318.857	-4604.071	285.2142	0.8239484	0.4519597	12.95666
4962	-4321.249	-4605.16	283.911	0.7223837	0.4266048	13.71021
4968	-4323.073	-4605.449	282.3755	0.7214576	0.4239716	14.50919
4974	-4323.881	-4610.454	286.5734	0.7642607	0.4239716	12.30652
4980	-4332.286	-4619.088	286.8024	0.8242259	0.3070315	12.28123
4986	-4321.769	-4610.295	288.5264	0.8374927	0.4397521	11.23333
4992	-4329.355	-4614.082	284.7272	0.7645506	0.3869536	13.3038
4998	-4325.737	-4610.942	285.2055	0.7645506	0.367959	13.07502
5004	-4313.606	-4598.387	284.7815	0.7087048	0.3538206	13.33952
5010	-4315.02	-4603.38	288.3598	0.8601658	0.3527191	11.39712
5016	-4314.026	-4601.849	287.8233	0.7549491	0.3487791	11.73684
5022	-4310.506	-4596.633	286.1277	0.7947211	0.3871404	12.55951
5028	-4315.437	-4604.896	289.4587	0.8067792	0.3254921	10.88045
5034	-4323.678	-4609.487	285.8091	0.8450516	0.4329999	12.6539
5040	-4312.305	-4601.001	288.6966	0.7135682	0.3391411	11.31273
5046	-4309.992	-4598.552	288.5604	0.7866142	0.3858192	11.29546
5052	-4328.13	-4616.88	288.7498	0.8499064	0.2713451	11.29546
5058	-4318.32	-4606.284	287.9645	0.7717172	0.4832657	11.5218
5064	-4326.364	-4610.374	284.0102	0.6027952	0.3624567	13.78566
5070	-4324.492	-4611.37	286.8781	0.7922427	0.459641	12.09957
5076	-4324.524	-4612.96	288.4358	0.7037103	0.4342022	11.35599
5082	-4323.81	-4610.677	286.8675	0.8001756	0.4718773	12.08986
5088	-4332.831	-4616.835	284.004	0.7051232	0.5398033	13.57117
5094	-4329.292	-4616.114	286.8222	0.8890366	0.5829651	11.97466
5100	-4323.885	-4610.534	286.6489	0.8230423	0.4065183	12.25364
5106	-4328.937	-4613.896	284.9584	0.7093974	0.3803771	13.21911
5112	-4327.969	-4615.008	287.0389	0.9607291	0.4713122	11.91719
5118	-4326.511	-4613.624	287.1123	0.7406724	0.4117208	12.04978
5124	-4333.312	-4620.004	286.6922	0.8935612	0.4117208	12.18913
5130	-4328.536	-4612.824	284.2879	0.7116334	0.3545683	13.59354
5136	-4354.571	-4641.525	286.9539	0.6147523	0.4051266	12.20459
5142	-4329.749	-4617.186	287.437	0.8968442	0.3345127	11.88037
5148	-4333.492	-4615.626	282.134	0.6382478	0.3190156	14.78773
5154	-4332.274	-4615.23	282.9558	0.7256569	0.4317474	14.199
5160	-4342.387	-4630.512	288.1248	0.7375741	0.3108867	11.6318
5166	-4335.487	-4621.843	286.3564	0.7920773	0.3108867	12.52576
5172	-4334.006	-4621.55	287.5441	0.7833452	0.3157565	11.90536
5178	-4333.864	-4620.66	286.7962	0.8545341	0.3627449	12.2056
5184	-4346.239	-4636.311	290.0715	0.9596537	0.4227495	10.37559
5190	-4334.208	-4619.659	285.4509	0.7095644	0.3801515	12.96324
5196	-4334.544	-4621.812	287.2683	0.6705928	0.3839966	12.03295
5202	-4345.608	-4629.187	283.5789	0.6587639	0.3737161	13.9684
5208	-4328.549	-4610.643	282.0942	0.7219323	0.4349723	14.64413
5214	-4326.307	-4610.727	284.4208	0.8063807	0.3977491	13.43026
5220	-4314.754	-4600.592	285.8378	0.8063807	0.4647612	12.6296
5226	-4326.436	-4612.641	286.2047	0.7583338	0.4419591	12.48459
5232	-4327.652	-4613.785	286.1337	1.021974	0.3413143	12.48704
5238	-4324.308	-4610.6	286.292	0.9677496	0.3413143	12.43283
5244	-4331.461	-4616.661	285.1993	0.7715757	0.4655172	12.97924
5250	-4342.63	-4628.301	285.6707	0.6554492	0.4195374	12.83752
5256	-4338.31	-4624.854	286.5445	0.6804995	0.4008654	12.38797
5262	-4329.28	-4616.143	286.863	0.9263863	0.484153	12.01546
5268	-4320.5	-4605.95	285.4501	0.8708379	0.3273037	12.93732
5274	-4310.391	-4598.567	288.1753	0.8493415	0.3148288	11.54231
5280	-4327.532	-4613.549	286.0177	0.8199394	0.3731475	12.61817
5286	-4325.333	-4611.646	286.3136	0.8299295	0.4199233	12.41159
5292	-4331.872	-4618.641	286.7684	0.7758025	0.415592	12.20701
5298	-4336.602	-4624.887	288.2849	0.9104228	0.3384511	11.4259
5304	-4334.878	-4622.42	287.5422	0.8084866	0.407031	11.7947
5310	-4310.505	-4598.228	287.7233	0.8989622	0.4151238	11.64483
5316	-4327.434	-4615.724	288.2902	0.9407338	0.5004539	11.24807
5322	-4332.409	-4619.966	287.5574	0.8750239	0.4985696	11.66715
5328	-4326.313	-4612.854	286.5406	0.8750239	0.488243	12.20681
5334	-4335.491	-4622.805	287.3143	0.8949005	0.4110812	11.86454
5340	-4326.238	-4612.075	285.8366	0.9400639	0.3760515	12.64685
5346	-4336.613	-4626.003	289.3904	0.8882167	0.3873381	10.80601
5352	-4323.405	-4610.218	286.8126	0.8041315	0.4037063	12.18093
5358	-4316.001	-4601.757	285.7563	0.9093002	0.4471191	12.63468
5364	-4312.237	-4598.729	286.492	0.8176806	0.4717081	12.27667
5370	-4316.712	-4602.945	286.2329	0.8673219	0.2990039	12.56519
5376	-4299.422	-4587.888	288.4655	0.9040822	0.3848617	11.28464
5382	-4304.323	-4590.927	286.604	0.8646143	0.3063073	12.36447
5388	-4314.261	-4597.332	283.0711	0.8457454	0.3521777	14.15769
5394	-4312.152	-4597.205	285.0528	0.8018212	0.4331545	13.06966
5400	-4318.066	-4606.796	288.7308	0.8647157	0.3633195	11.18916
5406	-4305.394	-4590.913	285.5187	0.832897	0.3633195	12.88154
5412	-4298.544	-4589.348	290.8039	1.124615	0.5131349	9.821065
5418	-4300.083	-4591.697	291.6138	0.9514074	0.3337896	9.662147
5424	-4317.96	-4608.421	290.4611	0.9431789	0.3684242	10.23498
5430	-4304.176	-4589.925	285.7487	0.7440271	0.4547137	12.71761
5436	-4305.742	-4593.705	287.9631	0.8362323	0.4388801	11.52944
5442	-4332.685	-4619.787	287.1019	0.8174001	0.2801467	12.16178
5448	-4337.799	-4627	289.201	0.9000109	0.3435634	10.94608
5454	-4297.149	-4582.566	285.4173	0.7821	0.367337	12.95643
5460	-4311.977	-4600.832	288.855	0.9428327	0.3876117	11.05766
5466	-4322.65	-4608.953	286.303	0.9093854	0.3587874	12.4383
5472	-4317.482	-4600.097	282.6147	0.8819444	0.4001575	14.32547
5478	-4320.204	-4604.762	284.5586	0.7817489	0.3383206	13.43447
5484	-4318.245	-4605.871	287.6261	0.8882049	0.3741961	11.74283
5490	-4306.68	-4595.401	288.7207	1.008086	0.3488086	11.13522
5496	-4313.18	-4600.744	287.5648	0.8354816	0.3819393	11.79429
5502	-4311.78	-4599.852	288.072	0.8354816	0.4122021	11.4987
5508	-4307.142	-4595.127	287.9851	0.8476435	0.4530531	11.4987
5514	-4315.52	-4605.193	289.6731	0.9113841	0.4695659	10.56612
5520	-4305.266	-4595.616	290.3494	0.8901357	0.4048759	10.28378
5526	-4308.537	-4597.691	289.1543	0.8517403	0.4757435	10.86394
5532	-4319.384	-4608.773	289.3893	0.9044742	0.3600623	10.82694
5538	-4317.427	-4608.016	290.5889	0.9118792	0.3918408	10.15967
5544	-4311.969	-4597.451	285.4813	0.8630817	0.3312408	12.92065
5550	-4308.282	-4594.841	286.5586	0.8353876	0.4916475	12.21511
5556	-4308.789	-4595.909	287.1204	0.8206009	0.520886	11.90478
5562	-4322.016	-4609.379	287.3628	0.6644269	0.3345241	12.04034
5568	-4306.031	-4591.249	285.2182	0.8225855	0.4588192	12.949
5574	-4318.875	-4606.592	287.7168	0.8958217	0.4644804	11.60324
5580	-4318.007	-4602.321	284.3146	0.6390431	0.4019177	13.56813
5586	-4316.741	-4603.951	287.2098	0.8304476	0.4447147	11.92041
5592	-4325.439	-4615.692	290.2532	0.8809329	0.3805531	10.36411
5598	-4311.289	-4601.247	289.9578	0.8989618	0.4321487	10.45805
5604	-4305.114	-4593.531	288.4176	0.8811387	0.4321487	11.27467
5610	-4320.594	-4606.557	285.9624	1.068567	0.5445185	12.35982
5616	-4316.292	-4605.036	288.7439	0.7998888	0.4221744	11.15605
5622	-4315.841	-4602.45	286.6087	1.017607	0.3913821	12.18837
5628	-4312.451	-4597.155	284.704	0.9123203	0.3949754	13.23093
5634	-4317.743	-4604.453	286.7095	0.8260323	0.3961115	12.23091
5640	-4313.536	-4600.22	286.6841	0.9175883	0.3961115	12.19644
5646	-4309.627	-4598.88	289.2535	0.9137659	0.4644152	10.78965
5652	-4300.931	-4591.095	290.164	0.9817551	0.4293241	10.30901
5658	-4300.113	-4586.902	286.7888	0.8951882	0.4438144	12.10709
5664	-4323.826	-4614.371	290.5455	1.136434	0.3649756	10.09265
5670	-4321.978	-4608.48	286.5025	0.8069027	0.3856841	12.35941
5676	-4333.169	-4619.4	286.2308	0.7315805	0.4394119	12.48733
5682	-4320.394	-4606.674	286.28	0.7216403	0.4180591	12.48733
5688	-4315.487	-4601.803	286.3155	0.7878655	0.3660533	12.48733
5694	-4325.461	-4614.304	288.8425	0.8238005	0.4093597	11.10451
5700	-4318.844	-4605.942	287.0977	0.8485925	0.4720172	11.9444
5706	-4313.698	-4601.659	287.9614	0.8256469	0.4720172	11.50531
5712	-4308.042	-4595.37	287.3281	0.7425564	0.3857724	11.96236
5718	-4299.547	-4588.722	289.1747	1.000146	0.5369782	10.72278
5724	-4313.618	-4605.742	292.1242	0.9936118	0.3778813	9.321939
5730	-4323.143	-4608.027	284.8846	0.774679	0.4976965	13.11286
5736	-4312.271	-4598.39	286.1192	0.8941909	0.349591	12.55198
5742	-4313.914	-4600.488	286.5747	0.774903	0.349591	12.37685
5748	-4322.074	-4607.395	285.3207	0.6979609	0.5107087	12.9149
5754	-4329.447	-4615.571	286.1238	0.8394076	0.4756088	12.45375
5760	-4309.949	-4597.704	287.7544	0.8519542	0.3858478	11.68263
5766	-4320.575	-4608.089	287.5146	0.8464171	0.3817421	11.81499
5772	-4318.585	-4605.614	287.029	0.8945751	0.5178841	11.91639
5778	-4313.104	-4599.593	286.4891	0.7963251	0.3486547	12.41128
5784	-4311.839	-4595.762	283.9235	0.7840658	0.3562269	13.74327
5790	-4314.734	-4600.309	285.5745	0.8250265	0.2934094	12.93664
5796	-4317.321	-4605.632	288.3109	0.8428235	0.4837039	11.30309
5802	-4305.249	-4592.08	286.8302	0.8917958	0.4902934	12.04521
5808	-4317.144	-4602.879	285.7352	0.7627039	0.4357335	12.73261
5814	-4327.275	-4616.033	288.7583	0.8474712	0.403984	11.14158
5820	-4312.891	-4598.796	285.9054	0.8424434	0.504688	12.54049
5826	-4310.072	-4596.281	286.2084	0.8146794	0.4069837	12.48707
5832	-4308.444	-4595.365	286.9212	0.8729916	0.4738611	12.02212
5838	-4309.873	-4595.146	285.2734	0.7892009	0.378947	13.01536
5844	-4322.572	-4605.892	283.32	0.732159	0.3291678	14.11315
5850	-4349.046	-4634.945	285.8994	0.7588021	0.3807089	12.70367
5856	-4344.794	-4631.012	286.2176	0.9085384	0.3807089	12.46004
5862	-4341.058	-4626.749	285.6911	0.7145011	0.4282839	12.78776
5868	-4343.965	-4629.209	285.244	0.827067	0.4516539	12.93979
5874	-4323.076	-4611.157	288.0813	0.8192201	0.3895843	11.52509
5880	-4326.571	-4609.748	283.1774	0.8216129	0.4360408	14.03032
5886	-4312.36	-4600.031	287.6711	0.828177	0.3563497	11.76978
5892	-4305.777	-4593.994	288.2167	0.70039	0.4427562	11.46423
5898	-4302.581	-4589.357	286.7765	0.8799862	0.4157699	12.14829
5904	-4299.586	-4586.521	286.9346	0.7694637	0.463006	12.07893
5910	-4306.561	-4593.542	286.9809	0.7176166	0.4462118	12.09729
5916	-4298.444	-4586.723	288.2792	0.7604502	0.3848735	11.45719
5922	-4304.534	-4591.404	286.8706	0.7116911	0.3829467	12.22001
5928	-4317.951	-4604.416	286.4652	0.9331585	0.3560031	12.34442
5934	-4316.522	-4605.322	288.8005	1.033389	0.4757465	10.95415
5940	-4305.673	-4593.221	287.5472	0.8597312	0.4858655	11.69158
5946	-4319.492	-4607.253	287.7613	0.9833259	0.4212733	11.57488
5952	-4323.783	-4611.82	288.0366	0.9383187	0.4246188	11.45128
5958	-4327.263	-4611.738	284.4753	0.8870763	0.4713738	13.2903
5964	-4315.728	-4600.342	284.6144	0.7963217	0.5080195	13.23323
5970	-4310.619	-4595.132	284.5129	0.7005818	0.3809279	13.45455
5976	-4308.61	-4591.829	283.2194	0.7237168	0.4988481	14.00284
5982	-4306.3	-4590.904	284.604	0.7695954	0.4109933	13.34106
5988	-4321.524	-4605.032	283.5072	0.7174616	0.4109933	13.93739
5994	-4341.026	-4624.908	283.8822	0.7813062	0.40679	13.71386
6000	-4320.757	-4604.136	283.3789	0.9294124	0.3209217	13.98983
6006	-4306.912	-4596.679	289.7672	0.9685116	0.3477021	10.60869
6012	-4308.622	-4595.541	286.9196	0.8732404	0.5445453	11.96255
6018	-4309.096	-4594.577	285.4805	0.8611547	0.539593	12.72284
6024	-4303.515	-4587.119	283.604	0.8162797	0.4182437	13.82885
6030	-4308.446	-4596	287.5541	0.8819982	0.4280581	11.72951
6036	-4309.504	-4595.144	285.6398	0.7795363	0.4178771	12.79065
6042	-4305.66	-4591.161	285.5011	0.7795363	0.4966292	12.79065
6048	-4306.589	-4591.796	285.2076	0.9571243	0.3302923	13.01513
6054	-4318.641	-4606.267	287.6261	0.8054367	0.4065068	11.75299
6060	-4321.07	-4604.718	283.6484	0.7923882	0.4472087	13.79074
6066	-4332.951	-4622.713	289.7625	0.9271799	0.4479008	10.53087
6072	-4330.073	-4617.787	287.7142	0.8396947	0.2908795	11.81721
6078	-4324.592	-4612.406	287.8145	0.848564	0.3170258	11.72867
6084	-4327.322	-4613.379	286.057	0.8279056	0.316574	12.6563
6090	-4322.716	-4609.347	286.6311	0.8260092	0.4096205	12.25827
6096	-4320.447	-4607.422	286.9748	0.8967383	0.547484	11.91907
6102	-4316.162	-4603.124	286.9618	0.8920986	0.547484	11.92828
6108	-4320.11	-4607.84	287.7298	0.997469	0.547484	11.47212
6114	-4324.267	-4613.714	289.4464	0.8772975	0.4317006	10.73823
6120	-4326.308	-4611.176	284.8674	0.8339291	0.4319295	13.15051
6126	-4321.937	-4610.587	288.6494	0.91785	0.40091	11.1648
6132	-4351.938	-4638.947	287.0089	0.7743733	0.3352723	12.16677
6138	-4352.258	-4640.045	287.7869	0.854688	0.3515658	11.70068
6144	-4315.321	-4603.564	288.2429	0.9857344	0.409715	11.33318
6150	-4313.935	-4598.704	284.7693	1.029484	0.4299174	13.10181
6156	-4319.209	-4600.603	281.3937	0.788467	0.418103	14.98828
6162	-4310.266	-4597.884	287.6179	0.8507039	0.4148975	11.72531
6168	-4312.557	-4602.927	290.3698	0.8591174	0.4148975	10.27936
6174	-4312.652	-4598.161	285.509	0.7100962	0.5296404	12.79476
6180	-4322.689	-4608.149	285.4596	0.7424929	0.3714418	12.95069
6186	-4331.098	-4619.342	288.2438	0.8193376	0.4584349	11.37327
6192	-4320.114	-4605.326	285.2117	0.8853148	0.4281867	12.94836
6198	-4331.15	-4616.538	285.3887	0.8858859	0.3388566	12.94836
6204	-4307.884	-4592.897	285.0126	0.7532303	0.4387708	13.11052
6210	-4299.668	-4585.257	285.5888	0.7705145	0.4382576	12.80236
6216	-4299.442	-4584.94	285.4978	0.713723	0.4382576	12.87925
6222	-4304.27	-4591.262	286.9913	0.7723892	0.398572	12.10947
6228	-4313.906	-4603.62	289.7143	0.9131152	0.3934081	10.61685
6234	-4321.368	-4607.967	286.5988	1.105039	0.519753	12.02947
6240	-4308.858	-4598.748	289.8908	0.9811992	0.4230177	10.45889
6246	-4321.217	-4612.403	291.1854	0.9811992	0.4567388	9.74585
6252	-4323.877	-4614.009	290.1318	0.8926669	0.4673699	10.33704
6258	-4308.271	-4598.563	290.2921	0.8479025	0.4317634	10.30968
6264	-4306.551	-4596.002	289.4511	0.8853074	0.4481955	10.71593
6270	-4307.419	-4593.553	286.1338	0.7782109	0.3029984	12.65832
6276	-4320.683	-4609.489	288.8064	0.9372285	0.306485	11.17626
6282	-4309.963	-4595.547	285.5843	0.7600504	0.4606657	12.78938
6288	-4308.555	-4595.342	286.7863	0.9521573	0.5066065	12.02256
6294	-4296.738	-4587.398	290.6605	0.9245147	0.3930082	10.11418
6300	-4310.485	-4595.376	284.8909	0.8168744	0.3930082	13.18537
6306	-4306.301	-4591.047	284.7456	0.8642321	0.4454227	13.18537
6312	-4309.201	-4598.085	288.8843	0.7982846	0.3524857	11.15534
6318	-4308.297	-4593.903	285.6056	0.8815315	0.3524857	12.82274
6324	-4314.908	-4599.797	284.8895	0.8443536	0.3676549	13.1981
6330	-4310.474	-4597.25	286.7754	0.8542035	0.4327752	12.14588
6336	-4310.193	-4596.832	286.6382	0.7848582	0.3739661	12.31234
6342	-4299.812	-4587.047	287.2347	0.7762029	0.3844561	11.99489
6348	-4293.637	-4581.311	287.6733	0.8397771	0.403089	11.71379
6354	-4300.724	-4588.551	287.8274	0.9493901	0.5951707	11.40868
6360	-4284.391	-4572.778	288.3866	0.8178149	0.4517588	11.30553
6366	-4298.208	-4584.369	286.1606	0.8737629	0.3272866	12.56605
6372	-4305.591	-4592.434	286.843	0.8671514	0.4563691	12.08183
6378	-4301.447	-4588.412	286.9651	0.9268514	0.3608915	12.08183
6384	-4311.292	-4601.858	290.5665	1.029996	0.3103766	10.19961
6390	-4344.143	-4629.794	285.6504	0.8768817	0.3759861	12.77674
6396	-4341.598	-4628.89	287.2917	0.8893721	0.3759861	11.91495
6402	-4322.954	-4610.618	287.6643	0.8093607	0.4962129	11.64767
6408	-4312.471	-4601.019	288.5482	0.9012597	0.3889336	11.23863
6414	-4302.933	-4591.453	288.5201	0.8275118	0.4431694	11.23863
6420	-4310.429	-4596.203	285.7745	0.8042388	0.4168651	12.7087
6426	-4318.097	-4604.238	286.1405	0.8941081	0.4320044	12.45671
6432	-4325.954	-4611.509	285.5551	0.6898634	0.4181398	12.88112
6438	-4337.846	-4621.016	283.1699	0.6761981	0.4181398	14.12668
6444	-4337.882	-4622.46	284.5782	0.7195187	0.4072905	13.38412
6450	-4335.126	-4623.02	287.8939	0.8757499	0.3754258	11.60815
6456	-4314.899	-4600.257	285.3579	0.8286594	0.3099316	13.02747
6462	-4324.052	-4610.393	286.3411	0.8160752	0.4497364	12.3762
6468	-4315.982	-4601.666	285.6845	0.8866153	0.4497364	12.68139
6474	-4317.058	-4607.147	290.0889	0.8938708	0.4494087	10.37555
6480	-4307.994	-4593.07	285.0758	0.857811	0.397447	13.06349
6486	-4301.506	-4589.821	288.3143	0.9256707	0.4016465	11.33535
6492	-4305.062	-4594.179	289.1178	0.8635878	0.4823368	10.87096
6498	-4314.526	-4600.55	286.0232	0.8650892	0.3526157	12.6138
6504	-4311.2	-4596.796	285.596	0.7109999	0.3526157	12.91629
6510	-4313.144	-4599.407	286.2631	0.7172081	0.3220614	12.60027
6516	-4322.464	-4609.271	286.8069	0.7105185	0.340783	12.29913
6522	-4311.609	-4596.117	284.508	0.7371623	0.4870742	13.33727
6528	-4317.428	-4603.621	286.1929	0.82468	0.4670805	12.43307
6534	-4318.645	-4604.076	285.4309	0.7929306	0.4016405	12.90837
6540	-4322.505	-4610.916	288.4105	0.8415973	0.3739977	11.35744
6546	-4310.407	-4598.817	288.4102	0.8415973	0.3478278	11.38588
6552	-4303.649	-4590.549	286.9004	0.7401353	0.3478278	12.22714
6558	-4319.956	-4607.545	287.589	0.8212454	0.4000135	11.77059
6564	-4317.659	-4606.065	288.4058	0.6609446	0.4030232	11.42453
6570	-4307.899	-4593.336	285.4369	0.8227745	0.3428066	12.9517
6576	-4307.744	-4593.489	285.7449	0.8161207	0.4246224	12.71039
6582	-4310.731	-4596.812	286.0813	0.6776608	0.3991224	12.63244
6588	-4308.722	-4595.484	286.7617	0.8154779	0.4242125	12.18141
6594	-4308.619	-4594.381	285.762	0.7871681	0.3478266	12.79556
6600	-4305.304	-4590.412	285.1086	0.7781102	0.3817627	13.1039
6606	-4312.782	-4598.355	285.573	0.7696045	0.4689994	12.78278
6612	-4308.699	-4595.661	286.9623	0.7832497	0.3224045	12.20112
6618	-4307.394	-4591.727	284.3322	0.736064	0.3818336	13.52901
6624	-4318.048	-4605.08	287.0321	0.7609669	0.5652245	11.94584
6630	-4325.748	-4609.347	283.5981	0.7217641	0.3757941	13.92361
6636	-4317.295	-4604.404	287.1087	0.8078868	0.3753338	12.05361
6642	-4320.742	-4605.949	285.2078	0.7487985	0.4100165	13.03905
6648	-4314.052	-4598.855	284.8033	0.8038716	0.3092623	13.32934
6654	-4329.493	-4616.198	286.7054	0.8448508	0.2916082	12.33981
6660	-4329.967	-4612.786	282.8193	0.8353048	0.4902423	14.15982
6666	-4337.103	-4626.605	289.5016	0.9363602	0.4653027	10.64686
6672	-4334.299	-4622.497	288.1974	0.8514641	0.3950028	11.44197
6678	-4336.408	-4621.288	284.8797	0.8729483	0.4029657	13.15206
6684	-4322.623	-4606.373	283.7497	0.8633271	0.3537824	13.79494
6690	-4313.585	-4599.963	286.3775	0.8633271	0.4376791	12.34392
6696	-4323.593	-4610.077	286.4841	0.8921559	0.3672037	12.34392
6702	-4306.342	-4592.13	285.7883	0.8527574	0.328811	12.76905
6708	-4322.89	-4611.561	288.6704	0.7741461	0.328811	11.30648
6714	-4327.533	-4614.418	286.8849	0.6992141	0.3239878	12.28345
6720	-4322.729	-4609.954	287.2255	0.7501339	0.4739203	11.92737
6726	-4315.212	-4601.22	286.0074	0.8175947	0.459852	12.53996
6732	-4318.536	-4605.449	286.9128	0.7218802	0.5749455	12.02084
6738	-4317.329	-4603.25	285.9215	0.7562953	0.4220422	12.65209
6744	-4316.095	-4602.194	286.0987	0.7562953	0.4292859	12.55285
6750	-4321.518	-4604.346	282.8285	0.7572248	0.4292859	14.25095
6756	-4313.79	-4600.189	286.3991	0.6887275	0.3849133	12.47563
6762	-4324.867	-4607.294	282.4275	0.903202	0.3271954	14.48918
6768	-4321.051	-4603.766	282.7146	0.811343	0.495996	14.22154
6774	-4323.131	-4608.679	285.5479	0.7701168	0.3995583	12.86149
6780	-4318.227	-4602.277	284.0496	0.8285046	0.4101194	13.59922
6786	-4340.835	-4628.705	287.8703	0.9188975	0.3852987	11.58766
6792	-4330.171	-4613.538	283.367	0.7671653	0.4290358	13.96687
6798	-4332.931	-4623.07	290.1386	0.8632906	0.4213864	10.39226
6804	-4317.892	-4604.688	286.7958	0.781193	0.4553859	12.15213
6810	-4318.559	-4605.548	286.9891	0.7867443	0.3518731	12.15213
6816	-4324.566	-4610.715	286.1497	0.7346473	0.3807041	12.58595
6822	-4306.366	-4592.584	286.2186	0.7087311	0.3465024	12.60017
6828	-4302.537	-4588.99	286.4533	0.8339239	0.4416738	12.31598
6834	-4319.343	-4606.195	286.8524	0.8799483	0.4872696	12.04245
6840	-4311.083	-4597.441	286.3576	0.8257406	0.4506668	12.36172
6846	-4312.618	-4598.374	285.7566	0.8715961	0.4416648	12.65922
6852	-4346.522	-4630.657	284.1349	0.8045825	0.4144415	13.56315
6858	-4334.114	-4619.214	285.1004	0.8184693	0.4555237	13.01543
6864	-4336.903	-4622.926	286.0235	0.8114984	0.3561499	12.63767
6870	-4329.736	-4616.591	286.8552	0.8247624	0.4670654	12.08782
6876	-4335.987	-4622.817	286.8301	0.8038985	0.4721574	12.10721
6882	-4329.448	-4615.254	285.8055	0.8625755	0.6134645	12.4953
6888	-4323.178	-4609.144	285.9662	0.8046716	0.4903261	12.54093
6894	-4340.974	-4627.634	286.6604	0.7692152	0.3198071	12.36885
6900	-4319.158	-4604.993	285.8349	0.8620784	0.4291711	12.63526
6906	-4331.364	-4616.396	285.0312	0.7622981	0.3745123	13.15988
6912	-4335.302	-4618.272	282.97	0.8455016	0.4602439	14.10306
6918	-4328.16	-4613.938	285.7782	0.7946253	0.3372921	12.79495
6924	-4319.842	-4610.055	290.2134	0.9016441	0.3791478	10.37562
6930	-4315.297	-4600.46	285.1633	0.8033332	0.4112719	13.0326
6936	-4305.034	-4595.132	290.0974	0.8286388	0.3668447	10.48791
6942	-4298.726	-4586.276	287.5505	0.7418753	0.5100953	11.73044
6948	-4313.102	-4600.625	287.5226	0.9001099	0.4343902	11.73044
6954	-4321.785	-4610.143	288.3584	0.8652335	0.4950425	11.25659
6960	-4315.435	-4605.981	290.5459	0.9664953	0.3945281	10.15082
6966	-4317.389	-4605.981	288.5922	0.7664555	0.4781857	11.20081
6972	-4317.851	-4602.543	284.6916	0.898279	0.3876998	13.25203
6978	-4319.047	-4605.085	286.0376	0.7782681	0.3806054	12.62172
6984	-4327.801	-4613.47	285.6688	0.7539337	0.4917025	12.72099
6990	-4320.05	-4603.58	283.5302	0.7556351	0.3378846	13.98217
6996	-4322.758	-4609.186	286.4274	0.865955	0.4292383	12.32453
7002	-4322.574	-4610.493	287.9189	0.834863	0.4106996	11.58048
7008	-4332.589	-4621.824	289.2351	0.9047192	0.3094731	10.96519
7014	-4343.63	-4630.728	287.0974	0.7370027	0.3772196	12.0945
7020	-4340.955	-4628.013	287.0585	0.8257419	0.3473038	12.10066
7026	-4335.309	-4619.001	283.692	0.7498538	0.3998132	13.83581
7032	-4334.426	-4619.587	285.1605	0.6745083	0.3765076	13.13623
7038	-4323.622	-4610.062	286.44	0.7669551	0.4965276	12.30837
7044	-4321.275	-4605.76	284.4852	0.6431472	0.3941951	13.48518
7050	-4326.297	-4613.081	286.784	0.7908698	0.3953032	12.2112
7056	-4319.634	-4606.443	286.809	0.7431205	0.4071311	12.2112
7062	-4330.855	-4616.427	285.5723	0.9151416	0.3291479	12.84861
7068	-4341.349	-4625.945	284.5956	0.8967363	0.2704549	13.43708
7074	-4322.393	-4607.667	285.2735	0.7596768	0.4170249	12.99234
7080	-4314.437	-4600.102	285.6655	0.8964241	0.3579566	12.77785
7086	-4323.52	-4607.839	284.3192	0.8972956	0.3277023	13.51079
7092	-4316.904	-4602.134	285.2297	0.7937429	0.3139689	13.10751
7098	-4309.683	-4596.618	286.9357	0.7939425	0.3772443	12.14911
7104	-4319.751	-4605.959	286.2085	0.8657014	0.4000446	12.46737
7110	-4312.361	-4598.594	286.2338	0.861087	0.4324881	12.42488
7116	-4334.463	-4619.34	284.8773	1.015404	0.2514327	13.25426
7122	-4330.722	-4613.58	282.8578	0.7017413	0.3921611	14.30093
7128	-4331.619	-4617.529	285.9102	0.6311183	0.3921611	12.75275
7134	-4326.243	-4610.956	284.7132	0.8401747	0.4539085	13.20686
7140	-4338.51	-4623.56	285.05	0.7383621	0.3337587	13.20686
7146	-4328.068	-4613.521	285.4528	0.8090847	0.35932	12.93246
7152	-4326.395	-4611.355	284.9599	0.7099719	0.4100983	13.18803
7158	-4327.702	-4613.429	285.7264	0.6821564	0.4100983	12.80386
7164	-4320.024	-4607.768	287.7437	0.8174907	0.325002	11.77258
7170	-4310.761	-4597.024	286.263	0.9386438	0.433675	12.36812
7176	-4322.877	-4608.045	285.168	0.7644957	0.3627384	13.10012
7182	-4317.236	-4601.465	284.2298	0.7024549	0.4248968	13.55676
7188	-4313.87	-4600.495	286.6244	0.7626973	0.4176033	12.28696
7194	-4307.796	-4593.377	285.5813	0.7466888	0.4573607	12.80091
7200	-4312.041	-4600.646	288.6049	0.91754	0.4573607	11.13391
7206	-4307.858	-4595.714	287.8557	0.9661304	0.5633375	11.40993
7212	-4319.554	-4609.567	290.0134	1.030115	0.563347	10.24525
7218	-4311.676	-4600.993	289.317	1.021753	0.3323058	10.83423
7224	-4319.9	-4607.19	287.2902	0.9350448	0.4377769	11.83034
7230	-4313.765	-4600.399	286.6341	0.958353	0.5687959	12.0477
7236	-4320.034	-4605.321	285.2874	0.789476	0.384274	13.0024
7242	-4324.009	-4608.04	284.0312	0.8141381	0.3302629	13.70054
7248	-4327.01	-4611.02	284.0102	0.680946	0.3212352	13.79088
7254	-4316.262	-4600.009	283.7467	0.713634	0.3986633	13.82737
7260	-4318.004	-4602.56	284.5557	0.7117029	0.3993145	13.40782
7266	-4308.866	-4594.558	285.6916	0.7530767	0.3538421	12.84331
7272	-4316.073	-4600.731	284.6573	0.6495095	0.4746443	13.31625
7278	-4317.349	-4602.979	285.6297	0.5730913	0.3704755	12.95135
7284	-4328.149	-4614.531	286.3818	0.7225375	0.4283036	12.42393
7290	-4318.099	-4603.246	285.1466	0.6504387	0.3304987	13.20605
7296	-4330.422	-4614.474	284.0521	0.6696868	0.4644035	13.62922
7302	-4333.47	-4617.4	283.9294	0.721306	0.4198327	13.70774
7308	-4323.269	-4609.45	286.1808	0.7284349	0.3897765	12.56366
7314	-4319.537	-4606.614	287.0778	0.8350613	0.4647137	11.96845
7320	-4324.274	-4612.666	288.3914	0.9058632	0.386433	11.32084
7326	-4333.882	-4618.178	284.296	0.6875779	0.4050584	13.54948
7332	-4334.764	-4621.531	286.7671	0.9507294	0.3453578	12.18959
7338	-4336.798	-4623.064	286.2656	0.8618932	0.3907665	12.44898
7344	-4320.746	-4605.374	284.6279	0.7389379	0.5076241	13.25635
7350	-4321.458	-4608.052	286.594	0.8310168	0.3824112	12.30254
7356	-4319.886	-4606.077	286.1909	0.8181987	0.3824112	12.51923
7362	-4314.381	-4600.571	286.1902	0.7637677	0.4108487	12.51923
7368	-4315.358	-4606.718	291.3597	0.924266	0.5210458	9.626974
7374	-4327.127	-4617.205	290.0782	0.8890877	0.4524358	10.38084
7380	-4324.209	-4610.706	286.4966	0.8063761	0.2787876	12.48469
7386	-4320.95	-4606.315	285.3642	0.7602249	0.3939791	12.96777
7392	-4325.051	-4609.567	284.516	0.9002574	0.4693079	13.26414
7398	-4327.087	-4614.829	287.7412	0.9277793	0.4571817	11.58046
7404	-4335.213	-4621.838	286.6248	0.9576242	0.4071518	12.1954
7410	-4334.241	-4623.719	289.4782	0.8061262	0.3348798	10.85984
7416	-4332.351	-4619.045	286.694	0.8774915	0.3866537	12.22183
7422	-4339.818	-4623.529	283.7105	0.6402881	0.343464	13.94227
7428	-4329.552	-4618.47	288.9182	0.8666097	0.2750056	11.19386
7434	-4337.784	-4625.162	287.3773	0.7420484	0.4237811	11.89901
7440	-4335.006	-4626.095	291.0889	0.9772691	0.4006186	9.853163
7446	-4334.536	-4620.653	286.1168	1.058917	0.6412785	12.21034
7452	-4322.198	-4610.299	288.1016	0.9271219	0.4374975	11.41084
7458	-4313.635	-4599.36	285.725	0.7484545	0.4374975	12.74367
7464	-4313.725	-4600.115	286.3901	0.8356563	0.3485237	12.44256
7470	-4316.471	-4605.566	289.0954	0.7996578	0.4689551	10.92822
7476	-4331.175	-4618.908	287.7329	0.8518461	0.5145159	11.57396
7482	-4326.148	-4612.951	286.8033	0.8473614	0.4742639	12.0966
7488	-4321.585	-4604.615	283.0307	0.9327689	0.3568925	14.12843
7494	-4308.085	-4595.109	287.0232	0.9391977	0.5268274	11.88864
7500	-4320.907	-4604.907	283.9998	0.7457782	0.4490145	13.63092
7506	-4337.258	-4619.682	282.424	0.6950117	0.4553345	14.4684
7512	-4332.238	-4615.747	283.5094	0.8226565	0.4686679	13.82758
7518	-4328.075	-4610.196	282.1205	0.6451728	0.3349223	14.77295
7524	-4310.276	-4597.118	286.8426	0.8957094	0.468477	12.0561
7530	-4313.817	-4598.99	285.1723	0.7596566	0.4184644	13.04358
7536	-4318.263	-4602.881	284.6187	0.9097455	0.4188543	13.25293
7542	-4312.405	-4597.088	284.6836	0.7971683	0.444927	13.25293
7548	-4310.286	-4599.688	289.4017	0.9495078	0.552001	10.61795
7554	-4306.058	-4595.594	289.5356	1.043392	0.4176366	10.61795
7560	-4323.348	-4608.521	285.1728	0.9006032	0.469244	12.9226
7566	-4318.818	-4605.096	286.2782	0.7867565	0.3905017	12.48183
7572	-4319.376	-4605.608	286.2321	0.8782022	0.3677976	12.48183
7578	-4313.313	-4598.458	285.1455	0.8390507	0.4400483	12.99563
7584	-4320.211	-4605.498	285.2863	0.8818196	0.2307768	13.13978
7590	-4321.456	-4606.671	285.215	0.8714657	0.2508043	13.15439
7596	-4305.067	-4590.412	285.3443	0.8014929	0.3148851	13.04278
7602	-4304.39	-4593.723	289.3331	0.8503848	0.3442711	10.9021
7608	-4314.893	-4603.687	288.7946	0.7450717	0.4071923	11.17294
7614	-4312.19	-4599.415	287.2248	0.7417473	0.4329686	11.96993
7620	-4318.302	-4604.644	286.3423	0.8117206	0.4154924	12.41048
7626	-4320.193	-4608.354	288.1613	0.7442242	0.4282326	11.48406
7632	-4321.083	-4607.959	286.8759	0.9066689	0.4571101	12.04333
7638	-4323.236	-4608.881	285.645	0.861348	0.3709837	12.7929
7644	-4325.516	-4612.873	287.3573	0.7952878	0.4231803	11.88227
7650	-4347.178	-4633.629	286.4511	0.8392527	0.3380921	12.42046
7656	-4343.001	-4624.162	281.1603	0.8342606	0.3380921	15.1683
7662	-4354.493	-4637.594	283.1011	0.7295376	0.3223392	14.2358
7668	-4330.563	-4618.239	287.676	0.7649645	0.4075868	11.74699
7674	-4336.355	-4620.401	284.0465	0.9027172	0.3837005	13.58891
7680	-4347.13	-4632.87	285.7395	0.7993164	0.5286024	12.62921
7686	-4334.889	-4624.205	289.3154	0.8670538	0.4124469	10.83104
7692	-4315.1	-4602.475	287.375	0.7266606	0.3955313	11.93623
7698	-4324.842	-4609.172	284.3294	0.9009062	0.3750889	13.45189
7704	-4319.186	-4606.59	287.4047	0.868462	0.4674724	11.77784
7710	-4318.428	-4603.193	284.7653	0.7658044	0.4868171	13.18893
7716	-4308.969	-4593.628	284.6595	0.7765959	0.3903491	13.32923
7722	-4305.095	-4590.084	284.9886	0.910307	0.459536	13.02213
7728	-4306.913	-4591.379	284.4656	0.8041808	0.3873833	13.41865
7734	-4312.897	-4597.228	284.3307	0.8838573	0.41615	13.41865
7740	-4313.798	-4599.558	285.76	0.9127899	0.41615	12.66041
7746	-4309.038	-4594.116	285.0774	0.8845846	0.3793381	13.06725
7752	-4316.822	-4601.942	285.1197	0.8571133	0.502394	12.94373
7758	-4315.154	-4599.639	284.4849	0.7908596	0.3811074	13.422
7764	-4308.271	-4595.34	287.0684	0.9684226	0.4768404	11.89281
7770	-4304.222	-4591.001	286.7787	1.020847	0.2843458	12.21892
7776	-4300.083	-4586.93	286.8469	0.8060347	0.4165839	12.14936
7782	-4309.676	-4598.723	289.0467	0.9921126	0.3389099	10.98392
7788	-4303.993	-4589.498	285.5051	1.038527	0.4540114	12.69178
7794	-4303.707	-4589.33	285.6228	0.9210721	0.481038	12.66727
7800	-4298.936	-4585.138	286.2014	0.8788544	0.3536427	12.51271
7806	-4305.505	-4592.261	286.7562	0.8172972	0.4221361	12.18536
7812	-4305.301	-4587.711	282.4097	0.8406837	0.4643803	14.39218
7818	-4306.904	-4593.23	286.3258	0.8387949	0.3885681	12.43187
7824	-4308.315	-4594.226	285.9106	0.8711864	0.4167907	12.60303
7830	-4325.546	-4611.927	286.3814	0.7961189	0.3488225	12.46732
7836	-4324.639	-4610.845	286.2055	0.8959557	0.3860731	12.46732
7842	-4314.632	-4603.375	288.7432	0.8213034	0.400431	11.16673
7848	-4310.56	-4598.799	288.2384	0.780002	0.3520529	11.50325
7854	-4307.786	-4596.199	288.4126	0.8040284	0.4185431	11.3308
7860	-4304.021	-4592.014	287.9925	0.877111	0.3559501	11.57675
7866	-4308.537	-4594.501	285.9641	0.7568126	0.3641807	12.68845
7872	-4301.706	-4588.838	287.1322	0.8695882	0.4526821	11.93304
7878	-4316.868	-4603.736	286.8672	0.918168	0.3127913	12.19164
7884	-4325.037	-4613.609	288.5726	0.8842282	0.3736978	11.25068
7890	-4322.911	-4607.505	284.5935	0.8342713	0.4291414	13.29536
7896	-4318.187	-4603.87	285.6836	0.8598203	0.3751232	12.76922
7902	-4315.156	-4599.891	284.7345	0.7444854	0.3751643	13.32264
7908	-4320.743	-4604.187	283.4442	0.7341619	0.3515229	14.02284
7914	-4316.423	-4602.701	286.2787	0.7473505	0.4159153	12.47669
7920	-4326.236	-4615.05	288.8142	0.8659339	0.4167439	11.08999
7926	-4341.525	-4627.056	285.5309	0.8652896	0.3677855	12.85359
7932	-4317.305	-4605.725	288.4197	0.8208481	0.3752344	11.36219
7938	-4326.203	-4613.308	287.1048	0.6729129	0.3642592	12.13775
7944	-4316.888	-4603.891	287.0033	0.8308947	0.4341889	12.03781
7950	-4313.979	-4605.189	291.21	0.880932	0.4194445	9.821324
7956	-4321.258	-4610.623	289.3645	0.9734687	0.4714334	10.69374
7962	-4319.395	-4609.871	290.4764	0.7779295	0.3162779	10.3724
7968	-4328.005	-4613.504	285.4989	0.7891877	0.3173702	12.9659
7974	-4321.391	-4607.691	286.3004	0.7607556	0.48346	12.39577
7980	-4315.074	-4602.896	287.8225	0.8027468	0.3961051	11.66227
7986	-4314.418	-4602.695	288.2766	0.8544077	0.4126293	11.38138
7992	-4324.331	-4609.009	284.6784	0.9289665	0.4657715	13.16804
7998	-4319.511	-4604.167	284.6555	0.8198327	0.3521395	13.34912
8004	-4317.704	-4604.164	286.4597	0.7876316	0.3837206	12.39376
8010	-4315.979	-4601.466	285.4875	0.6876392	0.4333253	12.90282
8016	-4314.283	-4601.762	287.4783	0.6470799	0.4623656	11.85964
8022	-4315.319	-4600.161	284.8426	0.8080862	0.498346	13.1168
8028	-4314.048	-4602.437	288.3896	0.8948119	0.423648	11.29037
8034	-4325.378	-4616.119	290.7411	0.9970308	0.3716152	10.05601
8040	-4314.85	-4602.001	287.1515	0.8181044	0.4351483	11.96626
8046	-4320.04	-4606.607	286.5675	0.8683209	0.4877873	12.19664
8052	-4318.33	-4602.9	284.5692	0.8443256	0.3477207	13.38602
8058	-4323.593	-4612.405	288.8122	0.9219546	0.4437317	11.03576
8064	-4329.176	-4619.308	290.1327	0.9372727	0.3285978	10.45486
8070	-4319.435	-4609.165	289.7305	0.9629195	0.3176503	10.66528
8076	-4325.066	-4612.29	287.224	0.8408502	0.4038956	11.94701
8082	-4327.834	-4615.216	287.3817	0.8380855	0.3260919	11.94952
8088	-4324.462	-4612.761	288.2994	0.9193748	0.3175221	11.43767
8094	-4322.847	-4609.688	286.8414	0.8932704	0.3573901	12.16764
8100	-4320.147	-4609.151	289.0037	0.8485459	0.4277395	10.98916
8106	-4312.739	-4601.399	288.6602	0.8799727	0.4087566	11.17114
8112	-4313.478	-4597.856	284.3773	0.7991675	0.5015513	13.36045
8118	-4317.125	-4601.906	284.7805	0.7159832	0.3733859	13.31538
8124	-4329.727	-4617.646	287.9192	0.8247653	0.3733859	11.62371
8130	-4317.723	-4604.569	286.8458	0.8314596	0.3647098	12.18965
8136	-4316.315	-4605.095	288.7799	0.7665836	0.473456	11.10673
8142	-4328.431	-4612.022	283.5911	0.7150428	0.3533948	13.95454
8148	-4331.577	-4616.425	284.8478	0.8323333	0.539345	13.0671
8154	-4324.5	-4609.481	284.981	0.7886149	0.3906005	13.15568
8160	-4343.291	-4632.38	289.0891	0.8932203	0.4093125	10.93903
8166	-4336.144	-4624.1	287.9566	0.8984138	0.4022537	11.53602
8172	-4340.769	-4627.286	286.5174	0.8743507	0.3475752	12.35712
8178	-4332.302	-4616.662	284.3599	0.9148963	0.4497721	13.35544
8184	-4322.867	-4607.102	284.2346	0.8302886	0.4214246	13.49124
8190	-4332.252	-4620.449	288.1973	0.7383167	0.4032619	11.49286
8196	-4334.205	-4621.967	287.7618	0.7252563	0.3046266	11.83533
8202	-4305.598	-4591.148	285.5502	0.8656237	0.3229361	12.89298
8208	-4309.447	-4594.269	284.8215	0.7908469	0.4207245	13.20753
8214	-4327.295	-4614.756	287.4603	0.817182	0.3333818	11.91107
8220	-4324.403	-4611.771	287.3683	0.7477402	0.3346997	11.99381
8226	-4323.739	-4611.374	287.6345	0.7592361	0.4931129	11.69213
8232	-4320.403	-4608.317	287.9139	0.8563261	0.3007697	11.69213
8238	-4306.929	-4592.002	285.0724	0.7275193	0.4078493	13.12265
8244	-4315.526	-4602.197	286.6705	0.8106938	0.4078493	12.24747
8250	-4309.799	-4596.423	286.6238	0.857391	0.4078493	12.24747
8256	-4307.729	-4593.665	285.9359	0.7483065	0.3812826	12.68957
8262	-4333.143	-4618.886	285.743	0.8450228	0.4316774	12.68957
8268	-4333.121	-4620.78	287.6588	0.9656894	0.4316774	11.62766
8274	-4329.104	-4616.356	287.2524	0.8375606	0.4054307	11.93236
8280	-4325.332	-4612.683	287.3507	0.7288215	0.3797609	11.96397
8286	-4316.226	-4604.689	288.4623	0.758381	0.4160719	11.33107
8292	-4319.156	-4609.01	289.8539	0.9248276	0.3600994	10.57253
8298	-4329.059	-4615.49	286.4316	0.843776	0.3689235	12.39465
8304	-4321.659	-4611.438	289.7785	0.8721859	0.3594341	10.64041
8310	-4324.51	-4610.046	285.5361	0.649745	0.4023483	12.92745
8316	-4328.947	-4613.594	284.6467	0.7173183	0.5200131	13.2474
8322	-4328.019	-4614.619	286.6005	0.7464896	0.4394195	12.28693
8328	-4334.053	-4623.515	289.4621	0.8819852	0.4452959	10.71465
8334	-4332.074	-4616.452	284.3779	0.6937791	0.464042	13.44791
8340	-4334.439	-4620.818	286.3799	0.9850951	0.3759996	12.34051
8346	-4327.99	-4612.838	284.8471	0.7774565	0.4703155	13.15498
8352	-4337.262	-4621.723	284.4605	0.7535024	0.3814126	13.45375
8358	-4329.782	-4614.327	284.5448	0.7249407	0.3432681	13.46561
8364	-4326.124	-4613.409	287.2844	0.9294101	0.4159773	11.8573
8370	-4328.948	-4616.527	287.5787	0.8632066	0.4355795	11.71929
8376	-4328.043	-4615.16	287.1174	0.9585577	0.4700631	11.8785
8382	-4308.46	-4592.906	284.446	0.8641323	0.3832119	13.402
8388	-4316.234	-4601.732	285.4985	0.7800382	0.5519284	12.74569
8394	-4328.901	-4616.209	287.3086	0.7672963	0.3985997	11.94658
8400	-4323.29	-4612.988	289.6975	1.019704	0.4257297	10.53753
8406	-4338.216	-4624.984	286.7672	0.7458869	0.3492601	12.29202
8412	-4331.064	-4615.788	284.724	0.7428225	0.3492601	13.35669
8418	-4321.767	-4605.347	283.5801	0.7870026	0.4083393	13.86614
8424	-4318.839	-4605.695	286.856	0.9068391	0.3808854	12.12799
8430	-4324.541	-4612.591	288.0493	0.7908076	0.3784555	11.56816
8436	-4325.396	-4609.649	284.253	0.96691	0.3773356	13.45493
8442	-4318.265	-4602.651	284.3855	0.8895483	0.4305559	13.37334
8448	-4330.787	-4619.392	288.6044	0.9232624	0.4248652	11.16187
8454	-4336.588	-4623.53	286.9422	0.945964	0.3183782	12.13146
8460	-4338.889	-4624.19	285.3012	0.9240825	0.4551804	12.85636
8466	-4342.05	-4630.202	288.1525	0.8428838	0.3292095	11.54089
8472	-4332.29	-4622.046	289.7561	0.9127473	0.5070912	10.48868
8478	-4331.733	-4622.338	290.6049	0.942868	0.3036739	10.23335
8484	-4314.989	-4605.657	290.6679	1.014653	0.3851956	10.07092
8490	-4324.225	-4614.83	290.6048	0.8415583	0.517818	10.07092
8496	-4323.116	-4609.487	286.3707	0.9066818	0.4277078	12.33435
8502	-4335.593	-4625.425	289.8321	0.8567637	0.4832935	10.499
8508	-4322.901	-4607.74	284.839	0.7849258	0.3102456	13.3195
8514	-4328.43	-4617.085	288.6545	0.8528606	0.4574989	11.14172
8520	-4327.584	-4616.417	288.8333	0.8191025	0.2593046	11.28373
8526	-4318.279	-4605.882	287.6028	0.8289129	0.4250883	11.73469
8532	-4308.75	-4596.065	287.3146	0.6874607	0.4250883	11.95896
8538	-4322.487	-4611.793	289.3057	0.9340374	0.3789896	10.83507
8544	-4317.441	-4606.345	288.9042	0.9059678	0.3086578	11.13882
8550	-4318.108	-4603.663	285.5551	0.7946553	0.3531246	12.89348
8556	-4313.799	-4600.088	286.2881	0.7946553	0.4432325	12.42104
8562	-4317.233	-4602.478	285.2443	0.7248343	0.4526189	12.99196
8568	-4313.33	-4599.598	286.2688	0.7544747	0.4697165	12.42772
8574	-4318.123	-4609.535	291.4117	0.9639829	0.4109777	9.67963
8580	-4302.395	-4594.944	292.5488	1.083156	0.4137563	9.013219
8586	-4305.282	-4594.926	289.6437	1.002864	0.4346227	10.56603
8592	-4323.372	-4610.563	287.1907	0.9047749	0.3135909	12.02895
8598	-4318.881	-4605.39	286.509	0.9249096	0.5429056	12.15112
8604	-4335.194	-4624.413	289.2195	0.714256	0.3802068	10.99413
8610	-4313.448	-4596.735	283.2874	0.8799639	0.4293262	13.94938
8616	-4314.694	-4600.1	285.406	0.7559898	0.4293262	12.91349
8622	-4306.192	-4591.945	285.7528	0.8289247	0.4293262	12.69511
8628	-4306.752	-4594.934	288.1813	0.8181627	0.335059	11.53211
8634	-4298.446	-4586.949	288.5027	0.8405254	0.3568961	11.32811
8640	-4302.353	-4590.424	288.0713	0.8528971	0.3857269	11.51667
8646	-4301.979	-4589.164	287.1859	0.8920012	0.5495446	11.80971
8652	-4300.436	-4586.636	286.1998	0.8920012	0.4136125	12.44473
8658	-4295.4	-4580.725	285.3251	0.8533029	0.3794032	12.95467
8664	-4300.443	-4586.305	285.8627	0.6804428	0.4087802	12.73515
8670	-4308.556	-4594.308	285.7518	0.7847796	0.451329	12.69792
8676	-4306.92	-4591.851	284.9305	0.6958673	0.4396453	13.18219
8682	-4299.916	-4586.053	286.1375	0.8882127	0.2677496	12.6433
8688	-4308.365	-4595.496	287.1308	0.8056785	0.3102245	12.11588
8694	-4306.84	-4594.651	287.8111	0.7360912	0.4117984	11.68732
8700	-4312.723	-4598.728	286.0049	0.7360912	0.4934357	12.5538
8706	-4314.199	-4600.099	285.8999	0.892256	0.463382	12.5538
8712	-4304.471	-4589.97	285.4985	0.8172539	0.463382	12.80179
8718	-4312.511	-4598.669	286.1587	0.8266535	0.3047011	12.61809
8724	-4311.228	-4597.686	286.4582	0.8576829	0.4359758	12.30638
8730	-4336.946	-4627.188	290.2422	1.049884	0.2756906	10.40272
8736	-4322.973	-4611.628	288.6546	0.8155601	0.3703079	11.24727
8742	-4329.414	-4614.394	284.9795	0.8973842	0.5759819	12.93563
8748	-4321.081	-4606.454	285.3728	0.968412	0.3807346	12.8686
8754	-4340.978	-4626.809	285.831	0.8338558	0.4725043	12.61186
8760	-4320.308	-4609.217	288.9086	0.9653677	0.4304781	10.97514
8766	-4322.12	-4610.823	288.7033	0.9294836	0.469708	11.06492
8772	-4318.783	-4606.475	287.692	0.7691159	0.4450286	11.70034
8778	-4304.377	-4593.49	289.1128	0.7892534	0.3558281	11.03676
8784	-4314.493	-4607.041	292.5481	1.028316	0.3343827	9.12745
8790	-4312.281	-4599.352	287.0714	0.879499	0.3786401	12.03223
8796	-4318.229	-4605.473	287.2445	0.8083267	0.3970055	11.96022
8802	-4324.397	-4612.753	288.3564	0.847038	0.3970055	11.3591
8808	-4324.319	-4611.804	287.4857	0.761797	0.3970055	11.85859
8814	-4316.417	-4602.135	285.7178	0.8520871	0.4810489	12.65375
8820	-4318.16	-4604.361	286.2019	0.8462335	0.4049824	12.47599
8826	-4322.442	-4610.359	287.9165	0.8799597	0.4319594	11.53749
8832	-4322.228	-4612.701	290.4728	0.9170913	0.410358	10.19928
8838	-4335.569	-4622.623	287.0541	0.8730438	0.4514581	11.97312
8844	-4333.262	-4617.879	284.6166	0.8759098	0.4491248	13.24291
8850	-4335.117	-4616.123	281.0061	0.8599496	0.4358246	15.13487
8856	-4336.789	-4621.516	284.7279	0.7607429	0.3813087	13.31123
8862	-4343.737	-4626.724	282.987	0.582384	0.3111067	14.38427
8868	-4334.673	-4623.012	288.3392	0.8261161	0.4251641	11.35121
8874	-4336.46	-4621.676	285.2159	0.7852979	0.3983683	13.02747
8880	-4322.397	-4606.567	284.1705	0.8326035	0.4982731	13.45329
8886	-4319.082	-4603.491	284.4094	0.7669428	0.4011141	13.45329
8892	-4316.799	-4604.63	287.8305	0.8067405	0.4214514	11.63084
8898	-4322.143	-4607.547	285.4047	0.7688551	0.353697	12.98453
8904	-4324.735	-4609.54	284.8056	0.7763879	0.3728796	13.27148
8910	-4310.731	-4597.678	286.9473	0.9257146	0.4149468	12.03618
8916	-4328.382	-4615.844	287.462	0.9257146	0.4785166	11.70815
8922	-4322.186	-4609.521	287.3356	0.7895049	0.4586999	11.86312
8928	-4323.922	-4608.713	284.7905	0.870992	0.4815159	13.12585
8934	-4328.109	-4615.57	287.461	0.8108751	0.5099157	11.74129
8940	-4342.072	-4624.783	282.7112	0.8511949	0.6806452	14.06089
8946	-4333.77	-4619.555	285.7858	0.9510442	0.4508197	12.59413
8952	-4337.202	-4622.449	285.2464	0.7573083	0.4095067	13.01502
8958	-4332.764	-4617.53	284.7663	0.8594932	0.4122664	13.20877
8964	-4327.717	-4614.679	286.9624	0.9862921	0.3719403	12.04042
8970	-4328.242	-4617.347	289.1045	0.8107187	0.3705987	11.01397
8976	-4324.123	-4613.037	288.9137	1.033392	0.4379337	10.92967
8982	-4343.451	-4627.125	283.6735	0.7624844	0.3622888	13.87762
8988	-4333.996	-4621.953	287.9577	0.8246914	0.3250133	11.65703
8994	-4314.333	-4601.318	286.9847	0.799848	0.3882785	12.10905
9000	-4306.28	-4590.126	283.8462	0.786287	0.4984752	13.64551
9006	-4315.027	-4599.828	284.8016	0.7800458	0.4075809	13.23631
9012	-4312.85	-4598.153	285.3026	0.7891338	0.4250191	12.95418
9018	-4313.758	-4601.707	287.949	0.9002765	0.4412064	11.50111
9024	-4317.029	-4607.562	290.5335	0.8746016	0.401559	10.19849
9030	-4322.824	-4612.642	289.8174	1.023104	0.3471659	10.55428
9036	-4317.531	-4604.237	286.7065	0.8580933	0.370427	12.24231
9042	-4335.57	-4624.93	289.3598	0.8960641	0.4330506	10.77253
9048	-4334.014	-4621.357	287.3433	0.8945247	0.4226715	11.83823
9054	-4318.172	-4606.609	288.4372	0.891129	0.3855982	11.30547
9060	-4326.134	-4613.399	287.2657	1.026995	0.4801866	11.75627
9066	-4334.612	-4622.715	288.1025	0.8774706	0.3434499	11.53287
9072	-4326.972	-4609.974	283.0023	0.9116658	0.461403	14.05099
9078	-4327.082	-4610.763	283.6813	0.7171329	0.3556871	13.90422
9084	-4318.67	-4605.733	287.063	0.8168443	0.3796338	12.0683
9090	-4310.027	-4595.937	285.9104	0.8462174	0.3796338	12.65355
9096	-4314.193	-4599.681	285.4883	0.7776183	0.4121055	12.8761
9102	-4322.653	-4608.158	285.5058	0.8427118	0.3415194	12.90695
9108	-4337.471	-4621.517	284.0456	0.8007163	0.4283238	13.5981
9114	-4331.416	-4618.378	286.9622	0.7841022	0.3395344	12.18121
9120	-4343.631	-4630.812	287.1813	0.7170503	0.3471105	12.09353
9126	-4338.724	-4625.97	287.246	0.7235515	0.443484	11.95842
9132	-4324.9	-4613.211	288.3113	0.9176521	0.3905602	11.35232
9138	-4330.847	-4616.217	285.3702	0.7003075	0.464218	12.92862
9144	-4333.925	-4620.684	286.7593	0.8105029	0.3733701	12.23652
9150	-4325.078	-4611.166	286.0879	0.9391608	0.2833736	12.62261
9156	-4325.937	-4612.982	287.0443	0.640118	0.4552739	12.09625
9162	-4321.705	-4608.504	286.7992	0.7995162	0.3757351	12.21896
9168	-4320.989	-4608.174	287.185	0.7401615	0.4135935	12.0103
9174	-4312.103	-4597.288	285.1852	0.7659448	0.5061085	12.95391
9180	-4311.338	-4598.598	287.2603	0.6970391	0.3662494	12.04194
9186	-4297.252	-4583.054	285.8026	0.9364823	0.451328	12.59247
9192	-4310.475	-4598.339	287.8643	1.055789	0.4324648	11.47238
9198	-4308.27	-4593.27	285.0003	0.8973039	0.5116138	12.97706
9204	-4313.176	-4597.993	284.8169	0.8529783	0.476915	13.12554
9210	-4319.184	-4601.323	282.1391	0.8529783	0.4584169	14.53134
9216	-4326.32	-4616.22	289.8997	0.8707043	0.3912283	10.54401
9222	-4317.098	-4603.278	286.1805	0.8881214	0.3912283	12.47918
9228	-4321.176	-4608.232	287.0565	0.9109371	0.3752316	12.02717
9234	-4322.297	-4609.477	287.1798	0.9109371	0.4270023	11.91082
9240	-4319.365	-4605.931	286.5663	0.8316215	0.339941	12.36235
9246	-4321.411	-4606.207	284.7961	0.7534681	0.4212678	13.23964
9252	-4311.232	-4595.879	284.6464	0.7796116	0.4240007	13.30118
9258	-4306.899	-4594.148	287.2486	0.9126132	0.5066877	11.80181
9264	-4301.618	-4585.804	284.1862	0.7150816	0.4483734	13.55069
9270	-4309.009	-4596.086	287.0773	0.7943112	0.4366243	12.01598
9276	-4305.861	-4594.079	288.2181	0.8041589	0.400011	11.45084
9282	-4298.729	-4586.436	287.7065	0.8423684	0.3821559	11.71644
9288	-4317.638	-4604.596	286.9587	0.7185774	0.375272	12.17847
9294	-4311.93	-4601.837	289.9069	0.8455267	0.4150327	10.52952
9300	-4313.09	-4603.212	290.1218	0.7864331	0.3840245	10.47911
9306	-4307.225	-4594.412	287.1868	0.7097877	0.4420029	11.99791
9312	-4319.013	-4604.374	285.3611	0.7573574	0.3797955	12.98541
9318	-4313.016	-4599.712	286.6965	0.6777997	0.4358309	12.27609
9324	-4317.485	-4603.042	285.5565	0.8620478	0.4507493	12.75987
9330	-4304.788	-4593.49	288.7016	0.9332762	0.3824507	11.14831
9336	-4306.323	-4591.895	285.5719	0.8121114	0.4137515	12.81304
9342	-4315.255	-4600.83	285.5755	0.8085832	0.4137515	12.81304
9348	-4315.088	-4599.918	284.8301	0.8498147	0.5117791	13.09015
9354	-4300.82	-4587.787	286.967	0.8498147	0.4502093	12.03185
9360	-4300.708	-4589.783	289.0746	0.9146859	0.3956197	10.94917
9366	-4304.479	-4592.412	287.9334	0.8427412	0.3755912	11.60459
9372	-4301.37	-4589.291	287.9209	0.7675947	0.4209058	11.60459
9378	-4299.812	-4587.912	288.0999	0.7920712	0.4699057	11.45235
9384	-4319.637	-4604.084	284.4474	0.7760994	0.3711428	13.45953
9390	-4314.141	-4600.456	286.3152	0.8319647	0.4109265	12.41851
9396	-4317.555	-4607.805	290.2501	0.8145353	0.3586503	10.42398
9402	-4318.705	-4610.018	291.3131	0.9955827	0.4436252	9.683199
9408	-4318.24	-4607.025	288.7847	0.9060158	0.4492453	11.05336
9414	-4317.197	-4604.131	286.9347	0.8350436	0.4879882	12.02232
9420	-4317.814	-4604.785	286.9706	0.8350436	0.3150796	12.17837
9426	-4308.661	-4593.726	285.0646	0.7413396	0.4399683	13.08853
9432	-4311.983	-4600.441	288.4584	0.7285091	0.4685479	11.29932
9438	-4322.66	-4610.483	287.8224	0.9102666	0.3861718	11.61631
9444	-4321.407	-4609.065	287.6579	0.9102666	0.3027403	11.79521
9450	-4311.655	-4596.207	284.5515	0.7464363	0.3406284	13.45392
9456	-4312.111	-4595.263	283.1525	0.7905352	0.3665534	14.12872
9462	-4309.583	-4594.437	284.8539	0.8043576	0.4934584	13.11707
9468	-4321.258	-4609.737	288.4784	0.9552582	0.369079	11.26769
9474	-4327.301	-4614.704	287.4024	0.9552582	0.4626174	11.73817
9480	-4321.803	-4609.817	288.0135	0.851962	0.4249315	11.50821
9486	-4323.45	-4612.057	288.6078	0.851962	0.422827	11.1994
9492	-4330.231	-4617.516	287.2855	0.7761049	0.3772678	11.97595
9498	-4323.141	-4608.556	285.4148	0.8640525	0.4045538	12.87688
9504	-4323.803	-4608.978	285.175	0.7167733	0.453109	13.03174
9510	-4307.339	-4594.475	287.1362	0.8031528	0.4220303	11.99464
9516	-4307.712	-4598.001	290.2885	0.8395921	0.3815275	10.36625
9522	-4301.47	-4593.116	291.6459	0.8244646	0.2966604	9.756361
9528	-4306.264	-4594.015	287.7514	0.8128429	0.4172304	11.67308
9534	-4301.871	-4588.771	286.8999	0.8508019	0.504411	12.01804
9540	-4311.351	-4598.226	286.8756	0.8251402	0.3806257	12.16066
9546	-4307.574	-4593.034	285.4595	0.761764	0.4312511	12.88083
9552	-4318.72	-4608.649	289.9289	0.9633485	0.384914	10.4866
9558	-4331.055	-4619.559	288.5035	0.8662652	0.4208621	11.24843
9564	-4337.779	-4625.001	287.222	0.9381056	0.2768518	12.04038
9570	-4337.407	-4624.702	287.2953	0.9153056	0.4174946	11.85752
9576	-4337.141	-4626.668	289.5264	1.07446	0.2979221	10.73754
9582	-4332.464	-4621.537	289.0727	0.9639204	0.4000272	10.91988
9588	-4334.723	-4620.771	286.0485	0.8074321	0.455559	12.52776
9594	-4335.915	-4622.491	286.5767	0.8480045	0.3133852	12.37892
9600	-4340.505	-4631.318	290.8132	0.9614095	0.5436405	9.876539
9606	-4326.863	-4614.208	287.3455	0.9649985	0.5436405	11.69305
9612	-4321.086	-4606.525	285.4391	0.7945587	0.3802088	12.92508
9618	-4337.348	-4625.528	288.1797	0.8372572	0.4770485	11.38056
9624	-4338.771	-4626.097	287.3254	0.8578069	0.3085453	11.9892
9630	-4327.802	-4614.944	287.1416	0.8813581	0.3460096	12.02973
9636	-4338.644	-4622.352	283.7086	0.8547949	0.385202	13.78756
9642	-4329.042	-4615.966	286.9239	0.833725	0.4200793	12.09134
9648	-4328.562	-4615.722	287.1607	0.8166772	0.4206911	11.97613
9654	-4334.791	-4620.247	285.4561	0.8530151	0.4563083	12.81171
9660	-4325.878	-4610.983	285.1047	0.8891065	0.3722072	13.05815
9666	-4313.051	-4598.233	285.1823	0.7722322	0.3919709	13.05815
9672	-4307.607	-4594.128	286.5209	0.7461633	0.4172929	12.34978
9678	-4300.005	-4585.495	285.4907	0.862936	0.483745	12.7639
9684	-4335.871	-4621.098	285.2264	0.7007331	0.4111	13.05327
9690	-4316.169	-4599.952	283.7837	0.7948973	0.4881326	13.68246
9696	-4313.065	-4599.321	286.2551	0.829897	0.4049697	12.45679
9702	-4318.988	-4604.116	285.1285	0.739299	0.4412529	13.05519
9708	-4312.898	-4600.207	287.3091	0.8106404	0.3093073	12.02137
9714	-4315.388	-4604.916	289.528	0.8847134	0.4441406	10.6797
9720	-4314.017	-4600.658	286.6408	0.7354472	0.4217194	12.28857
9726	-4306.849	-4593.711	286.8617	0.8770447	0.4217194	12.0996
9732	-4329.506	-4618.964	289.4574	0.8533844	0.3941143	10.78217
9738	-4330.551	-4617.285	286.7343	0.7916237	0.3575605	12.27624
9744	-4318.595	-4606.402	287.8073	0.7916954	0.4340133	11.63872
9750	-4321.346	-4606.6	285.2533	0.7957786	0.3966143	13.00431
9756	-4320.467	-4609.799	289.3324	0.8316664	0.4622261	10.7933
9762	-4320.857	-4608.44	287.5832	0.9004491	0.3910979	11.74133
9768	-4315.489	-4600.027	284.5378	0.8309445	0.3148954	13.44655
9774	-4299.004	-4586.279	287.2745	0.8948972	0.4029483	11.89341
9780	-4291.167	-4578.494	287.3269	0.9322137	0.4063762	11.84313
9786	-4295.298	-4581.598	286.3	0.8943464	0.3764811	12.42891
9792	-4292.883	-4580.532	287.6491	0.7786405	0.3885019	11.77314
9798	-4288.749	-4572.559	283.81	0.8981941	0.3026022	13.804
9804	-4303.629	-4589.215	285.5863	0.9405383	0.3417074	12.81393
9810	-4297.827	-4583.828	286.0017	0.8099955	0.3281356	12.68101
9816	-4300.154	-4587.121	286.967	0.7629388	0.3882067	12.13758
9822	-4302.447	-4586.541	284.0945	0.8613831	0.3251809	13.64897
9828	-4294.879	-4583.917	289.0377	0.9937363	0.356804	10.96792
9834	-4292.862	-4582.732	289.8704	0.9128904	0.4422989	10.48699
9840	-4299.178	-4588.455	289.277	1.111596	0.348083	10.79035
9846	-4308.223	-4597.597	289.3743	0.9503184	0.348083	10.8239
9852	-4308.645	-4597.93	289.2843	0.8717407	0.4340616	10.8239
9858	-4310.911	-4601.756	290.8454	1.060731	0.494459	9.849055
9864	-4304.643	-4592.022	287.3789	0.9493379	0.4664348	11.75006
9870	-4299.784	-4584.075	284.2906	0.8254019	0.4981117	13.39482
9876	-4309.446	-4595.837	286.3909	0.733603	0.4724411	12.37252
9882	-4343.329	-4627.617	284.2881	0.6989327	0.3679304	13.58571
9888	-4323.874	-4610.43	286.5558	0.6689214	0.4190695	12.37012
9894	-4309.359	-4600.58	291.2219	0.8503721	0.3211181	9.936589
9900	-4307.315	-4595.34	288.0246	0.8919293	0.35492	11.55335
9906	-4321.539	-4608.736	287.1972	0.7230283	0.35492	12.07354
9912	-4327.906	-4613.926	286.0198	0.6563542	0.3845985	12.69034
9918	-4328.235	-4611.804	283.5685	0.6741464	0.3792389	13.96009
9924	-4328.128	-4614.598	286.4698	0.8423571	0.40314	12.34027
9930	-4337.438	-4627.163	289.7257	1.026471	0.5108607	10.44174
9936	-4345.102	-4634.874	289.7719	1.026471	0.4263542	10.49432
9942	-4329.966	-4615.893	285.9265	0.8739535	0.4669011	12.5463
9948	-4318.668	-4603.635	284.9678	0.8834723	0.4363656	13.06837
9954	-4319.772	-4606.192	286.4197	0.7605231	0.4172061	12.39513
9960	-4323.387	-4608.375	284.9882	0.8263271	0.2870716	13.24859
9966	-4329.537	-4615.235	285.6983	0.7892505	0.3292991	12.84837
9972	-4330.645	-4616.334	285.6889	0.8681308	0.3895555	12.74725
9978	-4335.912	-4623.3	287.3882	0.9223762	0.3458593	11.87979
9984	-4337.712	-4623.452	285.7402	0.7794414	0.4802999	12.68055
9990	-4325.807	-4612.503	286.697	0.8520032	0.3956103	12.22442
9996	-4327.902	-4612.258	284.3569	0.8113215	0.3956103	13.46304
10002	-4344.978	-4631.351	286.373	0.8480212	0.3391019	12.45545
10008	-4341.486	-4631.392	289.9054	0.8569005	0.30663	10.64228
10014	-4336.092	-4622.198	286.1055	0.8381178	0.3371851	12.60208
10020	-4317.034	-4607.128	290.0941	0.9663134	0.3305873	10.4576
10026	-4313.099	-4601.395	288.296	0.9063938	0.3241975	11.43844
10032	-4326.488	-4613.955	287.4677	0.9287012	0.4016896	11.77613
10038	-4328.315	-4616.688	288.3737	0.9418818	0.4119182	11.28554
10044	-4332.55	-4618.303	285.7526	0.8450701	0.4119182	12.70367
10050	-4337.361	-4623.104	285.7427	0.8708522	0.4521146	12.6571
10056	-4338.136	-4626.065	287.9295	0.7848583	0.3927525	11.6191
10062	-4346.543	-4631.087	284.5439	0.78552	0.3745926	13.40094
10068	-4344.118	-4629.893	285.7752	0.7109171	0.3979711	12.77561
10074	-4356.696	-4640.52	283.8239	0.7954018	0.3260471	13.8226
10080	-4340.141	-4628.531	288.3897	1.004956	0.4341842	11.22256
10086	-4335.562	-4619.543	283.9811	0.84776	0.5286911	13.51814
10092	-4332.562	-4616.211	283.6489	0.7853575	0.4577298	13.78447
10098	-4329.48	-4611.215	281.7352	0.681945	0.3183955	14.97217
10104	-4334.082	-4615.99	281.9074	0.7563249	0.3121096	14.85195
10110	-4345.9	-4629.078	283.1776	0.819821	0.3121096	14.16128
10116	-4342.9	-4628.9	286.0002	0.8043241	0.4034265	12.60439
10122	-4327.429	-4612.491	285.0621	0.7864637	0.4822101	13.02795
10128	-4327.283	-4612.193	284.9098	0.8905357	0.3698565	13.16123
10134	-4329.158	-4613.234	284.0757	0.8350119	0.429519	13.5635
10140	-4339.964	-4626.522	286.5586	0.9494242	0.4691853	12.17556
10146	-4333.507	-4623.493	289.9858	0.9318134	0.4059812	10.45177
10152	-4333.25	-4616.138	282.8877	0.7489045	0.4223337	14.23125
10158	-4329.496	-4616.521	287.0247	0.8635688	0.3361852	12.11097
10164	-4329.981	-4617.525	287.5437	0.7571385	0.3832327	11.84483
10170	-4316.433	-4604.027	287.5932	0.837414	0.3191852	11.84748
10176	-4325.765	-4611.057	285.292	0.8652523	0.4377153	12.90799
10182	-4319.053	-4606.16	287.1067	0.7985859	0.3731911	12.06176
10188	-4324.024	-4608.544	284.5197	0.7646558	0.3455309	13.45552
10194	-4329.594	-4617.729	288.1351	0.787465	0.4844891	11.42333
10200	-4346.703	-4630.867	284.1649	0.8244307	0.3798255	13.57208
10206	-4330.365	-4616.418	286.053	0.8021518	0.3884692	12.59317
10212	-4331.017	-4617.893	286.8765	0.9415237	0.4053557	12.07435
10218	-4334.872	-4618.286	283.4138	0.6950851	0.4771888	13.93577
10224	-4319.963	-4606.096	286.1323	0.7197854	0.4650401	12.52109
10230	-4318.773	-4605.076	286.3028	0.7297924	0.3689267	12.52109
10236	-4325.534	-4611.155	285.6204	0.7730682	0.3480758	12.87631
10242	-4334.993	-4620.542	285.5495	0.8184558	0.3602427	12.87631
10248	-4347.574	-4630.883	283.3089	0.6785339	0.3514673	14.12191
10254	-4324.518	-4610.389	285.8706	0.8099457	0.3222624	12.75605
10260	-4318.005	-4604.605	286.5995	0.8361749	0.2932382	12.39748
10266	-4329.739	-4615.588	285.8494	0.7051248	0.4169123	12.72122
10272	-4318.865	-4607.244	288.3791	0.8251581	0.3790795	11.37716
10278	-4314.253	-4601.191	286.9371	0.8321267	0.4226802	12.08275
10284	-4320.388	-4607.379	286.9911	0.7718653	0.4226802	12.08605
10290	-4326.32	-4613.874	287.5538	0.8931842	0.3633356	11.78954
10296	-4328.985	-4616.931	287.9458	0.8429431	0.4473638	11.52698
10302	-4333.801	-4617.229	283.4277	0.7387029	0.4598599	13.92146
10308	-4321.711	-4608.945	287.234	0.7702238	0.3949926	11.98759
10314	-4325.123	-4612.691	287.5679	0.6807641	0.3575496	11.89928
10320	-4340.119	-4630.829	290.7104	0.876982	0.3786773	10.1278
10326	-4331.001	-4621.467	290.4658	0.8821037	0.5118119	10.1278
10332	-4315.295	-4603.61	288.3155	0.884683	0.3878874	11.37011
10338	-4319.336	-4606.195	286.859	0.8741033	0.4018938	12.12207
10344	-4299.296	-4584.874	285.5783	0.8967869	0.4576107	12.72414
10350	-4326.162	-4612.739	286.5779	0.9167642	0.4586852	12.19207
10356	-4332.846	-4618.817	285.9707	0.8154812	0.2963113	12.73193
10362	-4331.073	-4617.278	286.2046	0.6999474	0.2965119	12.67008
10368	-4328.965	-4616.682	287.7169	0.7330054	0.4439518	11.7072
10374	-4317.132	-4605.146	288.0136	0.9795072	0.4439518	11.42333
10380	-4308.198	-4597.593	289.3949	0.92595	0.386898	10.78434
10386	-4316.071	-4602.62	286.5485	0.7165682	0.4163518	12.35175
10392	-4325.771	-4613.119	287.3474	0.8290147	0.4055732	11.88709
10398	-4315.535	-4603.858	288.3229	0.8526118	0.4580942	11.31479
10404	-4318.351	-4604.235	285.8842	0.8526118	0.3652481	12.67902
10410	-4310.302	-4598.042	287.7406	0.8170912	0.3579213	11.73758
10416	-4320.548	-4610.392	289.8438	0.8646537	0.4050873	10.56246
10422	-4331.49	-4616.389	284.8992	0.856041	0.4121456	13.14161
10428	-4338.373	-4620.758	282.3845	0.8239665	0.3550725	14.52153
10434	-4334.957	-4617.457	282.5003	0.6977203	0.3876652	14.49274
10440	-4336.946	-4620.201	283.2548	0.7268192	0.4641678	14.01339
10446	-4336.809	-4620.217	283.4076	0.7696663	0.4641678	13.91196
10452	-4316.122	-4604.849	288.7278	0.7050569	0.4333875	11.20329
10458	-4333.101	-4623.16	290.0583	0.728875	0.3312386	10.60028
10464	-4316.352	-4604.023	287.671	0.6008632	0.4234385	11.81972
10470	-4313.275	-4600.652	287.3771	0.9151206	0.4772499	11.75912
10476	-4311.2	-4599.555	288.3544	0.8280806	0.4638986	11.30587
10482	-4326.981	-4611.816	284.8356	0.747088	0.3961581	13.24721
10488	-4322.816	-4609.533	286.7175	0.7517793	0.393642	12.26795
10494	-4316.214	-4602.323	286.1096	0.7982233	0.393642	12.56046
10500	-4325.804	-4609.902	284.0982	0.7897057	0.4157279	13.58865
10506	-4326.963	-4616.709	289.7463	1.000824	0.3201322	10.63416
10512	-4327.263	-4613.95	286.6863	1.000824	0.3135827	12.24191
10518	-4341.984	-4626.549	284.5649	0.8465592	0.5809591	13.17377
10524	-4333.779	-4619.749	285.9704	0.9301268	0.4169057	12.54114
10530	-4336.525	-4626.29	289.7643	0.9511476	0.371469	10.59354
10536	-4365.005	-4656.493	291.4882	1.049107	0.5120864	9.500936
10542	-4317.942	-4603.952	286.0103	0.6892131	0.4186211	12.64412
10548	-4322.154	-4609.793	287.6388	0.8304524	0.4366912	11.70395
10554	-4326.888	-4612.407	285.5185	0.7083448	0.3377092	12.97445
10560	-4328.682	-4610.655	281.9729	0.7510543	0.3275898	14.80283
10566	-4326.553	-4613.371	286.8189	0.8101164	0.3838338	12.19471
10572	-4326.113	-4612.484	286.3713	0.7582477	0.410348	12.42824
10578	-4326.545	-4611.524	284.9795	0.7235881	0.4774638	13.1078
10584	-4341.281	-4626.672	285.391	0.7994958	0.3862172	12.94133
10590	-4337.27	-4623.722	286.4522	0.7393094	0.4269033	12.37985
10596	-4352.527	-4637.564	285.0374	0.7899266	0.3837035	13.13277
10602	-4349.244	-4634.77	285.5265	0.7590057	0.3821669	12.89611
10608	-4346.623	-4629.852	283.229	0.8714313	0.4653863	13.95069
10614	-4346.691	-4633.92	287.2296	1.046022	0.3785843	11.86284
10620	-4328.732	-4611.939	283.2063	0.7572845	0.4139538	14.06985
10626	-4326.99	-4615.331	288.3404	0.8827954	0.3353272	11.41481
10632	-4325.724	-4610.679	284.9552	0.7504655	0.4166659	13.16295
10638	-4328.732	-4615.91	287.1778	0.7786451	0.3985357	12.00893
10644	-4327.483	-4615.486	288.0034	0.9483952	0.3789059	11.50933
10650	-4332.769	-4623.399	290.6299	0.9094533	0.4018531	10.12918
10656	-4332.335	-4620.719	288.3838	0.8295512	0.4018531	11.34904
10662	-4325.05	-4613.819	288.7692	0.9872783	0.4245545	11.04239
10668	-4323.154	-4612.499	289.3446	0.86679	0.3020998	10.93657
10674	-4324.343	-4610.942	286.5989	0.86679	0.344566	12.32191
10680	-4333.242	-4617.985	284.7429	0.8093383	0.4536745	13.2077
10686	-4352.944	-4636.526	283.5824	0.7331149	0.4275061	13.87428
10692	-4328.706	-4613.875	285.169	0.8307237	0.3633435	13.06452
10698	-4321.024	-4607.215	286.1912	0.8563118	0.4521702	12.4311
10704	-4321.747	-4606.601	284.8531	0.8505451	0.2943974	13.29716
10710	-4335.28	-4618.246	282.9658	0.8363311	0.4372594	14.13125
10716	-4324.893	-4609.324	284.431	0.8507297	0.3659073	13.43486
10722	-4325.943	-4612.755	286.8114	0.7803514	0.3222383	12.28154
10728	-4315.726	-4603.055	287.3288	0.8601031	0.4652455	11.82387
10734	-4314.924	-4601.681	286.757	0.7596652	0.4007269	12.2361
10740	-4327.104	-4609.436	282.3324	0.7416562	0.3398902	14.60781
10746	-4321.362	-4608.102	286.7399	0.8826762	0.2821548	12.31393
10752	-4315.451	-4603.003	287.552	0.8263759	0.4378845	11.75027
10758	-4315.417	-4603.629	288.2126	0.8944585	0.5097711	11.3049
10764	-4314.244	-4602.698	288.4545	0.9065033	0.4165894	11.25715
10770	-4331.939	-4621.062	289.1234	0.9063793	0.3961764	10.9274
10776	-4330.331	-4616.146	285.8154	0.6966522	0.3752244	12.78545
10782	-4325.217	-4611.144	285.9272	0.8185131	0.3754344	12.66365
10788	-4326.744	-4611.048	284.3044	0.8638925	0.4479626	13.41242
10794	-4317.349	-4606.02	288.6712	0.9977487	0.4479626	11.06597
10800	-4328.661	-4614.846	286.1853	1.018061	0.5467193	12.26823
10806	-4320.405	-4607.916	287.5115	0.8907427	0.4142676	11.76058
10812	-4326.81	-4619.174	292.3633	1.073825	0.4368472	9.093723
10818	-4328.065	-4618.483	290.4182	0.986453	0.4529675	10.15047
10824	-4335.578	-4621.532	285.9538	0.8806275	0.5232322	12.47974
10830	-4321.177	-4609.953	288.776	0.8625704	0.3345493	11.19841
10836	-4334.489	-4617.995	283.506	0.7474487	0.3366048	14.0004
10842	-4323.42	-4610.719	287.2987	0.8203425	0.3235792	12.00497
10848	-4322.256	-4606.471	284.2158	0.7882811	0.4272121	13.51726
10854	-4338.958	-4623.704	284.7464	0.8271378	0.4272121	13.22144
10860	-4340.064	-4628.545	288.4813	1.007374	0.3761761	11.2314
10866	-4326.331	-4614.311	287.9806	0.941034	0.3761761	11.52792
10872	-4330.687	-4616.202	285.5149	0.9707682	0.4079532	12.76586
10878	-4318.58	-4602.904	284.3248	0.8116102	0.3437876	13.5343
10884	-4324.212	-4609.757	285.5447	0.8701933	0.3576896	12.85465
10890	-4324.146	-4612.51	288.3633	1.090267	0.3049967	11.32981
10896	-4329.399	-4617.606	288.207	0.8321818	0.4418799	11.40121
10902	-4338.345	-4622.473	284.1288	0.9451585	0.4183597	13.48948
10908	-4315.251	-4602.004	286.7524	0.9718207	0.343085	12.18879
10914	-4314.89	-4600.211	285.3213	0.8451696	0.3940602	12.94586
10920	-4325.412	-4613.414	288.0021	0.8698977	0.4101504	11.51925
10926	-4326.952	-4616.633	289.6815	0.8296912	0.4321847	10.6394
10932	-4321.205	-4608.459	287.2543	0.8727471	0.4158526	11.9027
10938	-4321.597	-4609.259	287.6619	0.9204629	0.318526	11.76905
10944	-4343.42	-4623.166	279.7466	0.7322828	0.3659901	15.92105
10950	-4330.171	-4612.899	282.728	0.7190458	0.3947175	14.35661
10956	-4325.077	-4607.822	282.7454	0.7285339	0.3858166	14.35173
10962	-4312.202	-4595.923	283.7209	0.7318237	0.3863084	13.84382
10968	-4305.114	-4591.408	286.2941	0.7219893	0.400234	12.49742
10974	-4320.352	-4605.85	285.498	0.8752327	0.3545312	12.87974
10980	-4320.807	-4608.456	287.649	0.8838856	0.3853474	11.72152
10986	-4322.003	-4609.603	287.5992	0.8745236	0.3857385	11.75198
10992	-4318.951	-4605.298	286.3474	0.8255758	0.3966648	12.41931
10998	-4324.046	-4611.807	287.7613	0.8550583	0.3768877	11.6867
11004	-4318.982	-4604.398	285.4156	0.8064305	0.3742087	12.93741
11010	-4318.493	-4605.534	287.0401	0.8735555	0.5114864	11.92696
11016	-4321.385	-4606.601	285.2156	0.7871492	0.4759701	12.95334
11022	-4331.486	-4619.196	287.7102	0.8405678	0.414563	11.68274
11028	-4326.941	-4614.618	287.6776	0.8668651	0.4179175	11.68274
11034	-4310.514	-4599.889	289.3756	0.917363	0.4299592	10.75603
11040	-4319.813	-4606.357	286.5434	0.7999246	0.3761324	12.35165
11046	-4318.244	-4606.084	287.84	0.9003586	0.328226	11.67527
11052	-4321.915	-4608.65	286.7348	0.7885412	0.3471137	12.28902
11058	-4320.478	-4604.567	284.089	0.7806581	0.326759	13.69193
11064	-4315.095	-4604.672	289.5772	0.8132031	0.3836963	10.75116
11070	-4320.106	-4610.719	290.6127	0.8707325	0.3836963	10.1772
11076	-4325.954	-4612.587	286.6336	0.7017367	0.4221339	12.3095
11082	-4327.865	-4609.973	282.1087	0.64795	0.4221339	14.68715
11088	-4315.603	-4599.377	283.7747	0.7151049	0.3647844	13.84709
11094	-4316.783	-4599.805	283.0223	0.8155618	0.335932	14.21657
11100	-4316.554	-4601.867	285.3135	0.7162479	0.5008482	12.9175
11106	-4313.204	-4597.514	284.3099	0.8453904	0.4372505	13.42916
11112	-4318.694	-4603.127	284.4328	0.7980572	0.3969534	13.42916
11118	-4316.715	-4602.957	286.2424	0.7782847	0.3106341	12.59263
11124	-4318.73	-4606.449	287.7187	0.7492173	0.3632204	11.7787
11130	-4317.372	-4602.421	285.0489	0.736842	0.3197137	13.22433
11136	-4329.819	-4620.561	290.7418	0.8984644	0.4447339	10.03423
11142	-4337.39	-4628.134	290.7433	1.011877	0.3917388	10.02597
11148	-4331.538	-4622.151	290.6134	0.9871616	0.4763746	10.02597
11154	-4336.104	-4626.663	290.5586	0.7860255	0.3373119	10.30061
11160	-4336.291	-4625.193	288.9022	0.8268097	0.4891111	10.99721
11166	-4346.565	-4634.357	287.7918	0.9184138	0.3703619	11.64457
11172	-4339.928	-4626.212	286.2844	0.8135861	0.3712245	12.48463
11178	-4330.214	-4615.589	285.3753	0.6914437	0.4685335	12.92668
11184	-4330.748	-4619.873	289.1255	0.9284618	0.3031808	11.01774
11190	-4327.223	-4615.646	288.4233	0.762153	0.5046552	11.26824
11196	-4323.178	-4607.885	284.7068	0.8403293	0.5588145	13.12057
11202	-4328.838	-4618.84	290.0026	0.8996641	0.4035053	10.46232
11208	-4327.109	-4614.562	287.4525	0.8075961	0.4582525	11.79308
11214	-4339.307	-4625.973	286.6653	0.7745377	0.4209947	12.25615
11220	-4320.364	-4606.6	286.2354	0.7280939	0.3151515	12.61705
11226	-4319.917	-4605.483	285.5655	0.7544449	0.3701825	12.8907
11232	-4335.593	-4620.231	284.6389	0.8011747	0.346014	13.37413
11238	-4329.422	-4617.392	287.9693	0.7742078	0.3584098	11.63999
11244	-4320.184	-4606.383	286.1985	0.7588855	0.3573101	12.57272
11250	-4318.626	-4607.968	289.3417	0.7796434	0.3813181	10.8947
11256	-4326.769	-4615.605	288.836	0.8420797	0.5313058	10.98781
11262	-4323.671	-4609.523	285.8523	0.8297179	0.3819402	12.69
11268	-4319.424	-4607.099	287.6754	0.7978509	0.3691096	11.76963
11274	-4302.187	-4591.135	288.9476	0.8221462	0.3691096	11.09176
11280	-4316.946	-4605.465	288.5188	0.9030779	0.4270164	11.21515
11286	-4315.19	-4602.961	287.7709	0.8602226	0.4132282	11.6421
11292	-4314.924	-4602.609	287.6854	0.769911	0.472443	11.67826
11298	-4302.087	-4588.763	286.6761	0.8450205	0.4588782	12.1781
11304	-4312.76	-4597.207	284.4478	0.7386929	0.4053918	13.44378
11310	-4333.758	-4618.199	284.441	0.7429227	0.4778169	13.37725
11316	-4328.501	-4613.861	285.3606	0.740142	0.4727936	12.90519
11322	-4318.528	-4604.979	286.4509	0.8646723	0.4741852	12.27141
11328	-4308.045	-4593.314	285.2685	0.795824	0.3104329	13.09039
11334	-4326.462	-4611.658	285.1966	0.8069401	0.3593815	13.06677
11340	-4309.593	-4594.687	285.0939	0.7320633	0.4137104	13.10334
11346	-4319.255	-4603.985	284.7297	0.7144156	0.3185393	13.40313
11352	-4325.18	-4610.659	285.4791	0.9294015	0.4545805	12.76159
11358	-4308.529	-4592.99	284.4617	0.7310143	0.3433228	13.50556
11364	-4309.663	-4596.052	286.3889	0.7514888	0.3232476	12.5155
11370	-4315.882	-4603.194	287.3121	0.8609283	0.4145699	11.87996
11376	-4326.808	-4610.536	283.728	0.8758647	0.4145699	13.73721
11382	-4321.145	-4609.789	288.6441	0.8973549	0.4709441	11.1116
11388	-4315.587	-4602.392	286.8052	0.8528868	0.316671	12.25344
11394	-4331.387	-4618.142	286.7559	0.8975363	0.3187172	12.25344
11400	-4326.73	-4617.554	290.8239	1.00158	0.4689007	9.914354
11406	-4322.975	-4609.852	286.8772	0.9322892	0.4235813	12.06089
11412	-4340.502	-4623.747	283.2456	0.735764	0.3889259	14.08562
11418	-4324.867	-4610.479	285.6127	0.7390728	0.3915827	12.85195
11424	-4324.939	-4614.458	289.5192	0.8864969	0.3488083	10.78055
11430	-4319.002	-4606.228	287.2263	0.7977408	0.4395513	11.93372
11436	-4324.207	-4611.326	287.1185	0.8588206	0.3813667	12.01561
11442	-4313.338	-4599.538	286.2005	0.8665544	0.5033189	12.37541
11448	-4317.358	-4603.143	285.7853	0.8060363	0.4028623	12.71595
11454	-4325.356	-4610.828	285.4717	0.8681646	0.3846561	12.86527
11460	-4332.456	-4617.608	285.1515	0.8708835	0.4465812	12.96985
11466	-4318.775	-4605.849	287.0743	0.898898	0.3443531	12.05754
11472	-4316.417	-4604.247	287.8301	0.7408163	0.3837405	11.70332
11478	-4339.206	-4622.749	283.5428	0.8470786	0.3781987	13.88482
11484	-4336.524	-4623.722	287.198	0.7873991	0.3489104	12.04613
11490	-4351.415	-4638.317	286.9019	0.9406421	0.4334412	12.03416
11496	-4340.085	-4622.201	282.1163	0.7037588	0.3883448	14.68774
11502	-4325.724	-4610.843	285.1185	0.882904	0.3919957	13.03377
11508	-4330.529	-4617.162	286.6332	0.8226395	0.3138874	12.36211
11514	-4329.408	-4613.126	283.7181	0.8464375	0.4041734	13.76781
11520	-4326.261	-4614.934	288.6727	0.9157836	0.5126312	11.05048
11526	-4311.901	-4600.833	288.9323	0.869506	0.392555	11.05048
11532	-4320.363	-4609.647	289.2839	0.8168365	0.4500452	10.8378
11538	-4314.998	-4599.091	284.093	0.7743213	0.4540629	13.56307
11544	-4314.981	-4600.852	285.871	0.8092825	0.3485738	12.72651
11550	-4335.157	-4626.5	291.343	1.032491	0.4856382	9.609447
11556	-4339.214	-4627.339	288.1249	1.078684	0.3476622	11.41129
11562	-4331.497	-4616.412	284.9149	0.8597037	0.3156352	13.23488
11568	-4327.546	-4612.334	284.7882	0.8932702	0.3587362	13.23488
11574	-4312.6	-4597.476	284.8759	0.7792499	0.3701136	13.23638
11580	-4326.447	-4613.668	287.2202	0.8345654	0.3997475	11.95645
11586	-4324.412	-4610.252	285.84	0.9512773	0.3510207	12.66607
11592	-4336.988	-4624.629	287.641	0.8432944	0.3818825	11.75048
11598	-4317.149	-4600.487	283.3382	0.8232374	0.4362404	13.94593
11604	-4332.413	-4622.666	290.2532	1.221602	0.5088563	10.0636
11610	-4314.908	-4600.756	285.8478	0.8586828	0.4437581	12.61652
11616	-4324.451	-4611.264	286.8129	0.7433132	0.4573896	12.16117
11622	-4323.05	-4610.93	287.8801	0.9326309	0.3927824	11.56765
11628	-4315.77	-4602.635	286.8648	0.8454606	0.3927824	12.14319
11634	-4315.869	-4601.013	285.144	0.7955392	0.4212223	13.03697
11640	-4306.719	-4592.999	286.2804	0.841133	0.3316033	12.51574
11646	-4311.146	-4598.022	286.8767	0.8474054	0.4310039	12.09832
11652	-4307.912	-4595.187	287.2743	0.7821911	0.3929026	11.96244
11658	-4316.905	-4604.699	287.7942	0.9978418	0.3978009	11.57338
11664	-4316.105	-4601.729	285.6248	0.8067893	0.4745776	12.73143
11670	-4335.88	-4621.433	285.5534	0.9766349	0.400763	12.74995
11676	-4346.06	-4633.07	287.0103	0.845897	0.6286964	11.86454
11682	-4310.304	-4596.109	285.8047	0.8235548	0.4513043	12.65021
11688	-4305.571	-4591.52	285.949	0.9391389	0.4410534	12.52446
11694	-4306.075	-4593.715	287.6399	0.8296927	0.4368323	11.70367
11700	-4316.158	-4603.623	287.4645	0.9489229	0.3973948	11.77157
11706	-4332.935	-4620.007	287.0718	0.9111721	0.3185721	12.0818
11712	-4338.15	-4623.054	284.9044	0.9072339	0.3737359	13.15128
11718	-4327.09	-4611.242	284.1519	0.7446924	0.4434385	13.55771
11724	-4318.771	-4603.302	284.5303	0.7473986	0.380327	13.42181
11730	-4324.161	-4608.69	284.5286	0.8184215	0.3465988	13.42181
11736	-4318.542	-4603.261	284.7185	0.6567921	0.4340625	13.31792
11742	-4317.692	-4604.505	286.8139	0.8776314	0.4361112	12.11044
11748	-4330.766	-4615.508	284.7421	0.7855798	0.4479878	13.22571
11754	-4312.64	-4600.812	288.1725	0.8609923	0.3849546	11.46032
11760	-4313.943	-4601.801	287.8578	0.8864342	0.3306608	11.67046
11766	-4314.056	-4599.687	285.6303	0.9291832	0.5028884	12.64011
11772	-4312.231	-4596.716	284.4845	0.7550182	0.5132627	13.31775
11778	-4305.632	-4593.634	288.0016	0.9857431	0.3905366	11.47869
11784	-4300.586	-4588.911	288.3253	0.9108267	0.3935832	11.34548
11790	-4307.463	-4594.044	286.5811	0.7555809	0.5209091	12.21998
11796	-4312.091	-4600.476	288.3849	0.7566121	0.3878079	11.40092
11802	-4313.913	-4603.224	289.3112	0.8322415	0.4724022	10.79489
11808	-4302.574	-4585.715	283.1416	0.7652972	0.4724022	14.04476
11814	-4316.585	-4603.539	286.9536	1.049221	0.3157454	12.07476
11820	-4309.828	-4595.107	285.2799	0.9633589	0.4544441	12.84769
11826	-4312.015	-4596.282	284.2675	0.898669	0.3351613	13.52848
11832	-4318.959	-4605.699	286.7406	0.9498983	0.4222914	12.12422
11838	-4329.171	-4615.152	285.9809	0.9498983	0.4005188	12.54157
11844	-4328.614	-4616.513	287.8989	0.8610706	0.4059295	11.58201
11850	-4328.105	-4612.26	284.1552	0.7288789	0.4202835	13.58621
11856	-4324.186	-4608.267	284.0809	0.785564	0.367766	13.64846
11862	-4329.247	-4615.235	285.9883	0.9558453	0.3670144	12.56918
11868	-4332.168	-4615.625	283.4577	0.9091836	0.429887	13.84538
11874	-4325.011	-4612.813	287.802	0.9189158	0.4238444	11.58481
11880	-4326.736	-4613.527	286.791	0.9189158	0.3571473	12.18078
11886	-4312.613	-4597.914	285.3008	0.6818186	0.4242066	13.01166
11892	-4305.529	-4593.716	288.1868	0.8931971	0.4762574	11.3483
11898	-4311.844	-4596.391	284.5473	0.7527188	0.4127108	13.3776
11904	-4318.881	-4603.018	284.1368	0.6255022	0.3628392	13.70777
11910	-4313.239	-4596.536	283.2964	0.8378951	0.4500045	13.94713
11916	-4311.956	-4596.072	284.1155	0.7681945	0.3779667	13.62881
11922	-4307.239	-4591.423	284.1833	0.6881343	0.4317229	13.58181
11928	-4310.071	-4594.961	284.8896	0.8028055	0.4969097	13.09633
11934	-4304.347	-4589.421	285.0736	0.6745553	0.414768	13.14275
11940	-4307	-4593.57	286.5705	0.738106	0.4143925	12.331
11946	-4316.8	-4602.251	285.4507	0.7883395	0.5063155	12.80395
11952	-4313.962	-4599.291	285.3287	0.653153	0.4324762	13.00416
11958	-4313.867	-4599.178	285.3108	0.6999031	0.4168783	13.00416
11964	-4309.009	-4596.127	287.1174	0.7955091	0.4168783	12.01347
11970	-4312.02	-4598.824	286.8036	0.8243856	0.406844	12.17193
11976	-4305.657	-4590.471	284.8141	0.7394973	0.406844	13.25166
11982	-4295.958	-4583.675	287.717	0.8318577	0.4369775	11.66209
11988	-4315.609	-4602.258	286.6488	0.7702119	0.4369775	12.2517
11994	-4310.251	-4596.301	286.0502	0.8110729	0.4828714	12.5004
12000	-4326.171	-4615.247	289.076	0.8194525	0.4821702	10.91615
12006	-4330.132	-4614.304	284.1718	0.771216	0.4562764	13.52176
12012	-4311.645	-4600.178	288.5326	0.7401732	0.4414601	11.27942
12018	-4321.77	-4609.664	287.8939	0.7658078	0.4943641	11.55209
12024	-4336.951	-4628.558	291.6071	0.8223579	0.433206	9.62947
12030	-4319.445	-4608.427	288.9818	0.7448017	0.4389819	11.04418
12036	-4313.784	-4600.17	286.3863	0.6484685	0.4589165	12.43154
12042	-4315.137	-4600.974	285.8376	0.7515746	0.3178726	12.80871
12048	-4315.714	-4604.947	289.2332	0.6876251	0.4149323	10.96568
12054	-4323.538	-4611.006	287.4677	0.8461477	0.4096315	11.81133
12060	-4323.872	-4611.931	288.0589	0.7524142	0.4198315	11.54143
12066	-4335.889	-4617.093	281.2038	0.7296771	0.3888417	15.14594
12072	-4334.302	-4620.873	286.5708	0.7619908	0.3537855	12.38102
12078	-4346.854	-4631.629	284.7743	0.7626564	0.3834803	13.28386
12084	-4342.032	-4626.691	284.6595	0.8756616	0.5196535	13.15876
12090	-4332.997	-4621.134	288.1366	0.9641991	0.4323476	11.378
12096	-4337.742	-4623.811	286.0685	1.022765	0.3988243	12.45969
12102	-4330.764	-4617.742	286.9772	0.7728538	0.3771175	12.13857
12108	-4338.251	-4625.175	286.924	0.7739088	0.3728653	12.17025
12114	-4355.18	-4642.966	287.7861	0.8669646	0.4531076	11.59255
12120	-4345.757	-4634.102	288.3446	0.8814886	0.3636374	11.38208
12126	-4338.185	-4622.219	284.0346	0.7277773	0.47437	13.59919
12132	-4335.709	-4624.841	289.1326	0.9124731	0.4350075	10.88116
12138	-4332.249	-4618.949	286.6997	0.8158392	0.338791	12.30235
12144	-4340.224	-4629.469	289.2446	0.9134915	0.409251	10.84698
12150	-4329.897	-4618.484	288.5871	0.8706983	0.501677	11.12829
12156	-4322.782	-4611.226	288.4441	0.8319252	0.4592929	11.26113
12162	-4321.834	-4609.31	287.476	0.7656957	0.3602743	11.90001
12168	-4336.386	-4622.802	286.4162	0.8222051	0.4338809	12.34878
12174	-4326.545	-4615.924	289.3796	0.8573802	0.3030713	10.92199
12180	-4320.972	-4607.135	286.1625	0.9075136	0.4198091	12.44999
12186	-4328.712	-4617.01	288.2979	0.8419541	0.4455787	11.34508
12192	-4329.116	-4615.385	286.2688	0.7910029	0.4184052	12.45669
12198	-4338.748	-4627.195	288.4472	0.8211803	0.5402387	11.19497
12204	-4308.229	-4595.012	286.7829	0.9531205	0.4341234	12.08908
12210	-4303.104	-4589.426	286.3211	0.7267958	0.4085514	12.47255
12216	-4300.829	-4587.755	286.9262	0.8565324	0.4560695	12.04423
12222	-4300.619	-4584.019	283.3998	0.7772866	0.3430727	14.03277
12228	-4299.986	-4584.721	284.735	0.7352377	0.4489071	13.2547
12234	-4300.886	-4587.016	286.1301	0.7828098	0.4489071	12.50422
12240	-4307.803	-4592.945	285.1416	0.7824675	0.4639634	13.00502
12246	-4311.633	-4596.485	284.8525	0.6922091	0.4406199	13.22373
12252	-4303.701	-4587.275	283.574	0.6884235	0.2827089	14.05964
12258	-4305.75	-4594.158	288.4081	0.8351322	0.3757831	11.36022
12264	-4293.251	-4580.418	287.1668	0.8835141	0.4729726	11.88927
12270	-4300.19	-4588.351	288.1605	0.7091379	0.4930155	11.44353
12276	-4299.759	-4588.13	288.3708	0.701211	0.3756607	11.44987
12282	-4303.512	-4592.69	289.1775	0.7508113	0.3620967	11.01622
12288	-4292.129	-4580.744	288.615	0.8419927	0.3045625	11.32855
12294	-4335.412	-4623.533	288.1207	0.9334023	0.5514465	11.29801
12300	-4313.402	-4598.141	284.7395	0.7866645	0.3495117	13.32557
12306	-4322.997	-4612.136	289.1389	0.918832	0.3808955	10.92847
12312	-4317.685	-4601.518	283.8329	0.8570635	0.4267239	13.68076
12318	-4311.944	-4600.543	288.5983	0.9410608	0.4295673	11.15124
12324	-4312.774	-4601.471	288.697	0.8800607	0.4343225	11.12693
12330	-4314.514	-4600.202	285.6885	0.6351859	0.4275814	12.83104
12336	-4310.924	-4595.087	284.1635	0.701934	0.4187867	13.59731
12342	-4322.047	-4608.81	286.7634	0.8171941	0.3368396	12.27065
12348	-4320.789	-4604.169	283.3797	0.8209637	0.4908586	13.87619
12354	-4318.751	-4604.215	285.4634	0.7019961	0.4719763	12.87227
12360	-4314.866	-4601.927	287.0616	0.6915119	0.348105	12.16814
12366	-4338.842	-4623.394	284.5514	0.7124832	0.4370141	13.37299
12372	-4323.735	-4606.714	282.9783	0.6244322	0.3813934	14.28957
12378	-4316.205	-4600.479	284.274	0.7539562	0.3879552	13.54365
12384	-4313.572	-4598.678	285.106	0.7164193	0.3607036	13.15947
12390	-4318.24	-4606.347	288.1074	0.7164193	0.4080943	11.54645
12396	-4323.526	-4609.558	286.0327	0.6726589	0.3969657	12.6625
12402	-4335.647	-4624.2	288.5525	0.8593579	0.3883804	11.25892
12408	-4327.357	-4610.427	283.0698	1.026584	0.4078468	14.00701
12414	-4325.785	-4613.144	287.3593	0.8670458	0.4690719	11.80085
12420	-4308.948	-4593.987	285.0391	0.8992036	0.5952332	12.88886
12426	-4302.293	-4584.97	282.6773	0.8108131	0.4257487	14.30489
12432	-4324.291	-4607.168	282.8768	0.7837261	0.3952107	14.24553
12438	-4318.193	-4602.415	284.2223	0.9212682	0.511254	13.36928
12444	-4309.093	-4594.202	285.1092	1.03475	0.4600831	12.89421
12450	-4308.497	-4595.5	287.0027	0.8718629	0.4698639	11.98374
12456	-4307.6	-4594.795	287.1942	0.8791634	0.3640812	11.98374
12462	-4307.412	-4592.501	285.0888	0.7903635	0.4357325	13.05447
12468	-4311.886	-4597.547	285.6611	0.6749493	0.3878162	12.86401
12474	-4306.699	-4594.549	287.8501	0.7777141	0.4453497	11.61295
12480	-4339.941	-4626.937	286.996	0.8007496	0.4298224	12.06155
12486	-4339.521	-4625.092	285.5707	0.7540925	0.4298224	12.82833
12492	-4321.311	-4607.231	285.9207	1.166304	0.7900915	12.15705
12498	-4310.614	-4596.518	285.9044	0.8603038	0.387839	12.64088
12504	-4335.002	-4617.58	282.5781	0.7670114	0.4210333	14.3835
12510	-4331.129	-4614.975	283.8457	0.8456494	0.3960733	13.71011
12516	-4327.081	-4614.19	287.109	0.7482837	0.3960733	12.06316
12522	-4336.459	-4619.679	283.2206	0.7469542	0.4563325	14.0278
12528	-4335.308	-4621.522	286.2139	0.9173165	0.3717553	12.46678
12534	-4326.84	-4614.029	287.1889	0.878947	0.3861988	11.9634
12540	-4329.839	-4616.015	286.1761	0.8150283	0.4029754	12.50768
12546	-4335.868	-4621.921	286.0526	0.808528	0.4316564	12.5474
12552	-4324.692	-4612.917	288.2254	0.8559379	0.4501598	11.37139
12558	-4320.59	-4609.105	288.5147	0.6939822	0.351009	11.40489
12564	-4314.308	-4603.064	288.7564	0.9806489	0.544333	10.94622
12570	-4315.394	-4603.188	287.794	1.026843	0.4227861	11.53358
12576	-4301.69	-4587.937	286.2466	0.7662446	0.384649	12.51498
12582	-4302.522	-4587.972	285.4503	0.8827443	0.378345	12.87534
12588	-4300.148	-4588.664	288.5169	0.8272173	0.3367023	11.35005
12594	-4308.382	-4592.328	283.9465	0.7923598	0.3559501	13.72734
12600	-4324.884	-4614.004	289.1203	0.8370749	0.4130697	10.94839
12606	-4321.227	-4607.969	286.7424	0.8890841	0.514089	12.07196
12612	-4326.054	-4614.374	288.3196	0.7606413	0.516459	11.31324
12618	-4317.019	-4602.474	285.4557	0.8006721	0.405422	12.8877
12624	-4308.298	-4595.086	286.7874	0.8867637	0.2659636	12.30788
12630	-4321.917	-4607.091	285.1745	0.8796058	0.435769	12.96347
12636	-4318.585	-4603.067	284.4825	0.8453324	0.435769	13.34099
12642	-4311.144	-4594.341	283.1967	0.7859596	0.3465863	14.12969
12648	-4335.814	-4619.739	283.925	0.7691568	0.3920422	13.71277
12654	-4327.357	-4611.977	284.6196	0.5752641	0.3915342	13.45332
12660	-4310.376	-4596.761	286.3847	0.8301075	0.3902322	12.40404
12666	-4316.831	-4601.584	284.753	0.8332492	0.3425407	13.30205
12672	-4313.409	-4603.348	289.9386	0.9407871	0.4547499	10.42487
12678	-4309.132	-4596.452	287.3199	0.9021145	0.4143502	11.85464
12684	-4316.382	-4604.378	287.9959	0.7934011	0.3591435	11.61522
12690	-4308.733	-4593.974	285.2413	0.8469986	0.3919276	12.98864
12696	-4319.969	-4605.426	285.4569	0.8307438	0.3823366	12.89481
12702	-4313.158	-4599.244	286.0862	0.6897004	0.4543085	12.57056
12708	-4316.273	-4606.874	290.6014	0.8643774	0.435187	10.13508
12714	-4318.323	-4608.243	289.9202	0.8179844	0.3416389	10.61419
12720	-4324.021	-4613.672	289.6514	0.8886393	0.4096234	10.64633
12726	-4321.111	-4611.05	289.9395	0.9083422	0.3329979	10.56645
12732	-4317.68	-4606.704	289.0243	0.8421725	0.4288817	10.9806
12738	-4310.079	-4599.286	289.2072	0.8421725	0.3369522	10.9806
12744	-4303.01	-4591.757	288.7477	0.844281	0.4243699	11.12871
12750	-4314.55	-4602.972	288.4221	0.7600342	0.3787018	11.38911
12756	-4302.843	-4591.522	288.6786	0.8415151	0.3787018	11.21227
12762	-4322.931	-4610.763	287.8318	1.016691	0.3577341	11.58586
12768	-4317.274	-4605.59	288.3164	0.8050923	0.4961584	11.30906
12774	-4323.863	-4611.065	287.2027	0.8962568	0.3238271	12.01517
12780	-4327.145	-4614.375	287.2298	0.7312285	0.3900673	12.01517
12786	-4328.558	-4612.712	284.1539	0.7179753	0.3001357	13.72206
12792	-4320.813	-4608.296	287.483	0.8266795	0.426316	11.79719
12798	-4327.926	-4611.076	283.1501	0.7574565	0.3656348	14.14804
12804	-4329.112	-4612.152	283.0402	0.7104875	0.345409	14.25125
12810	-4319.831	-4606.194	286.3625	0.7379663	0.3411937	12.51594
12816	-4325.817	-4616.463	290.6456	0.9403505	0.3141439	10.20065
12822	-4316.064	-4603.054	286.9899	0.8116266	0.3568514	12.13336
12828	-4315.247	-4602.094	286.847	0.7871681	0.4944946	12.08736
12834	-4323.371	-4612.743	289.3718	0.7285843	0.3516944	10.93743
12840	-4313.953	-4601.675	287.7222	0.8697185	0.3875167	11.68846
12846	-4326.993	-4613.403	286.4101	0.8856326	0.3360992	12.4199
12852	-4322.553	-4605.953	283.3994	0.8271228	0.3653218	13.98304
12858	-4321.299	-4608.648	287.349	0.8671791	0.4263696	11.84598
12864	-4315.625	-4602.976	287.3509	0.8237378	0.385305	11.90859
12870	-4323.444	-4610.469	287.0247	0.7331299	0.3544938	12.15867
12876	-4326.43	-4611.75	285.3194	0.7675894	0.4789775	12.90685
12882	-4320.519	-4605.931	285.4118	0.8297629	0.3939993	12.90685
12888	-4324.46	-4610.69	286.2299	0.8596221	0.3688414	12.49153
12894	-4325.978	-4614.762	288.7843	0.8504888	0.339079	11.19529
12900	-4328.138	-4612.631	284.4921	0.8770124	0.4748061	13.28371
12906	-4329.848	-4615.145	285.2973	0.7317333	0.3741032	13.03787
12912	-4335.553	-4623.662	288.1098	0.7719026	0.3413404	11.58654
12918	-4339.284	-4624.907	285.623	0.7597469	0.4840787	12.74844
12924	-4334.494	-4622.129	287.6347	0.8784638	0.3549778	11.76402
12930	-4323.661	-4608.556	284.8948	0.736085	0.3326144	13.28997
12936	-4332.83	-4617.289	284.4589	0.8205145	0.3879903	13.41305
12942	-4325.671	-4612.17	286.4997	0.8673434	0.3879903	12.32703
12948	-4320.959	-4608.086	287.1274	0.816603	0.4712846	11.94623
12954	-4307.673	-4596.08	288.4072	0.8758511	0.435072	11.28009
12960	-4312.746	-4597.92	285.174	0.7443397	0.3257308	13.14843
12966	-4312.362	-4595.886	283.524	0.844744	0.3836418	13.89013
12972	-4323.163	-4611.064	287.901	0.7416994	0.3929486	11.65636
12978	-4308.665	-4593.315	284.6498	0.8461208	0.4600529	13.23111
12984	-4314.831	-4597.563	282.7321	0.8566554	0.3437523	14.33693
12990	-4323.622	-4610.817	287.1951	0.9029775	0.4062968	11.92726
12996	-4318.671	-4607.29	288.6194	0.8998018	0.4181657	11.17282
13002	-4312.213	-4600.981	288.768	0.878682	0.3536797	11.17282
13008	-4308.337	-4595.72	287.3828	0.7558425	0.4641286	11.85111
13014	-4309.815	-4598.407	288.5917	0.8607785	0.4021195	11.22367
13020	-4318.022	-4610.187	292.165	0.9988344	0.4486687	9.227026
13026	-4330.324	-4618.274	287.95	0.786995	0.5359199	11.4765
13032	-4312.751	-4600.136	287.3847	0.8276823	0.4144248	11.85955
13038	-4316.896	-4606.112	289.2159	0.8392315	0.3957224	10.91455
13044	-4320.282	-4605.301	285.0186	0.7368285	0.463109	13.09349
13050	-4327.139	-4610.025	282.886	0.642514	0.413258	14.29603
13056	-4318.622	-4602.514	283.8911	0.643399	0.4261704	13.76194
13062	-4330.626	-4615.852	285.2257	0.7345375	0.4122557	13.03496
13068	-4341.259	-4627.031	285.7726	0.8258413	0.3979801	12.71714
13074	-4332.349	-4620.741	288.392	0.7971302	0.3854304	11.37845
13080	-4320.925	-4607.526	286.6006	0.8261355	0.6023293	12.10825
13086	-4318.146	-4606.352	288.2063	0.9124266	0.5194654	11.29057
13092	-4308.519	-4599.426	290.9067	0.9782997	0.4161282	9.933048
13098	-4297.325	-4588.23	290.9059	0.9910117	0.5253174	9.827373
13104	-4293.906	-4580.793	286.8872	0.8070085	0.4446569	12.10098
13110	-4325.209	-4611.796	286.5872	0.8223289	0.3301106	12.36742
13116	-4327.184	-4613.852	286.6679	0.7696704	0.3470886	12.33378
13122	-4331.645	-4618.46	286.8146	0.9267381	0.4139284	12.10583
13128	-4323.107	-4609.999	286.8922	0.8484228	0.3745657	12.14617
13134	-4330.563	-4619.796	289.2328	0.7641831	0.4929592	10.85339
13140	-4333.405	-4622.073	288.6681	0.888657	0.4869413	11.08932
13146	-4325.553	-4614.528	288.975	0.8904418	0.3775217	11.03274
13152	-4333.5	-4619.257	285.7578	0.7752461	0.4983124	12.65782
13158	-4336.164	-4622.147	285.983	0.876068	0.4585615	12.52336
13164	-4326.906	-4614.146	287.2393	0.8646911	0.3519002	11.98096
13170	-4319.612	-4606.206	286.5943	0.7979166	0.4722253	12.23322
13176	-4315.654	-4601.226	285.5721	0.8770669	0.4375948	12.75622
13182	-4330.231	-4616.034	285.8025	0.7495217	0.4159631	12.72345
13188	-4319.827	-4605.151	285.3242	0.8601386	0.3997474	12.9308
13194	-4330.306	-4616.949	286.6433	0.7423771	0.3997474	12.30537
13200	-4330.383	-4615.621	285.2382	0.8210274	0.4078662	12.98781
13206	-4321.638	-4606.888	285.2501	0.809129	0.4078662	12.98781
13212	-4321.056	-4603.814	282.7589	0.8701714	0.4059083	14.25117
13218	-4317.17	-4605.228	288.0574	0.8409843	0.4059083	11.50967
13224	-4321.07	-4607.991	286.9204	0.7963026	0.4807179	12.05639
13230	-4335.107	-4624.418	289.3104	0.8914275	0.4817794	10.75587
13236	-4346.829	-4630.74	283.9111	0.7103537	0.4719347	13.67452
13242	-4329.775	-4613.858	284.0831	0.8387281	0.5133541	13.48265
13248	-4336.718	-4617.868	281.1499	0.7722793	0.3771845	15.1637
13254	-4338.505	-4619.413	280.9079	0.7607471	0.4539037	15.22021
13260	-4337.808	-4625.408	287.5999	0.8958427	0.3689676	11.75804
13266	-4331.238	-4618.234	286.9968	1.020225	0.45768	11.92048
13272	-4326.728	-4612.354	285.6259	0.7703308	0.4563857	12.76631
13278	-4318.506	-4604.145	285.6387	0.8575778	0.4584363	12.71234
13284	-4306.411	-4594.041	287.6304	0.7900054	0.3286012	11.84193
13290	-4314.99	-4605.351	290.3608	0.8739024	0.3455547	10.34909
13296	-4309.107	-4595.12	286.0135	0.8622751	0.4317143	12.53971
13302	-4315.371	-4599.49	284.1191	0.7230447	0.4317143	13.59702
13308	-4318.06	-4602.228	284.1682	0.8115665	0.3529687	13.60555
13314	-4315.403	-4602.423	287.0193	0.8162685	0.4738488	12.0005
13320	-4324.093	-4609.707	285.6141	0.814953	0.4653573	12.74107
13326	-4325.218	-4609.027	283.8085	0.6983743	0.455371	13.74894
13332	-4327.989	-4614.383	286.3933	0.6946159	0.4724281	12.39159
13338	-4322.758	-4609.336	286.578	0.6933655	0.3737774	12.39159
13344	-4331.208	-4616.987	285.7787	0.8048786	0.4138129	12.70915
13350	-4317.606	-4603.852	286.2459	0.8200985	0.4853173	12.39159
13356	-4329.504	-4619.436	289.9313	0.9568109	0.4853173	10.39257
13362	-4331.928	-4622.216	290.288	0.9568109	0.4976756	10.19424
13368	-4326.359	-4612.814	286.4553	0.7367717	0.4976756	12.31511
13374	-4337.477	-4622.451	284.9744	0.7644753	0.330598	13.23618
13380	-4308.491	-4596.321	287.8297	0.6312051	0.379814	11.76485
13386	-4308.129	-4596.903	288.7744	0.7218216	0.4553779	11.14949
13392	-4309.036	-4595.966	286.9301	0.8042728	0.3801345	12.14362
13398	-4325.02	-4608.893	283.8739	0.6652453	0.5286809	13.66853
13404	-4322.873	-4607.715	284.8415	0.7858405	0.3974585	13.22269
13410	-4315.897	-4601.789	285.8911	0.6534985	0.4555171	12.6899
13416	-4316.679	-4603.046	286.367	0.9169944	0.4835	12.27959
13422	-4333.089	-4615.007	281.9178	0.6769864	0.4172989	14.7756
13428	-4329.88	-4611.882	282.0012	0.7607708	0.3342732	14.7756
13434	-4314.297	-4596.218	281.9204	0.7436961	0.3813997	14.7756
13440	-4305.52	-4591.188	285.6682	0.8194065	0.3813997	12.79173
13446	-4313.467	-4599.676	286.2098	0.75323	0.3631805	12.56344
13452	-4307.898	-4597.555	289.6573	0.765868	0.3929872	10.72439
13458	-4309.512	-4599.154	289.642	0.8199593	0.3734607	10.72439
13464	-4306.636	-4594.061	287.4248	0.7436705	0.3734607	11.92416
13470	-4337.581	-4623.151	285.5709	0.8535182	0.5836038	12.64484
13476	-4326.829	-4610.031	283.2018	0.6626705	0.5300714	14.01739
13482	-4318.844	-4603.935	285.0907	0.7652336	0.4716279	13.03357
13488	-4320.981	-4606.276	285.2951	0.6799618	0.4058423	13.03357
13494	-4314.513	-4597.597	283.0841	0.9240292	0.4006906	14.05986
13500	-4308.556	-4594.292	285.7365	0.7771538	0.4541951	12.70719
13506	-4312.132	-4597.95	285.8187	0.8696194	0.3625141	12.70719
13512	-4322.969	-4608.115	285.1465	0.8184881	0.3790036	13.06603
13518	-4310.778	-4597.665	286.8869	0.8991247	0.5017391	12.00191
13524	-4319.515	-4605.816	286.301	0.7865196	0.602631	12.28486
13530	-4317.193	-4604.664	287.4711	0.9465642	0.5842321	11.60483
13536	-4312.411	-4600.185	287.7738	0.9741271	0.4447995	11.5507
13542	-4332.044	-4620.944	288.9001	0.8687223	0.5422944	10.93121
13548	-4321.078	-4607.058	285.9806	0.9525731	0.3091878	12.63991
13554	-4343.569	-4630.009	286.4396	0.9059483	0.344263	12.38484
13560	-4333.67	-4619.601	285.9314	0.7924632	0.3337995	12.7203
13566	-4331.807	-4619.9	288.0929	0.8171107	0.5344403	11.38722
13572	-4332.632	-4621.193	288.5617	0.8727038	0.4840186	11.15594
13578	-4336.039	-4618.365	282.3262	0.823086	0.5731826	14.35353
13584	-4332.905	-4618.442	285.5364	0.8766713	0.4384727	12.77417
13590	-4330.761	-4616.304	285.5424	0.8093464	0.4712788	12.77593
13596	-4331.907	-4617.769	285.862	1.003013	0.4297648	12.54721
13602	-4323.498	-4608.434	284.936	0.7659026	0.4297648	13.15229
13608	-4311.809	-4595.6	283.791	0.8208623	0.4636021	13.68699
13614	-4325.651	-4613.808	288.1568	0.8208623	0.4533766	11.42264
13620	-4322.165	-4606.741	284.5761	0.8568899	0.3546863	13.36831
13626	-4321.401	-4607.156	285.7556	0.8817971	0.4137972	12.68114
13632	-4327.575	-4610.968	283.3933	0.7493707	0.4322583	13.95943
13638	-4316.258	-4599.49	283.2321	0.7772832	0.4491056	14.01273
13644	-4315.053	-4599.964	284.9107	0.8554723	0.3671268	13.18189
13650	-4319.668	-4605.237	285.5685	0.9307337	0.3873848	12.77951
13656	-4314.094	-4598.56	284.4654	0.7811226	0.4955955	13.32919
13662	-4327.798	-4613.781	285.9836	0.9261463	0.3384193	12.61834
13668	-4321.493	-4606.675	285.1817	0.9261463	0.3802803	12.99045
13674	-4314.825	-4601.659	286.8343	0.8577573	0.3931666	12.1523
13680	-4314.17	-4600.785	286.6145	0.9228517	0.3796325	12.24689
13686	-4312.959	-4599.786	286.8278	0.9644356	0.3484055	12.14741
13692	-4336.971	-4621.343	284.3713	0.8627936	0.261958	13.58226
13698	-4328.247	-4615.758	287.5116	0.7607532	0.4964848	11.75257
13704	-4324.224	-4608.396	284.1718	0.8064432	0.4260236	13.53177
13710	-4324.132	-4609.87	285.7378	0.8473082	0.3775251	12.74501
13716	-4317.623	-4606.479	288.8563	0.8859568	0.3903364	11.08395
13722	-4324.449	-4613.292	288.8428	0.8504463	0.4138796	11.08596
13728	-4317.485	-4605.494	288.0089	0.8600738	0.4068322	11.52413
13734	-4345.213	-4634.593	289.3806	0.9727654	0.3718839	10.783
13740	-4311.807	-4596.4	284.5938	0.8214207	0.4581636	13.27478
13746	-4319.526	-4607.525	287.9991	0.9690835	0.4581636	11.42317
13752	-4318.954	-4604.611	285.6568	0.8629837	0.4134044	12.74274
13758	-4324.213	-4612.35	288.1371	0.9635795	0.3662148	11.44491
13764	-4322.294	-4606.017	283.7226	0.8536578	0.5906372	13.60013
13770	-4324.957	-4610.907	285.9494	0.8637537	0.3553267	12.64995
13776	-4331.177	-4614.164	282.9874	0.8764841	0.3882384	14.1472
13782	-4337.146	-4624.435	287.2882	0.8192048	0.3295235	12.00421
13788	-4323.598	-4610.918	287.3194	0.7543399	0.4026002	11.94368
13794	-4334.096	-4619.979	285.8838	0.7980452	0.3801855	12.69192
13800	-4333.29	-4616.894	283.6034	0.7116976	0.4131758	13.88838
13806	-4334.84	-4620.985	286.1447	0.7907187	0.4220606	12.51796
13812	-4333.039	-4619.694	286.6558	0.8715296	0.5721744	12.079
13818	-4326.123	-4610.739	284.6157	0.7695674	0.3934599	13.35247
13824	-4327.789	-4615.367	287.5783	0.8879543	0.4419437	11.70059
13830	-4333.181	-4622.595	289.4142	0.8528104	0.3725775	10.82752
13836	-4326.553	-4612.578	286.0245	0.7486777	0.4373787	12.58778
13842	-4323.578	-4609.235	285.6566	0.7416929	0.4039302	12.81535
13848	-4322.846	-4608.88	286.034	0.7299081	0.3491137	12.6824
13854	-4336.536	-4622.646	286.1101	0.6205455	0.4115211	12.63487
13860	-4325.594	-4610.356	284.7617	0.6290884	0.405946	13.33712
13866	-4317.79	-4604.942	287.1526	0.7562452	0.3983327	12.03397
13872	-4328.84	-4616.706	287.866	0.9266155	0.3983327	11.57255
13878	-4334.249	-4621.82	287.5709	0.8229698	0.6020333	11.6036
13884	-4324.914	-4609.681	284.7665	0.9302801	0.2897715	13.30642
13890	-4329.403	-4614.129	284.7254	1.105052	0.4878973	13.03239
13896	-4316.893	-4604.564	287.6705	0.9951184	0.4135419	11.62377
13902	-4319.646	-4609.797	290.1514	0.8819322	0.4135419	10.38347
13908	-4319.2	-4606.991	287.7914	0.8952855	0.3808379	11.64584
13914	-4313.532	-4600.8	287.2683	0.817535	0.3608485	11.98069
13920	-4325.96	-4609.47	283.51	0.6975967	0.3751311	13.98255
13926	-4311.968	-4600.724	288.7557	0.9676951	0.3230789	11.16722
13932	-4310.282	-4598.274	287.9916	0.8688692	0.395298	11.54017
13938	-4309.662	-4594.504	284.8418	0.822283	0.3969006	13.20414
13944	-4320.699	-4606.189	285.4903	0.9275522	0.374202	12.83553
13950	-4315.374	-4601.737	286.3635	0.991425	0.333091	12.39251
13956	-4304.556	-4591.16	286.6035	0.8163623	0.4737598	12.21739
13962	-4304.702	-4591.438	286.7354	0.7702361	0.4255983	12.21739
13968	-4310.163	-4596.519	286.3555	0.7986055	0.4700578	12.35924
13974	-4323.69	-4613.501	289.8105	0.9546977	0.3836344	10.55462
13980	-4331.643	-4621.252	289.6083	0.8245422	0.3531577	10.76156
13986	-4317.582	-4607.679	290.0967	0.9158199	0.454809	10.3549
13992	-4358.353	-4644.516	286.1625	0.8004155	0.3997271	12.52563
13998	-4357.063	-4643.744	286.6807	0.7163874	0.3316425	12.37216
14004	-4323.311	-4606.664	283.3525	0.66152	0.4107472	14.04687
14010	-4315.555	-4602.394	286.84	0.7034604	0.4273253	12.19603
14016	-4322.792	-4608.487	285.6947	0.9336578	0.4664647	12.63631
14022	-4325.969	-4617.301	291.3319	0.9414529	0.3354325	9.814092
14028	-4327.812	-4615.481	287.6688	0.829276	0.3725454	11.75303
14034	-4321.044	-4603.486	282.442	0.8235847	0.2836717	14.57486
14040	-4359.917	-4645.009	285.0922	0.8453392	0.4279024	13.0316
14046	-4340.686	-4623.889	283.2027	0.6971876	0.4037693	14.1129
14052	-4326.566	-4609.904	283.3379	0.7587301	0.3608263	14.05516
14058	-4332.473	-4618.456	285.9821	0.7339096	0.3846698	12.66951
14064	-4332.441	-4618.987	286.546	0.7643305	0.4629061	12.28428
14070	-4329.11	-4617.09	287.9805	0.8318972	0.4982297	11.46887
14076	-4345.51	-4633.045	287.535	1.021475	0.450781	11.64516
14082	-4331.979	-4618.233	286.2544	0.9637569	0.3908385	12.40167
14088	-4330.11	-4613.42	283.3095	0.8954592	0.3813072	13.97749
14094	-4340.838	-4626.008	285.1696	0.7585834	0.4769762	12.9912
14100	-4325.555	-4610.683	285.1283	0.8162939	0.3984983	13.05673
14106	-4328.918	-4615.96	287.0418	0.9109261	0.4453226	11.96551
14112	-4345.785	-4629.994	284.2095	0.8350173	0.3676915	13.55611
14118	-4353.105	-4634.986	281.8811	0.7291406	0.3583981	14.82763
14124	-4345.164	-4629.751	284.587	0.8628676	0.4830115	13.23453
14130	-4332.94	-4617.208	284.2676	0.9408436	0.3180134	13.52616
14136	-4323.894	-4607.673	283.7792	0.8644286	0.3282469	13.80749
14142	-4330.168	-4616.649	286.4812	0.9099259	0.3975414	12.30476
14148	-4339.242	-4629.471	290.2284	0.9426488	0.4425821	10.28303
14154	-4347.821	-4635.56	287.7392	0.7477054	0.3935326	11.73715
14160	-4346.269	-4632.151	285.882	0.8684509	0.4033359	12.63264
14166	-4343.607	-4630.274	286.667	0.8016035	0.430348	12.23217
14172	-4332.063	-4613.414	281.3504	0.7430688	0.4571254	14.99759
14178	-4331.836	-4615.231	283.3954	0.8989118	0.4601929	13.85484
14184	-4333.794	-4615.477	281.6827	0.6189244	0.4342169	14.9111
14190	-4335.776	-4623.604	287.8276	0.8682368	0.4400863	11.58235
14196	-4344.186	-4633.379	289.1928	1.039611	0.3764362	10.84159
14202	-4337.006	-4626.195	289.1887	0.9534823	0.4231921	10.84159
14208	-4326.401	-4611.811	285.4097	0.7362549	0.4294475	12.92173
14214	-4332.098	-4614.904	282.8066	0.7290079	0.4203007	14.28551
14220	-4330.315	-4617.388	287.0731	0.9063379	0.3301767	12.07021
14226	-4339.369	-4625.558	286.1898	0.7015873	0.4109609	12.55171
14232	-4332.764	-4622.224	289.4609	0.9298616	0.3989711	10.73534
14238	-4328.482	-4615.041	286.5588	0.7364648	0.3799215	12.37275
14244	-4345.302	-4629.404	284.102	0.7364648	0.3986993	13.63116
14250	-4335.828	-4620.259	284.4309	0.7154304	0.393664	13.47639
14256	-4331.804	-4614.91	283.106	0.74137	0.3700973	14.17453
14262	-4319.551	-4607.483	287.9318	0.7395452	0.4299969	11.60479
14268	-4313.821	-4599.115	285.2943	0.7125363	0.505129	12.92579
14274	-4312.615	-4598.358	285.7426	0.7315454	0.505129	12.68265
14280	-4331.619	-4618.202	286.583	0.8157679	0.4044762	12.29382
14286	-4337.734	-4623.617	285.8829	0.8118296	0.4044762	12.66054
14292	-4335.274	-4620.271	284.9966	0.7597066	0.3708327	13.18306
14298	-4323.11	-4607.691	284.5804	0.7363206	0.3853931	13.3963
14304	-4332.119	-4620.909	288.7902	0.8705347	0.3497679	11.16976
14310	-4324.147	-4608.871	284.7246	0.8392514	0.3812183	13.27224
14316	-4313.757	-4597.842	284.0844	0.7729541	0.4337073	13.58724
14322	-4311.237	-4598.049	286.812	0.8631127	0.4122429	12.14205
14328	-4315.348	-4602.055	286.7064	0.9431929	0.4259029	12.14205
14334	-4306.326	-4595.223	288.8974	0.8229784	0.3124112	11.18131
14340	-4309.31	-4595.964	286.6533	0.8824123	0.4444536	12.18382
14346	-4314.363	-4602.237	287.8744	0.7397382	0.4880144	11.58145
14352	-4321.722	-4607.456	285.734	0.8231274	0.5195195	12.62725
14358	-4327.106	-4614.092	286.9863	0.7192999	0.3744346	12.16458
14364	-4324.185	-4609.715	285.53	0.8798927	0.442015	12.7725
14370	-4319.736	-4608.591	288.8548	0.9170791	0.4067628	11.05181
14376	-4323.795	-4611.21	287.4148	0.8276871	0.3980618	11.86014
14382	-4344.71	-4633.984	289.2745	0.9903624	0.4813315	10.72324
14388	-4346.727	-4634.122	287.3952	0.9170131	0.4054127	11.8164
14394	-4328.039	-4610.708	282.6691	0.852476	0.4869422	14.23167
14400	-4324.443	-4610.231	285.7873	0.7549531	0.4557629	12.69088
14406	-4327.237	-4610.594	283.3571	0.9578686	0.3618358	13.94088
14412	-4326.264	-4612.269	286.0053	0.8413392	0.3570077	12.63069
14418	-4310.478	-4595.152	284.6733	0.7999187	0.3513501	13.35105
14424	-4310.561	-4599.132	288.5707	0.7990915	0.3513501	11.32027
14430	-4317.672	-4605.696	288.0241	0.8074219	0.4304291	11.52065
14436	-4316.993	-4605.948	288.9556	0.8525907	0.3817946	11.05827
14442	-4313.708	-4603.19	289.4824	0.8789067	0.3719223	10.77877
14448	-4310.107	-4601.274	291.1669	0.8478248	0.3650362	9.917448
14454	-4317.548	-4603.622	286.0742	0.8785403	0.5085436	12.43052
14460	-4314.321	-4597.781	283.4598	0.7584985	0.3826387	13.96918
14466	-4321.503	-4606.174	284.6705	0.7584985	0.4709253	13.25608
14472	-4333.409	-4618.784	285.3745	0.8882024	0.3531675	12.93873
14478	-4319.642	-4605.448	285.8057	0.8358984	0.3531675	12.7416
14484	-4323.702	-4609.949	286.2468	0.8056502	0.3907937	12.48804
14490	-4314.892	-4601.132	286.2397	0.8056502	0.3944405	12.48804
14496	-4328.028	-4612.625	284.5966	0.7324106	0.3820598	13.39339
14502	-4333.715	-4618.381	284.6665	0.74988	0.4213398	13.30877
14508	-4333.7	-4618.359	284.6583	0.7580442	0.4213398	13.30877
14514	-4320.503	-4606.429	285.9253	0.8643375	0.3481677	12.67002
14520	-4313.833	-4600.639	286.8058	0.8205658	0.4406395	12.14013
14526	-4315.319	-4602.221	286.9016	0.668082	0.4059629	12.2032
14532	-4308.073	-4594.678	286.605	0.7011575	0.4177967	12.32891
14538	-4317.08	-4603.971	286.8907	0.8196797	0.3995874	12.13624
14544	-4323.19	-4612.649	289.4589	0.9578802	0.4785021	10.64605
14550	-4331.793	-4618.397	286.6036	0.9182471	0.3857921	12.2486
14556	-4340.609	-4628.803	288.1943	0.9651283	0.5006108	11.28533
14562	-4338.901	-4623.049	284.1482	0.7493193	0.3986366	13.60053
14568	-4330.9	-4615.774	284.8736	0.8556704	0.3591994	13.2095
14574	-4321.426	-4608.655	287.2288	0.930375	0.5053973	11.80398
14580	-4338.137	-4624.002	285.8653	0.8838628	0.3248927	12.71731
14586	-4332.195	-4616.438	284.243	0.8152682	0.4634384	13.45539
14592	-4342.564	-4629.535	286.9714	0.7572606	0.3110808	12.22326
14598	-4343.755	-4630.892	287.1375	0.8307233	0.291726	12.12177
14604	-4323.084	-4610.904	287.82	0.8138788	0.3028812	11.76075
14610	-4318.887	-4606.806	287.919	0.8289366	0.5181289	11.48557
14616	-4318.177	-4603.825	285.6482	0.7067014	0.4097968	12.83209
14622	-4318.062	-4603.734	285.6723	0.784582	0.3631937	12.82689
14628	-4329.053	-4612.111	283.0579	1.050198	0.3381166	14.0741
14634	-4325.567	-4616.999	291.4329	1.050198	0.4382139	9.596401
14640	-4331.876	-4621.556	289.6798	1.139645	0.4331165	10.47676
14646	-4321.579	-4610.264	288.6851	0.9865198	0.3415069	11.17328
14652	-4329.938	-4619.219	289.2806	1.043264	0.3412498	10.8319
14658	-4325.749	-4614.149	288.4002	0.9142863	0.4572518	11.24287
14664	-4328.379	-4612.812	284.4325	0.910335	0.6068267	13.18971
14670	-4344.826	-4629.884	285.0584	0.8984332	0.3976609	13.05119
14676	-4347.459	-4629.416	281.9569	0.7559232	0.3415485	14.79294
14682	-4326.956	-4613.293	286.3367	0.8527574	0.4967075	12.31731
14688	-4314.063	-4599.254	285.1909	0.7624166	0.4185157	13.03242
14694	-4326.65	-4609.631	282.9807	0.8049433	0.4143949	14.1617
14700	-4315.859	-4600.036	284.1764	0.6772662	0.483623	13.54366
14706	-4312.907	-4597.258	284.3507	0.6804285	0.3863113	13.54366
14712	-4325.855	-4613.313	287.4583	0.6700536	0.3614555	11.95789
14718	-4321.103	-4605.694	284.5906	0.7883636	0.4440105	13.30665
14724	-4306.065	-4592.719	286.6539	0.7815892	0.3585071	12.32237
14730	-4309.594	-4599.343	289.7485	0.9844152	0.387782	10.56723
14736	-4309.016	-4597.298	288.2819	0.8727144	0.3319547	11.45452
14742	-4321.976	-4611.445	289.4694	0.9408475	0.3733583	10.75162
14748	-4317.309	-4606.895	289.5869	0.8619591	0.3593405	10.74639
14754	-4330.459	-4616.419	285.9598	0.785758	0.4191909	12.61957
14760	-4339.88	-4627.054	287.1734	0.776472	0.4056456	12.00526
14766	-4324.507	-4611.634	287.1267	0.8704721	0.3813499	12.00526
14772	-4316.001	-4601.978	285.9765	0.9302162	0.4284061	12.52677
14778	-4324.092	-4610.97	286.8775	0.8676287	0.4631072	12.05738
14784	-4307.005	-4592.661	285.6567	0.7546284	0.4526667	12.76188
14790	-4321.698	-4606.984	285.2862	0.7546284	0.396719	13.00852
14796	-4302.979	-4590.41	287.4309	0.7329009	0.3953506	11.90397
14802	-4303.597	-4592.028	288.4313	0.9101572	0.4033842	11.28052
14808	-4308.893	-4594.21	285.317	0.7793269	0.3131069	13.07062
14814	-4302.617	-4591.539	288.9221	0.8619382	0.402621	11.0496
14820	-4305.409	-4595.345	289.9359	0.8227431	0.3240016	10.62361
14826	-4298.141	-4587.888	289.7462	0.7794969	0.3787297	10.68543
14832	-4303.648	-4592.14	288.4916	0.8628547	0.3871982	11.29014
14838	-4313.285	-4596.989	283.7045	0.7751424	0.5479907	13.68369
14844	-4320.387	-4608.463	288.0761	0.764297	0.4400964	11.50683
14850	-4335.458	-4622.969	287.5115	0.7737181	0.4156626	11.82036
14856	-4321.304	-4604.473	283.1692	0.7712949	0.4227886	14.07328
14862	-4331.011	-4615.226	284.2152	0.9744384	0.3893452	13.45828
14868	-4330.956	-4614.388	283.4314	0.700943	0.4763549	13.92432
14874	-4330.939	-4613.737	282.7978	0.6905859	0.4681715	14.26548
14880	-4328.887	-4612.07	283.1823	0.7963978	0.5552184	13.9378
14886	-4326.926	-4613.85	286.9241	0.776738	0.3661673	12.17581
14892	-4336.181	-4622.162	285.9817	0.7187266	0.401922	12.66009
14898	-4331.507	-4620.423	288.9161	0.8376866	0.502449	10.97262
14904	-4329.728	-4615.775	286.0466	0.6644161	0.389908	12.66673
14910	-4343.344	-4624.941	281.5967	0.8029465	0.4517779	14.84405
14916	-4341.323	-4623.741	282.4179	0.8807089	0.4039133	14.42431
14922	-4341.685	-4626.618	284.9337	0.8832398	0.4360701	13.08649
14928	-4319	-4605.704	286.7037	0.8866514	0.4088499	12.1896
14934	-4315.884	-4606.654	290.7698	0.8859265	0.329682	10.14581
14940	-4322.318	-4611.612	289.294	1.011763	0.361697	10.81888
14946	-4333.268	-4618.175	284.9072	0.8330205	0.4429674	13.11991
14952	-4335.127	-4621.871	286.7437	0.9104766	0.5202934	12.05489
14958	-4326.359	-4614.349	287.9904	0.8142351	0.4238041	11.54109
14964	-4318.942	-4606.609	287.6671	0.9082306	0.4410436	11.64445
14970	-4309.756	-4595.64	285.884	0.7684102	0.3729783	12.71476
14976	-4323.351	-4610.232	286.8805	0.892879	0.3718342	12.13197
14982	-4324.542	-4609.347	284.8046	0.8954259	0.3800308	13.20273
14988	-4329.085	-4614.149	285.0643	0.72073	0.3389643	13.20273
14994	-4313.297	-4599.653	286.3559	0.8371967	0.3846681	12.42106
15000	-4322.803	-4606.615	283.812	0.7595341	0.4747256	13.69794
15006	-4318.935	-4606.388	287.4534	0.798427	0.3931894	11.8602
15012	-4328.715	-4610.827	282.1123	0.700139	0.3682035	14.71259
15018	-4334.176	-4616.311	282.1353	0.768324	0.3252296	14.71259
15024	-4321.569	-4607.068	285.4986	0.8419747	0.41774	12.83178
15030	-4310.661	-4597.003	286.3418	0.8814478	0.3381695	12.45536
15036	-4316.777	-4599.414	282.6373	0.9453269	0.401968	14.27914
15042	-4334.535	-4620.22	285.6846	0.9780154	0.4716474	12.61381
15048	-4345.445	-4632.323	286.8782	0.9971073	0.298488	12.16193
15054	-4318.853	-4608.167	289.314	1.028063	0.3891824	10.77084
15060	-4312.399	-4600.777	288.378	0.8119298	0.3241793	11.44501
15066	-4317.063	-4606.196	289.1333	1.035363	0.2586497	11.01438
15072	-4309.521	-4599.923	290.4022	1.053072	0.2066203	10.41426
15078	-4303.659	-4594.219	290.5598	1.14178	0.3173686	10.13605
15084	-4308.514	-4594.642	286.1276	0.8531053	0.4723128	12.44755
15090	-4300.585	-4591.339	290.7548	1.056755	0.3114339	10.08526
15096	-4318.687	-4608.119	289.4318	0.9438271	0.383958	10.75864
15102	-4342.863	-4628.15	285.2874	0.7459487	0.5043064	12.9127
15108	-4350.709	-4639.311	288.6016	0.8452593	0.3517846	11.27946
15114	-4312.785	-4602.422	289.6365	1.034633	0.4605327	10.52885
15120	-4311.2	-4600.553	289.3523	0.9112106	0.3642451	10.83826
15126	-4309.2	-4596.81	287.6103	0.8470994	0.4430269	11.70417
15132	-4315.387	-4597.279	281.8913	0.7407693	0.4180981	14.75554
15138	-4312.905	-4598.825	285.9199	0.7395184	0.4276579	12.65624
15144	-4309.841	-4596.486	286.6452	0.7137422	0.3326215	12.39092
15150	-4311.877	-4599.56	287.6835	0.8625983	0.3991149	11.70055
15156	-4323.627	-4609.744	286.1171	0.8328511	0.3715634	12.56136
15162	-4314.751	-4598.868	284.1167	0.9409317	0.4634993	13.45566
15168	-4321.178	-4607.381	286.2037	0.8215573	0.3896529	12.50336
15174	-4327.474	-4615.476	288.0028	0.8836599	0.229574	11.72532
15180	-4325.393	-4614.175	288.7814	1.030964	0.4864025	10.95592
15186	-4308.735	-4594.413	285.6777	0.7502448	0.3317561	12.8766
15192	-4313.711	-4600.503	286.7917	0.7654288	0.3605565	12.25678
15198	-4315.589	-4599.916	284.3272	0.8522428	0.3573916	13.4971
15204	-4322.43	-4612.593	290.1635	0.8850826	0.2990539	10.50119
15210	-4322.623	-4609.706	287.0831	1.002137	0.364337	11.97728
15216	-4316.697	-4603.832	287.1352	0.9390663	0.3697194	11.97728
15222	-4306.986	-4596.277	289.2912	0.8759219	0.3136368	10.9459
15228	-4306.943	-4594.059	287.1158	0.7358909	0.3643504	12.09911
15234	-4309.398	-4596.424	287.0266	0.8566799	0.3343019	12.1157
15240	-4318.852	-4607.951	289.0986	0.9707698	0.411172	10.89156
15246	-4336.427	-4624.446	288.0193	0.9566565	0.411172	11.4639
15252	-4323.52	-4609.324	285.8037	0.8770504	0.5767982	12.51661
15258	-4318.404	-4604.967	286.5631	0.8426202	0.5529297	12.15768
15264	-4314.11	-4602.952	288.8419	0.9300458	0.3895189	11.06924
15270	-4313.869	-4602.429	288.56	0.9524983	0.4220308	11.17257
15276	-4321.911	-4611.837	289.9261	0.8885353	0.3914106	10.52064
15282	-4336.096	-4620.956	284.8598	0.9214476	0.2849377	13.26858
15288	-4325.826	-4609.67	283.8446	0.7911756	0.3446256	13.79319
15294	-4324.334	-4609.39	285.0563	0.769509	0.3492194	13.17021
15300	-4323.149	-4607.482	284.3327	0.8742032	0.3488961	13.49203
15306	-4328.233	-4615.632	287.3992	0.8883189	0.4464751	11.78967
15312	-4331.511	-4615.161	283.6509	0.792934	0.4483296	13.78816
15318	-4325.752	-4609.437	283.6854	0.7991782	0.42586	13.78816
15324	-4332.341	-4616.872	284.5306	0.7169793	0.4320445	13.38616
15330	-4325.816	-4613.839	288.023	0.8175615	0.3551504	11.59278
15336	-4324.015	-4604.865	280.8501	0.6543152	0.3551504	15.40295
15342	-4323.31	-4607.65	284.3401	0.7276229	0.3854612	13.52555
15348	-4312.457	-4597.093	284.6353	0.6827178	0.3530998	13.42975
15354	-4316.906	-4601.322	284.4164	0.7235136	0.4451536	13.42975
15360	-4311.891	-4597.293	285.4025	0.8160622	0.3540594	12.96073
15366	-4314.326	-4598.821	284.4949	0.7541109	0.4433659	13.37478
15372	-4319.993	-4609.801	289.8074	0.839791	0.3540219	10.64818
15378	-4318.067	-4607.081	289.0136	0.8399784	0.4323876	10.984
15384	-4305.955	-4592.563	286.6082	0.8643754	0.4645761	12.19821
15390	-4310.312	-4596.656	286.3438	0.8114093	0.4347508	12.39127
15396	-4311.751	-4598.509	286.7587	0.898369	0.4618109	12.10449
15402	-4316.746	-4603.205	286.4585	0.8181568	0.3696026	12.39324
15408	-4321.645	-4604.741	283.0956	0.8179694	0.4533599	14.05851
15414	-4314.499	-4598.788	284.289	0.7580331	0.4634906	13.46118
15420	-4324.639	-4609.041	284.4019	0.8918382	0.3360964	13.46118
15426	-4324.494	-4610.075	285.5806	0.9272118	0.3763011	12.78655
15432	-4324.179	-4609.543	285.3641	0.8699796	0.480706	12.8288
15438	-4323.794	-4611.501	287.7065	0.8377059	0.5158759	11.59397
15444	-4329.024	-4614.173	285.1492	0.8266075	0.4243099	13.01513
15450	-4316.948	-4601.417	284.4691	0.8189494	0.4267993	13.37017
15456	-4321.753	-4606.189	284.4359	0.9212116	0.3267993	13.43879
15462	-4323.551	-4612.2	288.6485	0.7676842	0.4028955	11.24188
15468	-4333.203	-4616.404	283.2011	0.7470155	0.4312658	14.0612
15474	-4337.668	-4624.26	286.592	0.6652534	0.4225438	12.34983
15480	-4337.709	-4625.95	288.2416	1.131268	0.3829022	11.28497
15486	-4336.957	-4618.987	282.03	0.6595608	0.5288664	14.62705
15492	-4328.781	-4614.133	285.3524	0.7768942	0.3800666	12.97952
15498	-4324.224	-4613.678	289.4536	0.8946282	0.2919491	10.87733
15504	-4331.027	-4613.997	282.9702	0.8387075	0.3535626	14.21216
15510	-4332.8	-4618.663	285.8636	0.6183092	0.3826939	12.79336
15516	-4327.148	-4614.69	287.5427	0.7992127	0.3729887	11.83412
15522	-4320.389	-4609.501	289.1124	0.8222781	0.4380748	10.93608
15528	-4326.86	-4615.276	288.4154	0.9071516	0.3665133	11.32854
15534	-4325.739	-4615.075	289.3365	0.9480729	0.44932	10.74208
15540	-4320.916	-4607.639	286.7227	0.9192414	0.4041405	12.16737
15546	-4333.265	-4619.251	285.9859	0.9111048	0.2860864	12.6869
15552	-4326.994	-4614.368	287.3739	0.8661963	0.4248038	11.83499
15558	-4325.752	-4611.091	285.3386	0.8213815	0.3391558	13.00759
15564	-4316.543	-4602.157	285.6142	0.8236071	0.3705872	12.82896
15570	-4315.205	-4599.425	284.2204	0.7997425	0.3321553	13.60764
15576	-4312.417	-4598.298	285.8808	0.8906187	0.4033216	12.62174
15582	-4329.41	-4615.129	285.7192	0.8278602	0.3509854	12.79316
15588	-4338.876	-4625.828	286.952	0.7900331	0.3273616	12.19728
15594	-4327.539	-4614.574	287.0352	0.8908546	0.4857384	11.94274
15600	-4320.75	-4607.563	286.8138	0.8529145	0.4741348	12.08834
15606	-4337.39	-4621.843	284.4528	0.8451815	0.4671069	13.32759
15612	-4325.876	-4612.486	286.6103	0.8888263	0.4655612	12.18349
15618	-4319.551	-4609.167	289.6159	1.054549	0.3727473	10.61578
15624	-4311.309	-4599.118	287.8091	0.9362539	0.4094109	11.58616
15630	-4305.964	-4591.607	285.643	0.7039116	0.3761348	12.87043
15636	-4309.661	-4595.408	285.7472	0.9124543	0.3736296	12.71033
15642	-4310.861	-4594.613	283.751	0.8092264	0.4177963	13.75667
15648	-4329.161	-4617.044	287.8835	0.9431335	0.3532188	11.60218
15654	-4318.868	-4608.033	289.1645	0.9431335	0.4255844	10.85741
15660	-4321.378	-4608.561	287.1835	0.8373196	0.4243469	11.94991
15666	-4309.905	-4592.9	282.9947	0.8241365	0.4057973	14.15291
15672	-4313.56	-4598.586	285.0257	0.8018523	0.4716932	13.04825
15678	-4333.334	-4616.64	283.3062	0.7341046	0.5102375	13.94272
15684	-4326.602	-4613.403	286.8009	0.8570934	0.3122873	12.25863
15690	-4340.615	-4625.823	285.2079	0.812573	0.4059652	13.00981
15696	-4341.465	-4627.273	285.8081	0.812573	0.4059652	12.69757
15702	-4317.426	-4603.705	286.2792	0.7092386	0.3867899	12.52546
15708	-4326.141	-4610.211	284.0701	0.7407906	0.4277496	13.61701
15714	-4320.274	-4605.37	285.0963	0.8026871	0.3519179	13.1292
15720	-4325.625	-4609.603	283.9781	0.7524239	0.3846331	13.70143
15726	-4325.218	-4614.088	288.8701	0.7671122	0.4264827	11.10298
15732	-4328.902	-4617.134	288.2312	0.7816707	0.3070044	11.55781
15738	-4317.109	-4605.547	288.4378	0.8687261	0.488456	11.21897
15744	-4316.016	-4601.779	285.7624	0.7216244	0.3184567	12.86274
15750	-4307.203	-4590.145	282.9418	0.7517482	0.3394278	14.28747
15756	-4316.709	-4600.308	283.5991	0.7311236	0.5166926	13.78691
15762	-4318.225	-4603.403	285.1775	0.7796181	0.4232216	13.02588
15768	-4303.024	-4591.643	288.6186	0.8014072	0.4232216	11.2198
15774	-4314.11	-4600.586	286.4764	0.8453741	0.4249193	12.31387
15780	-4311.636	-4599.038	287.4022	0.8226784	0.3389153	11.93229
15786	-4310.293	-4598.862	288.569	0.8226784	0.3416773	11.31954
15792	-4310.267	-4597.161	286.8941	0.7050389	0.3344291	12.26372
15798	-4314.529	-4600.935	286.4068	0.8334966	0.5099933	12.27944
15804	-4317.377	-4602.689	285.3122	0.7645481	0.3815029	13.00537
15810	-4317.489	-4604.374	286.8854	0.8264314	0.4494518	12.08734
15816	-4315.085	-4603.184	288.0989	0.8528189	0.3959435	11.4918
15822	-4311.196	-4595.007	283.811	0.7371446	0.3826847	13.79809
15828	-4318.287	-4605.321	287.0347	0.8822246	0.3796138	12.04895
15834	-4324.272	-4608.115	283.8433	0.7719277	0.4694104	13.67999
15840	-4312.687	-4598.728	286.0413	0.8336959	0.4468367	12.5259
15846	-4317.648	-4606.061	288.4133	0.8538212	0.3583151	11.36639
15852	-4306.482	-4593.099	286.6171	0.8538726	0.3991041	12.26153
15858	-4311.392	-4599.427	288.0347	0.7985367	0.3510558	11.6011
15864	-4314.425	-4600.596	286.1708	0.9384197	0.4706716	12.38209
15870	-4324.391	-4611.73	287.3386	0.6781873	0.350272	12.02822
15876	-4328.462	-4617.679	289.2161	0.8065907	0.4503442	10.8784
15882	-4328.893	-4615.16	286.2668	0.7048841	0.3574394	12.56514
15888	-4308.791	-4596.015	287.2234	0.7005217	0.3789495	12.04597
15894	-4309.629	-4596.927	287.2975	0.77692	0.3691922	11.97772
15900	-4317.604	-4604.764	287.1603	0.895296	0.4426082	11.91433
15906	-4302.704	-4586.929	284.2249	0.7940261	0.290547	13.65744
15912	-4312.085	-4600.925	288.8406	0.9318565	0.3429934	11.11883
15918	-4317.707	-4603.66	285.9528	0.7521969	0.4361837	12.62442
15924	-4330.747	-4616.563	285.8163	0.8406656	0.4090925	12.67558
15930	-4325.062	-4610.51	285.4474	0.6848392	0.3827897	12.97516
15936	-4331.63	-4618.22	286.5894	0.8211307	0.3513247	12.34319
15942	-4335.281	-4621.893	286.6116	0.8029073	0.349422	12.34319
15948	-4340.595	-4628.744	288.1489	0.7735872	0.4538135	11.45109
15954	-4328.776	-4614.452	285.6765	0.6936087	0.3887958	12.84525
15960	-4324.697	-4610.503	285.8063	0.7634075	0.3887958	12.74143
15966	-4317.272	-4605.092	287.8208	0.8967364	0.385163	11.62523
15972	-4311.1	-4598.457	287.3565	0.8309472	0.3720253	11.91575
15978	-4310.843	-4597.368	286.5253	0.801012	0.4044072	12.33161
15984	-4312.259	-4599.607	287.3478	0.6685024	0.4211119	11.95538
15990	-4317.495	-4606.871	289.3759	0.8538067	0.381387	10.83783
15996	-4311.25	-4599.835	288.5855	0.9900455	0.4631043	11.10087
16002	-4325.911	-4615.174	289.2637	0.9885162	0.4869752	10.72487
16008	-4320.995	-4608.087	287.0913	0.8095838	0.3798114	12.05713
16014	-4322.13	-4609.812	287.6817	0.7629962	0.29062	11.87454
16020	-4314.154	-4598.462	284.3073	0.8650632	0.4485603	13.40975
16026	-4307.805	-4592.345	284.5399	0.8284256	0.4868599	13.27351
16032	-4317.138	-4601.485	284.3466	0.7951242	0.5040519	13.37635
16038	-4330.828	-4612.758	281.9296	0.7303676	0.3607673	14.79936
16044	-4318.805	-4604.981	286.1763	0.8810343	0.3571542	12.52082
16050	-4317.367	-4604.032	286.6651	0.7536459	0.3035277	12.39377
16056	-4319.361	-4604.565	285.2037	0.9000643	0.3461573	13.02905
16062	-4322.86	-4610.441	287.581	0.8863158	0.4398664	11.70197
16068	-4327.445	-4616.368	288.9235	0.8700673	0.3416406	11.10929
16074	-4323.938	-4612.004	288.0654	0.7124699	0.3584855	11.62192
16080	-4316.398	-4604.159	287.7609	0.8645616	0.5248621	11.54397
16086	-4317.832	-4604.117	286.2854	0.8445199	0.533787	12.31706
16092	-4315.148	-4603.002	287.8538	0.7849956	0.4510126	11.60196
16098	-4328.96	-4612.518	283.5581	0.7579246	0.4510126	13.85197
16104	-4325.805	-4610.23	284.4251	0.8968677	0.3828018	13.39627
16110	-4315.514	-4598.801	283.2873	0.7984291	0.4928863	13.93401
16116	-4325.82	-4611.916	286.0958	0.6978699	0.5225036	12.50157
16122	-4319.037	-4605.822	286.7845	0.7173233	0.4416038	12.20414
16128	-4324.94	-4610.876	285.9354	0.7893754	0.2951142	12.76537
16134	-4332.932	-4620.071	287.1394	0.872462	0.381864	11.99709
16140	-4335.584	-4618.072	282.4881	0.8290545	0.4253072	14.3939
16146	-4331.29	-4617.697	286.4072	0.8926196	0.344336	12.40855
16152	-4328.028	-4614.637	286.6088	0.6906168	0.4088002	12.34129
16158	-4310.364	-4595.367	285.0033	0.7479183	0.4088002	13.147
16164	-4316.506	-4601.504	284.9982	0.7519	0.4094013	13.147
16170	-4328.32	-4614.915	286.5957	0.7836257	0.4170479	12.29153
16176	-4328.571	-4610.668	282.0967	0.6996323	0.4121706	14.6763
16182	-4314.199	-4599.319	285.1204	0.8452262	0.3877347	13.05672
16188	-4318.371	-4605.411	287.0401	0.8070297	0.3274098	12.14242
16194	-4314.887	-4601.016	286.1295	0.827871	0.3897871	12.53856
16200	-4327.475	-4610.664	283.1899	0.8342496	0.3989947	14.05327
16206	-4330.085	-4616.091	286.006	0.7810905	0.4010924	12.61579
16212	-4333.954	-4622.91	288.9559	0.7791904	0.3490937	11.13159
16218	-4338.429	-4624.48	286.0511	0.8311582	0.3773567	12.59051
16224	-4330.066	-4617.557	287.4909	0.7046714	0.3814442	11.90164
16230	-4324.455	-4608.589	284.1342	0.7076603	0.3942521	13.63384
16236	-4317.487	-4603.645	286.1575	0.8288984	0.325845	12.59268
16242	-4326.956	-4612.296	285.34	0.7824692	0.3373075	13.02919
16248	-4322.829	-4607.898	285.0688	0.7665279	0.411392	13.10074
16254	-4331.932	-4615.948	284.0154	0.7656251	0.4590303	13.60335
16260	-4345.897	-4631.707	285.81	0.7736523	0.420433	12.70265
16266	-4336.347	-4618.923	282.5758	0.8303592	0.4561747	14.31889
16272	-4325.743	-4615.105	289.3615	0.7897517	0.3962599	10.86366
16278	-4327.403	-4610.759	283.3564	0.8200883	0.3962599	13.97704
16284	-4319.958	-4607.794	287.8357	0.8867542	0.4139527	11.59364
16290	-4320.787	-4610.102	289.315	0.8867542	0.3291208	10.90967
16296	-4324.039	-4610.602	286.5632	0.9345383	0.3323633	12.31888
16302	-4333.419	-4618.916	285.4973	0.7967492	0.4215436	12.85228
16308	-4327.454	-4610.256	282.8016	0.7921425	0.5043755	14.1792
16314	-4324.829	-4607.702	282.8732	0.7391306	0.4931576	14.1792
16320	-4335.368	-4620.194	284.8264	0.8002027	0.3604089	13.26157
16326	-4314.2	-4602.922	288.7223	0.77544	0.4264753	11.17601
16332	-4316.897	-4603.942	287.0446	0.8397812	0.3758381	12.06985
16338	-4326.016	-4612.61	286.5945	0.8242919	0.4610823	12.22942
16344	-4349.484	-4636.556	287.0722	0.8837853	0.4355862	11.97298
16350	-4334.224	-4619.32	285.0959	0.820712	0.4907471	12.98512
16356	-4332.57	-4620.308	287.7379	0.9257096	0.4704391	11.57124
16362	-4325.595	-4611.236	285.6405	0.6881134	0.38848	12.86719
16368	-4317.463	-4602.718	285.2551	0.914237	0.4754164	12.86719
16374	-4316.678	-4601.904	285.2261	0.7890688	0.4026722	13.01586
16380	-4323.686	-4608.922	285.2361	0.7570335	0.4813368	12.95358
16386	-4313.347	-4598.572	285.2252	0.8623879	0.4098762	12.97108
16392	-4322.396	-4610.127	287.731	0.9021213	0.4542287	11.60196
16398	-4322.182	-4608.948	286.7655	0.813767	0.3609312	12.24479
16404	-4327.434	-4613.787	286.3529	0.7680733	0.3528171	12.49242
16410	-4327.272	-4613.429	286.1573	0.8538227	0.3945205	12.5058
16416	-4316.221	-4602.733	286.5127	0.7924041	0.4094104	12.33772
16422	-4319.278	-4607.193	287.9153	0.8355352	0.3797103	11.61348
16428	-4324.515	-4608.279	283.7636	0.6960422	0.4095382	13.81695
16434	-4318.107	-4600.313	282.2064	0.7834223	0.427295	14.56151
16440	-4312.103	-4599.508	287.4048	0.9158699	0.427295	11.79056
16446	-4313.37	-4603.851	290.4805	0.8842241	0.507873	10.12233
16452	-4317.281	-4604.609	287.3281	0.9042709	0.445087	11.81978
16458	-4312.205	-4599.293	287.088	0.8760719	0.445087	11.95979
16464	-4328.926	-4614.685	285.7598	0.8760719	0.4613392	12.63704
16470	-4342.881	-4625.276	282.3949	0.7845682	0.4289047	14.46176
16476	-4343.01	-4626.133	283.1231	0.6558215	0.425124	14.15481
16482	-4318.802	-4605.012	286.2101	0.8867968	0.465854	12.39283
16488	-4320.572	-4609.51	288.9377	0.9163142	0.6023654	10.83925
16494	-4344.526	-4631.945	287.4197	0.9097773	0.6459239	11.60485
16500	-4340.058	-4628.943	288.8858	0.9424121	0.6732253	10.80101
16506	-4323.672	-4611.526	287.8536	0.9412487	0.5798604	11.41103
16512	-4328.504	-4616.906	288.4018	0.9035441	0.3174181	11.39253
16518	-4332.611	-4624.414	291.8029	0.9732261	0.3502123	9.532331
16524	-4331.279	-4619.749	288.4703	1.032888	0.4599526	11.14162
16530	-4323.493	-4613.675	290.1826	0.9076747	0.4571905	10.31184
16536	-4329.748	-4615.482	285.7339	0.818082	0.4126971	12.7267
16542	-4321.331	-4609.74	288.4088	0.9589903	0.4423857	11.22881
16548	-4319.099	-4604.829	285.7308	0.7223772	0.5048055	12.6938
16554	-4312.427	-4599.52	287.0923	0.8809469	0.4098296	11.98889
16560	-4318.085	-4606.533	288.4476	0.7541872	0.4141364	11.34285
16566	-4324.558	-4612.347	287.7895	0.8223291	0.4287825	11.63705
16572	-4326.264	-4611.078	284.8142	0.7306014	0.4757	13.19163
16578	-4318.642	-4603.825	285.183	0.7819058	0.4368851	13.00883
16584	-4333.923	-4620.749	286.8256	0.8203458	0.4373669	12.13301
16590	-4324.791	-4613.884	289.0933	0.9064031	0.3362913	11.00738
16596	-4336.479	-4626.406	289.9277	0.9886206	0.4026816	10.45579
16602	-4328.378	-4614.15	285.7722	0.805163	0.4210421	12.70535
16608	-4321.442	-4606.1	284.6577	0.7591987	0.4210421	13.30875
16614	-4323.812	-4611.135	287.3236	0.7859026	0.4251165	11.90289
16620	-4316.992	-4602.989	285.9976	0.7318887	0.345672	12.70408
16626	-4328.775	-4615.101	286.3252	0.9770297	0.3549551	12.39567
16632	-4332.097	-4617.607	285.5101	0.8220881	0.3635433	12.8914
16638	-4339.701	-4621.526	281.8248	0.9147804	0.3712071	14.74711
16644	-4312.523	-4600.554	288.0316	0.8113351	0.3803025	11.56476
16650	-4317.661	-4603.31	285.6495	0.8534758	0.39173	12.77314
16656	-4318.801	-4605.256	286.4552	0.7409286	0.375325	12.42919
16662	-4308.952	-4595.221	286.2689	0.7427682	0.4748543	12.42919
16668	-4309.804	-4599.221	289.4163	0.8740027	0.2894966	10.91073
16674	-4311.035	-4600.156	289.1211	1.003887	0.3643524	10.91073
16680	-4308.445	-4597.26	288.8143	1.012124	0.2972689	11.14411
16686	-4317.255	-4606.183	288.928	0.8812848	0.3103942	11.1372
16692	-4313.778	-4602.27	288.4923	0.7708849	0.3541766	11.37291
16698	-4317.284	-4604.332	287.0483	0.7604758	0.3541766	12.13246
16704	-4307.066	-4595.745	288.6786	0.8405077	0.4677527	11.12619
16710	-4318.809	-4604.459	285.6497	0.6612392	0.3845287	12.88044
16716	-4320.544	-4605.427	284.8826	0.7529749	0.4334921	13.18321
16722	-4329.08	-4614.006	284.9258	0.8254405	0.3731892	13.18321
16728	-4321.209	-4605.566	284.3563	0.7126634	0.4288161	13.48203
16734	-4308.197	-4596.309	288.1119	0.8147854	0.3463511	11.55745
16740	-4313.226	-4600.527	287.3009	0.7949555	0.3757038	11.95967
16746	-4323.107	-4608.641	285.5347	0.7506945	0.3893288	12.8888
16752	-4316.76	-4602.709	285.9491	0.8461043	0.3461871	12.66931
16758	-4331.091	-4618.607	287.5164	0.821451	0.4312585	11.77774
16764	-4328.738	-4614.487	285.7493	0.8218178	0.4486026	12.68248
16770	-4336.957	-4623.839	286.8818	0.6687582	0.4048323	12.21431
16776	-4324.759	-4610.198	285.4396	0.7525698	0.3871213	12.93957
16782	-4317.289	-4605.318	288.0295	0.8347989	0.3809336	11.55292
16788	-4328.399	-4616.921	288.5213	1.05687	0.3887661	11.17144
16794	-4318.479	-4608.134	289.6548	0.9512387	0.3745105	10.6477
16800	-4317.148	-4604.791	287.6436	0.9232735	0.3745105	11.71505
16806	-4300.739	-4585.876	285.1366	0.6756843	0.3745105	13.15011
16812	-4311.122	-4599.41	288.2883	0.9151564	0.3175103	11.4457
16818	-4312.021	-4598.235	286.2134	0.6416426	0.3830255	12.59884
16824	-4308.149	-4592.842	284.6931	0.7816377	0.3830255	13.31669
16830	-4304.236	-4589.721	285.4845	0.8190649	0.3492808	12.92171
16836	-4308.703	-4594.972	286.269	0.7656918	0.3028185	12.5947
16842	-4310.765	-4596.769	286.0047	0.8262284	0.3484241	12.64826
16848	-4311.292	-4597.163	285.8703	0.7742004	0.3484241	12.74527
16854	-4311.827	-4600.295	288.4677	0.8898619	0.3933651	11.28221
16860	-4318.185	-4608.111	289.9256	0.8910196	0.4051609	10.50562
16866	-4326.63	-4612.586	285.9559	0.8812796	0.3842523	12.60684
16872	-4332.049	-4620.436	288.3866	0.8464944	0.3888562	11.35194
16878	-4335.686	-4626.752	291.0657	0.9406955	0.4804626	9.808603
16884	-4319.979	-4604.096	284.1168	0.7992094	0.4102421	13.5794
16890	-4321.135	-4604.623	283.4876	0.8145651	0.4452227	13.86451
16896	-4310.527	-4595.098	284.5718	0.6855186	0.43247	13.38074
16902	-4318.555	-4603.482	284.9265	0.7414218	0.5193226	13.08999
16908	-4310.091	-4593.96	283.8689	0.765225	0.5193226	13.62701
16914	-4304.442	-4590.09	285.6475	0.8476034	0.4204674	12.74872
16920	-4306.334	-4594.98	288.646	0.8790609	0.3471165	11.24371
16926	-4313.111	-4601.387	288.2756	0.9549739	0.4752568	11.27041
16932	-4313.843	-4602.336	288.4929	0.8456287	0.4150742	11.27041
16938	-4322.435	-4607.047	284.6122	0.840375	0.3507773	13.3624
16944	-4318.522	-4600.786	282.2634	0.761675	0.5211526	14.45974
16950	-4301.604	-4588.297	286.693	0.8403099	0.4892329	12.14459
16956	-4301.264	-4587.59	286.3264	0.7863037	0.3392444	12.51174
16962	-4313.87	-4600.6	286.7303	0.7670271	0.4631428	12.18658
16968	-4315.6	-4602.545	286.9458	0.7024295	0.3820463	12.18658
16974	-4301.43	-4587.167	285.7367	0.7065257	0.4257574	12.77059
16980	-4307.009	-4592.792	285.7828	0.7907121	0.3891304	12.73906
16986	-4317.621	-4602.366	284.7452	0.7267227	0.3891304	13.31186
16992	-4314.798	-4601.937	287.1384	0.8509988	0.4119696	11.97837
16998	-4315.587	-4604.794	289.2067	0.8590392	0.4119696	10.89268
17004	-4322.998	-4608.074	285.076	0.7396172	0.4253343	13.09741
17010	-4329.184	-4615.508	286.3241	0.78703	0.4321954	12.41668
17016	-4323.676	-4608.878	285.2027	0.7590542	0.3615116	13.08619
17022	-4328.489	-4611.599	283.1104	0.7077432	0.4217522	14.13768
17028	-4319.625	-4602.606	282.9808	0.7383887	0.4361547	14.17527
17034	-4322.092	-4606.987	284.895	0.8568767	0.3511065	13.20652
17040	-4313.885	-4597.906	284.0219	0.7478316	0.4551396	13.61277
17046	-4304.019	-4589.674	285.6549	0.6642944	0.4501789	12.8121
17052	-4297.98	-4581.306	283.3263	0.7959913	0.3641994	14.03829
17058	-4311.919	-4598.485	286.5664	0.757849	0.4274326	12.3102
17064	-4316.294	-4603.129	286.8349	0.7482634	0.3017884	12.3102
17070	-4309.162	-4596.014	286.8515	0.7290636	0.3029086	12.3102
17076	-4305.961	-4592.324	286.3636	0.7522368	0.4682173	12.38083
17082	-4303.154	-4587.698	284.5432	0.8844236	0.3942744	13.32966
17088	-4302.966	-4592.277	289.3115	0.8028127	0.378329	10.90149
17094	-4304.221	-4593.979	289.7579	0.8219884	0.378329	10.65742
17100	-4300.433	-4590.456	290.0229	0.8799442	0.3652726	10.5018
17106	-4305.973	-4597.796	291.8231	1.00322	0.4212715	9.431686
17112	-4322.849	-4618.48	295.6306	1.2087	0.2859205	7.449755
17118	-4321.287	-4614.474	293.1861	1.257475	0.4377015	8.559419
17124	-4314.04	-4603.729	289.6885	1.082998	0.4935489	10.44657
17130	-4299.922	-4588.119	288.1974	0.7109294	0.359754	11.55238
17136	-4301.392	-4589.266	287.874	0.8715526	0.365619	11.63113
17142	-4307.571	-4596.495	288.9237	0.8134921	0.4679829	11.01179
17148	-4316.935	-4605.565	288.6296	1.064564	0.4932812	11.01179
17154	-4306.652	-4593.835	287.1828	0.9048023	0.5099586	11.83748
17160	-4309.53	-4598.467	288.937	0.9189632	0.3475547	11.07003
17166	-4336.523	-4619.667	283.1433	0.9066099	0.3379267	14.10446
17172	-4324.743	-4611.052	286.3094	0.8894136	0.4601063	12.34496
17178	-4312.836	-4598.887	286.0507	0.7800025	0.463087	12.534
17184	-4317.621	-4604.115	286.494	0.8270495	0.3841266	12.35497
17190	-4318.165	-4602.345	284.1801	0.7318573	0.3962261	13.59548
17196	-4316.218	-4601.494	285.2754	0.8067416	0.3501722	13.03591
17202	-4305.882	-4591.563	285.6809	0.855948	0.4161221	12.73121
17208	-4319.912	-4603.119	283.2073	0.8179444	0.382835	14.06911
17214	-4327.899	-4615.093	287.1937	0.8593853	0.346216	12.01379
17220	-4320.701	-4611.102	290.4011	0.8513615	0.302955	10.38941
17226	-4318.169	-4607.367	289.1979	0.8700808	0.4501323	10.85487
17232	-4327.707	-4616.767	289.0605	0.9091697	0.3952602	10.95978
17238	-4316.836	-4604.28	287.444	0.895751	0.3933269	11.8142
17244	-4314.173	-4601.941	287.7679	0.7790358	0.4197323	11.6797
17250	-4314.851	-4602.943	288.092	0.7835654	0.3878834	11.53983
17256	-4308.748	-4593.674	284.9257	0.7408047	0.4087135	13.19115
17262	-4316.321	-4600.38	284.059	0.7613644	0.3787381	13.66091
17268	-4316.485	-4600.364	283.8796	0.70024	0.4397952	13.72553
17274	-4316.584	-4599.057	282.4734	0.7139304	0.372884	14.51358
17280	-4307.116	-4589.613	282.4975	0.7258682	0.4685196	14.40245
17286	-4302.23	-4587.665	285.4349	0.7443054	0.4398604	12.89456
17292	-4315.155	-4601.813	286.6578	0.8242514	0.3740665	12.28152
17298	-4305.233	-4591.224	285.9911	0.6693531	0.4116794	12.67121
17304	-4308.449	-4592.349	283.9	0.7886073	0.3829155	13.72494
17310	-4301.397	-4584.717	283.3197	0.741065	0.4495855	13.98565
17316	-4286.239	-4572.254	286.0151	0.7262289	0.35823	12.68422
17322	-4294.605	-4583.822	289.217	0.7811417	0.365193	10.97632
17328	-4300.163	-4587.484	287.3213	0.7611593	0.3716837	11.97094
17334	-4284.307	-4571.344	287.0372	0.7129266	0.3521818	12.16521
17340	-4284.373	-4571.296	286.9226	0.6719602	0.3802967	12.21635
17346	-4294.606	-4581.685	287.0794	0.6434179	0.3195124	12.21635
17352	-4291.448	-4576.65	285.2011	0.7004334	0.4749982	13.0068
17358	-4300.422	-4585.596	285.1738	0.7154019	0.4822744	13.0068
17364	-4311.001	-4597.816	286.8155	0.9469028	0.4183443	12.09056
17370	-4320.81	-4604.247	283.4368	0.736663	0.3916117	13.98329
17376	-4313.565	-4601.489	287.9243	0.8453316	0.4938033	11.4951
17382	-4313.011	-4599.581	286.5692	0.7259949	0.4938033	12.26471
17388	-4320.565	-4608.753	288.1882	0.7796464	0.4662022	11.41603
17394	-4314.293	-4602.22	287.9274	0.7660157	0.415829	11.60696
17400	-4343.972	-4630.162	286.1903	0.8367726	0.4071625	12.48481
17406	-4336.253	-4622.945	286.6918	0.8636479	0.3940149	12.22267
17412	-4329.007	-4615.29	286.2831	0.8716184	0.3600552	12.467
17418	-4337.674	-4622.875	285.2009	0.8716184	0.474475	12.91836
17424	-4339.05	-4625.565	286.5144	1.042587	0.3460291	12.2727
17430	-4324.879	-4616.205	291.3259	1.047547	0.3135494	9.786887
17436	-4325.507	-4615.428	289.9209	0.9996045	0.3579582	10.50044
17442	-4318.898	-4607.539	288.641	0.8558022	0.431719	11.17144
17448	-4316.317	-4602.339	286.022	0.8404768	0.4067658	12.57088
17454	-4315.276	-4605.834	290.558	0.9828108	0.4067658	10.12349
17460	-4315.331	-4603.879	288.5476	0.8332513	0.3587194	11.30645
17466	-4321.72	-4607.564	285.8439	0.895314	0.3665518	12.67637
17472	-4329.085	-4617.091	288.0055	0.9451819	0.4290573	11.45966
17478	-4330.412	-4617.669	287.2567	0.8275683	0.4608931	11.88244
17484	-4328.568	-4618.318	289.7497	0.876494	0.4303084	10.58088
17490	-4316.234	-4606.17	289.9353	1.064873	0.3139717	10.50864
17496	-4316.56	-4606.511	289.9516	0.7859701	0.4447971	10.50864
17502	-4323.919	-4612.064	288.1447	0.932413	0.4737607	11.35203
17508	-4318.31	-4606.479	288.1691	0.9865162	0.4295634	11.35203
17514	-4312.057	-4596.541	284.4839	0.8347876	0.3895583	13.39105
17520	-4307.42	-4596.073	288.6525	0.9484271	0.4541834	11.09579
17526	-4324.232	-4612.915	288.6824	0.8555489	0.4221532	11.15913
17532	-4315.668	-4602.223	286.5552	0.8632316	0.3049986	12.39218
17538	-4306.724	-4596.659	289.9346	0.8535325	0.5099063	10.42364
17544	-4311.188	-4600.541	289.3533	0.7990428	0.3982699	10.86104
17550	-4307.449	-4594.459	287.0102	0.9626862	0.3262535	12.07816
17556	-4327.1	-4615.445	288.3454	0.9399192	0.335058	11.38267
17562	-4320.118	-4606.426	286.308	0.8714943	0.3403208	12.47575
17568	-4338.679	-4627.761	289.0815	0.89214	0.367861	10.98626
17574	-4321.949	-4608.384	286.4351	0.711688	0.3827017	12.44722
17580	-4312.5	-4596.267	283.7667	0.7070889	0.4318698	13.78804
17586	-4311.518	-4595.616	284.0979	0.7416868	0.3459832	13.68591
17592	-4310.19	-4598.74	288.5504	0.8984172	0.3844627	11.2436
17598	-4321.936	-4607.892	285.9561	0.6906416	0.4066508	12.68334
17604	-4314.079	-4599.489	285.4104	0.7756043	0.4113946	12.9184
17610	-4309.605	-4594.218	284.6134	0.8003402	0.3369066	13.39794
17616	-4313.463	-4601.149	287.6859	0.7360267	0.4211974	11.74353
17622	-4317.912	-4603.258	285.3458	0.8749374	0.3623527	12.95065
17628	-4316.39	-4603.204	286.8138	0.8154688	0.5454463	12.04713
17634	-4322.133	-4610.204	288.0718	0.7520292	0.5490726	11.42035
17640	-4331.919	-4620.561	288.6412	0.7482154	0.3655092	11.29465
17646	-4313.752	-4603.862	290.11	0.8288486	0.3252277	10.5276
17652	-4316.875	-4600.839	283.9634	0.8268026	0.386981	13.66804
17658	-4328.461	-4616.46	287.9983	0.8964932	0.4600813	11.45977
17664	-4310.56	-4597.962	287.4024	0.8843111	0.5141652	11.72994
17670	-4309.543	-4597.312	287.7688	0.9821865	0.4079663	11.58465
17676	-4307.036	-4593.548	286.5124	0.9946111	0.3502101	12.29415
17682	-4300.585	-4584.316	283.7311	0.7761512	0.4387344	13.76418
17688	-4303.557	-4590.245	286.6885	0.7628188	0.3312566	12.34434
17694	-4307.661	-4594.598	286.9373	0.7849902	0.5510198	11.99411
17700	-4308.265	-4595.482	287.217	0.8839327	0.5510198	11.79649
17706	-4318.454	-4606.147	287.6935	0.7579536	0.5510198	11.61343
17712	-4309.497	-4597.687	288.1899	0.7579536	0.3031949	11.59635
17718	-4305.137	-4593.413	288.2762	0.8762308	0.323347	11.46559
17724	-4308.447	-4596.655	288.2076	0.7838919	0.4013504	11.46559
17730	-4300.007	-4588.817	288.81	0.9544893	0.3937163	11.06883
17736	-4297.33	-4586.538	289.2078	0.8994885	0.3767423	10.90688
17742	-4303.731	-4594.49	290.7598	0.9423798	0.4691009	9.979091
17748	-4302.332	-4593.519	291.187	0.9175361	0.5433446	9.702975
17754	-4302.275	-4591.178	288.9026	1.051747	0.6235671	10.77072
17760	-4328.695	-4616.176	287.4809	0.7737125	0.3500467	11.9044
17766	-4325.159	-4613.735	288.5756	0.9387372	0.3500467	11.24607
17772	-4312.453	-4600.921	288.468	0.8561718	0.4483325	11.24607
17778	-4317.094	-4606.134	289.0392	0.9917325	0.4672106	10.85855
17784	-4325.794	-4609.667	283.873	0.818348	0.2828091	13.83707
17790	-4324.698	-4606.961	282.2626	0.7301204	0.355247	14.63306
17796	-4316.297	-4602.657	286.3596	0.8533395	0.3605393	12.43613
17802	-4323.194	-4608.66	285.4663	0.6890666	0.3560799	12.99137
17808	-4325.151	-4608.924	283.7733	0.7486935	0.404943	13.78915
17814	-4325.722	-4610.359	284.6364	0.7831016	0.4112374	13.31698
17820	-4328.229	-4614.655	286.4267	0.8309635	0.4441842	12.32899
17826	-4327.2	-4613.196	285.9957	1.0258	0.337723	12.56091
17832	-4332.786	-4617.535	284.7487	0.887346	0.3746499	13.24158
17838	-4335.37	-4620.985	285.6147	0.8111266	0.4105926	12.79441
17844	-4338.785	-4625.185	286.3992	0.7913462	0.2854356	12.53485
17850	-4333.943	-4620.113	286.1699	0.825204	0.4044695	12.50414
17856	-4341.638	-4629.25	287.6123	0.9671774	0.3889088	11.69349
17862	-4348.087	-4636.465	288.3783	1.035059	0.5508491	11.11047
17868	-4341.122	-4629.62	288.4983	0.9827022	0.5082814	11.11047
17874	-4309.967	-4596.496	286.5295	0.852992	0.3415559	12.36861
17880	-4316.05	-4601.212	285.1621	0.7938467	0.3971188	13.05225
17886	-4310.646	-4596.449	285.8023	0.8313161	0.3389876	12.76143
17892	-4315.951	-4605.583	289.6316	0.8903195	0.4452482	10.6214
17898	-4313.397	-4602.415	289.0185	0.8923647	0.5432639	10.85603
17904	-4307.001	-4592.926	285.925	0.7932848	0.4186847	12.63426
17910	-4311.974	-4598.133	286.1586	0.6630934	0.3657818	12.63426
17916	-4316.162	-4605.124	288.9623	0.7371363	0.3587156	11.13974
17922	-4333.151	-4618.692	285.5407	0.680745	0.3578821	12.95505
17928	-4310.484	-4597.963	287.4792	0.8117637	0.4512159	11.78343
17934	-4299.797	-4583.979	284.1823	0.7758035	0.36681	13.60189
17940	-4298.675	-4586.211	287.5358	0.8111439	0.4369843	11.76754
17946	-4295.176	-4582.422	287.2453	0.8895791	0.5649441	11.76761
17952	-4300.641	-4593.081	292.4402	1.129793	0.3956958	9.064278
17958	-4301.488	-4591.456	289.9681	1.059502	0.5172077	10.29159
17964	-4313.772	-4603.628	289.8558	0.9010882	0.4292761	10.5133
17970	-4322.279	-4611.852	289.5724	0.9010882	0.4083542	10.6825
17976	-4325.188	-4612.189	287.0009	0.8281133	0.4003131	12.07363
17982	-4324.099	-4611.287	287.1878	0.8281133	0.3109436	12.07363
17988	-4310.467	-4597.554	287.0876	0.7708276	0.385234	12.07363
17994	-4314.778	-4600.097	285.3188	0.6638638	0.2895379	13.15816
18000	-4317.948	-4605.844	287.8959	0.8885223	0.4228508	11.55257
18006	-4318.471	-4608.178	289.7073	0.8960851	0.3254554	10.70334
18012	-4324.419	-4614.792	290.3728	0.8883202	0.4886837	10.19355
18018	-4322.924	-4606.303	283.3788	0.880507	0.421284	13.90944
18024	-4321.885	-4607.917	286.033	0.7934885	0.421284	12.57543
18030	-4330.659	-4617.805	287.1457	0.6778266	0.4591544	12.02009
18036	-4338.191	-4625.641	287.4506	0.6326817	0.3018978	12.04932
18042	-4329.756	-4613.98	284.2249	0.7149498	0.3827442	13.59474
18048	-4314.829	-4601.429	286.6	0.8381895	0.3530744	12.32688
18054	-4309.815	-4592.825	283.0099	0.7321743	0.3631259	14.23652
18060	-4324.206	-4612.078	287.8717	0.7875735	0.3307334	11.71477
18066	-4315.17	-4603.797	288.6269	0.8732724	0.3547085	11.24836
18072	-4319.853	-4608.163	288.31	0.977417	0.4667327	11.24836
18078	-4309.366	-4595.841	286.4753	0.7217124	0.4844594	12.32405
18084	-4317.55	-4604.044	286.4939	0.7871606	0.4436012	12.31738
18090	-4312.82	-4598.969	286.1492	0.7929161	0.4185585	12.51787
18096	-4325.863	-4610.952	285.0889	0.7697909	0.36318	13.13801
18102	-4323.793	-4608.896	285.103	0.8241141	0.3308774	13.13801
18108	-4327.066	-4615.747	288.6814	0.8156359	0.4111021	11.19138
18114	-4322.512	-4609.389	286.8774	0.8736698	0.3195982	12.20153
18120	-4332.83	-4620.209	287.3795	0.7373497	0.3772344	11.94714
18126	-4322.287	-4611.11	288.8223	0.8049939	0.3203134	11.22072
18132	-4309.687	-4596.861	287.1741	0.708111	0.4062352	12.03996
18138	-4307.246	-4595.106	287.8604	0.7671734	0.386737	11.67061
18144	-4322.648	-4612.482	289.8337	0.8148746	0.4718442	10.53042
18150	-4323.435	-4614.354	290.9184	0.9151495	0.4560293	9.92191
18156	-4320.905	-4607.633	286.7278	0.9494041	0.4560293	12.09933
18162	-4353.405	-4638.113	284.708	0.8800214	0.2534717	13.40975
18168	-4338.179	-4624.662	286.483	0.8591591	0.4106823	12.31716
18174	-4339.372	-4625.925	286.553	0.968077	0.3464061	12.29099
18180	-4323.026	-4610.641	287.6151	0.8432542	0.4862882	11.66434
18186	-4312.536	-4600.14	287.6042	0.9447565	0.4873689	11.61606
18192	-4317.164	-4603.538	286.374	0.8656509	0.3848771	12.39659
18198	-4325.231	-4613.843	288.6116	0.9531777	0.5370879	11.0424
18204	-4313.179	-4601.262	288.0838	0.8689049	0.4765359	11.41461
18210	-4320.848	-4607.107	286.2586	0.9409726	0.4322746	12.37051
18216	-4319.789	-4606.436	286.6475	0.9201902	0.3988644	12.21137
18222	-4321.154	-4607.97	286.8153	0.8316939	0.3622688	12.20805
18228	-4305.462	-4592.861	287.3994	0.7181827	0.4044608	11.91891
18234	-4343.339	-4627.429	284.0905	0.839796	0.3924346	13.58979
18240	-4336.394	-4621.558	285.1636	0.9203689	0.415682	12.96722
18246	-4334.7	-4624.668	289.968	0.9776579	0.4809617	10.36622
18252	-4328.807	-4616.586	287.7792	1.00499	0.5104528	11.47314
18258	-4310.894	-4598.9	288.0053	1.028836	0.4955416	11.35526
18264	-4317.612	-4601.957	284.3448	0.7232231	0.4599939	13.45343
18270	-4302.905	-4591.642	288.7368	0.9512614	0.4428365	11.06072
18276	-4305.895	-4593.184	287.2888	0.8471961	0.5265029	11.79825
18282	-4306.53	-4594.022	287.4917	0.8999913	0.3824259	11.79825
18288	-4303.898	-4590.973	287.0757	0.8758174	0.4527236	11.95925
18294	-4307.177	-4595.109	287.932	0.826028	0.4527236	11.53806
18300	-4310.876	-4599.279	288.4032	0.7883759	0.4125012	11.34981
18306	-4309.766	-4597.428	287.6613	0.8448433	0.4715874	11.65247
18312	-4304.78	-4594.427	289.6471	0.8709365	0.3944367	10.67319
18318	-4317.257	-4606.817	289.5607	0.973917	0.45127	10.60909
18324	-4308.871	-4596.876	288.0047	0.7210985	0.3992024	11.6066
18330	-4335.938	-4625.357	289.4185	0.942705	0.3352276	10.81915
18336	-4324.747	-4613.014	288.2669	0.8643295	0.4540995	11.34166
18342	-4308.123	-4594.993	286.8693	0.9074409	0.4664159	12.0379
18348	-4314.516	-4602.358	287.8421	0.9476148	0.43956	11.53379
18354	-4303.808	-4591.061	287.2524	0.7638916	0.4941244	11.88832
18360	-4325.475	-4614.364	288.8892	0.8195735	0.3141962	11.18527
18366	-4325.415	-4613.01	287.5949	0.7360874	0.4127885	11.79925
18372	-4310.452	-4596.75	286.2972	0.9024076	0.4195041	12.38281
18378	-4307.081	-4593.409	286.3277	0.8835512	0.4132715	12.38281
18384	-4307.555	-4594.969	287.4143	0.8831526	0.3426509	11.89024
18390	-4309.112	-4594.161	285.049	0.7068957	0.3997332	13.15359
18396	-4308.133	-4592.839	284.7059	0.8011454	0.4871273	13.20117
18402	-4315.797	-4602.857	287.0599	0.7762902	0.5017973	11.97567
18408	-4325.486	-4614.554	289.0689	0.8702178	0.5176166	10.86251
18414	-4300.45	-4589.086	288.6353	0.8152888	0.4331406	11.19424
18420	-4306.879	-4594.252	287.3726	0.8152888	0.4360761	11.85145
18426	-4294.797	-4580.572	285.7746	0.7534232	0.4290166	12.72333
18432	-4296.476	-4583.791	287.3147	0.8935719	0.3261974	11.95539
18438	-4298.289	-4585.819	287.5293	0.7943613	0.4808358	11.73954
18444	-4304.691	-4591.696	287.0055	0.7161477	0.411084	12.11891
18450	-4294.473	-4583.572	289.0993	0.8947857	0.3612857	10.98265
18456	-4305.86	-4597.949	292.0892	0.9380408	0.4267368	9.320227
18462	-4328.863	-4618.559	289.696	0.8510195	0.3761737	10.6769
18468	-4316.46	-4605.872	289.4122	0.8318923	0.4146337	10.79657
18474	-4302.937	-4589.602	286.6654	0.6891582	0.4223985	12.29926
18480	-4296.12	-4583.775	287.6554	0.7141891	0.424924	11.7673
18486	-4293.301	-4582.493	289.1919	0.8709121	0.3945139	10.91175
18492	-4299.155	-4588.383	289.2286	0.9315919	0.5481931	10.72128
18498	-4302.166	-4593.169	291.0025	0.9254145	0.3867441	9.940169
18504	-4307.269	-4595.35	288.0808	0.8254193	0.3610889	11.55207
18510	-4310.31	-4597.031	286.7212	0.7496192	0.3468728	12.31667
18516	-4311.929	-4601.022	289.0931	0.8593044	0.3809004	10.98367
18522	-4306.154	-4594.007	287.8526	0.8614171	0.4293505	11.5831
18528	-4312.543	-4599.234	286.6917	0.9955469	0.4468508	12.10255
18534	-4308.583	-4596.142	287.5593	0.8099804	0.3810667	11.81139
18540	-4308.322	-4597.449	289.1274	0.8995585	0.4593748	10.86782
18546	-4313.953	-4603.57	289.6168	0.7979355	0.3552919	10.76872
18552	-4306.962	-4594.684	287.7221	0.7468187	0.3567988	11.78511
18558	-4304.411	-4590.286	285.8742	0.8588541	0.4207349	12.62458
18564	-4305.179	-4595.448	290.2693	0.9544559	0.3749651	10.3229
18570	-4312.207	-4600.063	287.8564	0.8145322	0.4640413	11.57317
18576	-4309.515	-4598.645	289.1296	0.9319762	0.4143274	10.89252
18582	-4321.894	-4611.258	289.3631	0.8379072	0.3236481	10.91638
18588	-4315.977	-4605.989	290.0116	0.8783133	0.3276137	10.55051
18594	-4297.327	-4583.119	285.7919	0.8185769	0.3792977	12.72997
18600	-4307.994	-4594.419	286.4252	0.9099008	0.3083706	12.43156
18606	-4305.5	-4594.237	288.7376	0.8271715	0.4637916	11.10588
18612	-4291.755	-4578.358	286.6031	0.7914736	0.3624246	12.33945
18618	-4294.688	-4583.086	288.3979	0.8293777	0.3940582	11.34965
18624	-4299.018	-4583.449	284.4313	0.7362584	0.4365198	13.42352
18630	-4293.184	-4580.531	287.3474	0.8694847	0.4216834	11.85014
18636	-4295.006	-4580.632	285.6262	0.8404801	0.5118321	12.68081
18642	-4291.875	-4581.719	289.8435	0.8415574	0.5004652	10.48591
18648	-4303.336	-4589.269	285.9335	0.7437195	0.5397855	12.54798
18654	-4307.674	-4593.258	285.5841	0.7809832	0.3768935	12.86017
18660	-4300.727	-4588.292	287.5648	0.8488756	0.3768935	11.79254
18666	-4302.553	-4589.632	287.0786	0.8590205	0.3795793	12.03822
18672	-4289.922	-4578.551	288.6289	0.8175438	0.5069743	11.12965
18678	-4313.656	-4601.341	287.6851	0.7433073	0.2899563	11.88386
18684	-4311.663	-4594.221	282.5578	0.8567574	0.3659441	14.40317
18690	-4319.109	-4603.269	284.1596	0.8743624	0.4558221	13.47497
18696	-4297.034	-4586.184	289.1499	0.8126792	0.3522099	11.00904
18702	-4294.277	-4578.899	284.6221	0.751095	0.4740575	13.28229
18708	-4298.128	-4585.231	287.1026	0.8745873	0.5096607	11.89535
18714	-4302.163	-4589.741	287.5777	0.7239564	0.4500819	11.77894
18720	-4288.981	-4576.923	287.9418	0.822085	0.4500819	11.53744
18726	-4306.921	-4595.724	288.8027	0.8992957	0.3274443	11.17335
18732	-4310.175	-4598.039	287.8638	0.9464656	0.3607025	11.60261
18738	-4302.022	-4588.66	286.6382	0.9071508	0.5136793	12.11723
18744	-4311.303	-4596.027	284.7241	0.9318028	0.4297751	13.1762
18750	-4318.627	-4604.498	285.8717	0.8062559	0.4278273	12.64645
18756	-4316.241	-4601.096	284.855	0.7929023	0.4222934	13.18754
18762	-4327.751	-4614.847	287.0958	0.7119056	0.3162247	12.17593
18768	-4322.318	-4605.884	283.5658	0.7688622	0.3259257	13.97042
18774	-4316.282	-4602.77	286.4876	0.8949688	0.6075661	12.12732
18780	-4340.957	-4628.429	287.4718	0.9684044	0.3435251	11.8147
18786	-4322.019	-4610.118	288.0992	0.9552066	0.4084996	11.42554
18792	-4314.529	-4601.469	286.94	0.8592063	0.3252144	12.1699
18798	-4329.819	-4615.961	286.1418	0.7856787	0.3290894	12.61965
18804	-4329.507	-4616.126	286.6182	0.7483754	0.4614718	12.25628
18810	-4334.875	-4622.348	287.4727	0.8428662	0.4935793	11.73254
18816	-4325.825	-4614.298	288.4722	0.8601088	0.4935793	11.20101
18822	-4333.961	-4622.897	288.9355	0.7591763	0.4935793	11.01129
18828	-4339.489	-4624.012	284.5232	0.7695782	0.3741281	13.42043
18834	-4344.798	-4628.016	283.2172	0.6094874	0.3987374	14.15588
18840	-4339.521	-4623.26	283.7396	0.7489526	0.4310107	13.78118
18846	-4347.993	-4631.851	283.858	0.8418548	0.3398277	13.76528
18852	-4338.964	-4625.801	286.8364	0.649933	0.3095266	12.35141
18858	-4331.914	-4621.016	289.102	0.8282118	0.3095266	11.07488
18864	-4321.704	-4607.347	285.6438	0.7245954	0.4732683	12.7655
18870	-4321.25	-4607.102	285.852	0.9015872	0.5694105	12.48448
18876	-4325.849	-4614.781	288.9319	0.932289	0.3459014	11.06754
18882	-4316.916	-4606.787	289.871	0.9241305	0.4504741	10.47309
18888	-4314.261	-4597.51	283.2493	0.8014831	0.3444333	14.09679
18894	-4325.016	-4611.173	286.157	0.6811789	0.3297284	12.66543
18900	-4327.326	-4615.468	288.1417	0.7516593	0.3699133	11.54931
18906	-4320.963	-4610.66	289.6974	0.9684698	0.3357317	10.6588
18912	-4314.519	-4604.311	289.7915	0.8743975	0.3357317	10.6588
18918	-4326.189	-4609.824	283.6353	0.7534118	0.352862	13.9123
18924	-4331.4	-4618.441	287.0408	0.8502502	0.352862	12.091
18930	-4333.268	-4618.364	285.0954	0.7896242	0.3536135	13.13461
18936	-4317.331	-4603.367	286.0359	0.9037476	0.45245	12.48704
18942	-4320.043	-4603.394	283.3516	0.9242038	0.4211268	13.90099
18948	-4317.94	-4605.514	287.5743	0.801021	0.3447403	11.84726
18954	-4318.398	-4601.674	283.2763	0.7826191	0.3921587	14.0421
18960	-4322.946	-4612.176	289.2298	0.9359148	0.377349	10.87562
18966	-4328.421	-4614.245	285.8246	0.8441471	0.4428455	12.637
18972	-4311.796	-4598.832	287.0361	0.9857099	0.6490273	11.76332
18978	-4317.503	-4605.09	287.5862	1.026759	0.4100825	11.65468
18984	-4325.302	-4609.705	284.4033	0.8169785	0.4259104	13.40619
18990	-4322.438	-4610.404	287.9652	1.008165	0.5642465	11.32997
18996	-4328.229	-4616.089	287.8606	1.051542	0.4475238	11.46234
19002	-4316.633	-4601.4	284.767	0.8442605	0.480597	13.15276
19008	-4302.055	-4586.026	283.9708	0.7489352	0.3252475	13.77145
19014	-4311.392	-4596.795	285.4035	0.7619449	0.3614329	12.98036
19020	-4325.267	-4610.632	285.3649	0.8081028	0.4281189	12.90893
19026	-4327.252	-4615.523	288.2706	0.8388778	0.3793709	11.4264
19032	-4317.655	-4603.113	285.4588	0.7955042	0.448919	12.84706
19038	-4310.056	-4598.324	288.267	0.7381045	0.4486733	11.41264
19044	-4319.06	-4605.496	286.4358	0.7335161	0.4221496	12.39603
19050	-4314.858	-4602.325	287.4674	0.8144534	0.3694061	11.86926
19056	-4309.055	-4597.099	288.0435	0.7872463	0.3694061	11.58257
19062	-4334.29	-4618.691	284.4009	0.721194	0.477115	13.40998
19068	-4328.449	-4617.393	288.9441	0.8787385	0.4431454	10.98987
19074	-4316.447	-4602.401	285.9537	0.8005713	0.4249135	12.60951
19080	-4319.528	-4609.036	289.508	0.7645278	0.2939226	10.91456
19086	-4322.801	-4614.095	291.2937	1.01802	0.3980672	9.726361
19092	-4315.401	-4603.368	287.9675	0.9084072	0.4259411	11.50174
19098	-4307.696	-4595.652	287.9566	0.9015253	0.4410738	11.49665
19104	-4301.623	-4588.094	286.4711	0.8923027	0.5377568	12.19207
19110	-4305.896	-4593.762	287.8662	0.9250894	0.3623381	11.61076
19116	-4308.676	-4596.825	288.1492	0.8707694	0.5714066	11.29991
19122	-4302.363	-4588.651	286.2877	0.86175	0.4667057	12.3647
19128	-4307.997	-4595.67	287.6732	0.801467	0.4506976	11.68802
19134	-4315.551	-4600.323	284.7721	0.7085454	0.4318585	13.2653
19140	-4323.81	-4610.379	286.5685	0.9636685	0.3852847	12.24371
19146	-4321.394	-4607.169	285.7748	0.9229607	0.5036294	12.56751
19152	-4319.872	-4609.122	289.2501	0.9723253	0.3522499	10.87285
19158	-4318.613	-4607.819	289.2061	0.8915724	0.4151298	10.87285
19164	-4322.535	-4605.449	282.9142	0.8428425	0.3608773	14.23115
19170	-4331.323	-4619.691	288.3684	0.7401383	0.3699186	11.43687
19176	-4342.736	-4630.225	287.4892	0.7582268	0.4729254	11.78638
19182	-4329.935	-4618.269	288.3344	0.8605267	0.4376921	11.3237
19188	-4333.427	-4618.296	284.8683	0.7728586	0.5001902	13.12013
19194	-4326.45	-4610.865	284.4154	0.6713093	0.3454771	13.55824
19200	-4314.268	-4599.387	285.1187	0.6840648	0.4979214	13.03806
19206	-4315.933	-4602.984	287.0506	0.6790868	0.4353143	12.09126
19212	-4295.159	-4582.519	287.3598	0.7193951	0.4268704	11.91698
19218	-4305.218	-4594.522	289.3045	0.8250911	0.4268704	10.84463
19224	-4299.854	-4587.694	287.8405	0.8234662	0.4135423	11.62463
19230	-4311.402	-4599.322	287.9208	0.8234662	0.372388	11.62463
19236	-4325.06	-4611.875	286.8148	0.9871219	0.2888866	12.21202
19242	-4314.636	-4602.374	287.7387	0.7340995	0.4115038	11.72651
19248	-4323.771	-4609.844	286.0723	0.7468914	0.3953146	12.60493
19254	-4333.949	-4616.666	282.7168	0.8448734	0.3677959	14.325
19260	-4340.31	-4623.889	283.5787	0.8046947	0.4502872	13.81769
19266	-4324.181	-4612.354	288.1721	0.7833854	0.3376239	11.55217
19272	-4303.536	-4590.944	287.4081	0.7675557	0.3422492	11.95425
19278	-4326.362	-4616.665	290.3026	0.783543	0.3788624	10.39109
19284	-4308.121	-4593.44	285.3192	0.772909	0.3288263	13.05458
19290	-4317.779	-4607.783	290.0032	0.9164054	0.4187388	10.4381
19296	-4319.072	-4607.591	288.5189	0.8724188	0.4286971	11.22952
19302	-4315.04	-4600.819	285.7786	0.7924367	0.4053792	12.724
19308	-4323.707	-4609.538	285.8304	0.7016628	0.4261432	12.724
19314	-4338.443	-4624.933	286.49	0.7011602	0.3622092	12.44568
19320	-4341.527	-4627.167	285.6392	0.6799148	0.4294645	12.83163
19326	-4332.647	-4619.475	286.8275	0.7376737	0.5145385	12.10618
19332	-4344.552	-4632.148	287.596	0.795097	0.3528575	11.83004
19338	-4339.225	-4624.149	284.9242	0.709274	0.4143465	13.20276
19344	-4327.385	-4614.909	287.5242	0.8499393	0.4339853	11.75622
19350	-4317.76	-4608.264	290.5042	1.031548	0.3744517	10.15945
19356	-4339.059	-4628.743	289.6842	0.8514145	0.3063707	10.76145
19362	-4323.134	-4609.7	286.5661	0.8062017	0.4203959	12.29194
19368	-4321.774	-4608.41	286.6359	0.736427	0.4203959	12.29194
19374	-4333.444	-4619.977	286.533	0.8006979	0.3586842	12.37521
19380	-4328.743	-4616.289	287.5453	0.8201475	0.3939955	11.80009
19386	-4329.323	-4614.514	285.1911	0.6875497	0.4335147	13.05684
19392	-4332.318	-4615.273	282.9545	0.7133275	0.5115381	14.13473
19398	-4324.614	-4609.476	284.862	0.8297823	0.4207307	13.16623
19404	-4317.043	-4602.006	284.963	0.6971251	0.4207307	13.1827
19410	-4324.883	-4612.558	287.6745	0.9044872	0.4277346	11.65519
19416	-4311.149	-4593.455	282.3056	0.8222689	0.4145902	14.50226
19422	-4314.417	-4599.413	284.9957	0.7515623	0.3331757	13.22887
19428	-4327.037	-4613.39	286.3529	0.7811325	0.3328239	12.50785
19434	-4316.4	-4602.699	286.299	0.7149097	0.3910713	12.50785
19440	-4315.99	-4596.984	280.9944	0.7930673	0.3910713	15.21917
19446	-4306.527	-4592.431	285.9044	0.7832101	0.4177908	12.65109
19452	-4318.376	-4605.089	286.7135	0.7578833	0.4172886	12.24329
19458	-4310.599	-4596.463	285.8645	0.7551325	0.4172886	12.68701
19464	-4310.353	-4594.309	283.9558	0.777161	0.3795567	13.7054
19470	-4335.623	-4619.665	284.0426	0.7386964	0.4926071	13.57337
19476	-4324.86	-4608.654	283.7943	0.7736328	0.4058785	13.76435
19482	-4325.862	-4613.705	287.8432	1.002879	0.3808411	11.56254
19488	-4345.772	-4634.712	288.9399	0.8674372	0.4511255	10.99054
19494	-4334.268	-4625.091	290.8226	0.8861619	0.4905373	9.956437
19500	-4332.807	-4623.536	290.7294	0.8301264	0.452885	10.06909
19506	-4325.493	-4611.992	286.499	0.6916465	0.4102406	12.39652
19512	-4331.709	-4616.687	284.9779	0.7072131	0.4502331	13.14181
19518	-4324.307	-4610.965	286.6587	0.9102284	0.3690681	12.24151
19524	-4330.515	-4622.603	292.088	1.04059	0.3838174	9.309997
19530	-4317.01	-4606.118	289.1084	1.020649	0.3479389	10.92654
19536	-4310.798	-4599.624	288.8254	0.9029768	0.4091636	11.07218
19542	-4311.14	-4599.999	288.8588	1.014436	0.3375329	11.07218
19548	-4326.006	-4614.303	288.2964	1.083219	0.4354387	11.2292
19554	-4322.501	-4611.078	288.577	0.9442899	0.3622253	11.2292
19560	-4334.585	-4618.854	284.2691	0.8102388	0.4603224	13.44727
19566	-4339.776	-4624.766	284.9902	0.7563429	0.4603224	13.10063
19572	-4329.999	-4621.263	291.2639	1.071136	0.4555758	9.658089
19578	-4323.43	-4610.507	287.077	0.8010813	0.4074788	12.04087
19584	-4316.604	-4601.239	284.6351	0.7745718	0.4072454	13.32601
19590	-4319.338	-4606.957	287.6182	0.823191	0.4136602	11.74076
19596	-4321.475	-4610.237	288.7623	0.824142	0.3915213	11.16432
19602	-4307.834	-4595.931	288.0975	0.8588527	0.4673339	11.421
19608	-4302.967	-4591.159	288.1916	0.8961422	0.3724102	11.44509
19614	-4303.571	-4592.629	289.0579	1.023802	0.2737056	11.04009
19620	-4303.871	-4594.266	290.3956	0.9975302	0.5539518	10.06897
19626	-4314.573	-4604.43	289.8562	0.971228	0.6236738	10.31233
19632	-4313.591	-4601.485	287.8934	1.006467	0.667932	11.29092
19638	-4318.36	-4604.873	286.5128	0.8562977	0.4350018	12.2796
19644	-4306.173	-4590.54	284.3662	0.8562977	0.3609497	13.4709
19650	-4310.808	-4597.425	286.6176	0.887056	0.349725	12.29589
19656	-4305.871	-4593.473	287.6016	0.9194431	0.563243	11.56728
19662	-4293.666	-4579.847	286.1808	0.9135391	0.4041377	12.45276
19668	-4304.434	-4589.304	284.8703	0.7314775	0.4407904	13.1939
19674	-4311.789	-4600.318	288.5294	0.8766543	0.3846769	11.26576
19680	-4311.264	-4599.702	288.4382	0.920988	0.3003937	11.38474
19686	-4318.796	-4604.214	285.4174	0.7847337	0.3003937	13.03078
19692	-4334.535	-4622.491	287.9566	0.899862	0.3567178	11.58278
19698	-4322.427	-4604.51	282.0831	0.9299052	0.3141989	14.66873
19704	-4329.398	-4619.014	289.6162	0.9514478	0.4659049	10.57829
19710	-4317.629	-4607.405	289.7757	0.911886	0.399863	10.57869
19716	-4326.062	-4615.849	289.7866	0.8854248	0.598793	10.41273
19722	-4308.597	-4594.84	286.2427	0.7985932	0.5094551	12.38358
19728	-4306.393	-4595.289	288.8965	0.9337081	0.4278498	11.00059
19734	-4303.196	-4591.363	288.1665	0.9738442	0.4819669	11.31164
19740	-4306.866	-4596.419	289.5523	0.9214893	0.5282578	10.57317
19746	-4302.376	-4590.536	288.1608	0.7671972	0.4516919	11.45016
19752	-4305.714	-4597.917	292.2032	0.9176285	0.3591928	9.340449
19758	-4319.546	-4610.001	290.4551	1.004225	0.4042664	10.16883
19764	-4346.192	-4632.836	286.6436	0.9835471	0.3642368	12.21631
19770	-4329.049	-4614.298	285.2492	0.8809693	0.3570114	13.0035
19776	-4338.522	-4622.15	283.6285	0.7170208	0.3217866	13.96951
19782	-4314.529	-4599.862	285.3328	0.7220662	0.4238616	12.97445
19788	-4322.739	-4608.097	285.3582	0.7017465	0.4211377	12.97445
19794	-4334.727	-4624.622	289.8943	0.9786297	0.4331304	10.44863
19800	-4323.155	-4611.361	288.2054	0.9182595	0.3980448	11.39979
19806	-4351.927	-4639.545	287.6186	0.8364147	0.3006001	11.85688
19812	-4327.895	-4614.078	286.1827	0.8269407	0.485596	12.42072
19818	-4329.729	-4616.804	287.0747	0.833275	0.3747696	12.0587
19824	-4331.871	-4618.697	286.8266	0.9020801	0.4711735	12.0587
19830	-4312.256	-4598.833	286.5778	0.945908	0.4584629	12.17712
19836	-4317.46	-4603.638	286.1773	0.8660067	0.299499	12.59422
19842	-4311.241	-4599.994	288.753	0.8530437	0.3356021	11.21427
19848	-4310.759	-4597.914	287.1547	0.9099046	0.3652426	11.98706
19854	-4322.987	-4608.701	285.7144	0.8149195	0.4088492	12.74229
19860	-4323.532	-4610.072	286.54	0.7376703	0.4253567	12.33644
19866	-4323.017	-4611.866	288.8487	0.8858342	0.5041533	10.98122
19872	-4319.051	-4604.324	285.273	0.8535109	0.3774769	12.98367
19878	-4341.467	-4629.821	288.3545	0.7822307	0.5805842	11.23166
19884	-4316.205	-4599.834	283.6298	0.7981782	0.4494912	13.79527
19890	-4313.494	-4599.583	286.0892	0.8649618	0.4494912	12.48218
19896	-4317.674	-4606.522	288.8479	0.7397781	0.3966464	11.15843
19902	-4325.896	-4614.516	288.6205	0.818061	0.4153308	11.21783
19908	-4324.377	-4608.91	284.5322	0.7504532	0.4662629	13.33631
19914	-4317.409	-4605.238	287.8292	0.7849773	0.4041496	11.65994
19920	-4317.079	-4605.917	288.8375	0.8823898	0.3517561	11.13661
19926	-4304.631	-4591.881	287.2499	0.8823898	0.3722857	11.94429
19932	-4307.948	-4597.555	289.6064	0.9951083	0.4083602	10.61533
19938	-4300.164	-4589.593	289.4285	1.026816	0.4903521	10.61533
19944	-4306.367	-4593.487	287.1199	0.7685403	0.3779634	12.06555
19950	-4309.477	-4595.402	285.9244	0.8047831	0.3936851	12.65343
19956	-4307.376	-4593.518	286.1417	0.7973477	0.4859264	12.45721
19962	-4312.704	-4598.722	286.0181	0.7973477	0.3324863	12.67411
19968	-4333.158	-4620.483	287.3244	0.733423	0.3952293	11.95938
19974	-4319.766	-4604.812	285.0458	0.6983117	0.4190964	13.1406
19980	-4330.594	-4619.986	289.3913	1.053737	0.368758	10.73824
19986	-4315.364	-4602.235	286.8713	0.7901119	0.3938741	12.16756
19992	-4309.285	-4592.977	283.6923	0.8338151	0.4649342	13.73029
19998	-4314.273	-4597.86	283.5868	0.7597603	0.3467418	13.94089
20004	-4324.812	-4606.645	281.833	0.7597603	0.4007758	14.7929
20010	-4320.747	-4605.523	284.7762	0.7597603	0.4007758	13.26687
20016	-4316.699	-4603.998	287.299	0.8529547	0.3883272	11.91734
20022	-4307.066	-4595.814	288.7484	0.8652906	0.3782003	11.16382
20028	-4304.575	-4590.076	285.5006	0.9043032	0.4104002	12.80547
20034	-4302.504	-4589.953	287.4489	0.8516413	0.3685917	11.86037
20040	-4307.001	-4591.902	284.9012	0.8608033	0.3302082	13.22459
20046	-4303.088	-4588.092	285.0045	0.955821	0.5168272	12.94005
20052	-4306.841	-4593.279	286.4376	0.854756	0.6183466	12.16634
20058	-4314.628	-4600.708	286.0798	0.8486575	0.5988423	12.37062
20064	-4321.548	-4608.857	287.3085	0.7688216	0.3937261	11.95075
20070	-4322.186	-4609.297	287.1103	0.7823477	0.4965583	11.95075
20076	-4317.851	-4603.468	285.6175	0.8097376	0.3645517	12.84087
20082	-4313.643	-4600.017	286.3736	0.7653618	0.3585257	12.47685
20088	-4321.327	-4607.583	286.256	0.78306	0.3735503	12.51285
20094	-4320.17	-4606.451	286.281	0.7631909	0.3710083	12.51285
20100	-4316.533	-4602.533	285.9995	0.7361812	0.3710083	12.67348
20106	-4324.027	-4607.283	283.2556	0.790495	0.388747	14.0522
20112	-4322.192	-4606.779	284.5865	0.7530498	0.4110941	13.35866
20118	-4335.028	-4620.124	285.0961	0.7584471	0.3800913	13.12235
20124	-4330.798	-4616.056	285.2574	0.7954702	0.3402484	13.0621
20130	-4343.623	-4630.805	287.1824	0.7225889	0.4026688	12.03164
20136	-4344.009	-4629.319	285.3104	0.7264558	0.4016044	13.00568
20142	-4307.519	-4592.298	284.7797	0.7375771	0.3925365	13.28485
20148	-4307.122	-4591.952	284.8299	0.818116	0.3292981	13.28485
20154	-4308.825	-4597.26	288.4347	0.8476059	0.3594701	11.35715
20160	-4309.206	-4594.39	285.1839	0.8705522	0.4830812	12.92014
20166	-4304.863	-4590.182	285.3195	0.9180448	0.4339862	12.86974
20172	-4306.991	-4595.364	288.3731	0.9310676	0.3703892	11.33402
20178	-4303.564	-4592.368	288.8036	1.027104	0.3643044	11.06497
20184	-4318.457	-4603.176	284.7186	0.8082977	0.4191856	13.25341
20190	-4317.203	-4603.534	286.3309	0.8597602	0.3731468	12.43433
20196	-4305.969	-4589.17	283.201	0.8433392	0.5302294	13.92396
20202	-4308.8	-4593.303	284.5031	0.7692231	0.4637069	13.34395
20208	-4312.614	-4596.442	283.828	0.9051965	0.4435787	13.64241
20214	-4284.957	-4572.223	287.2658	0.8901582	0.3394139	11.96769
20220	-4302.139	-4590.191	288.0522	0.9402801	0.3365608	11.53403
20226	-4297.112	-4583.851	286.7391	0.8527607	0.3768186	12.22137
20232	-4289.811	-4576.876	287.0654	0.8527607	0.3799831	12.04795
20238	-4299.299	-4587.481	288.1816	0.8992552	0.3817139	11.43892
20244	-4294.834	-4584.67	289.8362	0.9448639	0.390177	10.53951
20250	-4299.928	-4587.301	287.3729	0.8631555	0.3826575	11.87925
20256	-4310.523	-4595.819	285.2958	0.8725172	0.4898183	12.855
20262	-4310.573	-4596.094	285.5211	0.8598016	0.4711213	12.7609
20268	-4310.064	-4594.364	284.3008	0.8157278	0.3426738	13.54585
20274	-4314.537	-4599.271	284.7338	0.7709276	0.3435337	13.34327
20280	-4312.169	-4598.176	286.0075	0.8942904	0.4716022	12.4893
20286	-4313.101	-4600.229	287.1279	0.9276592	0.4417555	11.91517
20292	-4303.569	-4591.494	287.9245	0.9658601	0.4469569	11.47424
20298	-4298.795	-4589.144	290.3494	0.8865799	0.4272921	10.26353
20304	-4309.431	-4596.473	287.0418	0.7740393	0.490313	11.99625
20310	-4323.34	-4610.492	287.1519	0.8598342	0.3827115	11.99625
20316	-4314.872	-4602.1	287.2279	0.828801	0.4509312	11.90601
20322	-4303.901	-4592.527	288.6261	0.9207966	0.4669422	11.11236
20328	-4317.769	-4606.787	289.0177	0.874565	0.3253235	11.0762
20334	-4319.199	-4606.688	287.4889	0.7915985	0.4678093	11.77374
20340	-4311.722	-4599.469	287.7473	0.7480981	0.3545813	11.77374
20346	-4333.365	-4622.848	289.4829	0.9509997	0.2987948	10.82399
20352	-4350.798	-4637.748	286.9496	0.8945212	0.419882	12.0464
20358	-4347.445	-4634.926	287.4813	0.9032943	0.426166	11.75823
20364	-4336.79	-4624.716	287.9256	0.7590094	0.4582933	11.57128
20370	-4317.567	-4605.479	287.9119	0.7891844	0.3737124	11.64578
20376	-4321.891	-4611.454	289.5635	0.8372914	0.3210008	10.81479
20382	-4316.589	-4605.078	288.4888	0.8425741	0.3105283	11.38707
20388	-4301.938	-4590.997	289.0586	0.8611118	0.3620067	11.02083
20394	-4287.372	-4576.283	288.9116	0.829718	0.4557079	11.02083
20400	-4288.693	-4578.24	289.547	1.081793	0.3798298	10.63015
20406	-4295.112	-4586.661	291.5484	1.022201	0.3743361	9.614548
20412	-4296.973	-4584.742	287.7689	0.8212787	0.4102981	11.66635
20418	-4301.322	-4591.526	290.2038	0.9655715	0.4467872	10.27994
20424	-4301.507	-4588.713	287.2061	0.8394751	0.3933585	11.96768
20430	-4318.7	-4605.441	286.7408	0.7677414	0.3933585	12.24778
20436	-4315.786	-4600.833	285.0462	0.8400406	0.4142866	13.07144
20442	-4333.523	-4619.186	285.6634	0.8552706	0.3601578	12.79802
20448	-4323.973	-4611.703	287.73	0.9521768	0.3907884	11.63793
20454	-4310.733	-4596.45	285.717	0.9718949	0.4140672	12.65408
20460	-4314.301	-4602.048	287.747	0.8778007	0.5457759	11.52707
20466	-4315.59	-4600.402	284.8119	0.9801535	0.4959423	13.04537
20472	-4311.545	-4600.296	288.7507	0.9609062	0.3277947	11.16792
20478	-4316.744	-4609.444	292.7002	1.039504	0.4006368	8.969385
20484	-4323.863	-4613.395	289.5322	0.8269858	0.4369533	10.71459
20490	-4313.053	-4597.976	284.9228	0.8081203	0.4835879	13.08791
20496	-4312.413	-4598.111	285.6977	0.8252489	0.4086589	12.74576
20502	-4313.734	-4600.829	287.0954	0.8292635	0.4312524	11.99345
20508	-4319.656	-4609.451	289.795	0.9519112	0.3770871	10.57104
20514	-4314.358	-4605.33	290.972	0.9516561	0.3245026	10.01085
20520	-4328.966	-4618.427	289.4612	0.8034631	0.4682127	10.7351
20526	-4324.174	-4614.49	290.3165	0.7949052	0.4211842	10.33494
20532	-4315.165	-4605.797	290.6327	0.9064778	0.4967415	10.04023
20538	-4305.921	-4596.66	290.7393	0.8833637	0.4289614	10.05857
20544	-4327.746	-4616.378	288.632	0.9761451	0.452649	11.0934
20550	-4330.635	-4617.596	286.9607	0.8466651	0.3159793	12.17641
20556	-4340.733	-4627.836	287.1022	0.8097191	0.4700299	11.96414
20562	-4346.506	-4636.986	290.4804	0.8615377	0.4700299	10.16777
20568	-4320.98	-4608.653	287.6734	0.9030408	0.407596	11.67621
20574	-4327.62	-4613.436	285.816	0.659602	0.4387143	12.74142
20580	-4326.106	-4613.358	287.2513	0.7169149	0.3786207	12.02323
20586	-4325.419	-4613.752	288.333	0.8825361	0.4014074	11.34836
20592	-4331.622	-4615.718	284.0965	0.6985289	0.3483555	13.70646
20598	-4344.104	-4626.431	282.3266	0.6861121	0.3702363	14.60678
20604	-4331.905	-4618.225	286.32	0.8185996	0.3412192	12.49601
20610	-4321.662	-4606.881	285.2187	0.7129486	0.4505918	13.0133
20616	-4328.814	-4615.047	286.2321	0.6622625	0.3517827	12.61157
20622	-4323.817	-4610.413	286.5963	0.8033603	0.4124631	12.28545
20628	-4324.31	-4610.059	285.7493	0.7650057	0.3796965	12.7796
20634	-4306.344	-4595.11	288.7662	0.8279496	0.4227317	11.12916
20640	-4324.627	-4611.305	286.6778	0.708772	0.4401603	12.26561
20646	-4312.699	-4598.925	286.2257	0.8176216	0.4278176	12.45618
20652	-4314.699	-4600.528	285.8297	0.755796	0.4012563	12.72058
20658	-4313.92	-4603.782	289.8618	0.8792728	0.4012563	10.54923
20664	-4303.743	-4589.475	285.732	0.8628088	0.3343401	12.78683
20670	-4298.73	-4584.923	286.193	0.8628088	0.355809	12.52308
20676	-4308.056	-4596.101	288.0448	0.8086341	0.3615127	11.57921
20682	-4294.225	-4578.73	284.5048	0.777243	0.3067687	13.50119
20688	-4302.229	-4588.25	286.0209	0.6975195	0.3434288	12.71234
20694	-4296.612	-4582.224	285.6116	0.6129148	0.4130574	12.8967
20700	-4307.764	-4594.043	286.2794	0.8383454	0.3102356	12.54255
20706	-4297.558	-4586.152	288.5939	0.8725636	0.4972717	11.12756
20712	-4315.349	-4602.748	287.3986	0.8725636	0.3498682	11.89594
20718	-4305.771	-4592.704	286.9329	0.7435553	0.3187455	12.24141
20724	-4317.559	-4602.344	284.7851	0.7627445	0.3767502	13.2852
20730	-4321.671	-4605.884	284.2128	0.7890989	0.4171315	13.52811
20736	-4317.24	-4604.437	287.1972	0.7946978	0.3571159	12.03376
20742	-4305.448	-4592.585	287.1373	0.8397932	0.4530481	11.94561
20748	-4298.197	-4585.18	286.9837	0.7194555	0.3845505	12.15534
20754	-4309.049	-4597.354	288.3047	0.8474905	0.3758762	11.4077
20760	-4313.467	-4601.14	287.6727	0.7545063	0.3629075	11.8003
20766	-4314.011	-4601.036	287.0244	0.7532495	0.4073066	12.09344
20772	-4337.8	-4622.074	284.2744	0.7392712	0.3781211	13.56121
20778	-4323.282	-4607.829	284.5476	0.7420235	0.3714452	13.42488
20784	-4308.5	-4599.516	291.0152	0.9648066	0.422523	9.876716
20790	-4327.06	-4614.681	287.6213	0.8275867	0.453983	11.69844
20796	-4313.711	-4599.683	285.9724	0.6779448	0.3510046	12.73939
20802	-4306.223	-4595.216	288.9937	0.8830621	0.3837281	11.02032
20808	-4313.777	-4601.945	288.1673	0.6444619	0.4029473	11.55791
20814	-4317.669	-4604.443	286.7741	0.7748486	0.5310806	12.10079
20820	-4318.428	-4602.142	283.7136	0.7591086	0.4703823	13.75307
20826	-4319.112	-4605.045	285.9335	0.7900284	0.5104376	12.54827
20832	-4307.726	-4591.469	283.743	0.7509361	0.4755357	13.73747
20838	-4302.539	-4589.255	286.7165	0.6604447	0.3657198	12.34514
20844	-4300.149	-4587.159	287.01	0.8566382	0.3657198	12.08982
20850	-4326.11	-4610.077	283.967	0.6816001	0.3876911	13.74078
20856	-4312.785	-4596.493	283.7078	0.838996	0.358708	13.82401
20862	-4313.134	-4596.66	283.5262	0.7874864	0.348189	13.95635
20868	-4309.566	-4595.504	285.9382	0.7885995	0.4533653	12.59702
20874	-4293.722	-4577.503	283.7812	0.7472149	0.4190637	13.77198
20880	-4299.046	-4583.588	284.5417	0.6802766	0.4015031	13.42924
20886	-4295.731	-4584.294	288.5631	0.8000199	0.3740544	11.29931
20892	-4296.732	-4583.881	287.1486	0.8121467	0.4637856	11.94429
20898	-4303.454	-4590.57	287.116	0.6930293	0.3771767	12.10775
20904	-4312.031	-4598.951	286.9205	0.9317665	0.3560476	12.10775
20910	-4309.945	-4596.27	286.3246	0.7677088	0.354956	12.50498
20916	-4302.766	-4590.585	287.819	0.8607184	0.354956	11.67706
20922	-4305.482	-4591.404	285.9225	0.8601586	0.298662	12.73088
20928	-4310.422	-4597.19	286.7687	0.8204845	0.4571415	12.14419
20934	-4308.104	-4595.394	287.2908	0.9821172	0.3281744	11.91942
20940	-4301.798	-4589.993	288.1946	0.810728	0.3532116	11.50881
20946	-4308.599	-4599.861	291.2619	0.9199135	0.3524791	9.843172
20952	-4300.753	-4589.228	288.475	0.9438514	0.5104357	11.14115
20958	-4318.322	-4603.313	284.9912	0.7635629	0.4582972	13.0982
20964	-4320.471	-4602.932	282.4609	0.7527163	0.4380104	14.43545
20970	-4326.163	-4610.415	284.2525	0.6486296	0.3793747	13.6183
20976	-4320.597	-4601.22	280.6238	0.7785254	0.3798409	15.42969
20982	-4316.724	-4600.253	283.5288	0.7508302	0.4255476	13.89476
20988	-4307.351	-4592.336	284.9849	0.8323562	0.3680587	13.15432
20994	-4309.632	-4595.272	285.6398	0.8569154	0.3080441	12.86841
21000	-4306.08	-4590.784	284.7046	0.7892034	0.3861998	13.30352
21006	-4313.956	-4599.702	285.7465	0.8601598	0.3215307	12.79535
21012	-4315.147	-4601.158	286.0107	0.8684099	0.3037777	12.6745
21018	-4325.477	-4610.761	285.2835	0.7911844	0.4496452	12.9398
21024	-4331.154	-4613.598	282.4444	0.7631801	0.4335492	14.44278
21030	-4327.148	-4609.948	282.8004	0.6527728	0.3984883	14.34965
21036	-4322.277	-4605.029	282.7521	0.7093983	0.3371683	14.41017
21042	-4334.637	-4616.943	282.3059	0.6784874	0.3189266	14.67801
21048	-4332.465	-4615.356	282.8906	0.6817629	0.3701934	14.31697
21054	-4344.726	-4624.794	280.0679	0.6656927	0.3459665	15.81113
21060	-4318.923	-4604.836	285.9129	0.7343723	0.4556355	12.63635
21066	-4328.399	-4612.096	283.6962	0.6845106	0.4239265	13.84387
21072	-4327.277	-4612.883	285.606	0.814237	0.3731248	12.83543
21078	-4339.607	-4623.481	283.8737	0.7958663	0.356016	13.76323
21084	-4320.842	-4609.631	288.7894	0.9277058	0.3365946	11.15499
21090	-4317.025	-4601.173	284.1477	0.741217	0.4661657	13.54087
21096	-4317.374	-4602.281	284.9076	0.8759373	0.5370654	13.0152
21102	-4318.492	-4603.978	285.486	0.8714056	0.3784615	12.86253
21108	-4322.606	-4609.578	286.9723	0.8315095	0.3692791	12.11883
21114	-4336.207	-4623.282	287.0752	0.7839987	0.420511	12.03796
21120	-4350.376	-4636.619	286.2431	0.9627964	0.5939249	12.22978
21126	-4321.692	-4604.944	283.2522	0.7348029	0.3531807	14.12025
21132	-4327.059	-4613.755	286.6963	0.8475024	0.4028571	12.21984
21138	-4331.946	-4619.951	288.0053	0.9270635	0.4500658	11.44941
21144	-4329.326	-4617.38	288.0549	0.9344058	0.41883	11.44941
21150	-4325.591	-4613.191	287.5998	0.8386649	0.3628707	11.79446
21156	-4318.479	-4605.645	287.1665	0.8307762	0.3445876	12.0447
21162	-4322.236	-4609.396	287.1598	0.8477774	0.3606426	12.02177
21168	-4324.835	-4610.597	285.7617	0.7457876	0.3606426	12.80329
21174	-4323.776	-4610.005	286.2291	0.8028463	0.4765245	12.41711
21180	-4312.763	-4597.239	284.4759	0.8279853	0.4378258	13.35149
21186	-4318.205	-4603.876	285.6705	0.8887188	0.3581871	12.77903
21192	-4312.238	-4599.364	287.1262	0.9152221	0.3546065	12.01065
21198	-4314.763	-4599.633	284.8703	0.8494926	0.3972297	13.17485
21204	-4322.962	-4608.871	285.9092	0.7901773	0.3975929	12.66497
21210	-4315.03	-4600.166	285.1356	0.9159701	0.4231775	12.97684
21216	-4315.463	-4599.723	284.2609	0.8632239	0.3095923	13.57981
21222	-4309.705	-4592.444	282.739	0.773156	0.4715446	14.25011
21228	-4314.983	-4598.271	283.2878	0.6834468	0.4074895	14.07226
21234	-4327.384	-4613.625	286.2417	0.8922167	0.4533689	12.38497
21240	-4314.349	-4600.055	285.7063	0.8469453	0.3979696	12.74065
21246	-4331.121	-4617.214	286.0931	0.8469453	0.3882682	12.54917
21252	-4331.115	-4618.659	287.5439	0.9562676	0.3506513	11.77556
21258	-4314.403	-4596.632	282.2285	0.8293247	0.3534246	14.60135
21264	-4306.188	-4591.736	285.548	0.840073	0.3920892	12.83255
21270	-4295.77	-4581.744	285.9734	0.8342741	0.3920892	12.61416
21276	-4305.493	-4591.356	285.8622	0.8209889	0.3756287	12.69598
21282	-4311.505	-4597.952	286.4477	0.861726	0.2800571	12.47976
21288	-4329.157	-4618.287	289.13	0.9045146	0.4231796	10.89806
21294	-4328.107	-4617.007	288.9	0.9436744	0.3017111	11.12961
21300	-4314.241	-4598.919	284.6783	0.7561624	0.319712	13.40683
21306	-4304.57	-4590.587	286.0172	0.7083247	0.384268	12.66496
21312	-4313.452	-4600.474	287.0216	0.7519206	0.3893052	12.11375
21318	-4322.025	-4608.041	286.0159	0.79224	0.3893052	12.61676
21324	-4323.751	-4609.012	285.2614	0.8911593	0.4541047	12.89518
21330	-4329.277	-4615.181	285.9046	0.825918	0.4541047	12.59438
21336	-4323.556	-4609.733	286.1764	0.8806405	0.356537	12.52167
21342	-4317.468	-4605.97	288.5015	0.9011901	0.490909	11.16651
21348	-4320.225	-4607.815	287.5909	0.8766712	0.3951064	11.74565
21354	-4333.723	-4622.725	289.0017	0.8575011	0.3435418	11.07277
21360	-4332.56	-4618.482	285.9219	0.774012	0.4305839	12.63447
21366	-4336.353	-4619.782	283.4297	0.8758188	0.3075853	14.00692
21372	-4337.29	-4621.768	284.478	0.7193952	0.4381109	13.40651
21378	-4326.77	-4612.112	285.3424	0.81006	0.4381109	12.91009
21384	-4316.192	-4601.471	285.2797	0.8300775	0.3680191	13.0023
21390	-4320.375	-4605.728	285.353	0.7568002	0.3680191	13.0023
21396	-4314.465	-4599.866	285.4009	0.7611706	0.415463	12.92682
21402	-4319.178	-4605.127	285.9492	0.7611706	0.3790639	12.67824
21408	-4313.096	-4598.405	285.3097	0.8021296	0.3767291	12.99207
21414	-4319.516	-4607.821	288.3048	0.8353307	0.4420795	11.34822
21420	-4311.639	-4599.683	288.0445	0.8463442	0.4311752	11.48892
21426	-4313.736	-4601.578	287.8422	0.8300073	0.4061223	11.62768
21432	-4323.554	-4610.872	287.318	0.7685219	0.3555092	11.98613
21438	-4303.137	-4592.926	289.789	0.7513343	0.3346911	10.72581
21444	-4313.594	-4603.089	289.4943	0.8471513	0.4503809	10.71123
21450	-4314.899	-4603.6	288.7013	0.9419709	0.323632	11.20851
21456	-4331.235	-4617.747	286.5113	0.8639146	0.2986734	12.42234
21462	-4331.646	-4620.687	289.041	0.9541813	0.4295531	10.91252
21468	-4331.427	-4617.096	285.6692	0.8895961	0.3966818	12.73906
21474	-4332.876	-4617.242	284.3666	0.7512704	0.4619336	13.4258
21480	-4350.664	-4636.386	285.7223	0.994731	0.3220667	12.73728
21486	-4340.816	-4623.801	282.985	0.7689432	0.4757508	14.12105
21492	-4320.618	-4606.189	285.5717	0.840557	0.3912471	12.82085
21498	-4317.913	-4604.358	286.4455	0.9077066	0.4288297	12.29373
21504	-4326.212	-4613.993	287.7805	0.9825687	0.3297461	11.66168
21510	-4329.173	-4616.312	287.139	0.9673622	0.3637843	11.96686
21516	-4336.297	-4621.813	285.5158	0.8190352	0.3950439	12.85728
21522	-4330.735	-4614.37	283.6347	0.8074652	0.325215	13.91544
21528	-4325.554	-4608.954	283.4003	0.6836	0.2902185	14.14284
21534	-4316.358	-4599.504	283.1459	0.7864028	0.3672702	14.13352
21540	-4341.083	-4627.568	286.4846	0.6820718	0.3472799	12.47467
21546	-4332.619	-4619.43	286.8107	0.7549931	0.5031358	12.11564
21552	-4328.798	-4616.126	287.3278	0.9302089	0.3078684	11.95097
21558	-4332.34	-4620.807	288.467	1.014006	0.4430989	11.16892
21564	-4319.629	-4607.802	288.1732	0.803247	0.3657847	11.5103
21570	-4330.778	-4619.079	288.3012	0.8395907	0.3551917	11.43581
21576	-4332.064	-4616.595	284.5306	0.6819692	0.5091636	13.33519
21582	-4314.412	-4600.868	286.4558	0.7670705	0.4020088	12.38791
21588	-4328.622	-4618.256	289.6339	0.8882186	0.4059761	10.65937
21594	-4316.277	-4607.481	291.2046	0.9605014	0.4084446	9.793162
21600	-4336.643	-4627.182	290.5389	0.9825788	0.3800084	10.16107
21606	-4327.922	-4614.398	286.4763	0.9756426	0.3235824	12.3528
21612	-4327.413	-4611.536	284.1233	0.7450585	0.3580312	13.65787
21618	-4331.545	-4615.411	283.866	0.7419785	0.3700116	13.78023
21624	-4323.944	-4606.994	283.0504	0.8882101	0.5329351	13.97658
21630	-4311.65	-4598.488	286.8372	0.7695988	0.4197932	12.17027
21636	-4307.1	-4594.737	287.6372	0.9077654	0.4197932	11.68066
21642	-4317.195	-4604.463	287.2681	0.8596748	0.427311	11.89124
21648	-4314.619	-4603.586	288.9671	0.8617163	0.3481904	11.08351
21654	-4316.926	-4602.702	285.7758	0.7516498	0.4059179	12.74614
21660	-4333.695	-4623.047	289.3526	1.075672	0.5223678	10.60201
21666	-4329.331	-4616.103	286.772	0.9170918	0.4068541	12.1401
21672	-4325.467	-4613.978	288.5111	0.9475613	0.4206416	11.20211
21678	-4316.427	-4603.843	287.4163	0.9936113	0.5152478	11.66466
21684	-4313.488	-4597.908	284.4209	0.7945157	0.4178395	13.41653
21690	-4325.895	-4615.436	289.5406	0.9981451	0.3425357	10.71781
21696	-4324.676	-4611.559	286.8826	0.7166596	0.3550634	12.24075
21702	-4318.097	-4603.668	285.5716	0.7787965	0.3581845	12.88767
21708	-4312.222	-4597.507	285.285	0.8572955	0.3365087	13.01977
21714	-4315.362	-4600.012	284.6501	0.8787997	0.5759564	13.1166
21720	-4312.825	-4601.77	288.9449	0.9719825	0.3174568	11.07245
21726	-4313.491	-4600.124	286.6327	0.8726984	0.408951	12.23378
21732	-4316.65	-4602.747	286.097	0.6931237	0.4325524	12.58353
21738	-4301.111	-4587.095	285.9836	0.8576299	0.3612354	12.62895
21744	-4300.667	-4588.633	287.9658	0.7917235	0.4003059	11.5889
21750	-4310.28	-4598.733	288.4528	0.8571434	0.351175	11.35177
21756	-4307.165	-4596.374	289.2097	0.7700026	0.3935631	10.95627
21762	-4301.075	-4589.342	288.2667	0.7695895	0.3935631	11.45002
21768	-4316.756	-4602.59	285.8341	0.9896093	0.3093251	12.69674
21774	-4306.556	-4593.712	287.156	0.9896093	0.349749	11.96163
21780	-4309.262	-4595.479	286.2172	0.9279605	0.4284507	12.40251
21786	-4329.424	-4619.075	289.6511	0.9185132	0.3828472	10.65808
21792	-4323.883	-4612.95	289.0665	1.019732	0.4078536	10.88606
21798	-4317.815	-4603.201	285.3863	0.8458878	0.3390681	12.97019
21804	-4327.356	-4613.658	286.3017	0.7587159	0.4334072	12.44192
21810	-4330.478	-4617.877	287.399	0.9629647	0.3294622	11.87147
21816	-4324.026	-4613.055	289.0285	0.8084568	0.3794358	11.04563
21822	-4323.672	-4611.47	287.7983	0.9735626	0.3702719	11.61242
21828	-4319.439	-4609.082	289.6429	0.720457	0.3601461	10.79034
21834	-4319.092	-4606.469	287.3763	0.8561671	0.4756616	11.79176
21840	-4328.256	-4613.436	285.1802	0.834878	0.5259693	12.90393
21846	-4304.317	-4592.328	288.0115	0.9924933	0.4344392	11.42666
21852	-4305.168	-4590.7	285.5319	0.7609508	0.4448921	12.83073
21858	-4308.321	-4595.173	286.8519	0.9406051	0.466449	12.02968
21864	-4316.387	-4603.484	287.097	0.923619	0.3471637	12.02968
21870	-4314.272	-4602.268	287.9957	0.9241535	0.2790339	11.64097
21876	-4314.153	-4602.075	287.922	0.8558727	0.4370105	11.54244
21882	-4320.784	-4606.221	285.4363	0.8688551	0.4400054	12.82889
21888	-4317.434	-4604.09	286.6561	0.9029593	0.3169101	12.30474
21894	-4322.494	-4609.615	287.1209	0.9493305	0.4905719	11.86327
21900	-4323.802	-4611.707	287.905	0.8735354	0.3995438	11.57869
21906	-4313.217	-4601.523	288.3059	0.9071134	0.4122453	11.33886
21912	-4310.922	-4599.934	289.012	0.9368321	0.4372403	10.92947
21918	-4309.401	-4597.823	288.4216	0.9474116	0.4793213	11.19435
21924	-4310.337	-4598.034	287.6965	0.7272441	0.3755272	11.78874
21930	-4320.327	-4608.817	288.4908	0.7621185	0.4385706	11.29253
21936	-4330.985	-4616.629	285.6434	0.7386569	0.5275197	12.7117
21942	-4322.16	-4610.501	288.3405	1.052462	0.5153025	11.15057
21948	-4326.498	-4611.674	285.1767	0.9646607	0.3202127	13.03888
21954	-4324.295	-4610.073	285.7777	0.7946555	0.3780049	12.75118
21960	-4321.76	-4608.459	286.6983	0.7941665	0.3950761	12.25439
21966	-4339.803	-4625.614	285.8112	0.8747212	0.4440541	12.62696
21972	-4333.095	-4621.144	288.0498	0.8085009	0.4155499	11.52109
21978	-4319.834	-4605.693	285.8588	0.8197659	0.4377532	12.63669
21984	-4319.456	-4604.369	284.9135	0.7991667	0.4571907	13.12106
21990	-4326.143	-4612.662	286.5182	0.8842656	0.4286487	12.26827
21996	-4331.093	-4618.748	287.6558	0.9462609	0.398606	11.67185
22002	-4324.037	-4612.381	288.3446	0.9119513	0.5134365	11.22353
22008	-4314.123	-4600.397	286.2741	0.9119513	0.3383955	12.47448
22014	-4321.362	-4606.966	285.6041	0.9469301	0.4473823	12.69406
22020	-4331.292	-4614.811	283.5192	0.9387325	0.4627453	13.76761
22026	-4326.182	-4612.364	286.1821	0.7692327	0.4315611	12.50054
22032	-4327.927	-4615.764	287.8373	0.8307297	0.4307225	11.60582
22038	-4312.478	-4599.596	287.1188	0.9751533	0.3298346	12.0109
22044	-4308.477	-4597.4	288.9233	0.9744133	0.4008715	10.99182
22050	-4299.849	-4587.895	288.046	0.8747288	0.3373638	11.57066
22056	-4302.729	-4589.486	286.757	0.8642756	0.3447697	12.24058
22062	-4315.843	-4604.325	288.4825	0.8846434	0.4543644	11.21797
22068	-4327.396	-4612.359	284.9635	0.7711688	0.3588352	13.20709
22074	-4318.333	-4604.895	286.562	0.7485307	0.3389149	12.40906
22080	-4316.772	-4603.354	286.5821	0.8500195	0.3389149	12.3457
22086	-4316.635	-4603.652	287.0175	0.7971364	0.3263754	12.16053
22092	-4319.654	-4603.203	283.5492	0.7653255	0.4393967	13.86356
22098	-4317.43	-4603.162	285.7322	0.8214959	0.3261231	12.81759
22104	-4327.655	-4613.031	285.376	0.8214959	0.5157559	12.81759
22110	-4323.37	-4608.344	284.9742	0.8065181	0.4022882	13.13816
22116	-4316.457	-4601.109	284.6514	0.7718176	0.5397557	13.20031
22122	-4327.747	-4615.955	288.2087	0.7415205	0.4350399	11.45421
22128	-4321.602	-4607.409	285.8071	0.8537949	0.4357983	12.64773
22134	-4315.614	-4603.102	287.4887	0.7909924	0.3392114	11.90332
22140	-4312.346	-4600.928	288.5821	0.779691	0.4926137	11.18642
22146	-4312.959	-4600.212	287.2536	0.8079573	0.3004482	12.06241
22152	-4320.144	-4609.666	289.5214	0.9361968	0.4193472	10.67998
22158	-4334.858	-4623.843	288.9847	0.8652082	0.2417882	11.20436
22164	-4335.17	-4622.26	287.0898	0.8276954	0.347311	12.08328
22170	-4331.078	-4618.315	287.2365	0.8537359	0.5002568	11.84442
22176	-4342.153	-4630.74	288.5875	0.8537359	0.4801614	11.15582
22182	-4325.734	-4613.397	287.6627	0.7328037	0.345367	11.83603
22188	-4326.56	-4612.85	286.2905	0.7804827	0.3538757	12.51729
22194	-4318.423	-4605.522	287.0983	0.8297269	0.3625151	12.06123
22200	-4329.577	-4618.563	288.9862	0.8233954	0.4854428	10.95821
22206	-4333.158	-4621.152	287.9935	0.9765637	0.3655424	11.51391
22212	-4334.955	-4624.373	289.4177	0.9066058	0.3655424	10.80502
22218	-4328.263	-4615.684	287.4212	0.8415997	0.3619907	11.88715
22224	-4331.266	-4617.35	286.0843	0.7837988	0.3619907	12.61415
22230	-4351.002	-4640.028	289.0253	0.9282136	0.5586511	10.82119
22236	-4346.36	-4635.349	288.9895	0.8609387	0.3725447	11.04586
22242	-4333.957	-4622.461	288.5044	0.8115201	0.2987661	11.40933
22248	-4324.971	-4612.115	287.1441	0.8322993	0.3310017	12.07088
22254	-4312.846	-4598.592	285.7462	0.7400211	0.461053	12.7152
22260	-4305.154	-4588.381	283.2268	0.7400211	0.4414283	14.04194
22266	-4306.164	-4591.926	285.7615	0.8087787	0.3757246	12.75464
22272	-4315.855	-4599.537	283.6829	0.6849049	0.2989843	13.98494
22278	-4309.439	-4595.052	285.6131	0.7725518	0.2962469	12.94041
22284	-4317.111	-4600.045	282.934	0.7421821	0.3555254	14.27877
22290	-4335.186	-4622.872	287.6856	0.8422038	0.3688038	11.74147
22296	-4341.872	-4628.86	286.988	0.7569362	0.3883038	12.1297
22302	-4334.689	-4619.216	284.5271	0.9299694	0.3502545	13.36066
22308	-4321.576	-4608.695	287.119	0.9155957	0.3730537	11.99446
22314	-4306.12	-4591.511	285.3909	0.7810709	0.393546	12.94351
22320	-4301.259	-4588.464	287.2057	0.891253	0.4556188	11.8807
22326	-4313.337	-4601.658	288.3204	0.764728	0.5257694	11.30283
22332	-4321.757	-4609.438	287.6809	0.8396165	0.3925857	11.72053
22338	-4312.893	-4598.388	285.495	0.8138884	0.5381833	12.741
22344	-4318.94	-4606.36	287.4204	0.8477469	0.3503506	11.897
22350	-4339.172	-4626.741	287.5689	0.8153702	0.4584813	11.72804
22356	-4320.015	-4606.142	286.1276	0.8995935	0.4533385	12.4406
22362	-4322.125	-4608.504	286.3789	0.7541654	0.3961357	12.4406
22368	-4323.813	-4610.246	286.4325	0.829975	0.3845758	12.38501
22374	-4315.28	-4603.531	288.2506	0.829975	0.3908287	11.42964
22380	-4310.999	-4599.162	288.1635	0.9669564	0.5207498	11.28332
22386	-4324.896	-4613.033	288.1367	0.9175961	0.379195	11.45544
22392	-4318.35	-4605.394	287.0446	0.9166747	0.3797986	12.02562
22398	-4308.113	-4596.917	288.8038	0.8686551	0.3797986	11.13142
22404	-4324.714	-4610.235	285.5211	0.8686551	0.4177783	12.80612
22410	-4313.923	-4601.887	287.9647	0.7833846	0.3924333	11.6018
22416	-4320.824	-4608.064	287.2395	0.8111096	0.3744778	11.98457
22422	-4336.386	-4622.384	285.9983	0.7338798	0.3466981	12.70155
22428	-4328.095	-4613.821	285.7256	0.844747	0.3394126	12.79389
22434	-4335.843	-4618.155	282.3125	0.7241768	0.4019215	14.56193
22440	-4316.936	-4606.303	289.3672	0.7962503	0.3824922	10.87142
22446	-4320.663	-4606.326	285.663	0.8370525	0.3649744	12.80252
22452	-4317.011	-4607.478	290.4673	0.8969315	0.3797936	10.24396
22458	-4320.088	-4611.032	290.9443	0.9046952	0.3838752	9.98472
22464	-4328.549	-4614.229	285.6798	0.7784419	0.4044303	12.78364
22470	-4339.027	-4625.143	286.1154	0.8779273	0.4453965	12.4656
22476	-4331.345	-4616.509	285.1642	0.919286	0.4032125	12.97981
22482	-4340.133	-4625.91	285.7763	0.9750208	0.5275238	12.51948
22488	-4342.201	-4629.341	287.1407	0.9492875	0.4412141	11.89774
22494	-4318.893	-4602.577	283.6834	0.8339901	0.3190736	13.88351
22500	-4321.722	-4606.935	285.2136	0.8317391	0.4971818	12.91258
22506	-4317.082	-4602.532	285.4503	0.9136857	0.3293464	12.91258
22512	-4308.604	-4595.011	286.4067	0.9106936	0.3814982	12.35957
22518	-4306.377	-4594.06	287.6823	0.8796875	0.3435047	11.75116
22524	-4299.5	-4586.153	286.6537	0.7843915	0.435878	12.24281
22530	-4315.969	-4604.088	288.1189	0.7551092	0.464928	11.46625
22536	-4314.601	-4597.073	282.472	0.7871674	0.4643681	14.38762
22542	-4310.913	-4597.699	286.7856	0.8172875	0.4024652	12.18942
22548	-4339.037	-4622.246	283.2089	0.8620659	0.6606917	13.81102
22554	-4331.161	-4617.643	286.4821	0.8005296	0.3646619	12.39539
22560	-4320.967	-4607.61	286.6426	0.8691921	0.4818081	12.16229
22566	-4326.212	-4614.345	288.1332	0.8404382	0.4378285	11.43932
22572	-4324.52	-4613.205	288.6848	1.008509	0.5491203	10.96522
22578	-4321.37	-4610.403	289.0331	0.932576	0.5070156	10.85764
22584	-4333.039	-4620.442	287.4033	1.019772	0.4528042	11.71299
22590	-4338.654	-4622.597	283.9428	0.6802461	0.3672499	13.77532
22596	-4323.04	-4608.924	285.8841	0.7569289	0.4311201	12.66252
22602	-4330.193	-4615.215	285.0219	0.7569289	0.3950981	13.14632
22608	-4341.736	-4629.584	287.8487	0.8831371	0.3950981	11.6076
22614	-4329.39	-4616.06	286.6704	0.7737664	0.4458401	12.23025
22620	-4331.261	-4617.371	286.1104	0.8425969	0.4397835	12.49187
22626	-4334.18	-4621.134	286.9539	0.8772579	0.3910359	12.08193
22632	-4332.638	-4617.817	285.1791	0.7329036	0.3910359	13.0812
22638	-4337.725	-4623.411	285.6856	0.5746715	0.4047862	12.88628
22644	-4327.475	-4612.295	284.8193	1.062338	0.3701176	13.11867
22650	-4321.475	-4605.511	284.0355	0.8094016	0.3288123	13.70242
22656	-4310.202	-4595.423	285.2208	0.7994292	0.3275604	13.09342
22662	-4310.494	-4597.929	287.4354	0.6843138	0.3709259	11.95226
22668	-4315.967	-4603.819	287.852	0.8746164	0.4169514	11.58856
22674	-4331.316	-4620.229	288.9129	0.8663136	0.3958349	11.05898
22680	-4321.172	-4609.694	288.5229	0.9500731	0.3539059	11.26349
22686	-4314.364	-4602.581	288.2178	0.8959557	0.3539059	11.45135
22692	-4318.482	-4605.473	286.9914	0.7688589	0.3722294	12.13842
22698	-4332.209	-4619.135	286.9258	0.9712526	0.3156023	12.13011
22704	-4327.639	-4615.666	288.026	0.9368271	0.2850495	11.61091
22710	-4317.592	-4603.26	285.6686	0.8858158	0.3971759	12.74087
22716	-4330.428	-4618.489	288.0618	0.7738665	0.50278	11.45282
22722	-4311.42	-4599.028	287.6079	0.7681926	0.3799186	11.80899
22728	-4308.328	-4593.18	284.8518	0.7785984	0.4403444	13.17947
22734	-4317.828	-4605.758	287.9298	0.8578158	0.4369864	11.53732
22740	-4323.531	-4608.94	285.4087	0.8251763	0.4814707	12.82824
22746	-4324.136	-4608.915	284.7782	0.7699955	0.4488954	13.21418
22752	-4331.032	-4616.86	285.8282	0.8422832	0.4556532	12.62422
22758	-4323.922	-4608.167	284.2448	0.7446134	0.4346872	13.51773
22764	-4319.142	-4605.767	286.6243	0.8531908	0.3966665	12.26061
22770	-4321.479	-4607.198	285.7182	0.6474838	0.3597627	12.878
22776	-4313.786	-4600.699	286.9128	0.8263706	0.3597627	12.16271
22782	-4312.831	-4598.536	285.705	0.7696221	0.4142643	12.76541
22788	-4322.459	-4607.498	285.0391	0.8712927	0.4976185	12.98236
22794	-4325.834	-4612.325	286.4914	0.8122424	0.3867859	12.36129
22800	-4327.808	-4613.829	286.0209	0.8606152	0.3850803	12.58293
22806	-4330.38	-4614.634	284.2542	0.7130348	0.3976507	13.56534
22812	-4321.614	-4605.973	284.3598	0.7648632	0.4198176	13.46175
22818	-4326.487	-4612.963	286.4759	0.7521169	0.3908209	12.39655
22824	-4346.735	-4630.262	283.5271	0.7856059	0.3644617	13.93924
22830	-4337.883	-4622.876	284.9931	0.7076657	0.3656836	13.21738
22836	-4342.971	-4629.154	286.1827	0.7068236	0.3932327	12.57042
22842	-4329.383	-4615.223	285.8397	0.8046389	0.4428729	12.64967
22848	-4328.454	-4614.064	285.6105	0.7386358	0.3855055	12.85953
22854	-4340.31	-4624.024	283.7141	0.6178959	0.3855055	13.90731
22860	-4340.202	-4626.984	286.7818	0.771176	0.3855055	12.23263
22866	-4340.769	-4626.646	285.8774	0.7380784	0.3958472	12.71044
22872	-4328.989	-4616.86	287.871	0.8023543	0.3706868	11.66344
22878	-4332.133	-4615.209	283.0765	0.764245	0.4249316	14.1229
22884	-4344.193	-4629.832	285.6388	0.8689073	0.4718115	12.6943
22890	-4350.246	-4634.371	284.1246	0.829488	0.3930662	13.5768
22896	-4358.094	-4644.132	286.0381	0.7908331	0.3494818	12.64815
22902	-4354.749	-4640.556	285.8073	0.7993756	0.4658437	12.64815
22908	-4320.719	-4609.519	288.7997	0.8402275	0.3338791	11.19848
22914	-4319.067	-4607.495	288.4279	0.8119192	0.4122373	11.32486
22920	-4327.372	-4614.316	286.9433	0.804225	0.4311756	12.08592
22926	-4320.724	-4605.97	285.2458	0.875538	0.3788582	12.9849
22932	-4332.333	-4618.511	286.1774	0.9375009	0.3962129	12.45001
22938	-4331.547	-4615.502	283.955	0.7365102	0.3798788	13.72657
22944	-4311	-4597.659	286.6591	0.8419627	0.3728947	12.27281
22950	-4317.161	-4605.88	288.7188	0.7387051	0.3756841	11.24821
22956	-4334.893	-4624.869	289.9766	1.008113	0.3511977	10.47411
22962	-4348.338	-4633.216	284.8775	0.8974155	0.4977528	13.05271
22968	-4324.018	-4610.299	286.281	0.8745232	0.4893344	12.34141
22974	-4325.428	-4613.07	287.6422	1.088204	0.3084815	11.70362
22980	-4318.498	-4603.215	284.7169	0.9560494	0.4289874	13.16808
22986	-4317.188	-4605.472	288.2841	0.9957008	0.4036856	11.31243
22992	-4327.465	-4613.863	286.3976	0.9341587	0.4066629	12.32657
22998	-4324.479	-4610.302	285.8226	1.020915	0.4551439	12.53459
23004	-4321.907	-4605.38	283.4734	0.8164039	0.434419	13.88103
23010	-4326.544	-4612.65	286.1055	0.8859663	0.3584354	12.55376
23016	-4322.867	-4607.93	285.0634	0.8362783	0.4272584	13.05187
23022	-4345.862	-4630.972	285.1102	0.9259669	0.3840535	13.0238
23028	-4338.06	-4625.859	287.7986	1.1406	0.4526535	11.44344
23034	-4330.451	-4618.781	288.3294	0.8644463	0.4367111	11.32521
23040	-4325.715	-4611.435	285.7199	0.7859798	0.4582546	12.70754
23046	-4331.571	-4616.601	285.0301	0.8495739	0.3762618	13.11324
23052	-4338.7	-4625.592	286.892	0.8765354	0.3392996	12.1699
23058	-4325.551	-4611.47	285.919	0.8789408	0.407848	12.60343
23064	-4319.581	-4607.4	287.819	0.7979712	0.4207647	11.64209
23070	-4324.935	-4613.526	288.591	0.7758455	0.3302911	11.34542
23076	-4318.65	-4606.981	288.3312	0.9132564	0.3893881	11.34542
23082	-4317.213	-4603.877	286.6637	0.7744994	0.3992997	12.27844
23088	-4331.642	-4618.423	286.7813	0.8631803	0.301646	12.27844
23094	-4317.669	-4604.364	286.6945	0.8162497	0.3628993	12.27844
23100	-4327.484	-4615.497	288.0132	0.8162497	0.2945043	11.6688
23106	-4322.744	-4607.403	284.659	0.6337287	0.4077035	13.38629
23112	-4325.069	-4607.206	282.1371	0.7965808	0.3669579	14.65111
23118	-4320.245	-4604.771	284.5258	0.7697787	0.4295483	13.36364
23124	-4309.236	-4590.043	280.8071	0.8095001	0.4295483	15.2698
23130	-4307.349	-4593.396	286.0464	0.7815249	0.4295483	12.56673
23136	-4316.382	-4602.071	285.6894	0.8009938	0.4319453	12.74015
23142	-4302.77	-4589.963	287.1926	0.7447168	0.4319453	11.98618
23148	-4302.085	-4587.946	285.8609	0.7896276	0.4896768	12.60418
23154	-4300.553	-4587.009	286.4554	0.9214354	0.3671719	12.34362
23160	-4329.934	-4615.14	285.206	0.829488	0.3177082	13.09684
23166	-4329.02	-4613.036	284.0169	0.856773	0.3942915	13.6173
23172	-4307.81	-4598.845	291.0344	0.9496307	0.3441195	9.956602
23178	-4310.898	-4600.023	289.125	1.051142	0.313143	10.94179
23184	-4311.671	-4601.399	289.7274	1.050832	0.4854678	10.45012
23190	-4321.048	-4610.49	289.4418	1.05488	0.5359445	10.55475
23196	-4328.456	-4618.888	290.4321	1.122893	0.6645063	9.899924
23202	-4322.514	-4610.592	288.0782	0.8116852	0.3703943	11.55064
23208	-4330.807	-4621.528	290.7207	0.8758123	0.4227561	10.07837
23214	-4336.422	-4621.808	285.3854	1.00429	0.3655711	12.85929
23220	-4358.649	-4644.144	285.4948	0.8169123	0.4207161	12.84389
23226	-4342.386	-4629.254	286.8681	0.8277471	0.3622129	12.18263
23232	-4340.027	-4624.507	284.4794	0.7614782	0.3655228	13.45644
23238	-4336.994	-4623.898	286.9046	0.7299938	0.4879706	12.09286
23244	-4326.547	-4613.861	287.314	0.7653631	0.4523612	11.89284
23250	-4320.211	-4604.505	284.2933	0.6292633	0.3425555	13.64666
23256	-4311.26	-4596.678	285.4179	0.7254271	0.4438455	12.90947
23262	-4309.269	-4594.802	285.5326	0.6851121	0.4438455	12.87078
23268	-4310.099	-4595.089	284.9895	0.8043709	0.3435138	13.19306
23274	-4312.033	-4599.583	287.55	0.6901549	0.3556099	11.90586
23280	-4318.022	-4609.317	291.2945	0.9405441	0.3850141	9.780236
23286	-4311.401	-4597.63	286.2286	0.7106967	0.3850141	12.55291
23292	-4317.312	-4603.121	285.8091	0.7987356	0.4047185	12.70549
23298	-4314.666	-4601.033	286.3671	0.8949685	0.4485698	12.32261
23304	-4334.544	-4624.625	290.0808	0.9448085	0.3469397	10.45738
23310	-4333.042	-4620.147	287.1048	0.8836571	0.4509861	11.94158
23316	-4324.763	-4612.866	288.103	0.7414454	0.4376506	11.50702
23322	-4326.935	-4615.431	288.4955	0.7483453	0.3733363	11.36245
23328	-4317.305	-4602.467	285.1625	0.7126872	0.3813885	13.11029
23334	-4320.163	-4608.527	288.3643	0.8603644	0.4581162	11.28907
23340	-4319.252	-4607.618	288.3663	0.8761179	0.5232092	11.22268
23346	-4315.483	-4603.198	287.7145	0.8123541	0.338243	11.77539
23352	-4309.173	-4597.461	288.288	0.8534934	0.4034648	11.38502
23358	-4319.976	-4608.801	288.8247	0.8134212	0.4447867	11.08504
23364	-4318.75	-4602.58	283.8298	0.8400467	0.4664969	13.6543
23370	-4308.885	-4592.818	283.933	0.8266846	0.4549779	13.61813
23376	-4307.966	-4595.786	287.8202	0.8781542	0.4549779	11.56717
23382	-4316.4	-4601.842	285.4422	0.893277	0.2934525	12.96991
23388	-4320.321	-4609.628	289.3074	1.011121	0.317604	10.86187
23394	-4333.279	-4621.381	288.1024	0.7296209	0.3511533	11.60163
23400	-4332.877	-4621.254	288.3761	0.9553539	0.3959216	11.29325
23406	-4319.803	-4605.114	285.3105	0.916754	0.3610398	12.94862
23412	-4321.851	-4610.349	288.4983	1.050226	0.4243964	11.15141
23418	-4320.76	-4605.804	285.0438	0.7563092	0.4292565	13.10175
23424	-4329.069	-4613.233	284.164	0.7745539	0.3823809	13.59578
23430	-4342.849	-4631.453	288.604	0.9555376	0.351132	11.22125
23436	-4336.094	-4622.334	286.2394	0.8282867	0.3219073	12.5549
23442	-4339.508	-4626.58	287.0719	0.8079094	0.3274339	12.12532
23448	-4321.464	-4610.094	288.6307	0.8494349	0.3274339	11.28945
23454	-4321.616	-4608.757	287.141	1.028556	0.4931015	11.80919
23460	-4328.636	-4614.345	285.7091	0.8351325	0.3288015	12.81947
23466	-4330.979	-4615.233	284.2541	0.9143998	0.38804	13.4706
23472	-4335.313	-4621.65	286.3367	0.6536741	0.3475385	12.56623
23478	-4328.334	-4614.861	286.527	0.8580149	0.3943382	12.31118
23484	-4332.073	-4617.161	285.0881	0.7379312	0.3943382	13.12256
23490	-4330.085	-4615.049	284.9642	0.7803378	0.4377704	13.12256
23496	-4330.202	-4618.289	288.0869	0.9890839	0.3707903	11.45296
23502	-4334.528	-4622.755	288.2271	0.817784	0.4043499	11.43465
23508	-4330.268	-4617.909	287.6414	0.996619	0.3405222	11.71476
23514	-4334.759	-4620.139	285.3798	0.7983543	0.2882999	13.05807
23520	-4333.367	-4618.099	284.7325	0.7413751	0.3300678	13.37441
23526	-4325.67	-4613.27	287.5991	0.9152909	0.3300678	11.79118
23532	-4330.111	-4616.244	286.1332	0.8882668	0.2953231	12.61069
23538	-4323.122	-4609.03	285.9081	0.882506	0.4044124	12.61069
23544	-4319.302	-4605.612	286.3097	0.8740694	0.3543131	12.45804
23550	-4319.384	-4606.493	287.1088	0.9361447	0.4379444	11.9243
23556	-4327.041	-4610.745	283.7044	0.6191695	0.4008917	13.89611
23562	-4325.866	-4609.674	283.8079	0.8166004	0.4523859	13.69068
23568	-4324.171	-4610.435	286.2633	0.87006	0.380684	12.45628
23574	-4340.72	-4628.972	288.2521	0.8250563	0.4755818	11.3504
23580	-4332.967	-4617.669	284.7023	0.6835018	0.4367741	13.30993
23586	-4322.335	-4607.09	284.7555	0.6953458	0.4374475	13.27545
23592	-4316.06	-4601.064	285.004	0.7543474	0.3022913	13.25916
23598	-4330.266	-4616.85	286.5843	0.7330674	0.436915	12.30472
23604	-4318.121	-4602.501	284.38	0.6755893	0.4606622	13.45928
23610	-4310.873	-4594.233	283.3604	0.7408395	0.3867041	14.02575
23616	-4314.529	-4601.635	287.1063	0.9397469	0.4803377	11.8849
23622	-4341.192	-4625.885	284.6928	0.9931568	0.370916	13.21955
23628	-4336.606	-4625.912	289.3055	0.9729822	0.4354311	10.75836
23634	-4329.974	-4614.27	284.2962	0.8300149	0.5234961	13.36802
23640	-4317.948	-4604.859	286.911	0.8104358	0.3527092	12.17962
23646	-4336.402	-4624.688	288.2861	0.7954617	0.338041	11.48581
23652	-4364.137	-4649.925	285.7877	0.8969297	0.4860831	12.58954
23658	-4356.316	-4640.243	283.9263	0.8216566	0.3596979	13.71857
23664	-4339.904	-4625.757	285.8528	0.7681244	0.3912525	12.71227
23670	-4327.846	-4615.038	287.1919	0.9160694	0.4120178	11.91646
23676	-4326.55	-4612.048	285.4981	0.8283636	0.3491464	12.90994
23682	-4333.902	-4620.697	286.7949	0.8866729	0.4099545	12.14092
23688	-4337.412	-4623.592	286.1803	1.074319	0.4170603	12.35653
23694	-4330.516	-4615.895	285.3788	0.8552945	0.3843243	12.92062
23700	-4334.327	-4614.399	280.0714	0.9043744	0.3821498	15.64766
23706	-4338.835	-4626.707	287.8723	1.015463	0.314498	11.61428
23712	-4342.949	-4624.088	281.1389	0.687972	0.4470246	15.14473
23718	-4339.087	-4622.142	283.0543	0.638252	0.3882906	14.23594
23724	-4321.899	-4605.308	283.4087	0.9070211	0.4411631	13.86127
23730	-4327.798	-4615.175	287.376	0.9027708	0.4958602	11.74976
23736	-4309.688	-4595.229	285.5409	0.891884	0.3290437	12.87715
23742	-4327.866	-4611.886	284.0199	0.7454289	0.4058933	13.66194
23748	-4330.566	-4614.346	283.7799	0.7454289	0.3205158	13.87776
23754	-4331.823	-4618.738	286.9152	0.7783107	0.3139677	12.23817
23760	-4323.029	-4607.406	284.3776	0.8105069	0.3032021	13.55423
23766	-4325.937	-4611.791	285.8542	0.7588985	0.4317175	12.67647
23772	-4330.455	-4617.449	286.9938	0.8179304	0.3695201	12.11441
23778	-4320.391	-4606.859	286.468	0.847066	0.3812936	12.36098
23784	-4327.026	-4617.838	290.8116	0.8594002	0.4142717	10.0475
23790	-4323.323	-4611.292	287.9696	0.9493294	0.3192796	11.59236
23796	-4321.22	-4605.584	284.3638	0.7274379	0.4881484	13.41633
23802	-4319.135	-4607.202	288.0672	0.9839595	0.4023747	11.43336
23808	-4321.173	-4609.224	288.0506	0.9228249	0.3339706	11.54692
23814	-4322.242	-4607.829	285.5878	0.8134228	0.4099788	12.80784
23820	-4307.393	-4595.728	288.3353	0.7748288	0.4164884	11.3885
23826	-4316.191	-4604.164	287.9729	1.0055	0.3055234	11.5776
23832	-4306.15	-4594.466	288.3161	0.9065727	0.3787776	11.36782
23838	-4308.319	-4597.459	289.1397	0.8255778	0.4311701	10.92662
23844	-4316.077	-4605.499	289.4219	0.9429772	0.4311701	10.71716
23850	-4307.589	-4594.636	287.0468	0.7585185	0.3825167	12.10414
23856	-4321.442	-4607.454	286.012	0.7750381	0.4293906	12.58814
23862	-4319.548	-4605.044	285.4961	0.7390091	0.37696	12.92772
23868	-4318.467	-4605.143	286.6759	0.7659156	0.3947532	12.28113
23874	-4313.266	-4598.988	285.7211	0.7746598	0.3947532	12.77383
23880	-4320.382	-4611.333	290.9505	0.8976454	0.3634924	10.00681
23886	-4330.154	-4621.516	291.3619	0.931285	0.3872041	9.74731
23892	-4316.455	-4602.253	285.7978	0.8462749	0.4135061	12.67794
23898	-4316.624	-4602.53	285.9058	0.7635349	0.3775146	12.70121
23904	-4314.258	-4600.118	285.8603	0.8064683	0.3787969	12.70121
23910	-4310.293	-4594.911	284.6177	0.7527462	0.5008871	13.26025
23916	-4314.602	-4599.402	284.8009	0.7875816	0.3804334	13.26025
23922	-4323.112	-4610.626	287.5141	0.8773421	0.3409141	11.84312
23928	-4311.197	-4601.334	290.1378	0.88834	0.3106098	10.49898
23934	-4320.114	-4608.267	288.153	0.8234782	0.4395599	11.43619
23940	-4320.995	-4608.681	287.6853	0.8711399	0.3732307	11.72182
23946	-4312.071	-4598.386	286.3148	0.7854306	0.3053094	12.55758
23952	-4322.027	-4608.399	286.372	0.7733517	0.4099002	12.42046
23958	-4326.003	-4612.776	286.7731	0.7213817	0.3725052	12.27668
23964	-4325.45	-4611.99	286.5401	0.841412	0.431229	12.27668
23970	-4320.849	-4607.332	286.4836	0.7810705	0.4379433	12.33122
23976	-4322.648	-4610.657	288.0092	0.8750024	0.4594187	11.46596
23982	-4322.724	-4608.073	285.3491	0.7730675	0.357396	13.00724
23988	-4330.897	-4617.34	286.4426	0.7114708	0.3736428	12.45284
23994	-4345.562	-4631.478	285.9159	0.7802408	0.4530779	12.61322
24000	-4344.913	-4627.834	282.9206	0.8125012	0.4443312	14.16043
24006	-4336.526	-4619.237	282.7111	0.7721592	0.5196249	14.2236
24012	-4336.862	-4619.62	282.7575	0.8220544	0.4621945	14.2236
24018	-4322.218	-4606.376	284.1577	0.804422	0.4471825	13.52024
24024	-4324.071	-4608.553	284.482	0.7488189	0.313133	13.52024
24030	-4320.921	-4603.217	282.2964	0.9159353	0.3867165	14.48631
24036	-4335.622	-4623.175	287.5528	0.9077829	0.3845449	11.76007
24042	-4317.702	-4606.794	289.0923	1.032419	0.3680979	10.9069
24048	-4310.517	-4593.144	282.6267	0.8059646	0.3373405	14.42495
24054	-4321.4	-4603.626	282.2259	0.998338	0.4433966	14.42495
24060	-4323.137	-4608.43	285.2925	0.8149689	0.3631232	13.00873
24066	-4330.86	-4617.389	286.5297	0.8006366	0.3863496	12.34782
24072	-4320.791	-4609.978	289.1875	0.9962363	0.4801005	10.76684
24078	-4324.66	-4615.912	291.2529	0.98723	0.4246598	9.737607
24084	-4327.474	-4617.056	289.5814	0.8555602	0.3523151	10.76032
24090	-4335.069	-4621.508	286.4394	0.8135974	0.3553721	12.42083
24096	-4336.143	-4623.588	287.4449	0.7712116	0.3472026	11.9276
24102	-4339.368	-4622.46	283.0913	0.7512982	0.4367886	14.11068
24108	-4324.238	-4607.333	283.0947	0.8288234	0.4572586	14.0498
24114	-4318.518	-4606.068	287.5503	0.9027868	0.3781005	11.7707
24120	-4331.785	-4616.869	285.0839	0.7957504	0.4229666	13.0664
24126	-4334.356	-4619.679	285.3229	0.6283913	0.3323777	13.12376
24132	-4328.402	-4612.52	284.1173	0.8089248	0.3323777	13.65615
24138	-4330.436	-4618.812	288.3759	0.9868468	0.293846	11.39092
24144	-4324.963	-4612.227	287.2636	0.7882386	0.3937029	11.96408
24150	-4326.144	-4613.225	287.0807	0.8715597	0.4793286	11.93476
24156	-4317.743	-4605.059	287.3159	0.9122612	0.4793286	11.79074
24162	-4309.898	-4590.82	280.9216	0.8191625	0.3970037	15.23734
24168	-4308.934	-4595.312	286.3777	1.046448	0.3724227	12.31345
24174	-4313.023	-4600.427	287.4041	1.016571	0.4215049	11.74393
24180	-4309.422	-4596.272	286.8505	0.839704	0.3695951	12.17772
24186	-4321.222	-4607.578	286.3559	0.7986867	0.435639	12.39075
24192	-4311.144	-4595.601	284.4567	0.7302015	0.4668663	13.38549
24198	-4312.588	-4596.846	284.2582	0.7302015	0.4851632	13.47231
24204	-4317.073	-4605.229	288.156	0.7034488	0.3504175	11.5881
24210	-4310.454	-4597.337	286.8829	0.8260356	0.3445926	12.19508
24216	-4315.132	-4602.078	286.9462	0.8178039	0.3614198	12.14796
24222	-4307.256	-4592.639	285.3832	0.7471822	0.3900368	12.96868
24228	-4321.284	-4607.153	285.8684	0.6367404	0.5398961	12.63745
24234	-4310.834	-4598.733	287.899	0.7835237	0.3941628	11.63431
24240	-4311.691	-4599.663	287.9723	0.7101785	0.3941628	11.63431
24246	-4327.472	-4613.47	285.9973	0.8096254	0.4418272	12.56603
24252	-4316.659	-4601.512	284.8533	0.8590124	0.4293186	13.14729
24258	-4312.679	-4599.964	287.2855	0.8370718	0.3884675	11.93253
24264	-4318.655	-4604.733	286.0784	0.8984865	0.3360507	12.58603
24270	-4315.531	-4598.851	283.3196	0.7570217	0.4124192	14.01278
24276	-4319.255	-4603.035	283.7794	0.6561776	0.4505549	13.79035
24282	-4302.076	-4587.739	285.6628	0.8204547	0.342709	12.83551
24288	-4311.272	-4599.322	288.0504	0.8090068	0.3449042	11.59425
24294	-4304.169	-4592.723	288.5538	0.880885	0.4215819	11.21374
24300	-4308.074	-4596.375	288.3013	0.8920305	0.3188509	11.44943
24306	-4312.861	-4598.311	285.4499	0.7731197	0.4262617	12.88467
24312	-4303.735	-4588.554	284.8187	0.9054886	0.5953611	13.00011
24318	-4300.499	-4587.709	287.2104	0.8579687	0.3863097	11.963
24324	-4313.698	-4598.512	284.8136	0.7552937	0.3828061	13.26796
24330	-4318.706	-4599.614	280.9073	0.7672661	0.5242345	15.15601
24336	-4314.435	-4599.397	284.9613	0.8312864	0.3389817	13.19877
24342	-4306.882	-4591.838	284.9556	0.8438064	0.3965682	13.13417
24348	-4307.817	-4593.814	285.9968	0.7623831	0.3291796	12.70716
24354	-4304.065	-4591.669	287.6037	0.9707351	0.3661733	11.71995
24360	-4309.295	-4592.707	283.4122	0.8619011	0.3514085	13.97333
24366	-4315.645	-4601.098	285.4527	0.7919714	0.3210381	12.98423
24372	-4311.115	-4596.489	285.3746	0.8496342	0.3302675	12.98423
24378	-4307.979	-4595.137	287.1581	0.8200057	0.4959923	11.90661
24384	-4297.647	-4584.069	286.4224	0.8925641	0.4659554	12.27909
24390	-4309.652	-4599.14	289.4881	0.9086124	0.4487023	10.68382
24396	-4317.657	-4605.496	287.8395	1.024713	0.3516847	11.58423
24402	-4311.782	-4596.031	284.2481	0.7922688	0.5184617	13.41679
24408	-4312.25	-4600.305	288.0552	0.7482642	0.4975703	11.47412
24414	-4321.973	-4605.934	283.9617	0.6782059	0.5583608	13.59221
24420	-4301.531	-4584.01	282.4795	0.7474205	0.4678928	14.40118
24426	-4306.719	-4592.556	285.8377	0.8304451	0.354669	12.72615
24432	-4311.274	-4598.44	287.1664	0.8538062	0.3817707	11.99285
24438	-4324.558	-4609.684	285.1257	0.8813694	0.4115052	13.01132
24444	-4313.206	-4599.456	286.2509	0.7478777	0.4115052	12.49524
24450	-4302.721	-4590.074	287.3531	0.7943244	0.3324165	11.98006
24456	-4309.482	-4596.491	287.0095	0.8771358	0.4567617	11.98936
24462	-4321.777	-4611.325	289.5482	0.8523484	0.2700259	10.87786
24468	-4321.672	-4607.171	285.4988	0.9095491	0.3882815	12.82592
24474	-4309.683	-4595.78	286.0975	0.889915	0.4052753	12.50734
24480	-4314.001	-4602.125	288.1244	0.7320544	0.4233547	11.51442
24486	-4323.96	-4609.169	285.2091	0.9428598	0.3707758	12.97745
24492	-4308.436	-4595.675	287.2386	0.7287113	0.3716722	12.031
24498	-4317.636	-4606.265	288.6291	0.7809799	0.3716722	11.27727
24504	-4306.904	-4596.276	289.3723	0.8351742	0.4180057	10.81246
24510	-4309.436	-4598.904	289.4673	0.8941961	0.3651821	10.78587
24516	-4312.165	-4597.122	284.9567	0.778104	0.5417189	13.03676
24522	-4317.176	-4604.044	286.8681	0.9063871	0.3944103	12.10806
24528	-4310.644	-4595.53	284.886	0.8457407	0.456215	13.11204
24534	-4311.081	-4604.089	293.008	0.9356643	0.5038745	8.764141
24540	-4296.523	-4587.351	290.8276	1.038457	0.4060359	9.953065
24546	-4304.338	-4593.395	289.0574	0.8518511	0.2920319	11.10717
24552	-4298.228	-4584.123	285.8951	0.8110477	0.445375	12.61518
24558	-4301.806	-4588.307	286.5012	0.7763908	0.4434015	12.31935
24564	-4310.094	-4596.373	286.2793	0.9415735	0.4757781	12.31935
24570	-4304.146	-4590.679	286.5329	0.9309774	0.4134308	12.25103
24576	-4293.867	-4578.996	285.1296	0.8087303	0.3493521	13.11157
24582	-4294.543	-4579.312	284.7689	0.8429634	0.3493521	13.28124
24588	-4305.494	-4591.154	285.6591	0.9146318	0.2888374	12.85168
24594	-4313.737	-4597.525	283.7888	0.9123312	0.499859	13.6087
24600	-4310.937	-4598.221	287.2845	0.84763	0.3641444	11.95301
24606	-4319.103	-4606.412	287.3091	0.8849907	0.4544725	11.83101
24612	-4303.968	-4591.08	287.1117	0.940217	0.3638417	11.99517
24618	-4305.368	-4591.872	286.5041	0.8657696	0.3869535	12.32658
24624	-4320.043	-4606.471	286.4284	0.8657696	0.3839264	12.36918
24630	-4333.026	-4620.808	287.7822	0.8116192	0.3988394	11.67592
24636	-4334.782	-4624.021	289.2388	0.7469024	0.3961161	10.95053
24642	-4323.37	-4608.963	285.5926	0.908374	0.3579567	12.8096
24648	-4322.247	-4608.593	286.3464	0.7997602	0.4543849	12.37764
24654	-4309.093	-4593.933	284.8405	0.7640946	0.4543849	13.17984
24660	-4313.794	-4601.282	287.4884	0.7215309	0.4543849	11.82283
24666	-4315.434	-4601.814	286.38	0.8418522	0.3942472	12.3963
24672	-4313.79	-4600.04	286.2504	0.8560765	0.4694014	12.38466
24678	-4304.438	-4591.58	287.1418	0.9165878	0.4590054	11.89769
24684	-4317.642	-4605.642	287.9992	0.8443381	0.4590054	11.48756
24690	-4318.459	-4605.991	287.5329	0.9162115	0.3608284	11.79112
24696	-4316.234	-4604.7	288.4656	0.839801	0.3712857	11.33245
24702	-4340.409	-4627.145	286.736	0.7285011	0.3813029	12.2831
24708	-4327.998	-4615.231	287.2325	0.7081514	0.3742874	12.04214
24714	-4325.501	-4612.661	287.1606	0.7222277	0.4037144	12.04214
24720	-4316.049	-4601.669	285.6196	0.8208559	0.3913553	12.80604
24726	-4318.119	-4603.789	285.6702	0.7145908	0.3913553	12.835
24732	-4311.348	-4600.545	289.1974	0.9302673	0.504034	10.77529
24738	-4299.486	-4584.139	284.6525	0.8417874	0.4395849	13.25091
24744	-4294.658	-4579.09	284.4315	0.7618988	0.4181206	13.42771
24750	-4297.459	-4584.36	286.901	0.9472165	0.3909502	12.07309
24756	-4299.554	-4590.322	290.7672	0.8430453	0.3909502	10.10302
24762	-4330.748	-4616.351	285.6024	0.7289272	0.3934617	12.86072
24768	-4341.332	-4628.434	287.102	0.7767235	0.4075827	12.04046
24774	-4319.131	-4604.97	285.8391	0.6771166	0.3485831	12.81186
24780	-4310.115	-4596.76	286.6452	0.8634316	0.4187646	12.22245
24786	-4298.53	-4588.035	289.5047	0.8297472	0.375882	10.78869
24792	-4307.032	-4592.371	285.3388	1.033349	0.4440602	12.79026
24798	-4284.346	-4571.556	287.2094	0.9364496	0.3770712	11.93216
24804	-4306.91	-4593.971	287.0618	0.7494906	0.4259488	12.05769
24810	-4338.874	-4626.476	287.6014	0.8898112	0.4618341	11.6691
24816	-4321.781	-4609.333	287.5513	0.8898112	0.3106014	11.85216
24822	-4317.607	-4604.748	287.1408	0.9509941	0.468551	11.87156
24828	-4339.311	-4628.073	288.7623	0.8951255	0.4112924	11.10724
24834	-4318.742	-4606.381	287.6399	0.7195116	0.4865853	11.71574
24840	-4308.928	-4594.963	286.0357	0.9089373	0.4356855	12.50009
24846	-4323.541	-4609.675	286.1338	0.9418972	0.3675715	12.50009
24852	-4318.794	-4602.939	284.1448	0.8666782	0.3359472	13.60789
24858	-4324.414	-4611.815	287.4013	0.9144025	0.3259917	11.89957
24864	-4317.014	-4601.412	284.3979	0.8274056	0.4227313	13.40668
24870	-4310.853	-4597.035	286.1816	0.8274056	0.4193386	12.48222
24876	-4329.142	-4615.003	285.8614	0.7914605	0.4175742	12.66943
24882	-4338.55	-4623.111	284.5607	0.7934233	0.4196172	13.34275
24888	-4334.307	-4619.77	285.463	0.8211217	0.4813468	12.8022
24894	-4321.276	-4607.718	286.4423	0.8216433	0.3377121	12.43468
24900	-4326.03	-4609.025	282.9951	0.6495497	0.4058861	14.2431
24906	-4326.157	-4610.989	284.8324	0.6088233	0.4058861	13.31095
24912	-4332.749	-4615.842	283.0929	0.7331461	0.3876178	14.16747
24918	-4317.869	-4599.383	281.5141	0.7404207	0.3722607	14.99698
24924	-4330.817	-4611.361	280.5447	0.8711399	0.3691381	15.43385
24930	-4335.182	-4615.785	280.6028	0.8966776	0.3295209	15.43385
24936	-4324.351	-4607.033	282.6813	0.8026608	0.4483044	14.28585
24942	-4335	-4622.376	287.3753	0.81727	0.367263	11.91812
24948	-4332.391	-4619.825	287.4345	0.7449061	0.3737887	11.91812
24954	-4333.267	-4619.404	286.1375	0.8437641	0.3675032	12.54934
24960	-4327.042	-4611.643	284.6009	0.7658702	0.2856808	13.48294
24966	-4319.783	-4605.53	285.7471	0.7542284	0.4796053	12.69066
24972	-4327.063	-4611.69	284.6275	0.6798327	0.4604779	13.3287
24978	-4316.061	-4602.148	286.0866	0.6495883	0.4049905	12.63843
24984	-4327.214	-4611.607	284.3935	0.5758874	0.4049905	13.55692
24990	-4312.534	-4598.861	286.3265	0.6636854	0.4996941	12.41857
24996	-4319.246	-4604.873	285.6275	0.7114116	0.3566418	12.89531
25002	-4327.547	-4614.079	286.5315	0.7632416	0.3554489	12.39901
25008	-4340.851	-4627.113	286.2618	0.7520644	0.3762862	12.52312
25014	-4344.654	-4627.513	282.859	0.6860519	0.4205227	14.28041
25020	-4328.456	-4614.561	286.1056	0.6477762	0.3963023	12.63818
25026	-4334.903	-4617.39	282.4876	0.6901296	0.4098125	14.48113
25032	-4317.783	-4600.892	283.1086	0.7439188	0.3798153	14.16171
25038	-4319.849	-4604.557	284.7084	0.8045072	0.5523154	13.14359
25044	-4323.931	-4610.34	286.4094	0.7831693	0.3534711	12.4544
25050	-4317.203	-4601.548	284.3449	0.6366768	0.3688282	13.58758
25056	-4328.03	-4613.892	285.8626	0.6730544	0.3884738	12.75947
25062	-4305.667	-4589.365	283.6979	0.7019439	0.4230957	13.83478
25068	-4312.43	-4598.516	286.0855	0.8460797	0.4293634	12.5129
25074	-4342.552	-4625.512	282.9604	0.8593482	0.4016194	14.15658
25080	-4348.891	-4632.201	283.3102	0.8568728	0.4757383	13.9069
25086	-4341.048	-4626.088	285.0402	0.8279477	0.3907614	13.10432
25092	-4319.98	-4605.923	285.9428	0.7828672	0.4003171	12.64859
25098	-4322.792	-4609.926	287.1341	0.7007113	0.492962	11.98404
25104	-4316.1	-4603.449	287.349	0.7341087	0.492962	11.85444
25110	-4313.084	-4601	287.9154	0.7228222	0.4072916	11.64426
25116	-4316.594	-4604.792	288.1977	0.877076	0.3809279	11.44292
25122	-4322.891	-4610.719	287.8282	0.8348543	0.3519408	11.68906
25128	-4325.472	-4610.249	284.7761	0.6915639	0.387695	13.31553
25134	-4319.857	-4607.105	287.2479	0.740502	0.4104237	11.98042
25140	-4342.346	-4623.45	281.104	0.8491985	0.3946907	15.12981
25146	-4347.605	-4630.778	283.1728	0.7980611	0.3948176	14.08505
25152	-4335.35	-4621.166	285.816	0.8367764	0.4047909	12.68206
25158	-4329.302	-4617.16	287.8585	1.0204	0.3916324	11.53425
25164	-4339.108	-4627.222	288.1136	0.840765	0.4643465	11.42475
25170	-4333.712	-4618.157	284.445	0.7978114	0.3472448	13.47523
25176	-4333.8	-4621.969	288.1692	0.9010756	0.3870402	11.43894
25182	-4338.848	-4626.16	287.3118	0.8763655	0.328682	11.96306
25188	-4329.418	-4620.377	290.9591	0.8392735	0.4768377	9.921457
25194	-4317.529	-4605.412	287.8829	0.729887	0.5167629	11.55738
25200	-4319.299	-4605.41	286.1113	0.8337753	0.4394762	12.4963
25206	-4326.286	-4612.785	286.4985	0.8803698	0.394715	12.31399
25212	-4325.995	-4612.783	286.7874	0.8865933	0.45662	12.10044
25218	-4316.53	-4602.259	285.7296	0.7048603	0.4636009	12.73985
25224	-4340.076	-4629.642	289.5658	0.8600648	0.4824023	10.63779
25230	-4316.041	-4602.161	286.1205	0.6957064	0.388085	12.61381
25236	-4319.877	-4606.092	286.2152	0.8903607	0.2502997	12.62495
25242	-4317.508	-4605.407	287.8987	0.8888056	0.4559078	11.51969
25248	-4315.891	-4605.69	289.7995	0.8632828	0.4564178	10.53703
25254	-4311.39	-4598.229	286.8391	0.8287424	0.4564178	12.10382
25260	-4309.77	-4596.41	286.6396	0.791846	0.3656277	12.31685
25266	-4302.131	-4588.738	286.6064	0.8354791	0.3630954	12.31409
25272	-4299.57	-4584.179	284.6093	0.8856551	0.5055738	13.19151
25278	-4319.857	-4609.502	289.6455	0.9084172	0.4454496	10.60439
25284	-4325.414	-4618.307	292.8927	0.9622283	0.400829	8.908183
25290	-4326.502	-4616.003	289.5004	0.9622283	0.5628898	10.55073
25296	-4323.188	-4613.684	290.4959	0.911301	0.4851936	10.11981
25302	-4325.698	-4613.136	287.438	0.8490708	0.4088615	11.82608
25308	-4319.163	-4605.443	286.2806	0.8437828	0.4621932	12.38182
25314	-4303.816	-4593.054	289.2383	0.755638	0.3369761	11.00962
25320	-4312.83	-4596.6	283.77	0.7897375	0.3994731	13.775
25326	-4317.857	-4605.327	287.4699	0.9610418	0.3994731	11.76035
25332	-4307.207	-4594.681	287.4743	0.7782922	0.385204	11.868
25338	-4311.318	-4598.392	287.0745	0.8167182	0.4950144	11.95284
25344	-4331.102	-4618.295	287.193	0.8485337	0.410292	11.95284
25350	-4317.787	-4603.653	285.8655	0.7598304	0.3928475	12.70835
25356	-4317.032	-4604.823	287.7908	0.813349	0.3753999	11.69465
25362	-4317.351	-4603.628	286.2771	0.7903757	0.3303683	12.54533
25368	-4312.536	-4596.321	283.7847	0.8023423	0.3303683	13.83441
25374	-4315.046	-4602.162	287.1165	0.8533626	0.3303683	12.075
25380	-4296.86	-4587.102	290.242	0.9417056	0.3485778	10.37253
25386	-4306.533	-4597.569	291.0362	1.05847	0.496819	9.74761
25392	-4305.961	-4594.374	288.4126	0.8959546	0.3244558	11.38264
25398	-4302.278	-4589.76	287.4814	0.7856533	0.375082	11.87098
25404	-4304.45	-4591.565	287.1154	0.862158	0.3826987	12.01413
25410	-4334.521	-4618.555	284.0335	0.7464851	0.4712796	13.59282
25416	-4332.326	-4616.52	284.1935	0.6983982	0.3765269	13.62607
25422	-4325.95	-4611.642	285.6917	0.7981272	0.4513136	12.72224
25428	-4329.844	-4618.012	288.1687	0.8317707	0.4125877	11.44969
25434	-4321.56	-4611.478	289.9182	0.8778724	0.3578719	10.56584
25440	-4314.151	-4599.98	285.8294	0.7212977	0.336039	12.8079
25446	-4300.67	-4588.862	288.1922	0.7212977	0.421012	11.48689
25452	-4295.95	-4579.849	283.8985	0.6364822	0.4736122	13.7179
25458	-4299.772	-4590.005	290.2333	0.888299	0.4022426	10.34841
25464	-4313.084	-4603.501	290.4174	1.007904	0.4424919	10.14944
25470	-4302.083	-4589.845	287.7617	0.8221258	0.4695469	11.61374
25476	-4310.309	-4593.118	282.8088	0.6815498	0.3913025	14.33765
25482	-4308.294	-4592.876	284.5813	0.749111	0.4478772	13.32832
25488	-4314.123	-4598.491	284.3685	0.7319964	0.346021	13.55048
25494	-4304.693	-4590.655	285.9615	0.7285959	0.3824862	12.68523
25500	-4318.803	-4608.702	289.8991	0.8906878	0.3785226	10.54705
25506	-4318.132	-4606.157	288.0254	0.7692495	0.3163342	11.66073
25512	-4311.813	-4599.462	287.6488	0.7745309	0.5054988	11.66595
25518	-4306.724	-4597.871	291.1462	0.8937711	0.4550738	9.814094
25524	-4307.175	-4597.004	289.8282	0.8182061	0.4106059	10.58953
25530	-4309.343	-4594.656	285.313	0.6970763	0.5025623	12.92629
25536	-4312.189	-4596.543	284.3542	0.7842045	0.5171418	13.36699
25542	-4311.97	-4599.484	287.5136	0.8613615	0.4060406	11.78301
25548	-4317.39	-4606.5	289.1097	0.9306855	0.5263937	10.80208
25554	-4331.885	-4618.919	287.0343	0.6519441	0.40952	12.13894
25560	-4305.153	-4590.91	285.7573	0.8269774	0.4161209	12.70653
25566	-4315.179	-4602.954	287.7743	0.8925608	0.4839331	11.55749
25572	-4332.287	-4618.949	286.6618	0.8250526	0.3942475	12.25819
25578	-4332.864	-4621.935	289.071	0.780081	0.4196591	10.99762
25584	-4325.381	-4611.123	285.7418	0.702966	0.4631113	12.73493
25590	-4332.396	-4617.66	285.264	0.7366162	0.4158265	13.01047
25596	-4332.946	-4616.92	283.9737	0.653228	0.3538818	13.78764
25602	-4331.124	-4614.794	283.6695	0.6916332	0.4969625	13.78764
25608	-4321.801	-4605.507	283.7059	0.7757559	0.4280014	13.78764
25614	-4338.647	-4625.766	287.1193	0.9017027	0.3370932	12.04069
25620	-4324.059	-4609.023	284.9643	0.7753634	0.4769671	13.08925
25626	-4320.487	-4605.671	285.1835	0.8228813	0.4327234	12.9912
25632	-4330.711	-4615.297	284.586	0.7191512	0.3687923	13.41963
25638	-4321.756	-4605.974	284.2178	0.6762664	0.3479635	13.65549
25644	-4318.869	-4603.73	284.8607	0.8073917	0.3656327	13.2344
25650	-4338.193	-4621.943	283.7498	0.8006552	0.4561409	13.72563
25656	-4334.773	-4619.217	284.4437	0.9757541	0.307943	13.42843
25662	-4330.588	-4613.071	282.4829	0.7777738	0.4785651	14.37419
25668	-4327.925	-4613.538	285.6132	0.8739919	0.3511112	12.82422
25674	-4321.656	-4606.822	285.1663	0.7445852	0.4074254	13.06538
25680	-4344.986	-4631.209	286.2237	0.8144123	0.3429702	12.54641
25686	-4346.363	-4634.152	287.7889	0.8926149	0.4775371	11.55552
25692	-4326.249	-4613.232	286.9831	0.765051	0.3255048	12.19621
25698	-4321.589	-4608.577	286.9883	0.7809735	0.3160473	12.19621
25704	-4317.038	-4603.357	286.3193	0.7393327	0.3857409	12.48999
25710	-4317.489	-4601.499	284.0096	0.7386686	0.4455228	13.63274
25716	-4319.446	-4605.553	286.1069	0.7457104	0.3418476	12.64424
25722	-4322.222	-4607.467	285.2448	0.8355852	0.4035522	12.9811
25728	-4317.289	-4602.163	284.8743	0.7118384	0.3746174	13.26751
25734	-4314.834	-4599.886	285.0516	0.6463343	0.4070622	13.17641
25740	-4336.394	-4620.141	283.7473	0.657988	0.4621945	13.79546
25746	-4328.961	-4616.55	287.5896	0.7570122	0.5173562	11.69593
25752	-4340.802	-4628.431	287.6296	0.8475043	0.368082	11.76871
25758	-4350.077	-4637.134	287.0568	0.879719	0.5609115	11.87438
25764	-4324.081	-4612.308	288.2274	0.9209429	0.4316709	11.3538
25770	-4334.563	-4618.117	283.554	0.7544529	0.45151	13.85541
25776	-4329.055	-4612.122	283.0677	0.7415996	0.3808625	14.18303
25782	-4335.634	-4621.196	285.5626	0.8578322	0.3875667	12.82032
25788	-4333.14	-4619.737	286.5963	0.8415229	0.3325929	12.34985
25794	-4328.436	-4614.01	285.5746	0.8245133	0.3483797	12.87301
25800	-4324.879	-4609.814	284.935	0.7147733	0.3455536	13.26571
25806	-4331.794	-4617.01	285.2155	0.7862695	0.3712472	13.05505
25812	-4327.445	-4614.138	286.6922	0.8906071	0.3885781	12.21393
25818	-4325.053	-4613.147	288.0939	0.7986643	0.3675597	11.55227
25824	-4322.091	-4605.809	283.7184	0.7746328	0.3939998	13.81511
25830	-4328.558	-4615.539	286.9804	0.909143	0.3447817	12.10068
25836	-4340.752	-4631.713	290.9609	0.9787084	0.4007791	9.919661
25842	-4323.591	-4611.231	287.6398	0.7734877	0.3802217	11.78926
25848	-4308.378	-4592.958	284.5807	0.7747744	0.3802217	13.38155
25854	-4315.655	-4603.197	287.5423	0.731785	0.3963332	11.84542
25860	-4317.705	-4603.722	286.0163	0.8691713	0.3278361	12.64294
25866	-4306.912	-4591.319	284.407	0.7187663	0.4646979	13.41919
25872	-4322.044	-4605.616	283.5716	0.7777943	0.5647465	13.73791
25878	-4322.084	-4605.537	283.4523	0.7560881	0.4388971	13.91905
25884	-4331.079	-4618.202	287.1229	0.781364	0.3944089	12.04037
25890	-4341.692	-4629.713	288.0207	0.8346369	0.3917817	11.54646
25896	-4346.61	-4633.018	286.4082	0.7638762	0.3883168	12.42825
25902	-4333.829	-4618.271	284.4416	0.8403983	0.4195045	13.38032
25908	-4327.711	-4612.708	284.9972	0.7229987	0.3190358	13.25915
25914	-4334.45	-4619.075	284.6248	0.7809312	0.337373	13.40159
25920	-4325.892	-4611.229	285.3376	0.7809312	0.4300671	12.9354
25926	-4330.271	-4615.48	285.2095	0.7377882	0.5305893	12.9354
25932	-4331.457	-4616.582	285.1244	0.9709254	0.3652891	13.01269
25938	-4337.294	-4622.021	284.7267	0.8254529	0.4789652	13.18492
25944	-4354.5	-4638.39	283.8896	0.6771073	0.3432185	13.83056
25950	-4340.104	-4626.582	286.4775	0.7925566	0.3682933	12.39807
25956	-4335.199	-4620.479	285.2801	0.8129873	0.3569456	13.02281
25962	-4336.259	-4621.671	285.4125	0.7498165	0.3238179	13.0238
25968	-4345.843	-4631.452	285.6097	0.7277321	0.3608548	12.89154
25974	-4347.332	-4632.54	285.2078	0.7014066	0.3463446	13.13
25980	-4345.646	-4632.195	286.5487	0.6763343	0.38896	12.40003
25986	-4354.671	-4640.272	285.6003	0.8683395	0.3141348	12.87576
25992	-4349.057	-4634.429	285.3716	0.9253289	0.3962737	12.87576
25998	-4358.316	-4643.643	285.3275	0.9184371	0.4231437	12.87576
26004	-4346.781	-4635.237	288.4555	0.8822786	0.4811195	11.20912
26010	-4340.943	-4625.449	284.5061	0.8154293	0.4589234	13.32273
26016	-4329.56	-4614.273	284.7126	0.8110551	0.5093865	13.17336
26022	-4314.871	-4601.836	286.9643	0.8505119	0.5389681	11.95564
26028	-4317.643	-4607.052	289.4095	0.8643975	0.3364046	10.86355
26034	-4318.096	-4608.089	289.993	0.8377274	0.5502704	10.36761
26040	-4322.322	-4613.224	290.9012	0.9072029	0.4906367	9.903877
26046	-4319.826	-4610	290.1739	1.015506	0.5389616	10.18837
26052	-4322.007	-4609.207	287.2003	1.029514	0.3631031	11.90317
26058	-4310.436	-4595.025	284.5888	0.7715427	0.4906779	13.27432
26064	-4304.936	-4589.405	284.4689	0.7573277	0.4174205	13.41131
26070	-4308.889	-4593.302	284.4127	0.7232191	0.4325496	13.44367
26076	-4309.592	-4596.752	287.1608	0.781526	0.4622215	11.95534
26082	-4297.289	-4586.928	289.6388	0.9190241	0.4098047	10.63682
26088	-4308.115	-4596.132	288.0173	0.7701648	0.3775585	11.59661
26094	-4312.383	-4599.171	286.7878	0.7819417	0.4832252	12.13087
26100	-4302.91	-4591.296	288.3864	0.9109672	0.4832252	11.22837
26106	-4311.207	-4599.34	288.133	0.7990811	0.4404563	11.45854
26112	-4306.002	-4594.671	288.6692	0.7536989	0.34265	11.30213
26118	-4296.203	-4583.953	287.7501	0.7536989	0.387283	11.73468
26124	-4299.838	-4588.353	288.516	0.8582143	0.3419027	11.32846
26130	-4312.725	-4598.451	285.7268	0.8273789	0.367836	12.77132
26136	-4318.626	-4603.867	285.2413	0.7021533	0.4050659	13.05075
26142	-4331.05	-4614.81	283.7599	0.7359608	0.3914031	13.81626
26148	-4323.312	-4605.549	282.237	0.7371654	0.3929418	14.60335
26154	-4314.877	-4600.753	285.8758	0.9202297	0.4767098	12.53981
26160	-4307.567	-4591.917	284.3502	0.8489716	0.3925104	13.45011
26166	-4316.093	-4603.152	287.0588	0.8972718	0.3684371	12.04029
26172	-4313.353	-4597.199	283.8456	0.7854109	0.4492524	13.69015
26178	-4320.988	-4605.271	284.2831	0.8061703	0.4846514	13.4204
26184	-4312.78	-4601.146	288.3661	0.766514	0.4627122	11.33301
26190	-4324.265	-4610.941	286.6757	0.7800237	0.4415941	12.22822
26196	-4320.183	-4608.197	288.0139	0.8358943	0.3906404	11.55051
26202	-4327.702	-4614.104	286.4028	0.7663754	0.3995684	12.41838
26208	-4325.758	-4612.914	287.1564	0.9990371	0.4023908	11.90122
26214	-4322.903	-4610.39	287.4878	0.9334431	0.3562585	11.8106
26220	-4313.747	-4596.919	283.1721	0.7775835	0.4483374	14.0444
26226	-4321.534	-4608.02	286.4862	0.9104703	0.335753	12.36772
26232	-4306.226	-4593.766	287.5391	0.8991129	0.4034316	11.75256
26238	-4297.904	-4583.187	285.283	0.8553574	0.4040189	12.95048
26244	-4305.676	-4590.775	285.0993	0.8275272	0.5252239	12.95048
26250	-4335.725	-4621.59	285.8655	0.7479261	0.4032262	12.70407
26256	-4338.388	-4626.093	287.7052	0.8025118	0.4524738	11.66909
26262	-4318.872	-4605.747	286.8747	0.7119611	0.3924181	12.208
26268	-4315.172	-4601.218	286.0463	0.8200632	0.4825796	12.49798
26274	-4320.826	-4607.306	286.4795	0.9409816	0.5299631	12.16872
26280	-4323.758	-4610.944	287.1864	0.714014	0.4649293	11.97471
26286	-4324.733	-4614.292	289.5588	0.8344914	0.3312055	10.80689
26292	-4316.328	-4606.981	290.6526	1.034313	0.5224983	9.940317
26298	-4322.891	-4609.376	286.4848	1.026763	0.5163558	12.13258
26304	-4314.205	-4602.584	288.3791	0.8989608	0.4290914	11.28843
26310	-4314.768	-4601.069	286.3015	0.8609543	0.3260074	12.50084
26316	-4319.342	-4605.333	285.9907	0.8371419	0.3709393	12.62558
26322	-4308.075	-4596.888	288.8126	0.9399814	0.3760033	11.09345
26328	-4330.909	-4619.374	288.4656	0.7937767	0.3760033	11.35153
26334	-4317.539	-4606.087	288.5473	0.8693842	0.3847536	11.26011
26340	-4316.055	-4603.872	287.8166	0.7812951	0.3899973	11.68276
26346	-4305.243	-4595.874	290.631	0.8211925	0.356738	10.22246
26352	-4317.22	-4612.425	295.2054	1.07565	0.4524827	7.565756
26358	-4313.121	-4602.905	289.7842	1.002601	0.6041244	10.34838
26364	-4317.574	-4601.455	283.8813	0.8518886	0.328502	13.76071
26370	-4320.586	-4606.276	285.69	0.8459464	0.46747	12.68351
26376	-4335.736	-4616.644	280.9076	0.7316009	0.4523221	15.23685
26382	-4319.937	-4605.229	285.2921	0.9343075	0.3503764	12.96064
26388	-4326.39	-4611.727	285.3367	0.7811873	0.4400934	12.92624
26394	-4319.32	-4609.531	290.2107	0.9502142	0.3528937	10.37972
26400	-4330.72	-4618.143	287.4237	0.9326585	0.3094573	11.89773
26406	-4328.243	-4614.491	286.2484	0.8264296	0.5068844	12.36829
26412	-4334.109	-4617.285	283.1756	0.823222	0.5096771	13.9647
26418	-4318.833	-4604.062	285.2289	0.8212314	0.4011039	12.99928
26424	-4356.776	-4640.171	283.3946	0.8312047	0.345425	14.00494
26430	-4333.989	-4623.378	289.3891	0.9041054	0.3652302	10.82165
26436	-4338.625	-4627.252	288.6261	0.8530888	0.4522636	11.16126
26442	-4333.008	-4618.968	285.9604	0.7363156	0.4522636	12.61371
26448	-4330.67	-4617.876	287.2055	0.720504	0.3796942	12.04415
26454	-4318.064	-4606.372	288.3079	0.9459985	0.4231608	11.30679
26460	-4324.409	-4612.353	287.944	0.865276	0.4186395	11.54366
26466	-4314.838	-4601.889	287.0512	0.781232	0.3449205	12.1303
26472	-4321.157	-4609.576	288.4196	0.8662554	0.5147814	11.20706
26478	-4315.934	-4601.094	285.1594	0.7721116	0.3753136	13.08729
26484	-4333.995	-4620.773	286.7783	0.7993216	0.3159279	12.29624
26490	-4331.113	-4615.99	284.8766	0.8710255	0.3726327	13.18567
26496	-4331.791	-4617.743	285.9516	0.8528861	0.4695364	12.54182
26502	-4327.222	-4614.102	286.88	0.8292794	0.4306057	12.10639
26508	-4348.192	-4635.677	287.4851	0.8261174	0.4492692	11.77466
26514	-4352.839	-4640.218	287.379	0.8203467	0.4187272	11.86216
26520	-4338.214	-4625.507	287.293	0.9341687	0.6123021	11.683
26526	-4314.654	-4602.391	287.7367	0.9574057	0.5898897	11.45597
26532	-4298.993	-4587.022	288.0286	0.9478737	0.4189487	11.45597
26538	-4299.436	-4585.137	285.701	0.8256888	0.3918523	12.76067
26544	-4297.914	-4586.71	288.7969	0.9321087	0.3211966	11.16644
26550	-4310.338	-4596.781	286.4431	0.9321087	0.301187	12.41928
26556	-4312.057	-4593.663	281.6066	0.8332695	0.328883	14.94836
26562	-4306.56	-4588.232	281.6718	0.8020704	0.4128328	14.8425
26568	-4307.406	-4594.081	286.6754	0.829678	0.3994414	12.24342
26574	-4309.245	-4598.582	289.3367	1.024933	0.4957782	10.65974
26580	-4308.951	-4599.326	290.3747	1.024933	0.3958669	10.20875
26586	-4308.4	-4595.697	287.2967	0.8641753	0.4110767	11.88979
26592	-4318.701	-4605.4	286.6985	0.7706875	0.4353242	12.22709
26598	-4312.693	-4599.814	287.121	0.9289836	0.4067725	11.95191
26604	-4312.652	-4595.77	283.1178	0.8777512	0.5061443	13.96941
26610	-4298.267	-4582.733	284.4663	0.8167824	0.3833236	13.4159
26616	-4299.239	-4583.441	284.2013	0.7617493	0.4830382	13.48736
26622	-4306.756	-4592.979	286.2233	0.8414982	0.4244437	12.44822
26628	-4312.817	-4598.731	285.9143	0.9082988	0.5698161	12.44822
26634	-4320.979	-4609.66	288.6812	1.002927	0.4009892	11.10357
26640	-4327.075	-4614.019	286.9441	0.9066825	0.3924705	12.0702
26646	-4311.794	-4599.536	287.7421	0.8512156	0.3756221	11.70006
26652	-4308.101	-4590.82	282.7193	0.8037398	0.3678695	14.34495
26658	-4308.332	-4591.086	282.7545	0.8376156	0.3350049	14.34495
26664	-4312.764	-4600.158	287.3941	0.7233009	0.54538	11.79246
26670	-4312.022	-4600.183	288.1602	0.8039274	0.4439302	11.43853
26676	-4315.262	-4607.184	291.9224	0.86949	0.3984703	9.472691
26682	-4308.186	-4600.058	291.8722	0.8485792	0.4364291	9.472691
26688	-4294.816	-4581.782	286.9669	0.9049484	0.4477184	12.00546
26694	-4299.617	-4587.706	288.0891	0.9413872	0.3446767	11.50507
26700	-4299.502	-4587.416	287.9136	1.003829	0.4384938	11.46808
26706	-4303.477	-4591.314	287.8365	0.9182491	0.4100569	11.58064
26712	-4317.419	-4605.432	288.0133	0.7954413	0.3855297	11.57721
26718	-4313.398	-4598.77	285.3714	0.7928641	0.446515	12.89613
26724	-4317.134	-4602.219	285.0847	0.7427534	0.4355164	13.08155
26730	-4309.794	-4593.524	283.7303	0.8065808	0.4245756	13.76226
26736	-4310.226	-4596.163	285.9373	0.8031567	0.4245756	12.61704
26742	-4311.601	-4596.029	284.4285	0.8205215	0.389163	13.42763
26748	-4312.284	-4600.382	288.0977	0.9073065	0.4194772	11.44054
26754	-4323.091	-4608.684	285.5937	0.7369345	0.3398455	12.91812
26760	-4319.492	-4611.281	291.7895	1.00099	0.3398455	9.536409
26766	-4322.088	-4613.677	291.5892	0.861813	0.4375796	9.613933
26772	-4303.806	-4593.913	290.1073	0.8634472	0.3770953	10.45354
26778	-4315.041	-4602.978	287.9374	0.9955123	0.4214692	11.47628
26784	-4308.432	-4595.183	286.7509	0.7857417	0.4378474	12.18954
26790	-4323.801	-4608.634	284.8328	0.8482158	0.6690546	12.96886
26796	-4314.633	-4601.603	286.97	0.8482158	0.4168169	12.06291
26802	-4310.79	-4599.005	288.2142	0.9606657	0.4092462	11.36181
26808	-4317.431	-4607.789	290.3584	0.9059978	0.3876035	10.2883
26814	-4327.516	-4612.284	284.7682	0.8181734	0.3816417	13.26009
26820	-4315.241	-4601.984	286.7436	0.8892349	0.4570646	12.12149
26826	-4311.123	-4597.02	285.897	0.9748078	0.3497427	12.62552
26832	-4301.556	-4588.313	286.7569	0.9016723	0.3060243	12.26579
26838	-4294.847	-4584.141	289.2937	0.777176	0.3831841	10.9192
26844	-4300.083	-4586.231	286.1485	0.790942	0.4238809	12.51407
26850	-4302.368	-4587.809	285.441	0.7961743	0.4345968	12.86935
26856	-4297.276	-4585.237	287.9606	0.9694216	0.2997957	11.6098
26862	-4316.294	-4612.396	296.1021	1.125198	0.454029	7.05641
26868	-4311.351	-4606.01	294.6594	1.034647	0.394189	7.937321
26874	-4303.568	-4594.387	290.8191	0.8754257	0.3279959	10.12734
26880	-4305.447	-4596.902	291.4547	0.866301	0.3538135	9.76835
26886	-4316.315	-4605.183	288.8683	0.866301	0.4833351	10.99938
26892	-4317.268	-4599.426	282.1581	0.8051238	0.4094045	14.59257
26898	-4315.892	-4603.941	288.049	0.6783554	0.3625893	11.6439
26904	-4318.934	-4604.742	285.8082	0.7298253	0.3625893	12.78532
26910	-4321.132	-4605.71	284.5775	0.7722036	0.4763985	13.29238
26916	-4333.533	-4620.735	287.2027	0.6703329	0.5078127	11.95128
26922	-4310.829	-4599.504	288.6744	0.7820848	0.4181751	11.20565
26928	-4316.519	-4603.976	287.4567	0.724303	0.3593494	11.93264
26934	-4319.795	-4601.726	281.9306	0.6662387	0.3593494	14.83357
26940	-4326.799	-4614.327	287.5277	0.9203324	0.3399984	11.81458
26946	-4328.589	-4617.578	288.9887	1.004046	0.3399984	11.00681
26952	-4325.466	-4611.046	285.58	0.8508305	0.4807725	12.72637
26958	-4337.578	-4625.258	287.6798	0.7162141	0.4158934	11.76228
26964	-4316.707	-4605.533	288.8257	0.9350544	0.4703828	10.99728
26970	-4325.648	-4613.178	287.5304	0.7828425	0.3985418	11.82276
26976	-4335.776	-4621.313	285.5373	0.732273	0.3660242	12.92131
26982	-4329.155	-4617.442	288.287	0.8801126	0.3763665	11.39943
26988	-4336.533	-4622.446	285.9121	0.7892485	0.4372765	12.62527
26994	-4331.597	-4617.592	285.9944	0.7873396	0.355861	12.66573
27000	-4333.268	-4621.358	288.0899	0.897805	0.458799	11.41237
27006	-4333.449	-4620.397	286.9488	0.8103043	0.4335297	12.07762
27012	-4322.14	-4610.767	288.6276	0.8276127	0.4281385	11.19666
27018	-4322.331	-4610.292	287.9611	1.023742	0.4281385	11.4427
27024	-4323.099	-4611.097	287.9973	0.917032	0.4676212	11.4427
27030	-4325.802	-4616.3	290.498	0.8542688	0.4499124	10.18085
27036	-4321.051	-4608.141	287.0904	0.8735608	0.4592728	11.94671
27042	-4330.122	-4618.575	288.4524	0.944699	0.4922801	11.16824
27048	-4319.152	-4608.249	289.0973	0.9133585	0.3134879	11.02808
27054	-4308.984	-4594.716	285.7321	0.8169838	0.4037083	12.73709
27060	-4303.709	-4589.221	285.5112	0.7577044	0.5199974	12.77688
27066	-4305.292	-4593.728	288.436	0.9088235	0.3348382	11.3518
27072	-4306.878	-4592.745	285.8668	0.8194997	0.3348382	12.7387
27078	-4311.223	-4600.046	288.8237	0.8522873	0.3641247	11.14617
27084	-4315.916	-4602.862	286.946	1.007228	0.5353481	11.88638
27090	-4318.497	-4604.289	285.792	0.8825638	0.5132352	12.5714
27096	-4324.922	-4610.761	285.8385	0.9207222	0.4629256	12.5714
27102	-4323.876	-4613.212	289.336	1.026807	0.3261526	10.82869
27108	-4322.843	-4608.219	285.3762	0.8721802	0.399901	12.89733
27114	-4304.723	-4592.523	287.7998	1.00452	0.4512038	11.51527
27120	-4329.65	-4614.292	284.6423	0.7341729	0.435411	13.31605
27126	-4339.122	-4623.986	284.8637	0.8341187	0.2816598	13.31605
27132	-4316.789	-4602.561	285.7723	0.8119211	0.3529148	12.77172
27138	-4334.093	-4618.436	284.3422	0.7943124	0.3335714	13.54564
27144	-4326.322	-4610.096	283.7737	0.8311703	0.3735803	13.7781
27150	-4323.447	-4606.658	283.2113	0.8652359	0.3403678	14.08792
27156	-4325.895	-4612.956	287.0615	0.8691414	0.3817677	12.03954
27162	-4337.39	-4623.642	286.2523	0.8700897	0.3848014	12.45774
27168	-4340.661	-4624.775	284.1139	0.6912412	0.4063936	13.64078
27174	-4329.755	-4614.677	284.9213	0.848946	0.4980273	13.0549
27180	-4307.338	-4598.584	291.2454	0.8119892	0.3721322	9.887401
27186	-4304.66	-4587.648	282.9883	0.7165059	0.4271331	14.1913
27192	-4311.292	-4593.031	281.7393	0.7753778	0.478836	14.76019
27198	-4330.992	-4614.042	283.0506	0.8503337	0.4101716	14.10603
27204	-4315.874	-4605.88	290.0063	0.9273404	0.4357109	10.41426
27210	-4311.691	-4596.648	284.9577	0.7433219	0.4873078	13.10017
27216	-4304.771	-4593.092	288.3204	0.8646207	0.3732282	11.39332
27222	-4309.582	-4594.549	284.9672	0.826849	0.447788	13.08743
27228	-4310.138	-4597.553	287.4151	0.8669468	0.361615	11.87749
27234	-4328.501	-4616.237	287.7362	0.8605577	0.354027	11.72139
27240	-4317.637	-4605.551	287.914	0.765015	0.4141577	11.61613
27246	-4318.254	-4604.828	286.5742	0.9279219	0.4012993	12.24312
27252	-4326.863	-4615.741	288.8783	0.7300296	0.410467	11.13378
27258	-4315.42	-4603.219	287.7996	0.8198631	0.410467	11.65092
27264	-4328.724	-4616.652	287.9274	0.8722339	0.3225253	11.65092
27270	-4319.342	-4606.657	287.3157	0.764973	0.3128874	12.03751
27276	-4315.109	-4601.993	286.884	0.804171	0.3758418	12.17221
27282	-4328.334	-4616.373	288.0384	0.8667878	0.4878848	11.42939
27288	-4327.029	-4616.529	289.4994	0.8441587	0.4152278	10.74383
27294	-4323.846	-4611.649	287.8039	0.7780763	0.4455142	11.63676
27300	-4316.465	-4602.243	285.778	0.7948198	0.3637006	12.76603
27306	-4321.289	-4605.776	284.4876	0.7255311	0.3561791	13.48091
27312	-4327.391	-4612.31	284.9195	0.8226879	0.3902266	13.17031
27318	-4335.013	-4620.88	285.867	0.8814261	0.3902266	12.64693
27324	-4332.517	-4618.609	286.0924	0.7822249	0.4116289	12.55976
27330	-4326.839	-4612.962	286.1227	0.7392839	0.4017624	12.57613
27336	-4310.509	-4597.955	287.4466	0.9145079	0.4777666	11.72271
27342	-4336.089	-4622.721	286.6324	0.8572066	0.3877903	12.26334
27348	-4331.574	-4620.766	289.1917	0.9699715	0.3871301	10.86755
27354	-4331.437	-4615.277	283.8404	0.7692805	0.4900935	13.66463
27360	-4345.78	-4632.304	286.524	0.9535731	0.3950225	12.26221
27366	-4336.74	-4623.762	287.0217	0.7813118	0.397712	12.08981
27372	-4333.329	-4616.244	282.9154	0.7205616	0.3181307	14.34154
27378	-4336.127	-4618.862	282.7355	0.7780033	0.3758355	14.34154
27384	-4336.303	-4624.075	287.7718	0.8459495	0.4139723	11.64836
27390	-4343.922	-4632.53	288.6078	0.7851683	0.3392725	11.32159
27396	-4331.771	-4619.401	287.6299	0.7679986	0.3656252	11.81271
27402	-4332.314	-4616.412	284.0981	0.8422386	0.4071685	13.56981
27408	-4334.519	-4619.882	285.3634	0.9573779	0.3910601	12.86864
27414	-4339.387	-4623.048	283.6612	0.8075196	0.4104564	13.81132
27420	-4339.477	-4623.777	284.3005	0.7685991	0.3204875	13.59561
27426	-4335.991	-4620.211	284.2205	0.9009026	0.3586881	13.52579
27432	-4329.872	-4617.322	287.4495	0.7773186	0.3250554	11.94704
27438	-4344.851	-4632.796	287.9448	0.9245061	0.3391013	11.59555
27444	-4325.72	-4611.867	286.1468	0.7692542	0.3506003	12.60155
27450	-4341.514	-4626.383	284.8684	0.8127073	0.4272318	13.16553
27456	-4339.613	-4625.666	286.0535	0.9351105	0.3658982	12.54722
27462	-4333.791	-4619.831	286.0402	0.7834646	0.465951	12.53506
27468	-4327.284	-4615.61	288.3258	0.9984304	0.4033034	11.28961
27474	-4321.939	-4610.019	288.0799	0.9089016	0.452169	11.41796
27480	-4320.824	-4609.19	288.3661	0.8398329	0.3337235	11.42566
27486	-4324.027	-4611.857	287.83	0.9383672	0.4058887	11.57767
27492	-4323.29	-4610.597	287.3065	0.9419473	0.4860025	11.7742
27498	-4319.54	-4606.117	286.577	0.8275823	0.4340637	12.26195
27504	-4328.722	-4616.863	288.1405	0.780185	0.331981	11.57675
27510	-4326.099	-4613.937	287.8385	0.8608716	0.4441261	11.57675
27516	-4324.425	-4613.412	288.987	0.7506952	0.3995408	11.07699
27522	-4323.881	-4611.82	287.9386	0.8457685	0.4308164	11.54493
27528	-4316.863	-4604.851	287.9878	0.8484679	0.4031076	11.54493
27534	-4333.908	-4620.648	286.7393	0.6608049	0.3804941	12.31752
27540	-4335.192	-4624.698	289.5062	0.924217	0.5087485	10.61241
27546	-4320.346	-4610.634	290.2873	0.9712756	0.3824449	10.29674
27552	-4333.034	-4617.172	284.1377	0.6606392	0.4273776	13.62388
27558	-4328.881	-4614.19	285.3094	0.8006533	0.3987077	12.9705
27564	-4324.297	-4608.92	284.6228	0.825301	0.3387869	13.37798
27570	-4318.87	-4609.205	290.3343	0.97484	0.4820304	10.17419
27576	-4308.214	-4598.762	290.5478	0.9144942	0.3974253	10.17419
27582	-4322.345	-4611.996	289.6512	0.9475077	0.3974253	10.6278
27588	-4316.092	-4604.256	288.1644	0.9355831	0.4461559	11.36541
27594	-4326.578	-4614.67	288.0928	0.6854228	0.3340573	11.64886
27600	-4321.876	-4607.441	285.5651	0.6673456	0.4037291	12.90181
27606	-4314.831	-4603.299	288.468	0.8568562	0.534497	11.17015
27612	-4323.01	-4609.732	286.7221	0.8436878	0.5715329	12.05947
27618	-4309.317	-4596.013	286.696	0.9222439	0.4507669	12.13491
27624	-4318.553	-4606.448	287.8959	0.8185543	0.5248196	11.49745
27630	-4302.925	-4590.811	287.8859	0.8787657	0.3869736	11.59875
27636	-4303.127	-4589.071	285.9444	0.6880576	0.3284475	12.77394
27642	-4315.699	-4603.052	287.3526	0.7904123	0.4805994	11.83406
27648	-4317.26	-4602.22	284.9601	0.6897201	0.4564481	13.15442
27654	-4320.259	-4607.805	287.5456	0.7225496	0.4388067	11.807
27660	-4319.426	-4605.418	285.9916	0.8321255	0.4864304	12.51683
27666	-4306.229	-4596.009	289.7802	0.7653173	0.3676341	10.68676
27672	-4308.922	-4599.548	290.6265	0.8182122	0.3863448	10.19481
27678	-4309.207	-4597.058	287.8516	0.7438287	0.4473579	11.62803
27684	-4307.903	-4592.562	284.6595	0.6743061	0.5074956	13.27362
27690	-4298.949	-4585.946	286.9969	0.689388	0.4562147	12.09442
27696	-4303.689	-4591.105	287.416	0.7532783	0.3502834	11.94869
27702	-4308.581	-4595.323	286.7425	0.8069788	0.3400726	12.28323
27708	-4313.204	-4597.489	284.2847	0.8116008	0.3984761	13.4975
27714	-4306.857	-4593.332	286.4758	0.8448267	0.48676	12.2576
27720	-4319.402	-4607.288	287.8859	0.7083326	0.3490607	11.72818
27726	-4321.879	-4609.089	287.2094	0.8526085	0.3773128	11.97565
27732	-4310.493	-4597.258	286.7649	0.7615918	0.381453	12.25062
27738	-4311.264	-4598.125	286.8612	0.696227	0.3661336	12.25062
27744	-4305.323	-4591.966	286.6432	0.7352312	0.4004464	12.30844
27750	-4324.276	-4610.801	286.5256	0.8497382	0.4134458	12.29714
27756	-4321.814	-4607.271	285.4567	0.7227095	0.3870014	12.94628
27762	-4308.817	-4598.465	289.6475	0.9437677	0.4291657	10.60031
27768	-4312.169	-4603.809	291.64	0.8475714	0.4354742	9.596677
27774	-4324.187	-4608.261	284.0747	1.004912	0.5479184	13.37226
27780	-4316.529	-4598.801	282.2713	0.7432672	0.3648686	14.61145
27786	-4322.661	-4604.509	281.8483	0.783731	0.3339315	14.84323
27792	-4317.926	-4607.135	289.209	0.8272481	0.33059	10.99473
27798	-4313.665	-4605.734	292.0692	0.9646716	0.4004567	9.342866
27804	-4319.008	-4611.506	292.4977	1.025099	0.479543	9.008667
27810	-4319.429	-4608.689	289.2607	0.8688681	0.3430174	10.93174
27816	-4316.332	-4603.338	287.0063	0.7357186	0.3106233	12.2168
27822	-4329.89	-4616.646	286.7562	0.8260716	0.4573771	12.14758
27828	-4331.37	-4615.096	283.726	0.8783591	0.5351954	13.62935
27834	-4323.015	-4608.875	285.8599	0.8906544	0.4246575	12.61169
27840	-4308	-4594.569	286.5689	0.752515	0.3983815	12.3402
27846	-4305.446	-4592.884	287.4385	0.9031109	0.3488898	11.86027
27852	-4313.903	-4601.328	287.425	0.920086	0.4165416	11.78821
27858	-4321.597	-4612.292	290.6948	1.018364	0.5293756	9.920721
27864	-4311.425	-4600.501	289.0756	0.8876298	0.4933975	10.87074
27870	-4301.184	-4590.833	289.649	0.8578689	0.3111879	10.77075
27876	-4301.717	-4588.964	287.2478	0.829362	0.5080325	11.84457
27882	-4314.553	-4601.911	287.3575	0.8498814	0.4326204	11.84457
27888	-4314.096	-4602.668	288.5723	0.954805	0.5470099	11.05402
27894	-4309.779	-4596.303	286.5245	0.9968024	0.3218435	12.31868
27900	-4309.072	-4596.263	287.1911	0.9262079	0.2952674	12.03965
27906	-4314.128	-4599.916	285.7886	0.9040631	0.3230002	12.74891
27912	-4319.899	-4605.781	285.8818	0.7173453	0.3669216	12.74891
27918	-4324.068	-4611.044	286.9763	0.7772094	0.332168	12.18579
27924	-4331.253	-4618.991	287.738	0.7458758	0.395673	11.73656
27930	-4321.993	-4603.923	281.9305	0.7585906	0.4169685	14.72712
27936	-4320.3	-4602.666	282.366	0.8049355	0.4168204	14.47779
27942	-4322.466	-4610.447	287.9808	0.7520112	0.4153399	11.58688
27948	-4326.206	-4610.325	284.1186	0.7567715	0.3758213	13.63537
27954	-4313.261	-4599.132	285.8708	0.7047441	0.3650442	12.7632
27960	-4339.252	-4625.963	286.7107	0.8492304	0.3718409	12.24327
27966	-4338.869	-4622.004	283.1347	0.7312245	0.4089049	14.12545
27972	-4334.29	-4624.229	289.9389	0.9144051	0.4138489	10.4777
27978	-4331.785	-4619.804	288.0191	0.7861658	0.4215613	11.54294
27984	-4324.625	-4609.603	284.9782	0.7073785	0.3669051	13.224
27990	-4314.552	-4602.803	288.2508	0.7073785	0.2976538	11.59772
27996	-4318.053	-4606.234	288.181	0.7528002	0.4558378	11.44329
28002	-4315.103	-4600.396	285.293	0.7528002	0.3975168	13.0051
28008	-4306.103	-4594.833	288.7301	0.8114641	0.3746899	11.20527
28014	-4327.982	-4614.683	286.7008	0.7540982	0.3956846	12.27337
28020	-4316.53	-4603.223	286.6933	0.7931885	0.3796621	12.27337
28026	-4315.107	-4597.946	282.8388	0.7009455	0.3796621	14.32399
28032	-4305.364	-4591.729	286.3653	0.7711696	0.3899168	12.44518
28038	-4313.343	-4599.372	286.0287	0.8731158	0.3899168	12.5674
28044	-4301.316	-4588.858	287.5419	0.7466257	0.3634101	11.87217
28050	-4301.822	-4589.992	288.1704	0.7746868	0.3389059	11.55617
28056	-4297.737	-4584.277	286.5409	0.6938788	0.4719095	12.31556
28062	-4300.543	-4585.66	285.1164	0.7205709	0.4941297	13.02357
28068	-4303.322	-4590.472	287.1506	0.8118101	0.3686032	12.0368
28074	-4312.273	-4599.112	286.8386	0.7286558	0.3686032	12.24285
28080	-4311.245	-4597.012	285.7671	0.89478	0.3117115	12.7781
28086	-4316.115	-4607.653	291.5373	0.9555053	0.4569541	9.573637
28092	-4316.038	-4606.078	290.0397	0.8520438	0.4276275	10.44406
28098	-4309.226	-4596.102	286.8763	0.7206148	0.3149898	12.2873
28104	-4342.357	-4627.893	285.5364	0.7201293	0.4410311	12.85324
28110	-4315.942	-4602.995	287.0529	0.8192211	0.3316869	12.12451
28116	-4311.478	-4602.723	291.2453	0.9074121	0.3635497	9.846393
28122	-4308.95	-4598.626	289.6755	0.9187771	0.3442685	10.68672
28128	-4311.959	-4599.585	287.6254	0.7366513	0.4274745	11.76875
28134	-4304.826	-4593.569	288.7431	0.8394616	0.4092891	11.14841
28140	-4317.213	-4604.501	287.2888	0.8138652	0.3330526	12.00269
28146	-4324.574	-4608.74	284.1656	0.6953724	0.3314925	13.69104
28152	-4315.602	-4605.186	289.584	0.7262811	0.3938931	10.78269
28158	-4309.291	-4594.344	285.0529	0.6724762	0.4510738	13.1201
28164	-4311.914	-4597.949	286.0352	0.7575522	0.4510738	12.56481
28170	-4323.474	-4608.138	284.6642	0.7587327	0.3571605	13.37088
28176	-4313.988	-4602.558	288.5697	0.8446283	0.3368117	11.3132
28182	-4305.988	-4593.811	287.8226	0.8364217	0.3655187	11.67644
28188	-4293.198	-4579.52	286.3221	0.8465833	0.4498182	12.37011
28194	-4289.098	-4576.245	287.1464	0.7327047	0.2896592	12.1708
28200	-4287.13	-4573.755	286.6242	0.6978961	0.4606963	12.28019
28206	-4299.167	-4586.953	287.7857	0.702119	0.3466411	11.78643
28212	-4281.576	-4568.202	286.6266	0.6529396	0.364214	12.39751
28218	-4293.95	-4581.978	288.0274	0.7200357	0.4739419	11.52424
28224	-4281.705	-4568.915	287.2097	0.6380434	0.3577085	12.10829
28230	-4329.153	-4614.87	285.7164	0.7555291	0.4348017	12.74703
28236	-4324.572	-4610.198	285.6264	0.7523258	0.4495132	12.78177
28242	-4309.115	-4599.058	289.9428	0.9443523	0.4651805	10.41119
28248	-4306.216	-4595.787	289.5709	0.8149615	0.323595	10.81959
28254	-4316.413	-4605.309	288.8962	0.7005676	0.3454092	11.20807
28260	-4299.391	-4586.515	287.1242	0.8148717	0.4677904	11.95197
28266	-4301.918	-4592.103	290.1856	0.7545443	0.394217	10.45184
28272	-4321.885	-4612.905	291.0201	0.8661119	0.3254788	10.02942
28278	-4306.297	-4592.762	286.4653	0.7426937	0.3759493	12.42235
28284	-4306.619	-4594.977	288.3587	0.8815938	0.3894534	11.34755
28290	-4303.277	-4591.361	288.0844	0.7501935	0.3684194	11.58164
28296	-4322.275	-4611.493	289.2181	0.8213304	0.4377045	10.88154
28302	-4330.75	-4615.773	285.0226	0.7612649	0.4654298	13.07659
28308	-4327.067	-4615.329	288.2617	0.8430711	0.483435	11.32897
28314	-4321.335	-4606.294	284.9593	0.7547941	0.3445456	13.2334
28320	-4325.609	-4614.979	289.3701	1.009133	0.297671	10.85402
28326	-4302.599	-4592.706	290.1072	0.8800943	0.4279824	10.39355
28332	-4316.162	-4605.978	289.8161	0.8101947	0.4952919	10.52126
28338	-4310.819	-4601.2	290.3815	0.8130279	0.4000371	10.31229
28344	-4324.763	-4612.724	287.9609	0.7519062	0.3502475	11.66495
28350	-4328.799	-4615.657	286.8581	0.7386708	0.4164038	12.17879
28356	-4321.526	-4606.538	285.0116	0.6946266	0.3187387	13.26679
28362	-4324.773	-4612.162	287.389	0.8524383	0.4796342	11.78351
28368	-4327.601	-4613.016	285.4154	0.7221766	0.4155578	12.93951
28374	-4330.969	-4620.385	289.417	0.8096622	0.354663	10.868
28380	-4320.734	-4604.334	283.5996	0.8660248	0.3970682	13.82623
28386	-4325.793	-4612.227	286.4335	0.7846268	0.5234102	12.2797
28392	-4338.035	-4623.725	285.6901	0.8060228	0.5088179	12.66806
28398	-4340.144	-4624.413	284.2693	0.6664454	0.36371	13.61682
28404	-4336.148	-4620.742	284.5939	0.7279982	0.4320781	13.34755
28410	-4332.601	-4620.248	287.647	0.8136757	0.4320781	11.71285
28416	-4322.693	-4611.251	288.5582	0.8137494	0.4320781	11.23645
28422	-4321.451	-4609.588	288.1372	0.8137494	0.5187209	11.37892
28428	-4330.119	-4617.32	287.2008	0.8348324	0.3906434	11.97565
28434	-4335.531	-4622.604	287.0732	0.9028115	0.4218783	11.97565
28440	-4342.466	-4629.617	287.1515	0.8748375	0.3921009	11.97902
28446	-4336.481	-4622.781	286.2999	0.7915644	0.3862415	12.47238
28452	-4329.887	-4619.61	289.7232	0.8599892	0.464572	10.57135
28458	-4326.329	-4613.289	286.9603	0.92113	0.3619101	12.08621
28464	-4329.46	-4615.591	286.1309	0.7589137	0.3891986	12.57436
28470	-4333.966	-4618.455	284.4899	0.6091516	0.4232468	13.47174
28476	-4322.069	-4606.463	284.3945	0.7066114	0.4221292	13.47174
28482	-4323.383	-4610.88	287.4978	0.7059962	0.2679893	12.02908
28488	-4323.359	-4613.541	290.1818	0.7469488	0.4478454	10.40537
28494	-4319.26	-4608.389	289.1298	0.9932486	0.3511045	10.92619
28500	-4322.685	-4608.781	286.0952	0.7903369	0.4238245	12.5422
28506	-4303.163	-4589.172	286.0089	0.8333918	0.4476121	12.5422
28512	-4313.172	-4598.418	285.2464	0.7037439	0.4177606	13.03479
28518	-4325.797	-4614.276	288.4791	0.7485798	0.3126381	11.43881
28524	-4329.601	-4617.827	288.226	0.960947	0.466982	11.30073
28530	-4321.772	-4609.042	287.2699	0.7272643	0.4412341	11.94614
28536	-4341.216	-4629.418	288.2023	0.9823407	0.4270768	11.33925
28542	-4328.936	-4614.353	285.417	0.7425211	0.3426851	13.00393
28548	-4325.235	-4610.164	284.9291	0.7502698	0.504834	13.09628
28554	-4341.957	-4633.816	291.8595	1.021219	0.3986232	9.425628
28560	-4335.75	-4625.329	289.5785	0.8315537	0.4317343	10.69289
28566	-4313.013	-4599.55	286.5374	0.7927348	0.4298397	12.30478
28572	-4329.745	-4617.233	287.4882	0.9538162	0.3359377	11.82232
28578	-4325.418	-4611.886	286.4685	0.839033	0.426332	12.31994
28584	-4328.876	-4612.818	283.9417	0.8716662	0.3058664	13.74555
28590	-4318.902	-4603.646	284.744	0.954382	0.3528972	13.23241
28596	-4320.007	-4605.637	285.6305	0.8346852	0.4117956	12.77275
28602	-4315.899	-4604.998	289.0993	1.039123	0.3948799	10.87178
28608	-4321.286	-4608.842	287.5558	0.8136108	0.490597	11.70705
28614	-4333.767	-4621.037	287.2694	0.7894476	0.4400898	11.91504
28620	-4324.467	-4612.44	287.9729	0.6345231	0.3722271	11.6963
28626	-4312.845	-4598.941	286.0955	0.7150989	0.4059409	12.59872
28632	-4331.952	-4621.572	289.62	0.7111723	0.3740179	10.79238
28638	-4323.423	-4608.516	285.0928	0.7139403	0.3740179	13.15353
28644	-4342.537	-4625.716	283.1786	0.8518215	0.3145896	14.14126
28650	-4338.696	-4626.446	287.7502	0.8518215	0.4252615	11.64555
28656	-4337.729	-4624.937	287.2078	0.7936297	0.4252615	11.95914
28662	-4337.29	-4624.064	286.7737	0.7233097	0.4707406	12.1799
28668	-4328.288	-4617.563	289.2746	0.8937748	0.4903607	10.76581
28674	-4302.942	-4589.456	286.515	0.6445884	0.355857	12.469
28680	-4302.776	-4591.535	288.7592	0.7310616	0.4166793	11.18945
28686	-4308.472	-4595.748	287.2757	0.8216299	0.438874	11.8961
28692	-4303.765	-4589.472	285.7064	0.7655327	0.3759757	12.80552
28698	-4324.547	-4610.294	285.7465	0.8059958	0.3373223	12.80552
28704	-4320.628	-4604.567	283.939	0.791343	0.3240289	13.76732
28710	-4318.761	-4604.983	286.2217	0.8173818	0.2989235	12.5971
28716	-4317.322	-4603.077	285.7549	0.7399205	0.3464323	12.82539
28722	-4326.292	-4607.802	281.5106	0.7190831	0.4973039	14.89162
28728	-4309.211	-4593.737	284.5266	0.7597818	0.3649271	13.43346
28734	-4306.963	-4591.437	284.4743	0.7840226	0.3649271	13.44806
28740	-4315.253	-4601.45	286.1969	0.8407163	0.3312197	12.55988
28746	-4318.943	-4604.989	286.0463	0.804666	0.3319668	12.65621
28752	-4324.504	-4610.631	286.1266	0.7091678	0.4501014	12.54328
28758	-4321.731	-4608.448	286.7168	0.8028293	0.4948113	12.14684
28764	-4317.121	-4603.527	286.4062	0.8305098	0.3130366	12.47729
28770	-4301.742	-4591.083	289.3403	0.8305098	0.3384537	10.91527
28776	-4318.614	-4603.933	285.3186	0.8581964	0.4052255	12.92928
28782	-4322.663	-4604.59	281.9273	0.8413744	0.3629423	14.74078
28788	-4315.066	-4599.631	284.5648	0.7315618	0.3929641	13.39917
28794	-4325.044	-4607.788	282.7442	0.7616299	0.434019	14.28785
28800	-4315.083	-4602.556	287.4731	0.7622826	0.3647412	11.8985
28806	-4329.759	-4617.971	288.2119	0.7986572	0.3319891	11.52981
28812	-4335.811	-4625.273	289.4617	0.981113	0.3850861	10.72223
28818	-4327.766	-4615.641	287.8746	0.9123644	0.482744	11.49574
28824	-4341.17	-4626.356	285.1856	0.7759143	0.3655257	13.08202
28830	-4336.279	-4623.561	287.2819	0.8320324	0.4817573	11.84823
28836	-4330.198	-4617.011	286.8127	0.7226103	0.4889563	12.14375
28842	-4327.869	-4615.545	287.6758	0.8568361	0.4889563	11.62319
28848	-4327.975	-4615.861	287.886	0.8286818	0.364919	11.648
28854	-4315.469	-4600.776	285.3074	0.7350875	0.4387963	12.96667
28860	-4311.349	-4600.49	289.1415	0.8749548	0.3867459	10.944
28866	-4313.038	-4601.799	288.7617	0.7433282	0.414726	11.1836
28872	-4326.878	-4614.812	287.9337	0.79184	0.3736689	11.63306
28878	-4332.751	-4618.687	285.9362	0.7869949	0.4424275	12.60905
28884	-4330.566	-4615.448	284.8817	0.8319085	0.3440929	13.23417
28890	-4325.944	-4610.771	284.8274	0.8541826	0.3593025	13.23417
28896	-4332.94	-4619.359	286.4189	0.8999934	0.4542885	12.28774
28902	-4323.843	-4608.302	284.4591	0.7499617	0.4542885	13.38541
28908	-4333.148	-4618.824	285.676	0.7499617	0.3620011	12.84425
28914	-4322.182	-4607.693	285.5104	0.8889925	0.3635721	12.85642
28920	-4329.41	-4617.684	288.2738	0.9061047	0.5482932	11.23473
28926	-4316.94	-4604.729	287.7887	0.913807	0.3946227	11.62337
28932	-4335.571	-4620.968	285.3963	0.7309715	0.3710515	12.98999
28938	-4316.213	-4602.363	286.1494	0.8381468	0.4263044	12.48671
28944	-4329.711	-4614.317	284.606	0.9002735	0.5171302	13.17587
28950	-4315.308	-4598.303	282.9952	0.7199002	0.4199907	14.19281
28956	-4300.755	-4584.941	284.1856	0.7635871	0.3914766	13.58097
28962	-4308.042	-4593.617	285.575	0.8235669	0.3776302	12.84198
28968	-4309.838	-4599.412	289.5746	0.9578187	0.3953248	10.66472
28974	-4315.837	-4604.144	288.3071	0.9401653	0.4367687	11.29722
28980	-4323.718	-4610.657	286.9386	0.8290016	0.4590573	12.04939
28986	-4331.948	-4615.466	283.5186	0.7384905	0.377129	13.9548
28992	-4327.243	-4612.363	285.1195	0.7675243	0.3701501	13.11585
28998	-4314.19	-4602.055	287.8653	0.936488	0.4522505	11.51563
29004	-4305.062	-4593.125	288.0632	0.769605	0.4350066	11.51563
29010	-4309.879	-4597.605	287.7258	0.7745239	0.5071566	11.62432
29016	-4312.016	-4597.084	285.0682	0.8153549	0.4528844	13.0362
29022	-4310.948	-4597.311	286.3628	0.7868164	0.4244513	12.40404
29028	-4300.357	-4585.873	285.516	0.8826472	0.4742722	12.74889
29034	-4287.2	-4574.716	287.5166	0.7565066	0.3454209	11.89986
29040	-4293.754	-4581.403	287.6485	0.8177907	0.4124454	11.72894
29046	-4312.179	-4599.493	287.3136	0.8085595	0.4124454	11.90862
29052	-4313.379	-4599.786	286.407	0.8191669	0.3825279	12.40604
29058	-4304.92	-4591.74	286.8206	0.7539381	0.4155436	12.19122
29064	-4311.044	-4596.906	285.8619	0.8186827	0.373482	12.69955
29070	-4319.742	-4605.047	285.3046	0.7116515	0.413956	13.00414
29076	-4318.612	-4602.969	284.3568	0.7717378	0.413956	13.46542
29082	-4317.301	-4602.515	285.2148	0.859187	0.4201672	12.96806
29088	-4319.254	-4606.016	286.7629	0.9008384	0.4680732	12.09534
29094	-4314.964	-4602.884	287.9199	0.8433072	0.3808687	11.60584
29100	-4318.402	-4603.897	285.4951	0.8404174	0.3925302	12.85944
29106	-4315.898	-4601.285	285.3873	0.9126908	0.3652386	12.90635
29112	-4313.298	-4600.591	287.293	0.8377347	0.3851483	11.93168
29118	-4323.272	-4609.345	286.0723	0.7824931	0.3556593	12.6279
29124	-4312.592	-4601.085	288.4922	0.9300452	0.5281938	11.12442
29130	-4333.546	-4622.173	288.6269	0.9300452	0.4481498	11.12442
29136	-4329.767	-4616.159	286.3922	0.9302907	0.347116	12.39368
29142	-4328.418	-4616.42	288.0028	0.8925895	0.3280276	11.59453
29148	-4325.444	-4614.072	288.6275	1.079614	0.4985056	11.00048
29154	-4322.187	-4612.965	290.778	1.06559	0.4386604	9.932964
29160	-4311.573	-4598.35	286.7773	0.7666602	0.4386604	12.18498
29166	-4301.42	-4587.627	286.2071	0.7273291	0.4354611	12.50562
29172	-4305.011	-4591.373	286.3624	0.7562732	0.3419055	12.50562
29178	-4307.38	-4593.455	286.0751	0.7443118	0.4660322	12.53724
29184	-4313.41	-4596.299	282.8894	0.816372	0.4322231	14.18595
29190	-4320.375	-4600.45	280.0752	0.8561098	0.4051565	15.64748
29196	-4322.084	-4602.077	279.9924	0.7815998	0.4933406	15.64748
29202	-4324.499	-4607.677	283.1773	0.7815998	0.4610422	14.02799
29208	-4319.306	-4605.997	286.6905	0.8095311	0.4113155	12.23422
29214	-4327.906	-4611.444	283.5387	0.7425202	0.4966582	13.82936
29220	-4316.005	-4599.895	283.8904	0.9100307	0.4966582	13.5599
29226	-4322.124	-4607.546	285.4225	0.7727395	0.3217246	13.00912
29232	-4314.447	-4600.309	285.862	0.9510012	0.3480226	12.65803
29238	-4316.621	-4601.225	284.6036	0.8025457	0.3425242	13.39564
29244	-4302.508	-4590.137	287.6293	0.8713365	0.3583976	11.76684
29250	-4322.063	-4611.825	289.7617	0.9927981	0.3664246	10.57842
29256	-4321.475	-4611.202	289.7269	1.069045	0.4501461	10.47298
29262	-4320.861	-4610.087	289.2262	0.7788458	0.3952215	10.94129
29268	-4311.826	-4598.469	286.6439	0.7779089	0.4329778	12.25402
29274	-4324.403	-4610.547	286.1441	0.9800596	0.4980536	12.35016
29280	-4330.051	-4618.658	288.6063	0.9803989	0.3302333	11.2305
29286	-4334.273	-4621.425	287.1521	0.8928735	0.5064969	11.8627
29292	-4328.015	-4613.876	285.8603	1.04729	0.4890654	12.47084
29298	-4323.23	-4610.718	287.4875	0.8356696	0.4457703	11.77172
29304	-4325.654	-4607.499	281.8447	0.7718792	0.3152567	14.87266
29310	-4308.463	-4596.305	287.841	1.0041	0.3358496	11.61186
29316	-4309.788	-4594.754	284.9662	0.7836694	0.3827902	13.17397
29322	-4317.893	-4602.975	285.0818	0.6806361	0.3764542	13.17397
29328	-4322.299	-4608.607	286.3077	0.7685192	0.4245237	12.44223
29334	-4335.336	-4621.321	285.9847	0.8452378	0.5398724	12.46834
29340	-4318.633	-4602.697	284.064	0.8682334	0.5941082	13.41266
29346	-4319.738	-4603.056	283.3176	0.8164705	0.3691408	14.02694
29352	-4319.038	-4601.696	282.6578	0.7616129	0.3822173	14.3837
29358	-4308.667	-4593.491	284.8238	0.8458997	0.2850059	13.32645
29364	-4310.121	-4597.586	287.4643	0.8439506	0.3639138	11.86136
29370	-4317.168	-4603.152	285.9845	0.9608258	0.4164797	12.5182
29376	-4316.214	-4602.658	286.4444	0.990186	0.4644589	12.21812
29382	-4311.782	-4600.347	288.5653	0.9588237	0.434348	11.15461
29388	-4323.397	-4613.075	289.6787	0.9604581	0.3963681	10.60764
29394	-4323.022	-4608.551	285.5297	0.7881287	0.3702263	12.89177
29400	-4323.603	-4608.824	285.2214	0.7953483	0.442073	12.97697
29406	-4320.683	-4607.249	286.5666	0.9375563	0.3953335	12.24807
29412	-4324.486	-4612.583	288.0963	0.947678	0.3106553	11.5372
29418	-4326.962	-4614.19	287.2271	0.8876683	0.3504877	11.97686
29424	-4320.499	-4603.26	282.7616	0.7959451	0.3714594	14.32331
29430	-4329.726	-4614.977	285.2517	0.7489996	0.4323067	12.99453
29436	-4329.729	-4616.123	286.3945	0.8683608	0.427183	12.34242
29442	-4325.25	-4612.872	287.6216	0.8582762	0.3045536	11.83915
29448	-4315.276	-4602.788	287.5116	0.7800119	0.3935028	11.83915
29454	-4322.884	-4606.938	284.0533	0.6429491	0.3352086	13.77228
29460	-4312.753	-4598.508	285.7542	0.6793014	0.4939294	12.71344
29466	-4322.198	-4607.457	285.2593	0.7895853	0.4188771	12.98237
29472	-4320.826	-4606.21	285.3846	0.7438699	0.3777364	12.98237
29478	-4311.715	-4597.758	286.043	0.8533087	0.4385799	12.52251
29484	-4307.146	-4595.7	288.554	0.8691018	0.3639658	11.2787
29490	-4315.649	-4600.74	285.0912	0.7823151	0.4006549	13.09156
29496	-4317.269	-4602.021	284.7522	0.7444158	0.4367954	13.25229
29502	-4314.318	-4599.233	284.9156	0.707371	0.4339082	13.18935
29508	-4329.932	-4618.591	288.6594	0.9663004	0.4363388	11.09957
29514	-4319.289	-4605.258	285.9687	0.9663004	0.3795369	12.56082
29520	-4313.034	-4596.211	283.1767	1.011247	0.3948904	13.97246
29526	-4307.42	-4593.605	286.1842	0.8792466	0.4647508	12.41125
29532	-4307.919	-4592.508	284.5886	0.8411727	0.3695844	13.35403
29538	-4310.527	-4594.047	283.52	0.8411727	0.4216449	13.85624
29544	-4311.197	-4593.652	282.4549	0.7698314	0.3666446	14.50078
29550	-4307.254	-4595.214	287.9598	0.8263433	0.4090354	11.56524
29556	-4315.205	-4601.231	286.0258	0.8200731	0.5247444	12.47253
29562	-4295.571	-4581.673	286.1025	0.9186616	0.4228555	12.47253
29568	-4299.809	-4586.907	287.098	0.8270984	0.4228555	12.00128
29574	-4325.728	-4613.336	287.6081	0.7872923	0.3181332	11.86711
29580	-4333.06	-4619.821	286.7604	0.7497133	0.353989	12.28838
29586	-4320.996	-4607.807	286.8116	0.6928585	0.4205339	12.22292
29592	-4320.06	-4606.711	286.6505	0.721337	0.3931105	12.31929
29598	-4307.349	-4593.351	286.0017	0.9047893	0.4725032	12.48605
29604	-4306.166	-4591.606	285.4394	0.7991294	0.3907939	12.91169
29610	-4307.429	-4594.411	286.9818	0.9375961	0.3327788	12.09857
29616	-4311.304	-4600.54	289.2355	0.9016251	0.2891263	10.99147
29622	-4308.529	-4596.747	288.2184	0.8893762	0.4534234	11.35455
29628	-4313.813	-4600.139	286.3257	0.8893762	0.4398119	12.35531
29634	-4322.508	-4612.092	289.5832	0.8184365	0.3529134	10.77817
29640	-4333.903	-4625.372	291.4683	1.052418	0.4255148	9.588785
29646	-4315.752	-4602.636	286.8843	0.7902484	0.3400276	12.21807
29652	-4323.462	-4610.406	286.9444	0.7602001	0.3623635	12.17793
29658	-4331.465	-4617.209	285.7433	0.7394395	0.4386508	12.73777
29664	-4341.647	-4627.687	286.04	0.8326623	0.30605	12.67512
29670	-4338.506	-4625.326	286.82	0.8907184	0.3740497	12.16231
29676	-4322.05	-4606.332	284.2817	0.8386653	0.2809997	13.61675
29682	-4326.35	-4613.425	287.075	0.9979096	0.340768	12.00952
29688	-4328.29	-4617.237	288.9469	0.9172684	0.4215098	10.98894
29694	-4330.194	-4618.152	287.9588	0.7989508	0.4734122	11.51936
29700	-4336.485	-4623.531	287.046	0.8757117	0.521211	11.91456
29706	-4325.736	-4612.575	286.8389	0.9253619	0.363583	12.14551
29712	-4324.266	-4613.988	289.7223	0.9652059	0.2888644	10.7033
29718	-4316.071	-4602.165	286.0939	0.8138778	0.3498434	12.60667
29724	-4319.548	-4605.739	286.191	0.9257122	0.362643	12.48398
29730	-4318.011	-4602.605	284.5941	0.7664164	0.372669	13.38679
29736	-4297.965	-4585.101	287.1355	0.8163485	0.4126062	11.99735
29742	-4302.308	-4589.859	287.5511	0.8266415	0.344094	11.84669
29748	-4306.847	-4594.393	287.546	0.8489369	0.3940602	11.78462
29754	-4312.897	-4599.903	287.0062	0.7353664	0.4545744	12.06709
29760	-4311.757	-4600.304	288.5471	0.7736024	0.5221352	11.18259
29766	-4309.391	-4598.237	288.8456	0.8353062	0.3290012	11.18259
29772	-4307.615	-4593.477	285.8617	0.8353062	0.3146196	12.75642
29778	-4312.331	-4596.748	284.4173	0.6920108	0.513944	13.38479
29784	-4309.809	-4598.452	288.6426	0.8663819	0.4782542	11.12205
29790	-4310.13	-4593.911	283.7815	0.9363074	0.402826	13.68965
29796	-4315.43	-4601.423	285.9933	0.8087842	0.3657209	12.64455
29802	-4318.668	-4606.282	287.614	0.8145734	0.4986417	11.66912
29808	-4325.115	-4609.345	284.2295	0.683029	0.3431042	13.65124
29814	-4339.974	-4626.57	286.596	1.037323	0.3067168	12.27813
29820	-4333.969	-4622.407	288.4378	0.8827712	0.3840961	11.31108
29826	-4307.049	-4592.706	285.657	0.7047595	0.3968378	12.84144
29832	-4309.502	-4597.019	287.517	0.8507263	0.3489013	11.8466
29838	-4326.501	-4612.149	285.6484	0.8507263	0.3429854	12.82692
29844	-4333.599	-4620.931	287.332	0.8339122	0.5272418	11.78205
29850	-4313.331	-4600.148	286.8163	0.8198034	0.3733247	12.20198
29856	-4314.06	-4598.924	284.8636	0.7421884	0.4442084	13.18865
29862	-4321.947	-4607.774	285.8266	0.7421884	0.4014198	12.72913
29868	-4314.57	-4601.648	287.0788	0.7914109	0.4026662	12.0498
29874	-4315.649	-4602.848	287.199	0.7648822	0.3557885	12.0498
29880	-4320.692	-4610.81	290.118	0.8647351	0.342503	10.48486
29886	-4299.287	-4585.695	286.4077	0.8641368	0.3958963	12.36854
29892	-4312.938	-4600.203	287.2645	0.7253974	0.4361789	11.95469
29898	-4304.791	-4594.572	289.7813	0.9227377	0.4728111	10.50039
29904	-4318.303	-4605.009	286.7062	0.8128517	0.498179	12.14423
29910	-4326.838	-4616.524	289.6868	0.9632113	0.5273832	10.48137
29916	-4315.442	-4601.21	285.7679	0.9442335	0.4443152	12.61307
29922	-4326.834	-4613.76	286.9259	1.046411	0.3072138	12.1008
29928	-4332.069	-4617.392	285.3233	0.8011454	0.3321533	13.03398
29934	-4353.41	-4641.326	287.9162	0.9676794	0.4362636	11.48772
29940	-4342.728	-4628.858	286.1297	0.7177054	0.3846829	12.60107
29946	-4330.924	-4619.52	288.5961	0.8548969	0.4559593	11.17261
29952	-4324.805	-4613.095	288.2905	0.8822127	0.3615649	11.41223
29958	-4350.166	-4637.759	287.5928	0.7404138	0.3341323	11.88112
29964	-4320.891	-4606.845	285.9546	0.8153567	0.4151761	12.61079
29970	-4320.568	-4606.641	286.072	0.9718621	0.4296736	12.4541
29976	-4316.179	-4604.307	288.1286	0.8809135	0.4130211	11.44454
29982	-4303.679	-4588.474	284.7943	0.8498534	0.2924844	13.33043
29988	-4300.186	-4586.666	286.4799	0.9099052	0.442614	12.26159
29994	-4318.428	-4606.658	288.2296	0.9055608	0.5294058	11.27361
30000	-4334.809	-4620.589	285.7804	0.8711438	0.3885557	12.69908
30006	-4326.398	-4610.329	283.9314	0.8711438	0.5187298	13.54009
30012	-4315.94	-4601.243	285.3033	0.8788762	0.4519825	12.88175
30018	-4315.048	-4601.594	286.5458	0.82632	0.3908571	12.3214
30024	-4331.742	-4619.433	287.6916	0.8374284	0.3685386	11.74115
30030	-4320.121	-4607.747	287.6253	0.7510813	0.4169972	11.77146
30036	-4328.44	-4617.56	289.1209	0.753844	0.4974508	10.91356
30042	-4322.569	-4611.585	289.0166	0.7456589	0.431094	11.03305
30048	-4328.735	-4617.325	288.5898	0.8263742	0.3941173	11.25078
30054	-4330.202	-4619.093	288.8911	0.8706401	0.5050129	10.96623
30060	-4317.712	-4608.347	290.6349	0.8950901	0.3389119	10.20135
30066	-4314.087	-4600.88	286.7931	0.9059292	0.3492455	12.19507
30072	-4327.731	-4619.773	292.0425	0.9677144	0.3445648	9.415112
30078	-4317.632	-4609.187	291.5557	0.986982	0.5158549	9.494884
30084	-4334.529	-4621.111	286.582	0.8628035	0.5169619	12.16689
30090	-4330.415	-4617.553	287.1373	0.8157708	0.3961434	12.01314
30096	-4333.892	-4623.51	289.6187	0.9138695	0.3592888	10.70252
30102	-4318.181	-4604.447	286.266	0.9696193	0.4656932	12.32073
30108	-4319.964	-4606.153	286.1885	0.9511793	0.4656932	12.37072
30114	-4320.351	-4608.001	287.6496	0.7733864	0.3986982	11.76529
30120	-4323.325	-4609.163	285.8386	0.8595775	0.3678204	12.69638
30126	-4331.606	-4620.785	289.1787	0.9714707	0.5281062	10.74307
30132	-4312.59	-4601.219	288.6285	0.9037399	0.3855371	11.19882
30138	-4316.697	-4604.107	287.4101	0.899738	0.3138647	11.9168
30144	-4304.078	-4593.582	289.5043	0.8692924	0.4306526	10.71308
30150	-4313.887	-4601.162	287.2755	0.7570883	0.3486626	12.02174
30156	-4325.852	-4612.005	286.1535	0.7459625	0.4682292	12.49357
30162	-4311.975	-4599.478	287.5025	0.8325668	0.3542218	11.85781
30168	-4318.695	-4609.109	290.4145	0.9875834	0.5483195	10.06882
30174	-4320.855	-4608.484	287.6293	0.8851594	0.4756387	11.64449
30180	-4309.319	-4597.199	287.8807	0.8770014	0.3475038	11.64449
30186	-4305.584	-4592.066	286.482	0.9755258	0.355132	12.31452
30192	-4294.75	-4581.875	287.1253	0.9839891	0.4222487	11.90577
30198	-4300.552	-4588.728	288.1757	0.8432786	0.3608312	11.49339
30204	-4301.469	-4588.127	286.6576	0.8948699	0.4332818	12.18563
30210	-4311.126	-4597.932	286.8063	0.8023375	0.4648634	12.12701
30216	-4303.983	-4593.633	289.6502	0.9791165	0.3945993	10.6146
30222	-4324.291	-4613.896	289.6052	0.8785438	0.3936618	10.69197
30228	-4319.605	-4605.635	286.03	0.8627522	0.4227553	12.5395
30234	-4312.599	-4601.234	288.6355	0.8512784	0.4289647	11.17932
30240	-4325.874	-4615.016	289.1427	0.90892	0.4335979	10.87905
30246	-4327.766	-4613.394	285.6287	0.7738759	0.4435062	12.77492
30252	-4329.535	-4615.192	285.6568	0.8602164	0.4468423	12.71225
30258	-4320.2	-4606.596	286.3959	0.8280157	0.436959	12.35338
30264	-4311.03	-4598.865	287.8354	0.815094	0.436959	11.60903
30270	-4314.961	-4600.706	285.7456	0.8773386	0.3799814	12.72281
30276	-4323.513	-4612.92	289.4068	0.7604398	0.4679138	10.78647
30282	-4312.065	-4599.16	287.0952	0.8354685	0.3660245	12.05609
30288	-4318.026	-4605.2	287.1742	0.7834273	0.3530244	12.05609
30294	-4333.385	-4620.551	287.1665	0.9387635	0.3762991	11.95418
30300	-4323.461	-4606.586	283.1249	0.7542202	0.4109929	14.11654
30306	-4318.955	-4605.506	286.5509	0.8857886	0.393875	12.28468
30312	-4322.601	-4609.955	287.3536	0.9612782	0.5369386	11.69625
30318	-4322.855	-4610.873	288.0183	0.9374935	0.5450957	11.35456
30324	-4334.489	-4624.245	289.7561	1.143232	0.4196754	10.44783
30330	-4333.323	-4619.955	286.6311	0.845312	0.4485673	12.21091
30336	-4323.099	-4610.888	287.789	0.779159	0.3735279	11.71541
30342	-4323.187	-4609.405	286.2179	0.7534834	0.4389904	12.48306
30348	-4314.272	-4599.577	285.3053	0.8077438	0.3275278	13.04518
30354	-4317.58	-4605.229	287.6495	0.8197373	0.3671654	11.7738
30360	-4331.251	-4616.849	285.5988	0.745806	0.4531111	12.79618
30366	-4320.471	-4608.089	287.618	0.7289003	0.293346	11.92219
30372	-4345.927	-4630.54	284.6122	0.8249385	0.3407834	13.38146
30378	-4332.534	-4617.246	284.7117	0.6655474	0.3694762	13.38146
30384	-4367.648	-4647.985	280.3373	0.8128603	0.5158024	15.4341
30390	-4363.623	-4644.134	280.5113	0.780187	0.4334911	15.4341
30396	-4350.395	-4636.579	286.1845	0.9045671	0.379493	12.48058
30402	-4312.023	-4598.652	286.629	0.7578532	0.3431941	12.36449
30408	-4334.624	-4621.278	286.6534	0.7516316	0.3347479	12.36449
30414	-4328.598	-4614.647	286.0487	0.7079474	0.5082229	12.53288
30420	-4324.41	-4611.299	286.8895	0.8744442	0.3938059	12.11417
30426	-4320.858	-4605.898	285.0401	0.6965246	0.4280063	13.1359
30432	-4331.437	-4617.275	285.8376	0.7768513	0.5131209	12.6028
30438	-4343.405	-4629.439	286.0343	0.7985171	0.3904308	12.6028
30444	-4320.566	-4607.917	287.3513	0.8726268	0.4863017	11.7868
30450	-4328.548	-4617.021	288.4731	0.7377473	0.3621473	11.39164
30456	-4326.368	-4609.7	283.3322	0.7569934	0.4154165	14.00332
30462	-4322.319	-4607.465	285.1461	0.7464073	0.3960094	13.08634
30468	-4323.654	-4608.654	284.9998	0.7929512	0.3960094	13.13818
30474	-4348.367	-4638.062	289.6952	0.9659249	0.3461838	10.64953
30480	-4334.17	-4622.921	288.7512	0.9649849	0.4118517	11.07593
30486	-4332.502	-4622.914	290.412	1.026752	0.3140737	10.27811
30492	-4328.461	-4615.656	287.1951	0.8860364	0.477887	11.86877
30498	-4339.883	-4623.303	283.4204	0.7992523	0.4114259	13.93959
30504	-4338.818	-4625.009	286.1917	0.8607123	0.4489268	12.43151
30510	-4329.562	-4615.865	286.3031	0.8501135	0.3947876	12.43151
30516	-4320.81	-4606.849	286.0383	0.8791023	0.3390029	12.61369
30522	-4322.489	-4610.762	288.2731	0.8493713	0.4511776	11.34897
30528	-4318.723	-4604.807	286.0837	0.6349938	0.4790141	12.57805
30534	-4324.787	-4609.304	284.5172	0.6678401	0.4564359	13.39592
30540	-4329.709	-4616.203	286.4932	0.8080174	0.3674155	12.38278
30546	-4331.404	-4617.768	286.3638	0.8032043	0.3571431	12.46372
30552	-4336.64	-4624.693	288.0523	0.8888772	0.3756718	11.51823
30558	-4329.174	-4612.334	283.1594	0.7119317	0.3514632	14.1821
30564	-4331.818	-4616.902	285.0845	0.9043737	0.3928612	13.03939
30570	-4329.941	-4618.375	288.4341	0.7921338	0.3279157	11.42172
30576	-4316.927	-4601.639	284.7117	0.7921099	0.4034714	13.28083
30582	-4313.917	-4603.312	289.395	0.9322641	0.3743591	10.79407
30588	-4319.088	-4605.069	285.9807	0.9524052	0.4869317	12.45939
30594	-4334.148	-4622.16	288.0119	0.8259213	0.4052953	11.54196
30600	-4331.701	-4616.947	285.2456	0.9945905	0.4509065	12.85254
30606	-4323.795	-4609.869	286.0737	0.8487615	0.401556	12.54485
30612	-4322.334	-4607.117	284.7825	0.8487615	0.3410242	13.28034
30618	-4321.755	-4609.162	287.4064	0.887251	0.3113204	11.92825
30624	-4329.117	-4618.398	289.2815	0.8910904	0.3447267	10.90731
30630	-4331.035	-4619.883	288.8484	0.9023918	0.4500267	11.02117
30636	-4336.891	-4622.197	285.3063	0.9023918	0.334818	12.98715
30642	-4344.778	-4628.59	283.8121	0.8031568	0.3857556	13.76011
30648	-4339.162	-4621.028	281.8667	0.8275162	0.3833178	14.75805
30654	-4334.88	-4617.47	282.5896	0.7468869	0.3127571	14.5029
30660	-4332.087	-4616.633	284.5466	0.9229341	0.4043452	13.29781
30666	-4319.017	-4604.91	285.8935	0.9635327	0.5890082	12.41535
30672	-4350.499	-4633.448	282.9493	0.7303437	0.4449171	14.18757
30678	-4323.396	-4610.173	286.7772	0.811681	0.4773426	12.12606
30684	-4339.395	-4631.002	291.6073	0.9381268	0.3846149	9.61701
30690	-4343.353	-4629.273	285.92	0.8974575	0.3217689	12.68534
30696	-4334.131	-4620.6	286.4696	0.7459591	0.3419699	12.45508
30702	-4331.886	-4615.515	283.6286	0.8434261	0.3143375	13.91261
30708	-4320.064	-4603.699	283.6356	0.7439274	0.3570118	13.91261
30714	-4322.875	-4608.729	285.8536	0.7168114	0.3156505	12.82108
30720	-4319.863	-4606.975	287.1114	0.8282494	0.309932	12.11457
30726	-4324.375	-4611.914	287.539	0.7910615	0.35868	11.85558
30732	-4336.885	-4625.134	288.2486	0.8994284	0.2495078	11.56073
30738	-4332.758	-4621.947	289.1891	0.9179508	0.4723057	10.81404
30744	-4337.279	-4623.76	286.4815	0.9102348	0.3559217	12.34798
30750	-4327.313	-4614.449	287.1365	0.8504454	0.3782812	12.01383
30756	-4325.511	-4614.183	288.6721	0.7464697	0.3320296	11.31642
30762	-4316.314	-4603.04	286.7259	0.7793359	0.3871703	12.2558
30768	-4312.545	-4601.764	289.2193	0.8773126	0.2978397	11.0019
30774	-4315.968	-4602.525	286.5572	0.8662183	0.3325123	12.35744
30780	-4315.759	-4602.977	287.218	0.9112634	0.4186978	11.89877
30786	-4312.865	-4599.863	286.9978	0.940147	0.5299706	11.89877
30792	-4307.908	-4591.565	283.6569	0.7332372	0.3351026	13.93122
30798	-4299.487	-4583.876	284.3894	0.8885932	0.3601009	13.443
30804	-4315.79	-4600.944	285.1532	0.7192148	0.3281373	13.16955
30810	-4313.78	-4603.467	289.6874	0.9691106	0.4893493	10.51062
30816	-4312.313	-4600.259	287.9462	0.7544483	0.3487703	11.67292
30822	-4293.131	-4579.896	286.7643	0.9286913	0.3630663	12.18321
30828	-4299.195	-4585.768	286.5729	0.7358085	0.3639242	12.38262
30834	-4309	-4597.88	288.8805	0.857431	0.3519241	11.12701
30840	-4291.443	-4575.773	284.3302	0.8031553	0.3088487	13.57589
30846	-4279.769	-4568.144	288.3744	0.8144559	0.3985619	11.3652
30852	-4299.788	-4588.587	288.7998	0.9739362	0.3580109	11.10159
30858	-4297.472	-4583.914	286.4417	0.7916747	0.5454928	12.25354
30864	-4302.551	-4587.027	284.4764	0.803479	0.4531969	13.34966
30870	-4303.362	-4590.776	287.414	0.818319	0.4073541	11.85615
30876	-4301.947	-4587.718	285.7718	0.7786456	0.4073541	12.73274
30882	-4308.524	-4596.096	287.572	0.8415874	0.4039815	11.7649
30888	-4301.391	-4587.104	285.7132	0.8108023	0.5130255	12.64995
30894	-4322.374	-4606.38	284.0061	0.7010338	0.4719873	13.63
30900	-4305.814	-4592.678	286.8634	0.7591761	0.5094199	12.08059
30906	-4304.791	-4592.418	287.627	0.8942725	0.3915786	11.72117
30912	-4328.552	-4614.338	285.7862	0.7467695	0.3069768	12.85079
30918	-4323.334	-4610.494	287.16	0.8648677	0.3069768	12.07365
30924	-4318.469	-4608.591	290.1215	0.9555791	0.3804439	10.39419
30930	-4327.743	-4615.399	287.6561	0.9558375	0.3586301	11.70847
30936	-4326.565	-4611.468	284.9027	0.7761698	0.4931748	13.10662
30942	-4314.467	-4597.209	282.7422	0.7477656	0.4165095	14.31284
30948	-4309.25	-4592.669	283.4193	0.7886827	0.3916563	13.96534
30954	-4295.322	-4579.505	284.1824	0.7675044	0.46704	13.50843
30960	-4301.655	-4588.791	287.1367	0.8083681	0.3985395	12.01489
30966	-4298.099	-4585.086	286.9874	0.9003407	0.3985395	12.04481
30972	-4302.131	-4589.241	287.1101	0.7561442	0.3985395	12.05603
30978	-4303.653	-4588.069	284.4164	0.6356127	0.3586271	13.56188
30984	-4303.746	-4589.012	285.2655	0.9077984	0.3066424	13.03828
30990	-4298.911	-4586.168	287.2572	0.8031693	0.3942799	11.95905
30996	-4311.363	-4596.39	285.0264	0.7579743	0.4532939	13.08739
31002	-4303.977	-4590.582	286.6042	0.7798306	0.3486731	12.35992
31008	-4316.315	-4604.23	287.9152	0.7994286	0.3833827	11.62859
31014	-4309.943	-4595.639	285.6964	0.7520536	0.3381124	12.85876
31020	-4312.889	-4599.783	286.894	0.9082259	0.3878932	12.10021
31026	-4314.04	-4599.216	285.1753	0.8132083	0.3381349	13.09789
31032	-4323.046	-4608.681	285.6355	0.798695	0.4609419	12.74236
31038	-4314.402	-4597.885	283.4833	0.7314543	0.3562646	13.99882
31044	-4317.841	-4600.077	282.236	0.880912	0.4786611	14.44855
31050	-4314.197	-4596.315	282.1185	0.8520221	0.4021506	14.59597
31056	-4314.188	-4602.209	288.0212	0.9481908	0.4047731	11.47368
31062	-4302.765	-4589.908	287.1438	0.7639616	0.4308877	12.00261
31068	-4310.869	-4598.107	287.2389	0.7610219	0.3629133	12.0233
31074	-4307.02	-4593.66	286.64	0.8582219	0.4229934	12.22376
31080	-4311.002	-4598.767	287.765	0.8208558	0.4161807	11.66281
31086	-4313.341	-4601.084	287.7431	0.8884449	0.3182302	11.74369
31092	-4311.706	-4599.405	287.6993	0.867076	0.3283545	11.76602
31098	-4322.702	-4608.856	286.154	0.7566963	0.3754882	12.57769
31104	-4324.916	-4612.506	287.5903	0.8179399	0.4434131	11.72949
31110	-4322.902	-4612.93	290.0277	0.9145021	0.3610561	10.48566
31116	-4323.707	-4612.825	289.118	0.9076367	0.3610561	10.96638
31122	-4331.138	-4615.708	284.5707	0.8918221	0.3455133	13.363
31128	-4336.776	-4624.348	287.5713	0.8197696	0.3755383	11.80578
31134	-4341.238	-4629.845	288.607	0.8072466	0.4288363	11.21741
31140	-4334.52	-4622.585	288.0644	0.8313558	0.3446267	11.57557
31146	-4333.822	-4619.816	285.9941	0.7893658	0.3747096	12.64473
31152	-4320.487	-4605.752	285.2651	0.8120422	0.4201294	12.96647
31158	-4328.631	-4615.217	286.5862	0.8805588	0.4391377	12.22475
31164	-4312.877	-4597.373	284.4961	0.8527526	0.4495686	13.31716
31170	-4301.154	-4587.926	286.7721	0.8193588	0.3616817	12.23764
31176	-4305.013	-4590.708	285.6944	0.7224043	0.4385634	12.77217
31182	-4294.387	-4580.497	286.1101	0.8211333	0.319017	12.62933
31188	-4314.229	-4598.065	283.8357	0.8087733	0.3626654	13.76909
31194	-4317.003	-4600.724	283.7214	0.8229905	0.4135154	13.76909
31200	-4311.931	-4600.188	288.2569	0.9410753	0.481275	11.28211
31206	-4314.095	-4602.603	288.5082	0.9140984	0.481275	11.16473
31212	-4307.314	-4594.531	287.2167	0.7793101	0.3922254	11.99468
31218	-4314.683	-4600.756	286.0723	0.8913698	0.3875825	12.53757
31224	-4307.059	-4590.459	283.3996	0.8861981	0.3292748	13.99192
31230	-4299.877	-4585.239	285.3617	0.7502703	0.3685253	13.00061
31236	-4294.679	-4579.992	285.3121	0.6996652	0.419976	13.00061
31242	-4298.603	-4583.851	285.2476	0.7660133	0.4189875	13.00061
31248	-4321.679	-4607.213	285.534	0.7197641	0.4189875	12.87573
31254	-4322.098	-4608.942	286.8438	0.8266662	0.3850078	12.17189
31260	-4312.433	-4599.24	286.8078	0.7797682	0.3332743	12.27103
31266	-4305.897	-4595.483	289.5857	0.9599994	0.4272688	10.62606
31272	-4299.364	-4585.666	286.3026	0.7575821	0.3553285	12.52136
31278	-4310.546	-4598.386	287.84	0.9629021	0.4466231	11.52026
31284	-4305.004	-4591.478	286.4738	0.7511705	0.3799817	12.40928
31290	-4303.565	-4590.907	287.342	0.9232487	0.4446684	11.80296
31296	-4315.088	-4601.234	286.1457	0.7824896	0.4446684	12.50021
31302	-4317.431	-4606.404	288.9728	0.8708197	0.4654203	10.95838
31308	-4304.295	-4591.792	287.4968	0.7980843	0.4668074	11.76711
31314	-4311.011	-4596.458	285.4469	0.7249543	0.351378	12.98792
31320	-4301.79	-4585.921	284.1308	0.9018005	0.3981963	13.53087
31326	-4309.711	-4593.975	284.2639	0.7686533	0.3981963	13.53087
31332	-4320.435	-4608.053	287.6175	0.935328	0.3725374	11.72444
31338	-4316.752	-4605.087	288.335	0.8604584	0.4850159	11.28013
31344	-4324.225	-4612.414	288.1888	0.7737685	0.4408526	11.44226
31350	-4323.133	-4611.402	288.2689	0.7789399	0.395249	11.44226
31356	-4320.269	-4609.353	289.0844	0.9671915	0.3626197	10.95106
31362	-4326.773	-4615.191	288.4174	0.9294691	0.3604785	11.32232
31368	-4320.964	-4606.398	285.4347	0.8183043	0.4454062	12.85099
31374	-4316.017	-4604.758	288.7414	0.8822268	0.3962729	11.13998
31380	-4336.009	-4621.642	285.633	0.9346099	0.4054685	12.7257
31386	-4328.588	-4620.656	292.0681	1.105872	0.4020021	9.267262
31392	-4339.971	-4628.754	288.7838	0.9787929	0.4513791	11.01369
31398	-4334.764	-4620.207	285.4431	0.8638741	0.3994201	12.86734
31404	-4330.624	-4616.259	285.6346	0.8588857	0.3990133	12.77074
31410	-4320.081	-4606.775	286.6944	0.8310321	0.3235662	12.31456
31416	-4321.065	-4608.225	287.1607	0.8115337	0.4329203	11.96705
31422	-4326.379	-4613.713	287.3341	0.7985082	0.4263151	11.88966
31428	-4330.542	-4617.979	287.4366	0.8318169	0.4745203	11.77399
31434	-4328.334	-4614.021	285.6871	0.7922424	0.3796067	12.79793
31440	-4329.925	-4613.016	283.0906	0.7555784	0.429544	14.11573
31446	-4337.566	-4625.692	288.1265	0.8403056	0.3645899	11.51663
31452	-4324.194	-4610.632	286.4377	0.8291625	0.4072719	12.35975
31458	-4329.535	-4615.111	285.5759	0.7152275	0.3602741	12.91623
31464	-4322.701	-4613.783	291.082	1.067405	0.4536382	9.757771
31470	-4324.593	-4612.772	288.1792	1.099095	0.4635647	11.25604
31476	-4326.981	-4612.931	285.9499	1.081457	0.5076283	12.39031
31482	-4323.009	-4608.73	285.7206	0.7894485	0.422994	12.73847
31488	-4346.462	-4630.049	283.5874	0.8341426	0.3692468	13.87775
31494	-4328.569	-4613.816	285.2469	0.7926479	0.4782702	12.93213
31500	-4326.395	-4614.186	287.7904	0.9840674	0.4410321	11.54038
31506	-4327.798	-4611.463	283.6647	0.9545986	0.4403913	13.70449
31512	-4326.509	-4611.27	284.7609	0.875213	0.4844365	13.13644
31518	-4321.551	-4605.793	284.2418	0.8663897	0.3841829	13.50586
31524	-4326.262	-4612.017	285.7543	0.7866851	0.4213219	12.72398
31530	-4323.484	-4609.744	286.2604	0.8540568	0.3348502	12.51577
31536	-4326.462	-4613.734	287.2721	0.7819634	0.347501	12.01185
31542	-4336.919	-4623.013	286.0944	1.000126	0.3773063	12.48004
31548	-4332.647	-4616.763	284.1152	0.9578303	0.5060463	13.41034
31554	-4321.508	-4608.23	286.7224	0.9366165	0.5327382	12.04206
31560	-4323.747	-4609.551	285.8038	0.8583789	0.4348288	12.64797
31566	-4320.488	-4608.53	288.0425	0.9703766	0.4601567	11.39798
31572	-4334.446	-4619.428	284.9817	0.8252078	0.4601567	13.0694
31578	-4328.712	-4615.837	287.1246	0.9675439	0.5101194	11.83497
31584	-4326.663	-4613.649	286.9861	0.9978658	0.4347453	11.95917
31590	-4323.568	-4610.078	286.5102	0.9906387	0.3818244	12.26362
31596	-4314.931	-4602.49	287.5583	0.8769315	0.3818244	11.77614
31602	-4317.266	-4604.775	287.5091	0.901123	0.3610351	11.81121
31608	-4323.381	-4610.275	286.8943	0.901123	0.4490101	12.04415
31614	-4322.203	-4604.842	282.6388	0.901123	0.4504579	14.25483
31620	-4339.043	-4625.009	285.9657	0.7533854	0.494479	12.56427
31626	-4334.53	-4620.227	285.6971	0.9263253	0.4373321	12.66581
31632	-4329.196	-4616.876	287.6793	0.9385396	0.5138067	11.55726
31638	-4316.372	-4600.308	283.9358	0.8470609	0.336838	13.72551
31644	-4311.469	-4596.425	284.9557	0.8076687	0.363279	13.18741
31650	-4314.391	-4600.184	285.7932	0.7456229	0.3629824	12.78451
31656	-4328.434	-4610.543	282.1094	0.729784	0.3599777	14.70745
31662	-4321.655	-4603.566	281.9106	0.7711084	0.4339385	14.71468
31668	-4320.039	-4604.753	284.7145	0.8846997	0.4554011	13.1817
31674	-4320.513	-4606.606	286.0932	0.9064265	0.5350541	12.3839
31680	-4335.848	-4623.036	287.1878	0.9202052	0.4216519	11.907
31686	-4333.585	-4622.598	289.0135	0.9733939	0.4837593	10.8668
31692	-4325.465	-4611.582	286.1171	0.8733767	0.3060529	12.61382
31698	-4327.949	-4615.731	287.7821	0.7171097	0.4164417	11.70785
31704	-4311.275	-4599.693	288.4176	0.9533599	0.3687254	11.30088
31710	-4313.932	-4599.65	285.7184	0.7837858	0.4591519	12.70866
31716	-4321.689	-4606.421	284.7316	0.7548033	0.3228977	13.37613
31722	-4310.872	-4597.698	286.8256	0.8038832	0.4119633	12.16612
31728	-4315.218	-4596.129	280.9116	0.9264816	0.372456	15.21212
31734	-4320.148	-4605.169	285.0211	0.7881327	0.4888361	13.04263
31740	-4311.163	-4600.706	289.5431	0.8683826	0.4082694	10.7151
31746	-4315.864	-4603.338	287.4742	0.7966869	0.4131604	11.83027
31752	-4315.223	-4601.957	286.7343	0.8878303	0.4983526	12.09032
31758	-4315.001	-4602.64	287.6395	0.8707806	0.4334162	11.68566
31764	-4305.526	-4592.693	287.167	0.8135784	0.3123005	12.09041
31770	-4304.126	-4588.024	283.8977	0.881023	0.3519793	13.71093
31776	-4299.045	-4587.163	288.1178	0.9750275	0.4556169	11.36036
31782	-4328.252	-4616.054	287.8011	0.8917183	0.3159991	11.71432
31788	-4319.677	-4607.417	287.7405	0.8454882	0.3657944	11.71432
31794	-4305.317	-4592.503	287.1864	0.8166627	0.4936021	11.89568
31800	-4322.85	-4607.414	284.5637	0.8627465	0.4485945	13.27772
31806	-4325.364	-4610.394	285.0291	0.7483708	0.4905078	13.05768
31812	-4327.537	-4613.255	285.7185	0.9046826	0.4173179	12.6851
31818	-4323.901	-4610.783	286.8829	0.8116884	0.39864	12.14543
31824	-4332.083	-4621.443	289.3597	0.9362167	0.2999253	10.89495
31830	-4338.344	-4626.296	287.9522	0.7930932	0.393016	11.60269
31836	-4322.487	-4610.355	287.8682	0.9135247	0.3746424	11.60269
31842	-4326.374	-4609.643	283.2687	0.7171795	0.3984444	14.07364
31848	-4325.804	-4609.086	283.2817	0.6732547	0.4146677	14.07364
31854	-4314.89	-4598.655	283.7651	0.8528925	0.3930618	13.75121
31860	-4329.232	-4614.145	284.9131	0.8928481	0.376668	13.15117
31866	-4318.482	-4604.517	286.0356	0.8404243	0.4045134	12.56607
31872	-4339.462	-4622.737	283.2744	0.8404243	0.4949504	13.91712
31878	-4321.924	-4607.818	285.8937	0.8340025	0.361643	12.6876
31884	-4324.073	-4610.07	285.9971	0.6249809	0.4153134	12.68761
31890	-4333.426	-4618.324	284.8989	0.8706535	0.3990518	13.14718
31896	-4345.893	-4627.655	281.7618	0.829054	0.3796685	14.81527
31902	-4323.599	-4609.967	286.3673	0.853342	0.3729692	12.41891
31908	-4323.664	-4611.433	287.7692	0.853342	0.4710604	11.59215
31914	-4325.787	-4610.325	284.5376	0.7164354	0.4484764	13.3674
31920	-4334.605	-4622.384	287.779	0.758164	0.3289162	11.78063
31926	-4334.547	-4623.004	288.4569	0.775601	0.4021861	11.3387
31932	-4342.789	-4627.979	285.1908	0.8028539	0.4021861	13.02753
31938	-4340.121	-4628.802	288.6807	0.7448305	0.4770038	11.16685
31944	-4334.321	-4623.258	288.9372	0.8980665	0.2754916	11.16685
31950	-4337.784	-4622.062	284.2782	0.721106	0.3809078	13.56578
31956	-4337.83	-4622.705	284.8745	0.6962092	0.3258776	13.32891
31962	-4332.859	-4620.713	287.8541	0.820279	0.4171534	11.6156
31968	-4330.689	-4613.653	282.9634	0.8123342	0.3143677	14.27349
31974	-4334.672	-4621.244	286.5724	0.7037656	0.4283563	12.33435
31980	-4333.814	-4621.341	287.5273	0.7891268	0.3222487	11.90356
31986	-4322.468	-4607.462	284.9948	0.8317034	0.39598	13.12066
31992	-4327.206	-4614.691	287.4851	1.074328	0.4113746	11.68138
31998	-4327.065	-4615.901	288.8363	0.9107558	0.4113746	11.06024
32004	-4340.345	-4625.107	284.7614	0.6670763	0.4331287	13.29116
32010	-4329.314	-4616.23	286.9161	0.7321667	0.4055061	12.16272
32016	-4334.98	-4620.654	285.6734	0.9041987	0.3739158	12.75271
32022	-4341.193	-4625.634	284.441	0.8498975	0.3240032	13.47638
32028	-4349.527	-4629.173	279.6462	0.8005687	0.4021606	15.90063
32034	-4342.429	-4630.265	287.8364	0.8471572	0.398915	11.62898
32040	-4334.095	-4620.157	286.0613	0.7616744	0.3732793	12.62566
32046	-4332.335	-4621.43	289.0946	0.9703973	0.2622184	11.06389
32052	-4330.196	-4617.611	287.4148	0.7850814	0.4253574	11.85548
32058	-4342.441	-4626.748	284.3073	0.7100191	0.4134641	13.52367
32064	-4343.275	-4627.451	284.1762	0.8580933	0.3485692	13.58206
32070	-4342.562	-4631.142	288.5794	0.8995697	0.4136187	11.19835
32076	-4332.206	-4616.669	284.4632	0.6182308	0.3791508	13.52495
32082	-4337.794	-4621.262	283.468	0.7233201	0.4744027	13.89546
32088	-4329.1	-4616.482	287.3817	0.8004683	0.463516	11.82896
32094	-4333.375	-4617.989	284.6138	0.7057616	0.3494954	13.43288
32100	-4354.171	-4639.756	285.5858	0.8926317	0.3239125	12.85932
32106	-4339.373	-4628.505	289.1328	0.9238768	0.323185	10.99257
32112	-4332.252	-4618.563	286.3109	0.8315697	0.5791303	12.27424
32118	-4325.921	-4610.837	284.9152	0.8040749	0.3959152	13.17645
32124	-4319.989	-4604.869	284.8803	0.7255144	0.3959152	13.23544
32130	-4321.758	-4606.611	284.8525	0.8906999	0.3292492	13.23544
32136	-4328.189	-4614.458	286.2693	0.968357	0.4684328	12.31715
32142	-4331.479	-4616.111	284.6315	0.8926951	0.3324427	13.34559
32148	-4323.916	-4607.66	283.7439	0.7466639	0.3548159	13.85738
32154	-4326.998	-4614.97	287.9716	0.8595603	0.3827314	11.5684
32160	-4355.43	-4641.203	285.7723	0.7586554	0.37972	12.77093
32166	-4342.888	-4626.548	283.6599	0.8908855	0.3639377	13.81635
32172	-4344.52	-4632.048	287.528	1.000287	0.3307146	11.78317
32178	-4339.722	-4625.398	285.676	0.9528912	0.4663383	12.63617
32184	-4347.399	-4633.795	286.3963	0.8957989	0.490746	12.26902
32190	-4344.487	-4632.947	288.4599	0.8957989	0.3287606	11.35301
32196	-4341.08	-4626.783	285.7031	0.8124583	0.4208101	12.73774
32202	-4352.899	-4636.001	283.1022	0.7422901	0.4435786	14.10339
32208	-4337.187	-4621.486	284.2999	0.712608	0.5444931	13.40989
32214	-4317.042	-4602.969	285.9271	0.7710865	0.4328884	12.63107
32220	-4311.478	-4597.348	285.8697	0.8004797	0.3726141	12.70592
32226	-4317.215	-4604.185	286.97	0.8671774	0.339936	12.13341
32232	-4314.706	-4601.962	287.2561	0.9408687	0.4395759	11.84341
32238	-4302.3	-4587.991	285.6909	0.9033585	0.3784428	12.73931
32244	-4301.416	-4590.585	289.1694	0.8918609	0.4447921	10.86338
32250	-4303.035	-4590.718	287.6828	0.8219307	0.3919516	11.72943
32256	-4313.759	-4597.318	283.5588	0.703758	0.3396712	13.99224
32262	-4317.315	-4606.11	288.7945	0.8270489	0.3468935	11.19348
32268	-4322.95	-4609.226	286.2759	0.7553637	0.4004549	12.48928
32274	-4326.304	-4612.453	286.1491	0.8799898	0.4016115	12.48928
32280	-4323.169	-4607.853	284.6845	0.9347911	0.3606714	13.26509
32286	-4322.482	-4609.305	286.8228	0.9504504	0.3679524	12.13615
32292	-4322.077	-4607.704	285.6273	0.8489372	0.3676872	12.81202
32298	-4318.569	-4602.468	283.8998	0.7935287	0.520089	13.59564
32304	-4323.647	-4612.353	288.7062	0.8921777	0.4578553	11.09373
32310	-4329.329	-4619.473	290.1444	0.8302659	0.413563	10.41428
32316	-4324.278	-4611.644	287.3663	0.9352447	0.3757589	11.85228
32322	-4330.595	-4616.248	285.6532	0.9325048	0.3307561	12.79565
32328	-4327.442	-4615.813	288.3716	0.9217338	0.297336	11.42289
32334	-4328.535	-4616.643	288.108	0.9296695	0.420079	11.42289
32340	-4344.627	-4633.583	288.9562	0.7860765	0.3173003	11.16407
32346	-4341.187	-4629.754	288.5676	0.9210414	0.5213739	11.09536
32352	-4334.943	-4619.378	284.4353	0.8941329	0.3546131	13.42219
32358	-4335.309	-4620.038	284.7291	0.7898856	0.4472212	13.23092
32364	-4339.721	-4625.459	285.7382	0.7820389	0.4044377	12.75136
32370	-4343.036	-4629.857	286.821	0.8250213	0.4275962	12.14225
32376	-4341.879	-4629.813	287.9348	0.9826303	0.3847361	11.52119
32382	-4333.133	-4618.89	285.7577	0.8868684	0.3416115	12.7528
32388	-4323.598	-4608.456	284.8584	0.8381391	0.3661466	13.21911
32394	-4330.297	-4620.737	290.4397	0.9152265	0.3838557	10.24462
32400	-4343.05	-4627.489	284.4396	0.8631991	0.3076637	13.48937
32406	-4332.116	-4616.837	284.7207	0.7688729	0.354306	13.33937
32412	-4323.985	-4607.299	283.3133	0.6540211	0.3726286	14.10972
32418	-4311.012	-4598.19	287.178	0.8061945	0.3566557	12.03825
32424	-4313.862	-4598.86	284.9982	0.7403413	0.3957024	13.16668
32430	-4331.424	-4615.571	284.147	0.7979171	0.4172322	13.55756
32436	-4327.542	-4610.787	283.2448	0.7887546	0.4049232	14.04248
32442	-4313.54	-4601.359	287.8196	0.9050964	0.3476165	11.66159
32448	-4325.314	-4612.849	287.5357	0.9482044	0.4743932	11.66159
32454	-4325.505	-4613.24	287.7353	0.9035779	0.3619627	11.69077
32460	-4331.634	-4616.612	284.9778	0.9670544	0.3878397	13.06739
32466	-4326.837	-4616.955	290.1174	0.9639308	0.3797214	10.39272
32472	-4319.572	-4603.75	284.1787	0.7518002	0.440045	13.54329
32478	-4330.101	-4615.183	285.0825	0.6037521	0.4605043	13.1318
32484	-4323.971	-4608.278	284.3076	0.7789242	0.394595	13.50647
32490	-4319.727	-4603.339	283.6114	0.7361437	0.4326328	13.85277
32496	-4326.084	-4614.222	288.138	0.9461226	0.3864566	11.43232
32502	-4325.389	-4611.64	286.2515	0.8220555	0.4385803	12.43018
32508	-4321.904	-4605.123	283.2183	0.7764622	0.3525653	14.11688
32514	-4325.479	-4609.636	284.1565	0.7376907	0.3658458	13.6361
32520	-4321.876	-4602.973	281.0975	0.7376907	0.3854048	15.20022
32526	-4321.847	-4608.984	287.1367	0.9050777	0.3854048	11.9778
32532	-4320.288	-4606.397	286.1089	0.7959003	0.3854048	12.57044
32538	-4328.567	-4614.96	286.3926	0.8944182	0.3905132	12.36611
32544	-4329.155	-4615.705	286.5501	0.8468405	0.3916985	12.30763
32550	-4323.851	-4608.886	285.0348	0.7920673	0.4987149	13.02486
32556	-4324.396	-4609.458	285.0619	0.7697417	0.4801958	13.03855
32562	-4320.056	-4605.535	285.4793	0.661469	0.3706792	12.98335
32568	-4328.37	-4613.241	284.8716	0.6613151	0.4056609	13.26357
32574	-4310.581	-4597.654	287.0727	0.7744474	0.4016674	12.06281
32580	-4322.553	-4607.506	284.9525	0.8479923	0.4328285	13.09815
32586	-4330.514	-4616.996	286.4814	0.9276896	0.3453882	12.35048
32592	-4345.384	-4631.433	286.0487	0.7504606	0.342718	12.6711
32598	-4347.454	-4629.713	282.2593	0.6284725	0.3726144	14.66894
32604	-4328.457	-4616.335	287.8775	0.8113216	0.3871658	11.63819
32610	-4332.235	-4615.567	283.3327	0.7543113	0.3871658	14.03264
32616	-4354.401	-4636.496	282.0948	0.8088084	0.419422	14.61371
32622	-4332.439	-4617.86	285.4206	0.76676	0.4013641	12.92761
32628	-4342.399	-4627.486	285.0863	0.8772723	0.3488038	13.09903
32634	-4334.027	-4620.438	286.4112	0.7308773	0.3318804	12.50472
32640	-4316.774	-4601.956	285.1818	0.6568765	0.3969793	13.11334
32646	-4322.91	-4608.555	285.6448	0.7038873	0.3440059	12.90407
32652	-4315.091	-4604.044	288.9526	0.8603387	0.4017278	11.03534
32658	-4303.68	-4591.801	288.121	0.9029638	0.4017278	11.44819
32664	-4324.455	-4610.883	286.4275	0.7930612	0.3960954	12.39509
32670	-4317.536	-4601.329	283.7931	0.7507303	0.3596481	13.82454
32676	-4319.963	-4607.795	287.8319	0.7668896	0.4107389	11.66141
32682	-4319.545	-4608.099	288.5546	0.8719692	0.3969162	11.2425
32688	-4327.114	-4613.903	286.789	0.7218753	0.3412876	12.30198
32694	-4318.332	-4599.524	281.1922	0.7776341	0.3432914	15.17532
32700	-4315.978	-4600.373	284.3945	0.712137	0.3518579	13.54089
32706	-4318.381	-4605.59	287.2095	0.7918937	0.3554893	12.03054
32712	-4311.654	-4596.76	285.1059	0.7776366	0.4185635	13.06865
32718	-4318.038	-4604.483	286.445	0.8217126	0.3971614	12.36997
32724	-4323.909	-4609.841	285.9323	0.8646705	0.4135832	12.59831
32730	-4319.648	-4604.807	285.1592	0.6977673	0.3652151	13.13671
32736	-4318.896	-4605.823	286.9269	0.9471977	0.3721606	12.07912
32742	-4319.314	-4606.261	286.9472	0.8763085	0.4430145	12.03509
32748	-4324.828	-4612.511	287.6823	0.9126469	0.6872745	11.43692
32754	-4310.035	-4597.295	287.2601	0.8399361	0.4828958	11.85446
32760	-4317.047	-4605.882	288.8347	0.8437815	0.4748631	11.0363
32766	-4314.529	-4600.01	285.4812	0.821425	0.3153713	12.96068
32772	-4330.332	-4620.155	289.8225	0.9073293	0.4331926	10.52369
32778	-4326.631	-4613.727	287.096	0.7624272	0.4670961	11.99466
32784	-4320.065	-4605.982	285.9174	0.7335052	0.5021817	12.59312
32790	-4314.703	-4599.977	285.2742	0.8430023	0.5791279	12.8082
32796	-4323.159	-4612.791	289.6323	0.9522895	0.373009	10.66055
32802	-4339.803	-4624.455	284.6521	0.80068	0.4292635	13.28221
32808	-4337.141	-4621.735	284.5941	0.9287962	0.5350415	13.1524
32814	-4331.069	-4618.932	287.863	0.9341927	0.3734821	11.59583
32820	-4338.423	-4626.519	288.0961	0.8361074	0.4630482	11.4375
32826	-4340.011	-4626.445	286.4336	0.8383696	0.4277	12.33719
32832	-4329.789	-4613.311	283.5218	0.7706136	0.3305105	13.98706
32838	-4324.62	-4613.095	288.4744	0.8968869	0.4134889	11.25485
32844	-4332.088	-4621.092	289.0039	0.7514101	0.346055	11.12437
32850	-4338.716	-4623.771	285.055	0.7227002	0.3411716	13.2041
32856	-4331.941	-4618.509	286.5685	0.8066047	0.4074727	12.30316
32862	-4334.205	-4619.359	285.153	0.8309836	0.4595081	12.97789
32868	-4332.251	-4616.019	283.7672	0.7615451	0.3480445	13.84496
32874	-4322.081	-4606.702	284.6213	0.8529186	0.3480445	13.35416
32880	-4326.66	-4613.446	286.7865	0.8656304	0.3042909	12.27124
32886	-4313.535	-4597.01	283.4751	0.7606446	0.402541	13.93999
32892	-4320.281	-4603.215	282.9338	0.731297	0.4798845	14.16346
32898	-4308.061	-4595	286.9389	0.8615	0.4755582	12.01736
32904	-4312.911	-4599.657	286.7464	0.9062463	0.5110031	12.06354
32910	-4322.209	-4606.84	284.6307	0.9413457	0.5110031	13.14686
32916	-4313.831	-4596.934	283.1031	0.8082466	0.392286	14.11848
32922	-4330.92	-4619.539	288.6188	0.8355441	0.436175	11.18939
32928	-4334.495	-4623.364	288.869	0.9229344	0.4192013	11.02904
32934	-4324.128	-4607.797	283.6693	0.8425622	0.3801642	13.8195
32940	-4341.218	-4626.383	285.1651	0.9670287	0.3713666	12.98715
32946	-4338.922	-4627.285	288.3628	0.9020083	0.4166996	11.30736
32952	-4324.464	-4612.134	287.6703	0.8388261	0.4174099	11.7017
32958	-4324.88	-4612.571	287.6915	0.9567778	0.4685663	11.58094
32964	-4326.832	-4610.544	283.7121	0.8710517	0.4685663	13.6974
32970	-4328.888	-4616.114	287.2259	0.8286601	0.4726215	11.88736
32976	-4330.96	-4615.589	284.6285	0.8433927	0.4191881	13.28201
32982	-4330.611	-4617.643	287.0321	0.8546953	0.4970548	11.95335
32988	-4333.271	-4616.372	283.1002	0.802667	0.358973	14.15759
32994	-4329.369	-4612.078	282.7096	0.9152898	0.3681861	14.29184
33000	-4330.857	-4613.563	282.7061	0.8144169	0.4587608	14.25731
33006	-4323.996	-4610.429	286.433	0.7914017	0.4587608	12.33285
33012	-4326.994	-4613.878	286.8839	0.9521413	0.443306	12.02828
33018	-4332.297	-4619.342	287.0454	0.798145	0.3943615	12.07207
33024	-4329.845	-4612.046	282.2004	0.8829841	0.3404313	14.60236
33030	-4324.142	-4610.543	286.4012	0.703713	0.3905732	12.46092
33036	-4328.506	-4613.064	284.5583	0.792673	0.3494561	13.41663
33042	-4319.85	-4605.951	286.1013	0.8402954	0.3527585	12.58587
33048	-4314.145	-4601.071	286.926	0.8766114	0.3479873	12.14246
33054	-4334.63	-4619.334	284.7036	0.7355646	0.4291024	13.28943
33060	-4324.704	-4609.433	284.7297	0.7960433	0.4121807	13.26085
33066	-4321.647	-4609.525	287.8776	0.7114324	0.3942271	11.68309
33072	-4344.121	-4630.872	286.7511	0.8896446	0.3649325	12.20849
33078	-4334.794	-4621.072	286.2785	0.9227825	0.3931457	12.40811
33084	-4313.245	-4600.683	287.4383	0.7631883	0.3974027	11.88221
33090	-4316.618	-4601.142	284.524	0.7144139	0.3907381	13.43154
33096	-4311.859	-4596.371	284.5118	0.7144139	0.3241963	13.50976
33102	-4308.65	-4591.933	283.2833	0.7202246	0.3978748	14.06508
33108	-4314.481	-4596.864	282.3828	0.7392329	0.435178	14.48556
33114	-4312.288	-4597.038	284.7504	0.7682382	0.5609383	13.13373
33120	-4308.497	-4593.895	285.3978	0.8926583	0.4308367	12.84524
33126	-4317.515	-4603.083	285.5674	0.7692093	0.4061359	12.84524
33132	-4311.052	-4594.985	283.9329	0.6843872	0.468589	13.67967
33138	-4310.265	-4593.287	283.0221	0.6978136	0.3333481	14.28061
33144	-4322.592	-4610.029	287.4368	0.8992267	0.2635118	11.96595
33150	-4327.529	-4612.922	285.393	0.7671576	0.3564994	12.98844
33156	-4322.239	-4610.655	288.4162	0.8412404	0.4536298	11.27607
33162	-4318.186	-4604.278	286.092	0.8102223	0.3420562	12.61817
33168	-4319.763	-4603.434	283.6711	0.6300005	0.4441208	13.86608
33174	-4321.439	-4606.477	285.0374	0.7654468	0.4441208	13.0863
33180	-4317.224	-4602.958	285.7342	0.7878009	0.4489509	12.70772
33186	-4339.439	-4625.099	285.6601	0.7987216	0.3270959	12.86585
33192	-4331.296	-4617.806	286.5098	0.8345425	0.3457264	12.38383
33198	-4330.056	-4616.088	286.0313	0.7887035	0.4848905	12.5201
33204	-4326.197	-4613.992	287.7948	0.8247156	0.3376465	11.7277
33210	-4316.431	-4603.169	286.7382	0.6932503	0.4301041	12.25177
33216	-4317.884	-4604.28	286.396	0.758449	0.3883219	12.43743
33222	-4335.91	-4620.586	284.6765	0.7729524	0.3749704	13.33817
33228	-4318.002	-4604.413	286.4104	0.7695971	0.3749704	12.43796
33234	-4324.014	-4607.349	283.3351	0.7956759	0.4464266	13.95229
33240	-4328.498	-4614.147	285.6488	0.8145883	0.3757099	12.81027
33246	-4311.709	-4599.983	288.274	0.8821787	0.387555	11.39347
33252	-4315.906	-4605.019	289.1127	0.9458004	0.3897852	10.91884
33258	-4309.705	-4596.34	286.6347	0.7959415	0.4653411	12.21939
33264	-4310.643	-4596.999	286.3559	0.978987	0.4691595	12.26586
33270	-4314.349	-4602.392	288.0424	0.8986737	0.4895574	11.40919
33276	-4315.675	-4602.512	286.8372	0.7236164	0.4187789	12.19522
33282	-4315.8	-4603.307	287.5074	0.7863753	0.460767	11.77318
33288	-4315.249	-4601.482	286.2329	0.8425716	0.3520924	12.51688
33294	-4316.867	-4604.188	287.3209	1.041495	0.5202108	11.68529
33300	-4323.36	-4607.795	284.4351	0.7397585	0.385417	13.46996
33306	-4316.657	-4596.63	279.9728	0.7778998	0.5009636	15.653
33312	-4315.015	-4599.477	284.4618	0.7813373	0.4044841	13.41524
33318	-4315.161	-4600.858	285.6965	0.951988	0.407244	12.68186
33324	-4314.646	-4600.319	285.6736	0.7930091	0.4849363	12.70406
33330	-4310.414	-4596.265	285.8506	0.7588751	0.4053417	12.70406
33336	-4311.683	-4599.315	287.6319	0.9584954	0.592291	11.50834
33342	-4324.676	-4611.403	286.727	0.9334715	0.4483207	12.11517
33348	-4338.795	-4622.376	283.5807	0.9230928	0.388903	13.81469
33354	-4321.578	-4607.049	285.4711	0.7994126	0.4355566	12.85114
33360	-4301.415	-4588.72	287.3045	0.8995005	0.4355566	11.84353
33366	-4304.554	-4591.311	286.757	0.7987911	0.4678868	12.15181
33372	-4307.251	-4594.106	286.855	0.7867948	0.5105299	12.06961
33378	-4299.86	-4586.822	286.9627	0.8811227	0.4617956	12.0071
33384	-4323.15	-4608.896	285.7452	0.9093543	0.3472777	12.7413
33390	-4307.451	-4597.084	289.6337	0.8900669	0.3645626	10.70145
33396	-4330.088	-4616.714	286.6259	0.7005103	0.3929885	12.34307
33402	-4334.641	-4618.299	283.6579	0.8766233	0.4801117	13.71237
33408	-4329.573	-4617.92	288.3474	0.8540094	0.4307246	11.32693
33414	-4325.377	-4610.944	285.5672	0.7795643	0.4147207	12.83152
33420	-4330.501	-4620.149	289.6479	0.8494869	0.3760152	10.70312
33426	-4328.478	-4616.844	288.366	0.9696944	0.3394211	11.35138
33432	-4325.514	-4612.581	287.0676	0.8524625	0.3360569	12.09451
33438	-4326.962	-4615.028	288.0667	0.7941675	0.4030756	11.53213
33444	-4322.05	-4610.588	288.5379	0.8210092	0.4204723	11.25444
33450	-4333.852	-4620.843	286.9911	0.7456363	0.3830773	12.13935
33456	-4319.98	-4607.416	287.4359	0.8593132	0.463134	11.77026
33462	-4311.475	-4597.691	286.2158	0.7764689	0.4500188	12.46186
33468	-4303.631	-4590.452	286.8202	0.8345318	0.3993482	12.16549
33474	-4312.632	-4597.574	284.9418	0.9050693	0.3555918	13.15228
33480	-4318.09	-4605.989	287.899	0.9223119	0.4200282	11.53603
33486	-4319.544	-4605.674	286.1307	0.7383286	0.3850677	12.58944
33492	-4321.103	-4605.595	284.4913	0.7647256	0.4160402	13.39719
33498	-4310.207	-4596.635	286.4286	0.7927293	0.4180671	12.37285
33504	-4314.451	-4598.417	283.9654	0.6950361	0.3739787	13.74883
33510	-4320.499	-4603.502	283.0037	0.7480968	0.4374212	14.15716
33516	-4316.183	-4601.249	285.0662	0.810021	0.4096412	13.08121
33522	-4307.459	-4592.605	285.1463	0.673444	0.4401682	13.08121
33528	-4317.625	-4602.888	285.263	0.7497833	0.3417875	13.08121
33534	-4315.052	-4600.257	285.2052	0.7878443	0.3511035	13.08121
33540	-4318.18	-4604.073	285.893	0.8250627	0.3495885	12.70573
33546	-4327.077	-4613.948	286.8707	0.8430731	0.2920551	12.25405
33552	-4320.086	-4611.474	291.3886	0.9574586	0.2565487	9.873696
33558	-4324.763	-4610.985	286.222	0.9606628	0.3831987	12.42799
33564	-4322.245	-4608.571	286.3255	0.8201236	0.4022012	12.42799
33570	-4323.638	-4607.662	284.0234	0.6906358	0.4022012	13.69221
33576	-4321.738	-4605.981	284.2432	0.7228308	0.3696242	13.59482
33582	-4318.868	-4608.643	289.7754	0.8905412	0.4981898	10.49794
33588	-4311.021	-4596.28	285.2596	0.7680679	0.3993131	13.01271
33594	-4300.992	-4584.451	283.459	0.6931496	0.5549453	13.84803
33600	-4307.481	-4592.964	285.4829	0.6866754	0.4577974	12.88294
33606	-4313.456	-4598.907	285.4508	0.7607628	0.4343121	12.88294
33612	-4320.368	-4607.436	287.068	0.8461388	0.3953563	12.03426
33618	-4311.235	-4599.299	288.0645	0.8981508	0.4093349	11.47268
33624	-4301.467	-4589.002	287.5348	0.7952763	0.3729869	11.84028
33630	-4309.779	-4597.024	287.2447	0.7721478	0.4639595	11.91487
33636	-4317.941	-4605.072	287.1313	0.8067063	0.4621643	11.95762
33642	-4326.894	-4615.059	288.1651	0.7583716	0.5174894	11.39437
33648	-4324.279	-4615.515	291.2353	0.8457519	0.5108897	9.742588
33654	-4298.608	-4586.814	288.2054	0.7996619	0.3506633	11.51173
33660	-4314.424	-4602.172	287.7474	0.7569684	0.4271833	11.69471
33666	-4309.931	-4596.166	286.235	0.6675511	0.4172064	12.53976
33672	-4319.347	-4605.912	286.5651	0.6925475	0.3718041	12.40083
33678	-4324.694	-4614.112	289.4172	0.8324175	0.3718041	10.83748
33684	-4320.806	-4606.924	286.1186	0.7890154	0.3937763	12.56046
33690	-4315.003	-4599.998	284.9958	0.7552295	0.3937763	13.16211
33696	-4333.575	-4619.322	285.7464	0.7018973	0.4581884	12.73757
33702	-4316.582	-4599.109	282.5277	0.7244455	0.3655735	14.48772
33708	-4316.171	-4605.718	289.547	0.8184316	0.4465379	10.70226
33714	-4314.564	-4603.317	288.7523	0.9190299	0.3534884	11.16014
33720	-4311.45	-4599.416	287.966	0.8128415	0.4516827	11.52815
33726	-4317.798	-4605.479	287.681	0.9686729	0.5286627	11.52815
33732	-4305.218	-4590.588	285.3695	0.7933121	0.3510404	12.99299
33738	-4307.271	-4591.847	284.5766	0.8102628	0.5157676	13.23908
33744	-4310.912	-4597.277	286.365	0.7874616	0.4252622	12.40178
33750	-4318.461	-4606.173	287.7123	0.765889	0.2887273	11.8594
33756	-4311.083	-4597.982	286.899	0.765889	0.393241	12.1664
33762	-4309.158	-4596.803	287.6447	0.6904613	0.3317754	11.88281
33768	-4322.783	-4609.315	286.5321	0.7013861	0.4054314	12.37896
33774	-4323.303	-4610.729	287.4259	0.794681	0.3923738	11.87737
33780	-4311.049	-4597.626	286.5771	0.7299886	0.3813903	12.36505
33786	-4311.343	-4595.61	284.267	0.8144783	0.3574774	13.54785
33792	-4327.929	-4612.653	284.7235	0.7386874	0.3593584	13.34812
33798	-4345.857	-4629.172	283.3141	0.6591091	0.5379798	13.95451
33804	-4329.675	-4615.618	285.9421	0.8839369	0.3405589	12.65949
33810	-4337.813	-4622.958	285.1445	0.7239591	0.472549	13.02623
33816	-4332.722	-4619.308	286.5856	0.8309429	0.472549	12.22021
33822	-4324.548	-4610.516	285.968	0.8616746	0.3517863	12.64523
33828	-4322.399	-4607.992	285.5925	0.87483	0.272106	12.92822
33834	-4330.995	-4616.702	285.7071	0.972546	0.3547173	12.72009
33840	-4334.493	-4620.004	285.5115	0.7320536	0.3668266	12.934
33846	-4333.751	-4621.286	287.5347	0.7973117	0.478195	11.73748
33852	-4318.62	-4607.098	288.4778	0.8130641	0.4143967	11.29602
33858	-4316.557	-4602.712	286.1548	0.7702944	0.366541	12.57961
33864	-4326.203	-4608.592	282.3888	0.8420239	0.3751797	14.48867
33870	-4330.183	-4615.834	285.6507	0.6974549	0.4567349	12.79101
33876	-4343.622	-4630.816	287.1937	0.7503803	0.3521662	12.0641
33882	-4333.078	-4619.043	285.9642	0.8298414	0.394967	12.61839
33888	-4332.72	-4617.269	284.5488	0.7714959	0.3240429	13.46111
33894	-4321.034	-4608.102	287.0679	0.7327698	0.4459464	12.04425
33900	-4328.219	-4612.389	284.1697	0.6473071	0.4730931	13.57201
33906	-4322.766	-4609.024	286.2585	0.6117061	0.4328357	12.54156
33912	-4324.174	-4609.927	285.7525	0.7757372	0.3710545	12.78141
33918	-4333.235	-4616.908	283.6727	0.7659685	0.4138453	13.82362
33924	-4329.113	-4616.121	287.0078	0.7073018	0.4138453	12.1196
33930	-4337.664	-4625.603	287.9395	0.8454986	0.5046544	11.47768
33936	-4340.755	-4626.042	285.2866	0.7922971	0.4138346	12.97168
33942	-4315.084	-4601.816	286.732	0.7874211	0.3783433	12.25758
33948	-4305.837	-4591.904	286.0666	0.8658719	0.3762048	12.56561
33954	-4290.019	-4576.266	286.2464	0.7953106	0.3243708	12.56561
33960	-4321.816	-4607.944	286.1278	0.9984404	0.2876375	12.56561
33966	-4310.551	-4594.388	283.8373	0.8274104	0.3633572	13.75782
33972	-4309.738	-4593.359	283.6202	0.8573096	0.4623798	13.75782
33978	-4302.029	-4588.768	286.7397	0.883327	0.4619315	12.12214
33984	-4294.597	-4578.81	284.2133	0.7837156	0.3392223	13.6117
33990	-4311.512	-4597.311	285.7985	0.7538743	0.4030298	12.73603
33996	-4302.404	-4588.956	286.5523	0.7814704	0.3865024	12.34585
34002	-4306.553	-4591.489	284.9363	0.751673	0.4246796	13.16439
34008	-4316.87	-4603.674	286.8043	0.9975744	0.3549909	12.1352
34014	-4325.055	-4609.732	284.6768	0.7370427	0.4128626	13.31831
34020	-4325.73	-4609.638	283.9076	0.7725091	0.3916954	13.72037
34026	-4310.332	-4596.575	286.2432	0.8165207	0.4325012	12.44316
34032	-4316.988	-4603.999	287.0116	0.7031174	0.4110265	12.12261
34038	-4324.504	-4610.087	285.5827	0.7356769	0.4110265	12.84991
34044	-4321.288	-4607.527	286.2391	0.8629954	0.4110265	12.44191
34050	-4329.582	-4616.944	287.3614	0.8546217	0.3842585	11.88806
34056	-4329.579	-4617.102	287.5229	0.9155044	0.5526615	11.61888
34062	-4328.598	-4614.988	286.3893	0.9884863	0.4072623	12.30196
34068	-4337.573	-4621.031	283.4576	0.719229	0.3996724	13.97343
34074	-4324.279	-4607.672	283.3931	0.7714251	0.4060581	13.97343
34080	-4310.747	-4597.606	286.8595	0.7974105	0.404515	12.1592
34086	-4306.239	-4591.364	285.125	0.6507269	0.5153994	13.03726
34092	-4316.443	-4602.43	285.9874	0.6656101	0.4583958	12.63082
34098	-4315.978	-4603.804	287.8253	0.7398039	0.320887	11.77529
34104	-4322.651	-4608.395	285.7437	0.5918898	0.3306376	12.92589
34110	-4319.325	-4605.912	286.5867	0.6500835	0.3499248	12.43522
34116	-4310.098	-4598.386	288.2881	0.8539215	0.4085222	11.37967
34122	-4321.646	-4610.349	288.7038	0.7722677	0.40145	11.212
34128	-4324.956	-4611.435	286.4791	0.7722677	0.40145	12.37362
34134	-4326.08	-4612.565	286.4844	0.6357199	0.3761319	12.46794
34140	-4308.315	-4592.88	284.5648	0.7383527	0.4068057	13.38177
34146	-4310.078	-4595.926	285.8478	0.8340795	0.4068057	12.66488
34152	-4308.713	-4595.86	287.1464	0.7573051	0.4954584	11.94589
34158	-4326.366	-4612.157	285.7911	0.7547843	0.5374281	12.61825
34164	-4319.663	-4605.32	285.6568	0.6925294	0.502918	12.74947
34170	-4326.619	-4615.319	288.7005	0.7905722	0.3536068	11.25433
34176	-4339.229	-4627.35	288.1209	0.8347684	0.36933	11.51738
34182	-4324.886	-4611.241	286.3546	0.7904653	0.4027902	12.42768
34188	-4321.218	-4609.161	287.9433	0.8755227	0.3434451	11.61709
34194	-4334.071	-4619.456	285.3844	0.8776888	0.3884055	12.90187
34200	-4323.16	-4608.738	285.5778	0.7863191	0.3884055	12.84876
34206	-4316.558	-4602.692	286.1332	0.8334452	0.4117103	12.51179
34212	-4322.254	-4610.935	288.6809	0.8872803	0.4117103	11.15354
34218	-4317.407	-4600.55	283.1433	0.7483794	0.3239591	14.20228
34224	-4340.135	-4623.343	283.2085	0.6641552	0.3874141	14.1435
34230	-4319.323	-4606.691	287.3686	0.7028514	0.3641397	11.9847
34236	-4331.518	-4618.929	287.4111	0.7846045	0.3068673	11.9847
34242	-4317.295	-4604.872	287.5776	0.7472186	0.3715677	11.84456
34248	-4311.266	-4598.775	287.5084	0.768412	0.4272025	11.81352
34254	-4310.549	-4599.174	288.6249	0.8001414	0.4272025	11.21336
34260	-4312.496	-4599.754	287.2576	0.9177544	0.4083004	11.88493
34266	-4311.502	-4596.102	284.5995	0.6684342	0.3441144	13.46564
34272	-4308.738	-4595.008	286.2696	0.7149042	0.3951789	12.51898
34278	-4308.622	-4593.43	284.808	0.7120985	0.4488628	13.22885
34284	-4322.57	-4605.946	283.3763	0.7313475	0.5423785	13.88121
34290	-4330.149	-4615.398	285.2491	0.8340494	0.3701989	13.01382
34296	-4328.869	-4613.971	285.1026	0.8154692	0.4577029	13.01382
34302	-4327.391	-4611.682	284.2913	0.7210378	0.4016366	13.53795
34308	-4316.347	-4601.21	284.8634	0.6768262	0.340884	13.32777
34314	-4322.08	-4608.051	285.971	0.7308688	0.3920834	12.66926
34320	-4322.124	-4607.565	285.4408	0.7002497	0.3459163	13.00995
34326	-4316.993	-4603.682	286.6897	0.7314883	0.374835	12.31242
34332	-4316.523	-4603.202	286.6792	0.640213	0.4277473	12.31242
34338	-4317.819	-4604.988	287.1691	0.7254296	0.397474	12.04232
34344	-4316.726	-4606.333	289.6077	0.750064	0.4200177	10.73169
34350	-4314.363	-4601.643	287.2798	0.7423755	0.4200177	11.95341
34356	-4320.876	-4608.34	287.464	0.7767373	0.3133984	11.95341
34362	-4326.122	-4617.711	291.589	0.9024994	0.3033991	9.736896
34368	-4318.043	-4606.019	287.9758	0.778607	0.4548277	11.53799
34374	-4310.49	-4597.462	286.9722	0.6611678	0.3537235	12.22441
34380	-4324.686	-4612.378	287.6926	0.7448071	0.3773354	11.77967
34386	-4321.152	-4608.34	287.1885	0.7965156	0.4509244	11.94342
34392	-4332.575	-4620.579	288.0049	0.9736854	0.3574495	11.51816
34398	-4324.592	-4614.268	289.6756	0.7980556	0.3561148	10.73688
34404	-4331.555	-4618.7	287.1456	0.7342831	0.4374641	12.01091
34410	-4318.289	-4607.442	289.1531	0.8170467	0.3928435	10.96203
34416	-4330.843	-4619.339	288.4952	0.913332	0.3496957	11.30185
34422	-4319.955	-4605.332	285.3774	0.7910435	0.5147511	12.83355
34428	-4329.045	-4612.612	283.5671	0.7158352	0.369673	13.94917
34434	-4330.473	-4613.881	283.4073	0.7655094	0.4266126	13.94917
34440	-4334.556	-4621.083	286.5269	0.8424644	0.3910571	12.32266
34446	-4354.52	-4638.632	284.112	0.9018764	0.4583227	13.48311
34452	-4334.026	-4618.056	284.0306	0.9848272	0.3643145	13.5748
34458	-4334.467	-4618.696	284.2289	0.8525935	0.4549909	13.45105
34464	-4322.64	-4605.863	283.2228	0.7929044	0.3907018	14.06601
34470	-4320.454	-4606.071	285.6177	0.8316736	0.4198033	12.77313
34476	-4315.344	-4603.085	287.7401	0.8306915	0.4097496	11.67703
34482	-4317.326	-4603.565	286.2388	0.8265057	0.4019934	12.47005
34488	-4336.842	-4622.644	285.8019	0.7372715	0.401521	12.74442
34494	-4338.078	-4619.753	281.6745	0.7005517	0.3780208	14.92866
34500	-4326.003	-4606.434	280.4306	0.6117065	0.4396676	15.55703
34506	-4320.319	-4604.938	284.6191	0.6887323	0.4410852	13.34633
34512	-4318.574	-4606.755	288.1806	0.89015	0.4941369	11.33735
34518	-4322.289	-4606.568	284.2783	0.89015	0.3227305	13.54145
34524	-4322.458	-4607.554	285.0966	0.8149122	0.5002912	12.9795
34530	-4345.561	-4630.901	285.3397	0.7753305	0.4214003	12.94555
34536	-4348.807	-4634.009	285.2025	0.9215178	0.4165886	12.94555
34542	-4344.144	-4629.938	285.794	0.8593779	0.4355529	12.65185
34548	-4333.624	-4617.969	284.345	0.7863113	0.369167	13.50949
34554	-4325.975	-4609.751	283.7763	0.6691394	0.3672853	13.8674
34560	-4325.887	-4612.378	286.491	0.8337337	0.396397	12.3405
34566	-4323.657	-4607.002	283.3453	0.8337337	0.4975313	13.88164
34572	-4328.396	-4613.946	285.5495	0.8201787	0.5339931	12.71282
34578	-4326.226	-4611.976	285.7501	0.7227487	0.4713753	12.71282
34584	-4320.223	-4604.766	284.5437	0.7899672	0.3583951	13.41592
34590	-4308.924	-4596.173	287.2494	0.8521993	0.3583951	11.97512
34596	-4312.013	-4597.579	285.5657	0.7576354	0.4646314	12.79671
34602	-4313.732	-4600.431	286.6987	0.769929	0.361102	12.30227
34608	-4308.999	-4595.564	286.5656	0.861248	0.3817457	12.30227
34614	-4323.109	-4607.154	284.0447	0.6906677	0.3281328	13.76002
34620	-4317.862	-4599.924	282.0626	0.7720989	0.4597286	14.61165
34626	-4322.305	-4607.488	285.1831	0.8867158	0.5368914	12.86649
34632	-4319.526	-4604.518	284.9919	0.8352963	0.4313233	13.0857
34638	-4325.12	-4610.901	285.7816	0.7612533	0.4726102	12.67531
34644	-4328.716	-4614.601	285.8847	0.7959805	0.4346532	12.6385
34650	-4343.218	-4627.995	284.7772	0.9189902	0.3989725	13.18538
34656	-4330.058	-4613.206	283.148	0.7795406	0.4472623	14.05691
34662	-4325.442	-4608.761	283.319	0.8299654	0.4472623	13.94207
34668	-4332.106	-4618.347	286.241	0.7943058	0.5633895	12.34244
34674	-4333.53	-4619.06	285.5298	0.8929137	0.385604	12.82119
34680	-4328.246	-4615.585	287.3388	0.6632662	0.4873456	11.90165
34686	-4335.852	-4620.408	284.5553	0.7317584	0.3643778	13.43371
34692	-4323.055	-4609.854	286.7987	0.8307197	0.4252572	12.15318
34698	-4328.815	-4615.536	286.7209	0.715895	0.4118279	12.26672
34704	-4332.471	-4620.492	288.0207	0.8148112	0.3399193	11.61231
34710	-4320.967	-4608.942	287.9759	0.8919231	0.3399193	11.59542
34716	-4324.364	-4610.159	285.7949	0.6516612	0.4707493	12.72711
34722	-4332.091	-4616.505	284.414	0.7787124	0.36606	13.48089
34728	-4330.039	-4614.781	284.7422	0.712805	0.36606	13.34466
34734	-4332.699	-4621.236	288.537	0.8697513	0.3599113	11.29161
34740	-4329.865	-4616.809	286.9442	0.81605	0.4222403	12.08785
34746	-4338.247	-4625.84	287.5931	0.8530259	0.306817	11.85405
34752	-4334.707	-4620.072	285.3646	0.7681638	0.5810199	12.79864
34758	-4320.911	-4606.22	285.309	0.9589679	0.450415	12.83855
34764	-4320.987	-4608.403	287.4157	0.8119187	0.4342625	11.83246
34770	-4312.295	-4597.332	285.0372	0.8796784	0.4927692	12.9832
34776	-4318.417	-4604.223	285.8059	0.9425855	0.4346641	12.60318
34782	-4317.623	-4604.972	287.3491	0.9026627	0.3319647	11.92613
34788	-4326.147	-4613.506	287.3598	1.013604	0.3049913	11.89421
34794	-4331.398	-4617.35	285.9515	0.7316184	0.4143361	12.65681
34800	-4330.725	-4615.419	284.6942	0.8530021	0.4301282	13.23233
34806	-4331.417	-4618.305	286.8874	0.8954471	0.5173825	11.99022
34812	-4334.429	-4620.144	285.7152	0.8535685	0.5209333	12.62002
34818	-4332.972	-4621.708	288.7351	1.015608	0.3522564	11.11992
34824	-4350.9	-4641.88	290.9796	0.9891582	0.3476172	9.960735
34830	-4333.534	-4618.073	284.5395	0.8369776	0.4583583	13.29473
34836	-4342.891	-4629.115	286.2239	0.9240838	0.4472553	12.38327
34842	-4327.065	-4615.59	288.5255	1.090355	0.4127685	11.12756
34848	-4334.242	-4622.472	288.2294	0.8832291	0.309835	11.50228
34854	-4327.261	-4613.368	286.1071	0.9110936	0.4532386	12.44537
34860	-4322.772	-4608.634	285.8622	0.9612153	0.5824069	12.43798
34866	-4327.87	-4609.66	281.7905	0.8168916	0.4827306	14.70881
34872	-4323.537	-4608.117	284.5797	0.8115764	0.4667942	13.27937
34878	-4322.653	-4606.415	283.7617	0.7474173	0.4088327	13.79199
34884	-4323.54	-4605.375	281.835	0.9423509	0.3877979	14.7104
34890	-4308.196	-4594.823	286.6266	0.7735233	0.3881882	12.30957
34896	-4323.572	-4609.205	285.6331	0.6414515	0.3626138	12.92237
34902	-4331.962	-4616.675	284.7129	0.6057487	0.4292157	13.35198
34908	-4325.052	-4609.721	284.6685	0.7624408	0.3709753	13.35198
34914	-4325.374	-4610.722	285.347	0.8402537	0.324971	13.0095
34920	-4328.448	-4614.484	286.0361	0.8089543	0.4389479	12.54888
34926	-4323.946	-4610.162	286.2159	0.8452796	0.3301175	12.54888
34932	-4326.587	-4611.668	285.081	0.7313503	0.4909173	13.03915
34938	-4334.298	-4620.906	286.6077	0.8914479	0.3516453	12.29667
34944	-4335.808	-4623.746	287.9383	0.8680682	0.5160974	11.45676
34950	-4314.42	-4599.556	285.1358	0.737147	0.3483365	13.14663
34956	-4316.989	-4606.07	289.0809	0.816865	0.5241294	10.87873
34962	-4320.024	-4605.483	285.4583	0.8133263	0.3718726	12.91406
34968	-4312.756	-4600.845	288.0889	0.8099749	0.3740071	11.54211
34974	-4347.173	-4634.099	286.9259	0.9507848	0.385573	12.06377
34980	-4319.268	-4605.002	285.7341	0.69668	0.3644952	12.8391
34986	-4320.173	-4604.811	284.6375	0.8061953	0.3644952	13.3522
34992	-4323.842	-4608.464	284.6214	0.7409774	0.4056419	13.3522
34998	-4322.488	-4607.075	284.5865	0.7351944	0.3989449	13.37997
35004	-4313.41	-4599.068	285.6582	0.9171275	0.4252966	12.70229
35010	-4319.488	-4606.147	286.6598	0.8483664	0.4637231	12.18042
35016	-4318.398	-4607.029	288.6311	0.7830989	0.3381106	11.31177
35022	-4316.612	-4601.686	285.0744	0.7506004	0.3381106	13.18292
35028	-4318.2	-4605.833	287.6333	0.8928233	0.3975171	11.71258
35034	-4334.155	-4621.158	287.0028	0.7405249	0.3170582	12.20855
35040	-4314.641	-4602.199	287.5588	0.707623	0.3949224	11.85081
35046	-4303.411	-4587.568	284.1574	0.7654624	0.4420145	13.54538
35052	-4297.637	-4584.174	286.5377	0.8014638	0.4418502	12.28874
35058	-4312.72	-4599.958	287.2378	0.8654491	0.4599294	11.87345
35064	-4306.94	-4592.415	285.4744	0.9898178	0.4599294	12.72767
35070	-4306.441	-4591.468	285.0268	0.8212127	0.4136548	13.0919
35076	-4323.073	-4613.532	290.4589	1.001875	0.4535337	10.12041
35082	-4300.559	-4587.023	286.4636	0.8451438	0.4957371	12.25597
35088	-4294.51	-4582.322	287.8122	0.7782566	0.4279067	11.64906
35094	-4302.291	-4587.342	285.0519	0.7881105	0.4017408	13.10788
35100	-4306.764	-4593.447	286.6832	0.8602936	0.4581848	12.16705
35106	-4305.151	-4591.92	286.7691	0.9430301	0.3688621	12.16705
35112	-4313.072	-4600.835	287.7633	0.8913372	0.4446528	11.59962
35118	-4303.425	-4591.45	288.0244	0.8770123	0.3752443	11.53949
35124	-4311.521	-4597.34	285.8191	0.8706001	0.4444459	12.6246
35130	-4297.414	-4585.305	287.8907	0.8112403	0.4444459	11.5751
35136	-4304.62	-4589.855	285.2352	0.6027765	0.3302674	13.18502
35142	-4306.149	-4594.095	287.9464	0.9001254	0.3203421	11.62894
35148	-4308.842	-4594.548	285.7064	1.093986	0.4981061	12.5188
35154	-4299.067	-4584.251	285.1839	0.8402902	0.441268	12.97385
35160	-4296.682	-4579.251	282.5693	0.7425054	0.441268	14.38154
35166	-4312.103	-4598.504	286.4007	0.8321973	0.441268	12.34467
35172	-4292.675	-4579.127	286.4525	0.7621617	0.3523951	12.44409
35178	-4308.074	-4594.533	286.4594	0.7700004	0.3453776	12.44409
35184	-4306.659	-4593.229	286.57	0.7059744	0.3239381	12.44409
35190	-4318.269	-4602.128	283.8587	0.7448048	0.3918802	13.75996
35196	-4319.658	-4606.422	286.7642	0.9061435	0.3697908	12.18787
35202	-4318.235	-4603.98	285.7449	0.8416619	0.4206556	12.70093
35208	-4316.105	-4603.961	287.8567	0.7530429	0.4206556	11.646
35214	-4314.024	-4605.028	291.0037	0.9228484	0.4489216	9.879576
35220	-4306.662	-4594.876	288.214	0.8652939	0.477662	11.34741
35226	-4315.42	-4603.419	287.9986	0.8054585	0.4254575	11.53979
35232	-4318.319	-4605.101	286.7822	0.7584432	0.4254575	12.19929
35238	-4326.807	-4611.249	284.4423	0.7340484	0.3596445	13.49625
35244	-4310.061	-4595.601	285.5393	0.9192183	0.3596445	12.82983
35250	-4305.175	-4590.065	284.8908	0.7752414	0.4632434	13.1398
35256	-4303.421	-4586.44	283.0191	0.7859182	0.4004456	14.16542
35262	-4311.073	-4593.708	282.6351	0.9204908	0.3513586	14.34582
35268	-4305.309	-4593.136	287.8273	0.8951755	0.351659	11.65833
35274	-4299.542	-4588.899	289.3573	0.9463489	0.4102626	10.76968
35280	-4312.992	-4602.389	289.3966	0.8590469	0.4361138	10.76968
35286	-4315.136	-4604.054	288.9181	0.9478701	0.5063951	10.91042
35292	-4327.381	-4615.272	287.8911	0.7182042	0.4241852	11.64276
35298	-4322.313	-4608.653	286.3396	0.9280117	0.3064591	12.46902
35304	-4318.787	-4606.69	287.903	0.9573642	0.3823251	11.55357
35310	-4321.699	-4610.552	288.8529	0.9587605	0.4036232	11.0341
35316	-4316.029	-4601.226	285.1963	0.7202693	0.3621524	13.10899
35322	-4316.917	-4603.207	286.2904	0.826518	0.4152604	12.43001
35328	-4317.592	-4604.598	287.0068	0.8777902	0.483723	11.96617
35334	-4318.485	-4605.419	286.9343	0.781964	0.3840248	12.14905
35340	-4321.296	-4607.194	285.8986	0.7882154	0.4496354	12.62129
35346	-4315.323	-4601.993	286.6694	0.758819	0.2954155	12.3987
35352	-4314.273	-4600.51	286.2365	0.8443375	0.4964745	12.37412
35358	-4300.242	-4586.298	286.0564	0.8350298	0.3625489	12.60144
35364	-4314.155	-4601.46	287.3047	0.8876523	0.5133364	11.77992
35370	-4321.443	-4606.714	285.2708	0.6591158	0.4809192	12.98679
35376	-4330.78	-4617.473	286.6929	0.7269069	0.3969359	12.29038
35382	-4330.927	-4615.883	284.9559	0.8238749	0.5279708	13.02465
35388	-4328.449	-4618.022	289.5733	0.8144614	0.5440589	10.60524
35394	-4326.089	-4610.569	284.4804	0.8288523	0.3636507	13.42295
35400	-4328.695	-4617.855	289.1594	0.9199425	0.3344223	10.96777
35406	-4333.684	-4620.007	286.3231	0.8619369	0.5541666	12.27178
35412	-4327.549	-4613.134	285.5856	0.8400882	0.5786605	12.64797
35418	-4322.301	-4608.408	286.1071	0.7095246	0.3815716	12.62033
35424	-4330.46	-4614.579	284.1186	0.8616108	0.5226677	13.44454
35430	-4323.665	-4610.286	286.6217	0.7995963	0.5130986	12.18241
35436	-4321.144	-4607.827	286.6838	0.7236838	0.3390916	12.35833
35442	-4327.532	-4613.739	286.2071	0.661578	0.4583391	12.51856
35448	-4330.565	-4615.968	285.4034	0.7911448	0.2918725	13.04513
35454	-4332.279	-4621.295	289.0164	0.7865014	0.3080252	11.14335
35460	-4332.321	-4619.437	287.1162	0.912028	0.4750874	11.8989
35466	-4349.201	-4636.644	287.4437	0.8314403	0.4750874	11.77
35472	-4340.721	-4625.971	285.2504	0.7208097	0.3359564	13.10933
35478	-4355.929	-4641.403	285.4748	0.6944766	0.3600222	12.9799
35484	-4333.221	-4621.977	288.756	0.8004805	0.3839434	11.18779
35490	-4328.35	-4616.26	287.9095	1.002892	0.3716065	11.53756
35496	-4340.524	-4628.384	287.8596	0.8108104	0.3660578	11.66993
35502	-4332.681	-4618.056	285.3752	0.8894462	0.3965962	12.89222
35508	-4331.006	-4616.387	285.3814	0.8832148	0.3965962	12.89222
35514	-4335.514	-4620.42	284.9054	0.9303107	0.4889428	13.02874
35520	-4331.684	-4616.948	285.2638	0.6919359	0.4210461	13.02874
35526	-4333.194	-4618.073	284.8792	0.8538125	0.4050617	13.16015
35532	-4324.067	-4609.235	285.1675	0.7313912	0.4235791	13.05581
35538	-4345.362	-4628.811	283.4492	0.7785925	0.4066678	13.94006
35544	-4318.655	-4606.51	287.855	0.7572606	0.3323048	11.73752
35550	-4316.814	-4601.721	284.907	0.7572606	0.4023929	13.19858
35556	-4313.033	-4597.59	284.5572	0.6845005	0.3219785	13.50431
35562	-4315.624	-4600.874	285.2501	0.8099192	0.4112918	12.98403
35568	-4310.395	-4594.564	284.1685	0.6339793	0.3855705	13.66315
35574	-4310.318	-4593.849	283.5309	0.7105632	0.3752763	13.96479
35580	-4299.889	-4587.582	287.6932	0.7939972	0.4691	11.66462
35586	-4306.664	-4592.507	285.8423	0.821044	0.5589987	12.53972
35592	-4314.96	-4599.402	284.4418	0.7721937	0.4152999	13.41973
35598	-4303.436	-4590.063	286.6269	0.6830959	0.4152999	12.32935
35604	-4307.192	-4592.429	285.2369	0.6753305	0.3595335	13.11406
35610	-4320.495	-4606.644	286.1496	0.7689694	0.4586602	12.4923
35616	-4321.577	-4608.558	286.9804	0.8143366	0.4837129	12.01307
35622	-4330.038	-4618.725	288.6872	0.9493221	0.4132188	11.11627
35628	-4331.779	-4615.59	283.8118	0.7814745	0.5316193	13.63802
35634	-4337.437	-4624.469	287.0314	0.8913783	0.4155779	12.00956
35640	-4322.821	-4608.317	285.4966	0.9176228	0.4724512	12.74242
35646	-4315.362	-4601.065	285.7038	0.7565922	0.296795	12.90086
35652	-4306.076	-4591.687	285.6103	0.7588829	0.3373125	12.90086
35658	-4307.631	-4591.349	283.7174	0.8177617	0.3865843	13.80078
35664	-4316.513	-4602.168	285.6552	0.7964547	0.5163079	12.68484
35670	-4327.11	-4616.425	289.315	0.9204108	0.355417	10.86256
35676	-4328.682	-4616.931	288.2493	0.9472763	0.4044173	11.35523
35682	-4322.125	-4606.062	283.9365	0.7462166	0.4069804	13.70373
35688	-4324.865	-4609.827	284.9624	0.6970626	0.3815545	13.22219
35694	-4319.935	-4604.708	284.7729	0.7480974	0.4555357	13.22219
35700	-4312.357	-4599.768	287.4109	0.8825162	0.4798699	11.75618
35706	-4328.184	-4614.226	286.0425	0.7229897	0.3878739	12.64042
35712	-4307.587	-4594.925	287.3381	0.9050106	0.3126727	11.95301
35718	-4331.25	-4612.222	280.9721	0.8510341	0.3905751	15.2012
35724	-4325.468	-4610.943	285.4751	0.6707809	0.3905751	12.9601
35730	-4324.063	-4610.057	285.9937	0.9282841	0.4322	12.5152
35736	-4320.2	-4605.514	285.314	0.9532422	0.4382751	12.85023
35742	-4309.927	-4596.093	286.1662	0.8166112	0.4143786	12.50072
35748	-4318.855	-4606.44	287.5843	0.8600543	0.327062	11.83117
35754	-4346.314	-4630.698	284.3842	0.6914158	0.3690113	13.53856
35760	-4323.213	-4609.976	286.7626	0.6837128	0.3936848	12.2799
35766	-4319.005	-4608.105	289.0995	0.9347422	0.3936848	10.9276
35772	-4329.879	-4616.772	286.8932	0.8132169	0.3861001	12.15203
35778	-4318.472	-4604.413	285.9409	0.7624415	0.3955114	12.66503
35784	-4319.844	-4605.801	285.9572	0.6926406	0.3955114	12.69289
35790	-4314.57	-4603.728	289.1578	0.8946448	0.4720944	10.84286
35796	-4316.638	-4605.052	288.4135	0.8349224	0.3757465	11.35751
35802	-4316.647	-4602.976	286.3286	0.7358761	0.2918789	12.59253
35808	-4318.326	-4603.976	285.6501	0.7651109	0.3906121	12.81997
35814	-4331.007	-4616.453	285.4453	0.86314	0.5428681	12.73744
35820	-4320.339	-4611.1	290.7607	0.8695545	0.456386	10.02861
35826	-4310.344	-4596.787	286.4426	0.8861865	0.456386	12.28066
35832	-4318.139	-4608.162	290.0235	1.017404	0.3296067	10.46896
35838	-4317.869	-4607.183	289.3139	1.017404	0.4698096	10.69871
35844	-4294.314	-4579.996	285.6819	0.7368726	0.3900371	12.8187
35850	-4299.108	-4588.546	289.4374	0.8004275	0.4328361	10.78216
35856	-4301.621	-4589.896	288.2745	0.8734327	0.3952488	11.38995
35862	-4303.178	-4590.25	287.0719	0.7684624	0.3021162	12.17575
35868	-4298.799	-4586.585	287.7864	0.7441885	0.3531468	11.75692
35874	-4302.067	-4589.957	287.89	0.8996471	0.5005814	11.47876
35880	-4299.051	-4589.147	290.0959	0.8234758	0.4838438	10.37743
35886	-4313.817	-4601.874	288.0563	0.6947701	0.3859755	11.60686
35892	-4310.4	-4598.953	288.5534	0.814243	0.3357808	11.33878
35898	-4308.189	-4595.863	287.6736	0.8713179	0.3720504	11.72911
35904	-4301.779	-4587.877	286.0979	0.8655395	0.3720504	12.55383
35910	-4307.132	-4592.985	285.8535	0.8407837	0.3878987	12.6775
35916	-4297.037	-4583.764	286.7269	0.7479286	0.3240957	12.3403
35922	-4294.429	-4582.016	287.587	0.803589	0.4229039	11.75827
35928	-4297.062	-4587.036	289.9736	0.8222899	0.4229039	10.49897
35934	-4298.302	-4584.44	286.1374	0.8414172	0.3597571	12.55891
35940	-4307.922	-4596.698	288.7759	0.867817	0.3610815	11.16633
35946	-4301.234	-4588.502	287.2675	0.8054249	0.3778372	11.96941
35952	-4314.703	-4602.215	287.5126	0.8054249	0.3778372	11.84151
35958	-4338.724	-4625.667	286.943	0.7314975	0.4072734	12.14728
35964	-4342.094	-4629.489	287.3957	0.9187759	0.4297282	11.79144
35970	-4332.311	-4619.093	286.7825	0.8586436	0.3017871	12.28001
35976	-4337.868	-4628.387	290.5183	0.9838129	0.4373707	10.11389
35982	-4336.721	-4623.506	286.785	0.7181254	0.4520131	12.19377
35988	-4339.858	-4625.977	286.119	0.6328146	0.3574961	12.67952
35994	-4348.127	-4634.075	285.9486	0.8669369	0.3685698	12.63453
36000	-4334.397	-4623.455	289.0583	0.9024408	0.4371185	10.92329
36006	-4336.455	-4619.679	283.2246	0.9489279	0.4371185	13.93882
36012	-4337.953	-4623.714	285.7609	0.849275	0.4490093	12.66174
36018	-4320.859	-4602.488	281.6291	0.8124774	0.3756861	14.89664
36024	-4321.355	-4605.588	284.2335	0.8423894	0.3917069	13.51496
36030	-4315.213	-4605.045	289.8314	0.8926646	0.3359058	10.62805
36036	-4318.751	-4605.547	286.796	0.7875996	0.3898267	12.21225
36042	-4336.762	-4621.812	285.0498	0.7646948	0.3425686	13.18342
36048	-4329.911	-4615.171	285.2603	0.7734539	0.3081592	13.10903
36054	-4322.107	-4606.209	284.1023	0.7558816	0.2710242	13.7655
36060	-4333.602	-4623.771	290.1688	0.8824154	0.4288232	10.35913
36066	-4329.94	-4617.667	287.7271	0.8749766	0.3389794	11.73531
36072	-4312.529	-4599.114	286.5847	0.7906044	0.4948237	12.22207
36078	-4307.663	-4592.997	285.3343	0.7748398	0.3445509	13.02804
36084	-4302.077	-4590.582	288.5052	0.8301565	0.3445509	11.34582
36090	-4306.421	-4592.182	285.7606	0.7343096	0.4030433	12.76593
36096	-4298.524	-4586.271	287.7467	0.8984205	0.4334246	11.6152
36102	-4317.462	-4603.7	286.2381	0.8412998	0.4396052	12.42617
36108	-4322.915	-4609.447	286.5322	0.7886008	0.4012647	12.33766
36114	-4319.268	-4609.411	290.1432	1.058399	0.5415693	10.17978
36120	-4324.306	-4608.78	284.4741	0.934967	0.4532925	13.28241
36126	-4320.99	-4606.825	285.8351	0.7766097	0.4588111	12.65196
36132	-4331.392	-4616.755	285.3631	0.8026606	0.4588111	12.884
36138	-4337.62	-4622.488	284.8678	0.8551531	0.3635201	13.20816
36144	-4333	-4620.956	287.9562	0.8599563	0.3813859	11.57762
36150	-4331.871	-4619.466	287.595	1.002807	0.3890009	11.68383
36156	-4343.75	-4631.996	288.2461	1.062148	0.360693	11.34227
36162	-4333.234	-4621.102	287.8677	0.9564187	0.3523658	11.60444
36168	-4329.169	-4617.834	288.665	1.039053	0.3422369	11.15546
36174	-4336.348	-4622.349	286.0007	0.8222268	0.476548	12.52595
36180	-4336.754	-4625.987	289.2334	0.9071438	0.4596959	10.808
36186	-4318.279	-4606.485	288.2056	1.042968	0.3731744	11.36016
36192	-4315.511	-4603.104	287.5934	0.9282588	0.4316184	11.68144
36198	-4303.417	-4590.125	286.7083	0.7738288	0.4407424	12.21524
36204	-4289.805	-4578.014	288.2087	0.9129639	0.4407424	11.35916
36210	-4285.634	-4575.945	290.3109	0.8488289	0.3765185	10.35489
36216	-4301.049	-4590.755	289.706	0.9770186	0.3765185	10.6052
36222	-4311.882	-4601.33	289.4486	0.8782535	0.3405004	10.8312
36228	-4318.059	-4607.237	289.1781	0.9975156	0.3906633	10.8566
36234	-4317.648	-4601.523	283.8744	0.7885025	0.4086203	13.71237
36240	-4324.51	-4610.508	285.9973	0.7959365	0.3691468	12.64549
36246	-4333.068	-4619.3	286.2315	0.8323721	0.3691468	12.5046
36252	-4328.259	-4613.493	285.2339	0.8947318	0.4265211	12.93355
36258	-4329.06	-4616.152	287.092	0.8359145	0.3232216	12.10513
36264	-4328.804	-4615.865	287.0613	0.7339523	0.4716106	12.02358
36270	-4334.749	-4620.152	285.4028	0.7954708	0.3629375	12.96166
36276	-4314.658	-4601.268	286.6102	0.8107895	0.3464642	12.3431
36282	-4311.287	-4598.068	286.7814	0.879893	0.3263418	12.2405
36288	-4320.566	-4607.418	286.8517	0.8096775	0.3263418	12.2405
36294	-4321.719	-4609.064	287.3449	0.7789135	0.3263418	11.9993
36300	-4315.474	-4599.831	284.3573	0.9091172	0.495281	13.3191
36306	-4314.393	-4601.795	287.4015	0.8155833	0.3445564	11.93002
36312	-4308.613	-4594.988	286.3754	0.8239802	0.3445564	12.46067
36318	-4306.598	-4595.787	289.1889	0.913439	0.4013533	10.88409
36324	-4305.963	-4593.963	287.9992	0.9064329	0.4013533	11.51047
36330	-4319.439	-4607.918	288.479	0.7611441	0.3496854	11.38991
36336	-4321.019	-4609.162	288.1435	0.9309635	0.3450714	11.48167
36342	-4325.224	-4610.436	285.2123	0.7393495	0.46879	12.98633
36348	-4319.589	-4605.138	285.549	0.7341061	0.3882194	12.89114
36354	-4328.012	-4616.944	288.9322	0.9807407	0.437957	10.94756
36360	-4315.667	-4603.275	287.6074	0.7739815	0.3428772	11.84616
36366	-4326.047	-4612.225	286.1775	0.7182156	0.3250337	12.64087
36372	-4314.078	-4599.024	284.946	0.7559989	0.2975084	13.29424
36378	-4316.535	-4604.034	287.4988	0.8508637	0.2790721	11.93864
36384	-4305.036	-4590.456	285.4207	0.8952429	0.3344281	12.93184
36390	-4330.511	-4616.597	286.0868	0.8956354	0.4905117	12.43059
36396	-4325.076	-4612.276	287.2001	0.9435147	0.4051126	11.90467
36402	-4323.421	-4610.37	286.9486	0.9168263	0.3831144	12.07216
36408	-4318.567	-4603.337	284.7701	0.9060462	0.4065695	13.18825
36414	-4317.161	-4602.241	285.0801	0.838498	0.3533719	13.11744
36420	-4309.272	-4593.488	284.216	0.7639274	0.3966955	13.55973
36426	-4305.827	-4593.399	287.5719	0.8335872	0.3945715	11.77861
36432	-4307.333	-4591.452	284.1194	0.7790935	0.4172258	13.58171
36438	-4299.441	-4589.133	289.6912	0.7981375	0.3968613	10.68578
36444	-4306.491	-4593.29	286.7991	0.8028294	0.2735125	12.33571
36450	-4302.676	-4590.103	287.4263	0.8621877	0.4174316	11.81693
36456	-4306.47	-4594.873	288.4033	0.9859489	0.3218042	11.3435
36462	-4302.856	-4590.135	287.2794	0.7866563	0.3525221	12.00009
36468	-4312.516	-4602.071	289.5552	0.9196792	0.4423829	10.64877
36474	-4306.85	-4594.864	288.0141	0.8732551	0.3782944	11.54362
36480	-4315.117	-4601.148	286.0315	0.8126225	0.5405996	12.4604
36486	-4308.632	-4594.994	286.362	0.7873432	0.3688375	12.4604
36492	-4310.977	-4597.156	286.1788	0.9697096	0.3692242	12.4604
36498	-4313.434	-4599.707	286.2734	0.7850333	0.4153718	12.4604
36504	-4315.536	-4601.928	286.392	0.918796	0.3446646	12.40248
36510	-4347.782	-4631.816	284.0336	0.7622516	0.4411465	13.61215
36516	-4355.927	-4642.128	286.2004	0.7622516	0.3499424	12.578
36522	-4327.036	-4613.781	286.7453	0.8176437	0.3337688	12.2833
36528	-4319.437	-4606.749	287.3119	0.9325947	0.392291	11.86498
36534	-4327.022	-4618.398	291.3755	1.108597	0.4691636	9.566975
36540	-4323.408	-4612.392	288.9842	0.8853557	0.479184	10.93236
36546	-4329.665	-4618.781	289.1161	0.8474944	0.4911194	10.87251
36552	-4317.843	-4603.628	285.7849	0.6845197	0.4084501	12.77385
36558	-4317.524	-4604.789	287.2647	0.7645675	0.3065909	12.07181
36564	-4308.198	-4594.712	286.5138	0.7982956	0.3632119	12.38159
36570	-4308.04	-4593.981	285.9413	0.6809048	0.303724	12.80825
36576	-4310.427	-4594.864	284.4372	0.7352671	0.3480829	13.51081
36582	-4316.197	-4606.169	289.9725	0.8795909	0.4238759	10.46853
36588	-4316.996	-4606.489	289.4936	0.8946252	0.5627765	10.5899
36594	-4319.809	-4605.493	285.6839	0.9733709	0.3573046	12.72896
36600	-4311.89	-4595.144	283.2541	0.8930964	0.456131	13.93485
36606	-4324.271	-4612.647	288.3762	0.8651696	0.3607266	11.37722
36612	-4333.137	-4620.254	287.1165	0.8290588	0.3670725	12.04723
36618	-4322.63	-4609.619	286.9898	0.8660194	0.4930015	11.97302
36624	-4306.457	-4590.449	283.992	0.8084631	0.5224937	13.53803
36630	-4314.13	-4596.225	282.0948	0.7702007	0.4128166	14.64009
36636	-4308.627	-4593.511	284.8834	0.7365364	0.2706756	13.37049
36642	-4306.971	-4594.161	287.1901	0.7153428	0.4028136	12.03127
36648	-4312.789	-4600.085	287.2963	0.7657422	0.3265551	12.03127
36654	-4330.837	-4615.533	284.6957	0.7909805	0.2962369	13.4076
36660	-4323.793	-4606.802	283.0088	0.8299529	0.425811	14.12313
36666	-4322.132	-4607.197	285.065	0.7942172	0.425811	13.0743
36672	-4322.15	-4608.525	286.3746	0.9024329	0.419408	12.34254
36678	-4325.973	-4614.575	288.6021	0.8562783	0.3632817	11.26093
36684	-4332.205	-4616.971	284.7658	0.6049409	0.3632817	13.39143
36690	-4323.848	-4609.532	285.6839	0.6335583	0.3598885	12.90298
36696	-4305.513	-4591.534	286.0212	0.7974326	0.3732998	12.62791
36702	-4320.708	-4609.459	288.7507	0.7719676	0.3276558	11.26697
36708	-4324.26	-4610.763	286.5037	0.8603173	0.3538809	12.36464
36714	-4314.898	-4601.926	287.0282	0.7952988	0.3504701	12.12885
36720	-4298.411	-4587.564	289.1537	0.8115283	0.4197362	10.9377
36726	-4300.541	-4585.176	284.6348	0.9161475	0.3893498	13.27057
36732	-4303.312	-4589.145	285.8326	0.976515	0.5018136	12.51106
36738	-4302.264	-4586.775	284.5103	0.8804383	0.397019	13.34604
36744	-4306.319	-4592.296	285.9767	0.741466	0.4482255	12.60626
36750	-4300.194	-4585.777	285.5837	0.8287908	0.3692716	12.84351
36756	-4312.432	-4599.248	286.8162	0.7155029	0.3788721	12.2506
36762	-4317.76	-4605.018	287.2579	0.7387037	0.3788721	12.00815
36768	-4322.974	-4613.271	290.2977	0.8748484	0.3173191	10.41417
36774	-4329.862	-4615.592	285.73	0.7219553	0.4818753	12.71438
36780	-4313.161	-4600.19	287.0296	0.7248066	0.3615716	12.1528
36786	-4323.551	-4611.445	287.8935	0.874192	0.4698787	11.51733
36792	-4316.445	-4604.345	287.9002	0.8901358	0.4564814	11.51772
36798	-4333.035	-4619.74	286.7053	0.8707773	0.3980544	12.20781
36804	-4323.499	-4610.494	286.9956	0.9217649	0.3427267	12.08847
36810	-4322.543	-4612.072	289.5282	0.838042	0.4096851	10.73743
36816	-4318.471	-4606.309	287.8381	0.9617085	0.394816	11.57233
36822	-4313.011	-4601.001	287.9902	0.8441609	0.3773588	11.57233
36828	-4301.2	-4588.583	287.3822	0.8782973	0.477859	11.77516
36834	-4316.552	-4601.674	285.1225	0.7703907	0.4889881	12.99898
36840	-4312.651	-4598.097	285.4463	0.948735	0.3567891	12.86594
36846	-4314.452	-4603.216	288.7643	0.7771235	0.4205011	11.15893
36852	-4310.938	-4599.645	288.7066	1.014111	0.3314489	11.15893
36858	-4323.087	-4611.343	288.2556	0.907382	0.3695492	11.40874
36864	-4330.346	-4615.135	284.7883	0.8987626	0.4376567	13.15252
36870	-4316.51	-4605.151	288.6416	0.9160094	0.3771508	11.1943
36876	-4305.541	-4595.474	289.9335	0.9160094	0.451045	10.44401
36882	-4312.92	-4596.104	283.1839	0.8353155	0.3931772	14.06168
36888	-4317.635	-4604.926	287.2907	0.8784212	0.2926258	12.01588
36894	-4313.63	-4598.902	285.2721	0.7517629	0.4549632	12.9613
36900	-4309.425	-4597.444	288.0188	0.7778404	0.3498995	11.62149
36906	-4333.565	-4622.65	289.0855	0.8966071	0.4037629	10.94467
36912	-4336.407	-4622.661	286.2538	0.7645684	0.3664851	12.53112
36918	-4324.679	-4610.505	285.8261	0.7584338	0.3730776	12.75
36924	-4324.878	-4611.438	286.5595	0.779896	0.4152172	12.31414
36930	-4325.509	-4612.015	286.5059	0.7977698	0.4537152	12.29616
36936	-4331.797	-4616.044	284.2477	0.8624259	0.4120956	13.47683
36942	-4328.719	-4608.896	280.1763	0.7663157	0.4088953	15.63799
36948	-4319.979	-4604.26	284.2816	0.8666144	0.4592264	13.41251
36954	-4327.134	-4611.824	284.6896	0.8606896	0.3665158	13.29471
36960	-4328.879	-4616.486	287.6076	0.825204	0.5140266	11.65376
36966	-4323.854	-4612.137	288.2833	0.8834862	0.4292237	11.34652
36972	-4320.494	-4606.174	285.6799	0.8868215	0.3512578	12.78267
36978	-4334.282	-4617.482	283.1994	0.9478182	0.3740611	14.01493
36984	-4355.869	-4642.712	286.8429	0.8065919	0.4620969	12.10819
36990	-4334.699	-4621.632	286.9331	0.8888639	0.3438125	12.13701
36996	-4332.37	-4617.669	285.2984	0.9151405	0.4173634	12.89822
37002	-4349.419	-4632.966	283.5464	0.8243493	0.2876676	13.99727
37008	-4333.668	-4618.796	285.1279	0.9073882	0.4741933	12.93799
37014	-4324.056	-4608.847	284.7912	0.8948346	0.4075977	13.18209
37020	-4334.215	-4618.712	284.4969	0.8251481	0.5372219	13.25495
37026	-4323.191	-4611.514	288.3231	0.8462346	0.4162746	11.35774
37032	-4318.219	-4607.225	289.0054	0.8316637	0.4506617	10.9754
37038	-4320.701	-4605.782	285.0816	0.894498	0.3441426	13.09765
37044	-4321.638	-4611.534	289.8957	0.8568174	0.5203311	10.43351
37050	-4327.507	-4617.12	289.6134	1.034566	0.5882174	10.43351
37056	-4318.6	-4605.722	287.1215	0.8624316	0.3801498	12.01342
37062	-4322.953	-4609.128	286.175	0.7819661	0.3706804	12.55866
37068	-4334.18	-4619.022	284.8426	0.6335065	0.3135089	13.39243
37074	-4334.662	-4617.837	283.1745	0.7956629	0.3428092	14.14034
37080	-4343.147	-4628.643	285.4961	0.7212385	0.4350488	12.87927
37086	-4337.927	-4623.298	285.3712	0.795701	0.3398356	13.00327
37092	-4332.065	-4618.299	286.2345	0.8052897	0.4446133	12.44211
37098	-4340.891	-4627.843	286.9527	0.9184881	0.3351985	12.12101
37104	-4334.966	-4621.152	286.1856	0.7795067	0.342642	12.58479
37110	-4329.195	-4614.783	285.5878	0.7299438	0.3366603	12.92839
37116	-4323.205	-4609.36	286.1546	0.7302512	0.3006935	12.67522
37122	-4316.83	-4599.349	282.5196	0.7428957	0.3204828	14.53225
37128	-4323.463	-4609.858	286.3951	0.950544	0.4776036	12.25269
37134	-4329.75	-4616.113	286.3629	0.904251	0.3404914	12.42986
37140	-4320.164	-4602.795	282.6309	0.8299985	0.4825152	14.26697
37146	-4320.091	-4607.055	286.9637	0.8206085	0.4825152	12.01953
37152	-4315.62	-4597.793	282.1732	0.7667683	0.4830286	14.53636
37158	-4326.674	-4615.767	289.0923	0.9948647	0.5657515	10.74546
37164	-4324.077	-4614.41	290.3334	0.9089892	0.2791458	10.42438
37170	-4321.631	-4610.395	288.7639	1.004301	0.3279882	11.13807
37176	-4321.044	-4609.845	288.8008	0.9108614	0.3543508	11.13807
37182	-4319.273	-4605.068	285.7947	0.7721233	0.4155313	12.71616
37188	-4319.969	-4608.5	288.5312	0.8907413	0.3602989	11.28325
37194	-4324.551	-4612.172	287.6207	0.9977308	0.5072609	11.56249
37200	-4330.644	-4620.355	289.711	0.8843983	0.3047953	10.73201
37206	-4314.845	-4602.736	287.891	0.9055658	0.3740983	11.59551
37212	-4309.979	-4596.543	286.5635	0.6986263	0.3919324	12.37764
37218	-4319.25	-4605.333	286.0829	0.7837193	0.3926748	12.5829
37224	-4317.697	-4603.631	285.9346	0.8361667	0.4439202	12.5829
37230	-4321.672	-4604.647	282.9749	1.026626	0.362007	14.10323
37236	-4321.956	-4608.44	286.4846	0.7601969	0.408618	12.36992
37242	-4325.513	-4613.089	287.5756	0.6868109	0.3992939	11.84851
37248	-4324.136	-4611.781	287.6447	0.853002	0.2893136	11.84851
37254	-4327.748	-4610.896	283.1476	0.8477486	0.4993449	13.9753
37260	-4311.808	-4599.643	287.8352	0.7989109	0.4489635	11.60629
37266	-4316.396	-4601.075	284.6799	0.9486162	0.4131222	13.20654
37272	-4317.289	-4600.938	283.6489	0.8136272	0.4139565	13.81114
37278	-4322.014	-4607.741	285.7274	0.7395505	0.4509377	12.73454
37284	-4324.163	-4609.252	285.0888	0.883726	0.3741718	13.06719
37290	-4328.022	-4615.987	287.9648	0.9054091	0.3289717	11.60659
37296	-4320.291	-4606.713	286.4215	0.7186502	0.5065051	12.33457
37302	-4320.058	-4605.425	285.3667	0.7051465	0.4135249	12.97566
37308	-4324.924	-4610.251	285.3269	0.6688971	0.5045074	12.93203
37314	-4332.586	-4619.548	286.9624	0.82624	0.3674138	12.12871
37320	-4324.514	-4611.38	286.8656	0.8121558	0.4244843	12.12871
37326	-4331.616	-4618.691	287.0747	0.8149223	0.4244843	12.0182
37332	-4324.333	-4612.759	288.4255	0.8439643	0.3406056	11.38471
37338	-4328.899	-4615.808	286.9086	0.7729368	0.4907866	12.06592
37344	-4314.611	-4602.704	288.0927	0.9483464	0.4425756	11.39956
37350	-4325.178	-4612.441	287.2628	0.8177882	0.4139513	11.92882
37356	-4319.074	-4605.617	286.5435	0.8455884	0.3376176	12.36958
37362	-4330.038	-4617.851	287.8131	0.7147312	0.3376176	11.77561
37368	-4328.29	-4615.689	287.3992	0.9953714	0.3222243	11.86275
37374	-4316.194	-4603.566	287.3716	0.8864515	0.3875938	11.8627
37380	-4333.111	-4621.848	288.7373	0.9283917	0.3308102	11.18849
37386	-4323.895	-4612.52	288.6243	0.7670036	0.3242873	11.33955
37392	-4332.182	-4619.023	286.8404	0.8240954	0.3763658	12.184
37398	-4338.785	-4624.557	285.772	0.7927243	0.3990878	12.7336
37404	-4316.772	-4605.37	288.5982	0.8581775	0.4324271	11.19193
37410	-4319.035	-4603.694	284.6593	0.8062378	0.4218817	13.28266
37416	-4329.813	-4618.103	288.2899	0.9089295	0.4967389	11.26809
37422	-4323.308	-4610.814	287.5066	0.8728711	0.3850498	11.80193
37428	-4324.763	-4611.178	286.4148	0.8705353	0.471155	12.28988
37434	-4317.801	-4602.239	284.4379	0.6356189	0.3362518	13.57535
37440	-4313.916	-4598.231	284.3154	0.8257457	0.4496134	13.42501
37446	-4312.148	-4596.673	284.5251	0.7443741	0.4747428	13.33553
37452	-4309.506	-4596.321	286.8154	0.7971732	0.3788334	12.20848
37458	-4313.481	-4600.127	286.6459	0.7843554	0.3374928	12.34826
37464	-4304.862	-4594.051	289.1894	0.8070247	0.39107	10.95006
37470	-4312.648	-4601.377	288.7295	0.8877292	0.2711126	11.28658
37476	-4315.907	-4603.459	287.5521	0.7708044	0.4314846	11.78534
37482	-4306.761	-4594.4	287.6389	0.6835582	0.4317318	11.78534
37488	-4307.487	-4597.3	289.8127	0.9132201	0.4538346	10.50631
37494	-4305.253	-4592.902	287.6492	0.6930018	0.5030715	11.7104
37500	-4298.532	-4584.645	286.1134	0.8507141	0.4015278	12.52322
37506	-4308.46	-4594.597	286.1373	0.8267921	0.4015278	12.52322
37512	-4308.41	-4594.298	285.8871	0.8408352	0.4013015	12.64641
37518	-4320.428	-4609.661	289.2324	0.8567995	0.3835559	10.90921
37524	-4311.063	-4596.945	285.8815	0.8150503	0.3997791	12.66425
37530	-4307.968	-4592.295	284.327	0.7337643	0.4648791	13.45277
37536	-4314.299	-4601.233	286.9335	0.9154389	0.4196469	12.04411
37542	-4308.182	-4596.127	287.9445	0.8830066	0.3376917	11.61899
37548	-4315.734	-4601.812	286.0773	0.886049	0.2926947	12.64414
37554	-4320.874	-4607.968	287.0946	0.7452202	0.4331605	12.03588
37560	-4334.794	-4623.156	288.3621	0.9136514	0.3434514	11.37819
37566	-4327.567	-4615.768	288.2008	0.8980085	0.384865	11.42625
37572	-4321.404	-4607.773	286.3693	0.766027	0.3932154	12.44241
37578	-4318.064	-4606.727	288.6635	0.9670475	0.49181	11.04642
37584	-4313.299	-4601.374	288.0748	0.9342451	0.49181	11.37169
37590	-4320.664	-4607.154	286.4897	0.8467556	0.3655024	12.36647
37596	-4317.737	-4606.709	288.9721	0.9859181	0.3850283	10.97641
37602	-4328.423	-4617.5	289.0767	1.037618	0.3924102	10.88692
37608	-4338.68	-4624.885	286.2043	0.8858474	0.3692142	12.49082
37614	-4329.269	-4615.382	286.1129	0.7407698	0.4619164	12.52313
37620	-4321.363	-4606.364	285.0019	0.8035161	0.402623	13.12498
37626	-4331.07	-4616.598	285.5279	0.7859641	0.402623	12.86055
37632	-4333.319	-4615.863	282.544	0.8655957	0.3665594	14.40509
37638	-4334.742	-4619.035	284.293	0.9207733	0.3653263	13.47072
37644	-4321.876	-4607.062	285.1862	0.7835186	0.3217436	13.12635
37650	-4332.267	-4617.076	284.8088	0.8881747	0.3324557	13.25582
37656	-4316.74	-4601.428	284.6881	0.8557186	0.4077324	13.25582
37662	-4340.169	-4625.854	285.6848	0.8345823	0.4377499	12.71956
37668	-4329.455	-4615.114	285.6586	0.8345823	0.4523559	12.71956
37674	-4349.301	-4636.698	287.3977	0.8035088	0.5235679	11.76666
37680	-4332.008	-4614.998	282.99	0.8409979	0.3874495	14.16503
37686	-4325.032	-4609.809	284.777	0.8948709	0.3874495	13.20971
37692	-4322.786	-4609.503	286.7166	0.8230108	0.4852489	12.14479
37698	-4320.309	-4607.627	287.3177	0.7090088	0.3448506	12.02904
37704	-4322.633	-4609.783	287.1506	0.7576656	0.403554	12.02904
37710	-4314.446	-4602.269	287.8237	0.7641125	0.326213	11.75728
37716	-4314.664	-4600.836	286.1714	0.7590502	0.4618538	12.48318
37722	-4313.256	-4599.289	286.0335	0.7396486	0.4129422	12.61132
37728	-4323.174	-4611.236	288.0618	0.7810525	0.4458255	11.50016
37734	-4314.012	-4601.43	287.4181	0.8137709	0.409699	11.85406
37740	-4312.982	-4598.991	286.0093	0.7867424	0.3992914	12.61296
37746	-4311.937	-4598.527	286.5899	0.7755514	0.3621692	12.35491
37752	-4300.211	-4589.295	289.0837	0.8975339	0.3678063	10.98238
37758	-4311.815	-4600.816	289.0013	0.8562146	0.4318842	10.98238
37764	-4320.117	-4605.487	285.3702	0.8506464	0.3910208	12.92066
37770	-4328.258	-4615.218	286.9602	0.9649926	0.3006388	12.13329
37776	-4339.557	-4626.729	287.1725	0.8936816	0.2499157	12.12497
37782	-4333.529	-4623.434	289.9048	0.9413585	0.4985198	10.40298
37788	-4333.469	-4623.253	289.7847	1.012178	0.5462501	10.38868
37794	-4337.844	-4621.792	283.9473	0.8986399	0.3856202	13.64054
37800	-4315.864	-4600.075	284.2113	0.7821702	0.470143	13.48303
37806	-4313.115	-4599.775	286.6609	0.9836567	0.3639011	12.2076
37812	-4313.299	-4600.624	287.3255	0.8350419	0.4253671	11.876
37818	-4335.265	-4624.182	288.9169	0.9906645	0.4284647	10.95946
37824	-4328.62	-4613.375	284.7556	0.8295808	0.3740794	13.26861
37830	-4337.677	-4623.534	285.8564	0.8177222	0.3538563	12.72391
37836	-4344.63	-4627.533	282.9029	0.7237377	0.4205484	14.2381
37842	-4334.355	-4621.824	287.4694	0.8939627	0.4226762	11.77272
37848	-4333.667	-4620.335	286.6679	0.930224	0.4226762	12.172
37854	-4323.385	-4610.646	287.2601	0.956883	0.4226762	11.84914
37860	-4322.164	-4609.734	287.5706	0.920139	0.4421891	11.68753
37866	-4317.471	-4605.207	287.7362	0.9043858	0.3695527	11.68179
37872	-4320.31	-4608.172	287.8629	0.7777061	0.3695527	11.68179
37878	-4312.92	-4596.73	283.8099	0.8549649	0.3290242	13.79558
37884	-4320.346	-4605.363	285.0175	0.8442419	0.4766117	13.02607
37890	-4318.93	-4601.299	282.3692	0.7851567	0.3418935	14.56398
37896	-4326.58	-4612.654	286.0742	0.764766	0.3926765	12.59729
37902	-4331.563	-4617.308	285.7453	0.9993904	0.3497452	12.69171
37908	-4310.737	-4596.844	286.1067	0.8530123	0.3781046	12.54941
37914	-4320.299	-4607.012	286.713	0.7292917	0.3331163	12.34691
37920	-4309.685	-4596.653	286.9676	0.7425439	0.4180107	12.11812
37926	-4301.613	-4584.261	282.6477	0.7038816	0.3374039	14.46686
37932	-4319.635	-4602.139	282.5033	0.7344203	0.3929366	14.46686
37938	-4327.727	-4613.213	285.486	0.7678321	0.3357734	12.96261
37944	-4304.538	-4588.565	284.0269	0.745873	0.4250769	13.63935
37950	-4309.831	-4595.3	285.4688	0.8236507	0.4250769	12.84968
37956	-4299.596	-4587.941	288.3448	0.8187715	0.3400535	11.44067
37962	-4298.369	-4583.056	284.6871	0.755878	0.4052965	13.31063
37968	-4308.539	-4593.052	284.5138	0.9187225	0.4101452	13.31129
37974	-4299.24	-4583.711	284.4706	0.8528672	0.4220027	13.35636
37980	-4302.064	-4587.015	284.9514	0.9185631	0.4916626	13.00857
37986	-4320.123	-4607.989	287.8658	0.7987491	0.3913944	11.64651
37992	-4319.459	-4605.175	285.7153	0.6749661	0.3913944	12.83216
37998	-4315.904	-4602.214	286.3096	0.6363568	0.3671342	12.56812
38004	-4312.39	-4598.228	285.8376	0.7252666	0.4700831	12.66715
38010	-4314.599	-4597.476	282.8764	0.7682771	0.4173368	14.23188
38016	-4308.525	-4591.421	282.8961	0.7671341	0.407486	14.23188
38022	-4326.361	-4613.76	287.3984	0.6956319	0.4825265	11.85794
38028	-4312.139	-4596.048	283.909	0.7995471	0.3097664	13.79528
38034	-4315.13	-4602.644	287.5143	0.8114377	0.364586	11.85151
38040	-4321.102	-4608.582	287.4801	0.9202211	0.4678218	11.71114
38046	-4319.797	-4606.918	287.1208	1.007151	0.3959284	11.92207
38052	-4317.96	-4606.382	288.4226	0.7940519	0.5449443	11.21821
38058	-4306.584	-4594.691	288.1069	0.850697	0.3935191	11.49123
38064	-4310.023	-4597.718	287.6949	0.7592203	0.409118	11.7386
38070	-4309.957	-4595.414	285.4574	0.9239161	0.4131757	12.815
38076	-4301.328	-4589.983	288.6553	0.9094971	0.4450628	11.12321
38082	-4317.922	-4606.441	288.5189	0.8513156	0.3644081	11.30589
38088	-4311.104	-4599.759	288.6551	0.7773614	0.4935396	11.14862
38094	-4297.381	-4585.944	288.5627	0.7899049	0.3426693	11.33887
38100	-4297.391	-4585.685	288.2945	0.7978309	0.4199126	11.39448
38106	-4310.379	-4598.578	288.1993	0.7394451	0.4077802	11.48671
38112	-4312.409	-4601.595	289.1859	0.8183247	0.3382388	11.00277
38118	-4317.152	-4602.909	285.7563	0.8164288	0.4086633	12.71986
38124	-4308.207	-4593.598	285.3913	0.8230142	0.4989559	12.82316
38130	-4314.458	-4602.035	287.5776	0.8498311	0.2939399	11.87943
38136	-4306.762	-4590.702	283.94	0.8846102	0.4009145	13.6361
38142	-4304.666	-4591.229	286.5631	0.9664699	0.4037742	12.22634
38148	-4314.112	-4599.698	285.586	0.8682136	0.4910153	12.70516
38154	-4303.962	-4586.422	282.4598	0.7973647	0.4508142	14.40101
38160	-4306.546	-4594.614	288.0678	0.9104909	0.4259596	11.44825
38166	-4311.593	-4599.634	288.0412	0.8672994	0.3418579	11.57198
38172	-4320.387	-4605.169	284.7824	0.8522098	0.4277142	13.18922
38178	-4303.142	-4587.32	284.1784	0.77329	0.3530034	13.62006
38184	-4315.974	-4604.042	288.0685	0.8334145	0.4352283	11.47929
38190	-4311.799	-4598.711	286.9115	0.8522249	0.4397869	12.06927
38196	-4339.362	-4623.158	283.7959	0.8451955	0.5338687	13.61133
38202	-4328.461	-4614.209	285.7479	0.8807832	0.3985562	12.70083
38208	-4316.019	-4606.411	290.3912	0.9919166	0.444759	10.16951
38214	-4310.756	-4599.305	288.5486	0.9962215	0.4480507	11.13084
38220	-4301.732	-4588.208	286.4759	0.8506658	0.5589188	12.19419
38226	-4300.897	-4589.961	289.0634	0.8949977	0.4173994	10.94359
38232	-4304.758	-4590.557	285.7992	0.9101658	0.3523395	12.70725
38238	-4315.571	-4602.706	287.1354	0.7866011	0.3727626	12.05348
38244	-4333.103	-4619.011	285.908	0.8349611	0.3946483	12.64528
38250	-4322.232	-4607.611	285.3791	0.931139	0.4006523	12.86443
38256	-4316.236	-4603.688	287.4522	0.8307312	0.369811	11.86826
38262	-4325.281	-4611.18	285.8995	0.9028229	0.3774326	12.63207
38268	-4325.452	-4614.941	289.4894	0.9028229	0.4421924	10.69229
38274	-4313.228	-4601.734	288.5062	0.9113564	0.3921838	11.252
38280	-4317.291	-4606.898	289.6072	0.925201	0.4047379	10.6552
38286	-4311.738	-4599.894	288.156	0.925201	0.4478349	11.37363
38292	-4331.764	-4622.297	290.5323	0.9196785	0.4305439	10.14684
38298	-4314.142	-4601.82	287.6779	0.85848	0.3556045	11.75123
38304	-4318.181	-4606.031	287.8495	0.816322	0.2970133	11.75123
38310	-4315.867	-4603.325	287.4587	0.64878	0.4164138	11.91237
38316	-4309.79	-4595.613	285.8226	0.7609594	0.3366056	12.79016
38322	-4327.137	-4616.567	289.4301	1.034641	0.3493104	10.74907
38328	-4336.069	-4624.649	288.5803	1.016201	0.47083	11.08288
38334	-4310.6	-4598.049	287.4488	0.7739575	0.359195	11.91104
38340	-4311.442	-4599.593	288.1514	0.75735	0.3537169	11.55874
38346	-4308.441	-4597.401	288.9593	0.8610445	0.4575862	10.97771
38352	-4304.014	-4587.821	283.8066	0.7538405	0.4495699	13.7265
38358	-4308.857	-4596.907	288.0492	0.7550618	0.404713	11.56006
38364	-4301.741	-4590.208	288.4679	0.7053624	0.4122551	11.35962
38370	-4304.774	-4591.912	287.1375	0.812791	0.3583301	12.05417
38376	-4306.142	-4592.255	286.1131	0.8490514	0.4161364	12.50977
38382	-4307.209	-4595.815	288.6063	0.785301	0.4161364	11.24158
38388	-4316.275	-4603.633	287.3578	0.7517776	0.4656681	11.86492
38394	-4304.377	-4588.583	284.206	0.6592127	0.3807281	13.63554
38400	-4309.929	-4597.322	287.3929	0.8796456	0.4976361	11.75146
38406	-4320.705	-4604.764	284.0583	0.8525432	0.4391525	13.55435
38412	-4314.057	-4599.548	285.4908	0.7754822	0.3784904	12.90989
38418	-4314.144	-4600.546	286.4024	0.9507818	0.4033159	12.3187
38424	-4325.399	-4609.984	284.5851	0.8539994	0.4327047	13.28608
38430	-4324.056	-4606.614	282.5587	0.8816829	0.4060978	14.34874
38436	-4324.865	-4606.047	281.1823	0.8643242	0.4365821	15.04079
38442	-4321.672	-4604.249	282.5775	0.8839919	0.4206695	14.32358
38448	-4316.471	-4601.909	285.4374	0.888136	0.4032897	12.85383
38454	-4314.792	-4598.389	283.5972	0.8413929	0.5061649	13.73957
38460	-4323.01	-4610.106	287.0967	0.850573	0.3494032	12.06545
38466	-4321.326	-4607.607	286.2806	0.8626903	0.3099834	12.52953
38472	-4329.936	-4611.786	281.8493	0.7376399	0.3730085	14.82422
38478	-4313.458	-4596.462	283.0039	0.8767658	0.3799585	14.14698
38484	-4316.545	-4602.628	286.083	0.7483167	0.3709245	12.6238
38490	-4314.171	-4599.315	285.1439	0.7840802	0.3473621	13.1191
38496	-4316.769	-4603.89	287.1205	0.8793182	0.3557979	12.03107
38502	-4321.498	-4607.524	286.0264	0.9656296	0.4460673	12.46565
38508	-4338.489	-4627.802	289.3132	0.8970662	0.3792657	10.85023
38514	-4326.872	-4611.371	284.4981	0.7952228	0.2884346	13.51761
38520	-4330.455	-4616.06	285.6054	0.8721467	0.4279877	12.7506
38526	-4321.717	-4606.492	284.7751	0.7454459	0.3485167	13.32958
38532	-4328.576	-4613.615	285.0385	0.7431736	0.432187	13.10853
38538	-4321.077	-4606.891	285.8139	0.8819514	0.3876963	12.67688
38544	-4313.781	-4601.649	287.8684	0.847296	0.3407233	11.67398
38550	-4327.889	-4612.576	284.6873	0.7702903	0.3456681	13.3654
38556	-4321.414	-4605.912	284.4975	0.7550892	0.4514625	13.3654
38562	-4307.37	-4591.747	284.3764	0.7649063	0.4908615	13.38792
38568	-4322.968	-4611.836	288.8682	0.8717717	0.3101085	11.17381
38574	-4326.708	-4610.993	284.2843	0.8373545	0.4558911	13.42934
38580	-4304.017	-4592.617	288.5998	0.9246824	0.3523511	11.23825
38586	-4301.301	-4588.382	287.0805	0.8577508	0.352755	12.06648
38592	-4308.575	-4592.909	284.3333	0.7548294	0.352755	13.54949
38598	-4301.227	-4588.302	287.0749	0.989097	0.3708102	11.98149
38604	-4313.183	-4599.921	286.7379	1.070507	0.3938939	12.09085
38610	-4306.214	-4597.273	291.0598	1.028044	0.3463187	9.89951
38616	-4309.151	-4595.735	286.584	0.816561	0.3361799	12.3652
38622	-4314.982	-4604.122	289.1399	0.6960779	0.3520231	11.07557
38628	-4309.385	-4597.343	287.958	0.8699103	0.333776	11.62319
38634	-4315.204	-4602.99	287.7859	0.772074	0.3442106	11.75246
38640	-4308.066	-4593.443	285.3767	0.7737757	0.3594465	12.9903
38646	-4310.832	-4596.149	285.3168	0.8141807	0.3689206	12.9903
38652	-4315.342	-4603.132	287.7891	0.7921336	0.463133	11.62086
38658	-4319.165	-4606.999	287.8335	0.8426394	0.410912	11.62086
38664	-4317.984	-4601.318	283.3337	0.923551	0.3583906	13.9745
38670	-4323.417	-4608.679	285.2621	0.8909186	0.3518478	12.99723
38676	-4327.484	-4614.299	286.8142	0.8067046	0.3548777	12.22966
38682	-4315.782	-4602.043	286.2613	0.8637304	0.3323388	12.51312
38688	-4310.275	-4596.369	286.0941	0.7831389	0.4594311	12.51312
38694	-4315.737	-4599.454	283.7179	0.8840244	0.4594311	13.69591
38700	-4313.929	-4603.558	289.6281	0.9321121	0.4690567	10.57929
38706	-4313.415	-4603.102	289.687	0.7252661	0.444923	10.67923
38712	-4324.498	-4611.021	286.5234	0.8999431	0.414641	12.27092
38718	-4320.361	-4605.085	284.7241	0.7295512	0.4739114	13.24062
38724	-4316.379	-4599.642	283.2634	0.7602781	0.360851	14.093
38730	-4316.036	-4601.218	285.1825	0.6910998	0.3782706	13.11432
38736	-4304.62	-4589.135	284.5145	0.7661037	0.5504085	13.26583
38742	-4311.201	-4598.337	287.1361	0.8279561	0.4242928	11.97956
38748	-4305.731	-4593.272	287.5409	0.8088343	0.4514935	11.75251
38754	-4297.528	-4584.052	286.5236	0.8047039	0.380354	12.35508
38760	-4295.403	-4581.258	285.8555	0.8055453	0.3438796	12.74171
38766	-4292.339	-4579.467	287.1288	0.8261624	0.3128699	12.10313
38772	-4302.535	-4588.758	286.223	0.7871169	0.4494651	12.45307
38778	-4299.527	-4586.553	287.0256	0.8186585	0.3677797	12.09929
38784	-4298.093	-4586.601	288.5077	0.9455964	0.4539875	11.17325
38790	-4291.866	-4578.249	286.383	0.8987513	0.5223233	12.24742
38796	-4294.582	-4580.839	286.2578	0.7046644	0.5223233	12.41383
38802	-4292.273	-4577.967	285.6938	0.6604371	0.388722	12.85362
38808	-4308.699	-4593.041	284.3421	0.6752188	0.4374224	13.50069
38814	-4309.083	-4594.786	285.7035	0.6286483	0.3743775	12.87995
38820	-4311.073	-4600.003	288.9308	0.6932613	0.3349833	11.20554
38826	-4315.692	-4602.707	287.0158	0.7688376	0.4032766	12.09379
38832	-4322.083	-4608.991	286.9085	0.8762187	0.4032766	12.09379
38838	-4310.049	-4597.158	287.1081	0.7722073	0.2787611	12.1839
38844	-4316.667	-4605.029	288.3619	0.8349065	0.4007127	11.35885
38850	-4317.251	-4602.081	284.8301	0.7678642	0.3579602	13.27907
38856	-4308.938	-4596.014	287.0756	0.6757542	0.3933003	12.12121
38862	-4310.498	-4595.653	285.1553	0.7962387	0.3739462	13.0783
38868	-4310.427	-4596.323	285.896	0.759204	0.5366878	12.56197
38874	-4314.376	-4599.255	284.8782	0.6218225	0.4457436	13.24214
38880	-4310.16	-4597.466	287.3058	0.7789648	0.3627562	11.97923
38886	-4307.184	-4593.433	286.249	0.8357931	0.3324372	12.53393
38892	-4316.559	-4604.441	287.882	0.7501584	0.3324372	11.72696
38898	-4319.156	-4607.132	287.9762	0.7399503	0.295351	11.72696
38904	-4315.381	-4599.91	284.5289	0.8085201	0.4591083	13.31434
38910	-4341.071	-4629.715	288.644	0.8337646	0.4044038	11.20817
38916	-4330.605	-4615.95	285.3447	0.7964179	0.3525222	13.00264
38922	-4344.468	-4634.735	290.2678	0.7535722	0.3437028	10.46323
38928	-4343.742	-4628.897	285.1553	0.7535722	0.3379858	13.13948
38934	-4324.826	-4610.125	285.2993	0.7961018	0.3556476	13.02301
38940	-4319.392	-4607.446	288.0542	0.9623613	0.4292143	11.42506
38946	-4311.187	-4599.978	288.7915	0.9566279	0.4134542	11.05761
38952	-4304.629	-4591.404	286.7754	0.8206624	0.4276694	12.16824
38958	-4318.336	-4606.7	288.3639	0.7641301	0.4823608	11.31775
38964	-4307.952	-4596.194	288.2421	0.8916022	0.4790259	11.31775
38970	-4323.549	-4615.569	292.0201	1.021475	0.4176001	9.32158
38976	-4319.979	-4610.754	290.775	1.082833	0.4176001	9.945862
38982	-4318.894	-4607.992	289.0983	0.850205	0.3970863	10.96901
38988	-4309.911	-4595.761	285.8496	0.7627058	0.3585587	12.75098
38994	-4305.87	-4593.406	287.536	0.7383933	0.3214724	11.92636
39000	-4310.31	-4597.935	287.6252	0.8034503	0.4580377	11.70526
39006	-4317.087	-4601.071	283.9842	0.6842002	0.3580611	13.7616
39012	-4314.96	-4598.781	283.8215	0.7356343	0.3341041	13.8457
39018	-4309.622	-4596.823	287.2007	0.7381672	0.4042714	12.01239
39024	-4324.752	-4615.888	291.1353	0.9594166	0.3177566	9.928682
39030	-4329.011	-4614.831	285.8206	0.8371419	0.4472558	12.63864
39036	-4321.389	-4608.77	287.3804	0.8573052	0.3317326	11.93369
39042	-4341.765	-4625.673	283.9088	0.7893751	0.4707146	13.63579
39048	-4351.59	-4635.802	284.2115	0.7893751	0.2767363	13.68414
39054	-4347.821	-4629.218	281.3971	0.7090225	0.3893624	15.05609
39060	-4340.892	-4624.192	283.2995	0.8076135	0.463525	13.9489
39066	-4328.959	-4615.564	286.6049	0.9684985	0.4598664	12.14994
39072	-4321.896	-4610.243	288.3474	0.761342	0.3502465	11.458
39078	-4310.711	-4596.763	286.052	0.7264599	0.415408	12.60615
39084	-4298.544	-4585.077	286.5323	0.8374561	0.4402789	12.27426
39090	-4309.323	-4598.936	289.6124	0.8330635	0.4246078	10.68119
39096	-4306.324	-4595.769	289.445	0.9389595	0.3954651	10.74244
39102	-4312.044	-4600.016	287.9712	0.9558939	0.4200888	11.48068
39108	-4329.413	-4617.34	287.9267	0.7074107	0.2729822	11.79798
39114	-4328.918	-4617.236	288.318	0.8521801	0.4590002	11.31677
39120	-4342.945	-4633.14	290.195	0.8038287	0.3941931	10.42108
39126	-4341.673	-4630.697	289.0248	0.8155334	0.383846	11.03929
39132	-4324.462	-4612.149	287.6874	0.7207718	0.4379703	11.73465
39138	-4317.307	-4603.938	286.6305	0.7527534	0.4186042	12.28797
39144	-4323.747	-4613.368	289.6213	0.9430555	0.5507254	10.50711
39150	-4327.41	-4614.409	286.999	0.8695738	0.4777481	11.97984
39156	-4352.658	-4637.008	284.3498	0.9557789	0.5222557	13.27588
39162	-4327.068	-4612.737	285.6692	0.8012435	0.3699858	12.81264
39168	-4316.322	-4603.299	286.9769	0.7172294	0.3937874	12.15057
39174	-4323.766	-4613.018	289.2523	0.7639402	0.4526594	10.87965
39180	-4318.875	-4605.151	286.276	0.7332121	0.4922958	12.41506
39186	-4303.676	-4591.128	287.4516	0.7888214	0.4922958	11.77292
39192	-4300.108	-4588.59	288.4824	0.8026323	0.5091466	11.21226
39198	-4315.937	-4607.611	291.6736	0.8557017	0.4727552	9.539859
39204	-4303.668	-4592.18	288.5118	0.7681264	0.3482349	11.37071
39210	-4303.559	-4591.251	287.6919	0.8261976	0.3389437	11.77918
39216	-4310.397	-4596.529	286.1325	0.6709555	0.4496916	12.56048
39222	-4309.342	-4594.773	285.4313	0.7466474	0.4123057	12.92166
39228	-4311.933	-4599.64	287.7067	0.8590994	0.3144941	11.78244
39234	-4313.915	-4603.021	289.1057	0.8192721	0.3979123	10.98052
39240	-4307.872	-4594.465	286.5924	0.8477163	0.36745	12.31035
39246	-4313.538	-4602.208	288.6703	0.8539457	0.4031685	11.18504
39252	-4314.693	-4601.099	286.4059	0.8523852	0.3284601	12.44809
39258	-4324.94	-4611.117	286.1777	0.7707575	0.4906929	12.44809
39264	-4324.397	-4612.601	288.2041	0.9811286	0.4671613	11.30147
39270	-4319.957	-4610.785	290.8276	1.054157	0.4210706	9.929881
39276	-4304.614	-4593.756	289.1415	0.8729815	0.3908216	10.94086
39282	-4303.923	-4589.732	285.8093	0.8618009	0.3278594	12.75454
39288	-4319.668	-4606.819	287.1514	0.8517027	0.3497654	12.03595
39294	-4313.355	-4601.351	287.9953	0.9221984	0.4246538	11.48128
39300	-4334.073	-4621.723	287.6496	0.93735	0.3405682	11.74139
39306	-4346.603	-4632.944	286.3401	0.8298922	0.4078181	12.40967
39312	-4329.833	-4617.277	287.4445	0.7550297	0.3723311	11.90916
39318	-4321.126	-4606.661	285.5351	0.8223797	0.3782487	12.86275
39324	-4318.3	-4604.438	286.1372	0.8102378	0.377306	12.55666
39330	-4307.936	-4591.717	283.7814	0.6839035	0.3638371	13.86079
39336	-4302.877	-4591.725	288.8479	0.8549778	0.3638371	11.13237
39342	-4306.982	-4599.114	292.1324	0.9652892	0.4103202	9.299192
39348	-4316.906	-4609.399	292.493	1.030795	0.3931415	9.091323
39354	-4323.769	-4614.733	290.9646	1.120182	0.3306243	9.918912
39360	-4320.433	-4608.568	288.1348	0.8903918	0.2862431	11.57683
39366	-4314.408	-4600.32	285.9118	0.8420713	0.3911673	12.64314
39372	-4316.579	-4604.206	287.6275	0.9417099	0.4037202	11.68386
39378	-4316.78	-4601.86	285.0797	1.003499	0.4152459	12.96809
39384	-4318.291	-4607.703	289.412	1.008511	0.442461	10.6772
39390	-4312.703	-4601.396	288.693	0.8815764	0.3467738	11.2182
39396	-4318.926	-4604.177	285.2513	0.7743793	0.440224	12.97407
39402	-4312.332	-4598.001	285.6699	0.8877418	0.3765549	12.76036
39408	-4318.672	-4605.196	286.5235	0.7930325	0.4110783	12.33014
39414	-4328.775	-4615.004	286.2294	0.7983337	0.4110783	12.48056
39420	-4330.231	-4616.183	285.9522	0.8217633	0.3895765	12.63429
39426	-4324.404	-4611.461	287.0569	0.8104456	0.3895765	12.06455
39432	-4320.312	-4607.767	287.455	0.8560579	0.4556777	11.76885
39438	-4326.33	-4611.657	285.3271	0.9071828	0.4958725	12.8154
39444	-4322.957	-4606.758	283.802	0.9134311	0.3446718	13.75181
39450	-4319.345	-4603.175	283.8306	0.8319186	0.4139702	13.70735
39456	-4317.2	-4599.555	282.3554	0.9181905	0.5021202	14.34703
39462	-4336.72	-4619.898	283.1785	0.8057804	0.5056986	13.97564
39468	-4333.525	-4619.124	285.5993	0.8294063	0.4113926	12.79213
39474	-4322.675	-4608.288	285.6122	0.7789174	0.4316107	12.79213
39480	-4349.867	-4635.323	285.4553	0.8909281	0.3496848	12.8991
39486	-4336.918	-4621.762	284.844	0.8268354	0.6027114	13.02231
39492	-4326.317	-4613.558	287.2408	0.9082659	0.3953851	11.91161
39498	-4322.142	-4608.189	286.047	0.8851127	0.4259496	12.51591
39504	-4316.712	-4601.571	284.8598	0.7662925	0.3429287	13.28093
39510	-4317.578	-4607.927	290.3495	1.037074	0.4219173	10.18959
39516	-4326.15	-4612.41	286.2598	0.8637067	0.3787736	12.46339
39522	-4332.934	-4619.056	286.1221	0.7589315	0.5417994	12.44018
39528	-4322.856	-4609.126	286.2699	0.7373326	0.3961722	12.50611
39534	-4325.114	-4609.371	284.2569	0.7347739	0.4820967	13.47331
39540	-4324.128	-4611.339	287.2106	0.800248	0.3453045	12.03683
39546	-4331.597	-4622.006	290.4089	0.9275006	0.3724994	10.26631
39552	-4308.953	-4596.396	287.4434	0.8357151	0.5025735	11.74378
39558	-4324.315	-4611.634	287.3191	0.923957	0.4183407	11.83973
39564	-4324.431	-4612.677	288.2454	0.8698227	0.4183407	11.384
39570	-4327.474	-4616.425	288.9515	0.8549105	0.5655922	10.89277
39576	-4330.668	-4616.237	285.5696	0.8318148	0.5600366	12.67526
39582	-4342.355	-4632.092	289.7366	0.8726696	0.3139437	10.71378
39588	-4352.588	-4640.725	288.1373	0.810297	0.2792162	11.62628
39594	-4342.13	-4629.667	287.5365	0.8493597	0.456669	11.72888
39600	-4334.086	-4618.839	284.7538	0.764694	0.4066741	13.27004
39606	-4341.416	-4627.308	285.8926	0.8259575	0.3065228	12.7548
39612	-4329.002	-4618.073	289.0709	0.7886294	0.3775677	11.03576
39618	-4316.659	-4603.172	286.5136	0.7642002	0.3808669	12.38085
39624	-4325.023	-4610.911	285.8879	0.7793733	0.4587908	12.62301
39630	-4338.552	-4622.352	283.7999	0.8248583	0.3615737	13.78047
39636	-4329.308	-4614.338	285.0305	0.7994273	0.3550077	13.16172
39642	-4314.787	-4597.224	282.4368	0.704812	0.4617493	14.45089
39648	-4316.05	-4603.306	287.2565	0.8406196	0.2987429	12.04594
39654	-4294.725	-4580.984	286.259	0.7271743	0.3574268	12.55761
39660	-4309.277	-4597.384	288.1063	0.7944047	0.407513	11.50685
39666	-4312.337	-4600.732	288.3951	0.8735803	0.3269693	11.4006
39672	-4327.966	-4613.529	285.5628	0.7287461	0.3975395	12.87728
39678	-4318.436	-4604.211	285.7743	0.6660938	0.3803982	12.81736
39684	-4333.728	-4618.563	284.8348	0.7404615	0.4228494	13.22477
39690	-4348.877	-4634.78	285.9027	0.725185	0.4668024	12.63624
39696	-4322.105	-4607.076	284.9711	0.7148075	0.4202923	13.1697
39702	-4317.868	-4600.353	282.485	0.631034	0.4226953	14.50054
39708	-4326.966	-4614.002	287.0361	0.7311011	0.3374945	12.17262
39714	-4318.695	-4606.785	288.0893	0.9022367	0.4910076	11.38153
39720	-4327.746	-4616.113	288.3664	0.7556643	0.448354	11.3518
39726	-4320.851	-4608.56	287.7093	0.7403817	0.4054573	11.74456
39732	-4322.872	-4612.687	289.8154	0.9205107	0.4724383	10.484
39738	-4316.279	-4605.767	289.4873	1.067901	0.5859167	10.484
39744	-4301.088	-4589.405	288.3168	0.9654482	0.3588728	11.35787
39750	-4337.429	-4627.289	289.8601	0.8929567	0.4501482	10.49549
39756	-4328.651	-4618.746	290.0946	0.8018622	0.3743303	10.49549
39762	-4329.457	-4620.755	291.2976	0.9644302	0.4553222	9.69686
39768	-4319.375	-4611.667	292.292	1.090394	0.4169735	9.142033
39774	-4309.37	-4595.994	286.6238	0.8107719	0.3868436	12.29301
39780	-4314.949	-4601.575	286.6262	0.7797268	0.3202223	12.38068
39786	-4315.91	-4602.409	286.4991	0.7675828	0.3866279	12.38068
39792	-4315.562	-4606.084	290.5214	0.8617538	0.3758353	10.23822
39798	-4328.378	-4620.543	292.1655	0.8966371	0.3991783	9.329259
39804	-4317.975	-4610.262	292.2869	1.024958	0.3940811	9.202453
39810	-4336.23	-4621.095	284.8652	0.8494981	0.3112826	13.27111
39816	-4320.502	-4605.232	284.73	0.8423493	0.3780294	13.27111
39822	-4313.531	-4600.603	287.0721	0.8246851	0.4445218	11.99543
39828	-4314	-4598.487	284.4866	0.7717367	0.4445218	13.36887
39834	-4319.861	-4605.59	285.7286	0.7735267	0.4385379	12.72776
39840	-4323.642	-4612.777	289.1353	0.9554443	0.3559817	10.93778
39846	-4303.345	-4589.649	286.3042	0.7446854	0.3486394	12.53454
39852	-4307.739	-4593.691	285.9525	0.8245002	0.4070316	12.61515
39858	-4314.216	-4602.303	288.0874	0.8497326	0.4070316	11.4883
39864	-4306.549	-4594.745	288.1957	0.7717495	0.3913127	11.4883
39870	-4300.629	-4586.003	285.3746	0.7124996	0.3876503	12.99366
39876	-4308.618	-4594.765	286.1473	0.7850252	0.340874	12.60381
39882	-4305.778	-4592.14	286.3616	0.7677745	0.4249735	12.41411
39888	-4299.081	-4587.369	288.2885	0.7968982	0.4679463	11.35294
39894	-4312.204	-4598.514	286.3106	0.8054066	0.3553093	12.49229
39900	-4307.069	-4592.872	285.8031	0.7771548	0.4020886	12.72249
39906	-4331.49	-4619.33	287.8401	0.80908	0.4020886	11.64374
39912	-4317.444	-4604.221	286.7771	0.8042177	0.3476588	12.25821
39918	-4318.635	-4603.902	285.2672	0.7697434	0.3768908	13.03082
39924	-4307.529	-4593.31	285.7811	0.873624	0.4076863	12.67816
39930	-4311.806	-4596.889	285.0829	0.7415257	0.4136221	13.10421
39936	-4324.403	-4610.645	286.2418	0.8602855	0.4136221	12.43933
39942	-4334.973	-4624.082	289.1092	1.09969	0.3873376	10.84258
39948	-4333.663	-4621.068	287.4051	0.8753868	0.4019293	11.83645
39954	-4316.857	-4605.633	288.7764	0.8516795	0.4588336	11.07727
39960	-4311.64	-4600.236	288.5955	0.8734041	0.4313799	11.18637
39966	-4319.275	-4605.554	286.2796	0.7823546	0.3741051	12.50035
39972	-4322.362	-4609.115	286.7535	0.8188727	0.351379	12.25877
39978	-4323.221	-4609.936	286.7148	0.8575933	0.351379	12.25877
39984	-4319.653	-4604.133	284.4809	0.7014144	0.3669339	13.4854
39990	-4321.36	-4606.044	284.6838	0.737277	0.3669339	13.36138
39996	-4315.37	-4602.257	286.887	0.8406722	0.4423832	12.08567
40002	-4318.242	-4602.638	284.3959	0.7204053	0.4407539	13.44614
40008	-4317.943	-4605.19	287.2473	0.8947251	0.4215052	11.88938
40014	-4333.216	-4619.963	286.7475	0.8602714	0.5281349	12.07257
40020	-4330.62	-4613.954	283.3343	0.7833247	0.4880852	13.92166
40026	-4325.033	-4610.988	285.9547	0.7934994	0.4867828	12.55584
40032	-4327.73	-4613.079	285.3489	0.9579375	0.4241007	12.84316
40038	-4307.8	-4596.542	288.7419	0.8465897	0.5035407	11.05821
40044	-4325.693	-4612.765	287.0728	0.8935828	0.3228871	12.08544
40050	-4349.94	-4637.674	287.7343	0.8640722	0.4959044	11.58278
40056	-4341.538	-4629.69	288.1518	0.8641209	0.3484474	11.50852
40062	-4337.062	-4621.412	284.3494	0.8300951	0.5162874	13.34636
40068	-4338.479	-4622.97	284.4903	0.862421	0.33781	13.42861
40074	-4339.408	-4626.545	287.1376	0.8387433	0.4097635	11.98738
40080	-4321.351	-4609.404	288.0527	0.9397239	0.4345668	11.4326
40086	-4326.391	-4612.661	286.2698	0.6528116	0.3841216	12.56251
40092	-4327.488	-4612.169	284.6811	0.8976041	0.3790953	13.26675
40098	-4324.903	-4611.866	286.9628	0.8105561	0.3921587	12.11093
40104	-4320.628	-4611.84	291.2126	1.079918	0.4314349	9.703381
40110	-4316.06	-4603.301	287.2403	0.8941617	0.4314349	11.88379
40116	-4321.943	-4605.493	283.5504	0.9072678	0.4341421	13.79423
40122	-4319.818	-4603.508	283.6898	0.7857592	0.4244293	13.79423
40128	-4327.941	-4612.918	284.9773	0.8923871	0.3452129	13.15182
40134	-4307.726	-4592.786	285.0595	0.8261192	0.3939711	13.09197
40140	-4328.307	-4613.85	285.5429	0.8609042	0.4260595	12.79083
40146	-4326.532	-4613.362	286.8303	0.9160588	0.3599687	12.15875
40152	-4312.868	-4600.805	287.9372	0.7342209	0.339888	11.69805
40158	-4312.787	-4601.371	288.5843	0.874026	0.4126231	11.21014
40164	-4320.017	-4607.639	287.6216	0.8783594	0.3018884	11.8319
40170	-4321.454	-4609.902	288.4474	0.8817846	0.3901002	11.30041
40176	-4311.127	-4594.73	283.6034	0.7258154	0.3746056	13.92001
40182	-4318.624	-4603.325	284.7003	0.7330927	0.4384218	13.28365
40188	-4318.765	-4603.464	284.6997	0.7336677	0.4384218	13.28365
40194	-4330.946	-4617.976	287.0302	0.8300236	0.329636	12.13302
40200	-4308.19	-4594.217	286.0261	0.9166311	0.4569575	12.48125
40206	-4311.261	-4598.169	286.9083	0.8588906	0.4569575	12.0515
40212	-4315.966	-4600.286	284.32	0.8073089	0.4016037	13.4783
40218	-4318.361	-4605.002	286.6406	0.7764938	0.4343793	12.25513
40224	-4318.636	-4605.63	286.9936	0.8047853	0.3712445	12.11957
40230	-4329.552	-4614.059	284.5074	0.7838942	0.3306659	13.46857
40236	-4312.464	-4598.943	286.4785	0.7267146	0.4325963	12.3673
40242	-4313.07	-4598.452	285.3819	0.7316438	0.3624479	13.00628
40248	-4318.598	-4604.052	285.4544	0.8905208	0.4192871	12.82798
40254	-4304.465	-4591.023	286.5574	0.7221142	0.3389331	12.4252
40260	-4310.815	-4597.068	286.2525	0.8450815	0.4306381	12.4252
40266	-4312.608	-4598.529	285.921	0.9107851	0.4209067	12.57301
40272	-4299.153	-4588.689	289.536	0.9194845	0.2977443	10.81399
40278	-4318.307	-4602.699	284.3917	0.8630148	0.4171524	13.39681
40284	-4330.195	-4616.079	285.8843	0.7771177	0.3624814	12.72123
40290	-4317.047	-4598.838	281.7914	0.8424363	0.3863515	14.78617
40296	-4333.994	-4617.348	283.3542	0.7026692	0.4692361	13.96981
40302	-4323.094	-4608.838	285.7444	0.9362752	0.4146943	12.65777
40308	-4330.222	-4619.635	289.4131	1.008486	0.3828782	10.73567
40314	-4330.524	-4616.351	285.8278	0.8988973	0.3847081	12.66389
40320	-4316.522	-4600.464	283.9418	0.8151073	0.3613678	13.71213
40326	-4308.005	-4597.767	289.7618	0.9135316	0.3613678	10.6254
40332	-4310.316	-4598.823	288.507	0.9229964	0.3613678	11.27785
40338	-4319.338	-4607.802	288.464	0.693502	0.3613678	11.42038
40344	-4320.528	-4608.221	287.6926	0.741996	0.349446	11.81108
40350	-4316.702	-4603.667	286.965	0.741996	0.4615751	12.07869
40356	-4314.158	-4600.504	286.3461	0.8503797	0.405721	12.39795
40362	-4314.067	-4600.615	286.548	0.7896705	0.4360643	12.29494
40368	-4334.821	-4617.941	283.1205	0.6901014	0.4220274	14.14133
40374	-4334.632	-4619.923	285.2919	0.7757651	0.3683281	13.02389
40380	-4334.181	-4620.065	285.8837	0.7692771	0.3452463	12.74438
40386	-4334.673	-4621.225	286.552	0.7784546	0.4209516	12.3132
40392	-4332.55	-4618.09	285.5397	0.6741707	0.4243896	12.89125
40398	-4339.929	-4627.751	287.8224	0.8046022	0.45015	11.60892
40404	-4330.941	-4616.384	285.443	0.886123	0.3526699	12.90471
40410	-4323.992	-4612.598	288.6055	0.8958067	0.3434639	11.26019
40416	-4335.727	-4623.165	287.4378	0.8774395	0.4870564	11.73842
40422	-4325.603	-4613.941	288.3379	0.8284705	0.3482812	11.43003
40428	-4310.195	-4596.407	286.2111	0.8071502	0.4156616	12.481
40434	-4303.75	-4588.605	284.8549	0.7881764	0.4303895	13.18227
40440	-4319.13	-4605.64	286.5094	0.7517698	0.3769402	12.39359
40446	-4320.187	-4607.72	287.5328	0.9006552	0.3745735	11.78467
40452	-4318.89	-4606.785	287.8952	0.9029762	0.5095186	11.46664
40458	-4323.127	-4608.209	285.0819	0.8829399	0.3433819	13.10438
40464	-4322.69	-4607.35	284.6602	0.865405	0.333328	13.34389
40470	-4327.707	-4615.948	288.2409	0.8923515	0.3920308	11.4009
40476	-4323.852	-4610.274	286.4219	0.8599396	0.322448	12.44277
40482	-4320.755	-4608.247	287.4923	0.9655351	0.4348975	11.71164
40488	-4320.774	-4606.131	285.3568	0.7949782	0.3088492	13.04684
40494	-4320.762	-4605.62	284.8581	0.9144179	0.3088492	13.24398
40500	-4319.796	-4607.352	287.5559	0.9031154	0.3088492	11.8449
40506	-4325.522	-4613.218	287.6964	0.8995269	0.3532865	11.72262
40512	-4336.005	-4622.566	286.5609	0.8453454	0.4219116	12.27278
40518	-4336.636	-4621.912	285.2763	0.6937333	0.3431346	13.10196
40524	-4326.041	-4611.277	285.236	0.6958494	0.4621118	13.00266
40530	-4324.194	-4609.407	285.2135	0.7183334	0.4621118	13.00266
40536	-4327.356	-4612.859	285.5027	0.9024086	0.473111	12.74656
40542	-4309.605	-4595.203	285.5987	0.7633385	0.4252531	12.81335
40548	-4314.373	-4601.763	287.3898	0.8320106	0.4397945	11.83023
40554	-4321.158	-4607.492	286.3341	0.7310924	0.4374498	12.43562
40560	-4321.425	-4608.89	287.4649	0.9097636	0.4837149	11.71031
40566	-4344.911	-4629.915	285.0037	0.8612218	0.3659468	13.1318
40572	-4329.021	-4613.228	284.2068	0.693189	0.3882262	13.6098
40578	-4319.785	-4602.012	282.2265	0.7161364	0.4679288	14.54834
40584	-4320.091	-4606.672	286.5815	0.6671484	0.4109893	12.3656
40590	-4309.189	-4597.014	287.825	0.7691015	0.3560526	11.72058
40596	-4321.017	-4609.573	288.5563	0.7699034	0.3586481	11.33509
40602	-4327.747	-4616.821	289.0737	0.7995895	0.4263773	10.97942
40608	-4312.244	-4601.04	288.7952	0.7948276	0.4529723	11.10259
40614	-4317.379	-4605.594	288.2149	0.7587366	0.3464408	11.53283
40620	-4315.124	-4603.594	288.4696	0.8926019	0.3848198	11.28854
40626	-4310.285	-4599.02	288.7353	0.7513549	0.325265	11.28854
40632	-4314.419	-4603.153	288.7348	0.8259743	0.362928	11.20775
40638	-4309.419	-4595.096	285.6771	0.8393368	0.4604086	12.70008
40644	-4321.676	-4605.87	284.1944	0.7902736	0.3848657	13.56929
40650	-4312.965	-4598.689	285.7245	0.8917322	0.4942166	12.61807
40656	-4311.905	-4596.2	284.2951	0.9272016	0.4433066	13.38869
40662	-4315.913	-4601.123	285.2103	0.9539148	0.3736233	12.96805
40668	-4318.405	-4602.879	284.4738	0.8350793	0.4839243	13.30698
40674	-4316.616	-4605.998	289.3824	0.815484	0.4918201	10.74909
40680	-4317.362	-4602.61	285.2482	0.7872331	0.4355267	12.97339
40686	-4322.813	-4609.251	286.4383	0.7951261	0.4355267	12.3498
40692	-4331.764	-4619.239	287.4752	0.8178739	0.482999	11.7536
40698	-4330.361	-4613.639	283.2777	0.736426	0.482999	13.97977
40704	-4318.635	-4603.086	284.4505	0.7535308	0.4084785	13.43161
40710	-4310.779	-4596.555	285.7763	0.8463532	0.3980272	12.70448
40716	-4318.865	-4605.17	286.3049	0.8119768	0.3856773	12.45971
40722	-4317.048	-4604.175	287.1268	0.8765891	0.3338258	12.05357
40728	-4318.704	-4604.586	285.8813	0.9623612	0.4274749	12.56049
40734	-4342.113	-4629.319	287.2058	0.8455752	0.4566356	11.90351
40740	-4332.905	-4620.333	287.4275	1.06103	0.4275427	11.70265
40746	-4328.585	-4616.097	287.5118	0.7889246	0.4250553	11.80308
40752	-4332.16	-4619.807	287.6464	0.7889246	0.3564027	11.80308
40758	-4321.942	-4606.41	284.468	0.7805292	0.5177965	13.30927
40764	-4312.787	-4597.59	284.8035	0.7809815	0.362516	13.28118
40770	-4314.93	-4601.616	286.6863	0.8288997	0.4373419	12.20118
40776	-4317.34	-4603.938	286.5979	0.8432472	0.326407	12.35521
40782	-4314.442	-4600.539	286.0972	0.8918313	0.4849304	12.43202
40788	-4304.243	-4593.813	289.5707	0.9640138	0.4489482	10.61123
40794	-4323.226	-4613.546	290.3205	1.143945	0.4497698	10.12201
40800	-4317.953	-4607.607	289.6539	1.155835	0.4010964	10.51332
40806	-4318.79	-4607.184	288.3944	1.014829	0.4192981	11.2293
40812	-4327.051	-4611.537	284.4862	0.768957	0.3774239	13.43653
40818	-4312.203	-4600.882	288.6784	0.7821895	0.4465997	11.17632
40824	-4327.338	-4618.12	290.7827	0.7501175	0.4290011	10.10582
40830	-4316.564	-4603.08	286.5156	0.8903204	0.5136192	12.19001
40836	-4312.686	-4598.56	285.8748	0.8903204	0.4490775	12.58103
40842	-4311.872	-4599.367	287.4948	0.9016573	0.5381544	11.65263
40848	-4322.524	-4611.69	289.1657	0.8667238	0.5381544	10.79648
40854	-4318.064	-4604.51	286.4464	0.9124582	0.3560066	12.36503
40860	-4321.754	-4607.27	285.5166	0.7402603	0.3424335	12.95358
40866	-4320.856	-4608.726	287.87	0.9966074	0.3734248	11.5596
40872	-4317.24	-4607.44	290.2003	0.8669668	0.4545069	10.32638
40878	-4318.308	-4607.51	289.2019	0.8705128	0.4123342	10.88882
40884	-4309.922	-4596.878	286.9568	0.9704404	0.4357139	11.98782
40890	-4325.712	-4616.054	290.3412	1.163505	0.5539217	10.01026
40896	-4315.313	-4603.036	287.7223	1.007531	0.4202039	11.58368
40902	-4316.743	-4606.134	289.3909	0.8961684	0.4883137	10.70541
40908	-4310.023	-4599.447	289.4241	0.9851657	0.419283	10.70541
40914	-4314.689	-4604.023	289.334	0.9959759	0.4632303	10.70541
40920	-4311.721	-4597.39	285.6692	0.8616843	0.3728355	12.77818
40926	-4324.428	-4610.057	285.6291	0.9151219	0.3956204	12.74776
40932	-4318.027	-4605.609	287.5823	0.8586312	0.4139427	11.74074
40938	-4309.861	-4597.549	287.6883	0.8749468	0.352326	11.74074
40944	-4320.253	-4608.496	288.2436	0.8756427	0.4523864	11.34953
40950	-4321.641	-4607.884	286.2432	0.917943	0.3357989	12.49035
40956	-4312.242	-4598.077	285.8356	0.7437413	0.3590029	12.76769
40962	-4321.565	-4607.336	285.771	0.7437413	0.3910497	12.76769
40968	-4316.68	-4605.07	288.3903	0.8427258	0.3910497	11.34969
40974	-4331.541	-4620.077	288.5358	0.8463483	0.3622282	11.30195
40980	-4329.889	-4616.773	286.8841	0.8388033	0.2843359	12.25887
40986	-4326.761	-4611.278	284.5164	0.7617351	0.5067259	13.3032
40992	-4319.143	-4603.69	284.5469	0.9077726	0.3716939	13.33889
40998	-4328.995	-4615.366	286.3714	0.8811271	0.6260649	12.18139
41004	-4324.198	-4610.505	286.3065	0.6851843	0.425053	12.48576
41010	-4327.402	-4613.57	286.1678	0.7837246	0.3485781	12.5853
41016	-4328.715	-4617.147	288.4325	0.8125152	0.3650159	11.37068
41022	-4338.013	-4622.658	284.6449	0.8147553	0.3323706	13.37919
41028	-4334.034	-4622.605	288.5707	0.809647	0.3323706	11.33602
41034	-4325.453	-4613.288	287.8345	0.896449	0.3642035	11.64029
41040	-4332.811	-4616.028	283.2173	0.72168	0.5073655	13.9977
41046	-4311.051	-4594.316	283.2654	0.7717266	0.4498305	13.9977
41052	-4323.712	-4609.631	285.919	0.7916181	0.4498305	12.60869
41058	-4320.515	-4605.228	284.7124	0.6563904	0.4785997	13.2805
41064	-4322.291	-4610.451	288.1595	0.8704874	0.5113128	11.34385
41070	-4330.614	-4612.903	282.2883	0.808651	0.374606	14.55858
41076	-4315.906	-4602.976	287.0698	0.8059021	0.5279301	11.93295
41082	-4306.508	-4590.649	284.1412	0.8316039	0.6535412	13.34789
41088	-4298.794	-4585.618	286.8244	0.7972631	0.3886941	12.19355
41094	-4296.136	-4585.501	289.3653	0.9365453	0.445022	10.73705
41100	-4309.711	-4597.032	287.3209	0.7761579	0.4339693	11.90087
41106	-4311.928	-4598.732	286.8044	0.7761579	0.3993031	12.2042
41112	-4325.17	-4612.558	287.388	0.8758191	0.5549193	11.70831
41118	-4308.783	-4593.043	284.26	0.7825153	0.4339292	13.4909
41124	-4301.727	-4587.876	286.149	0.8223297	0.5064459	12.42261
41130	-4314.585	-4603.49	288.9043	0.8416452	0.3882577	11.08414
41136	-4310.027	-4597.67	287.6428	0.838183	0.3915696	11.74223
41142	-4312.702	-4599.198	286.4953	0.7120502	0.3685605	12.43049
41148	-4312.449	-4599.362	286.9126	0.7810394	0.3674534	12.1782
41154	-4304.557	-4593.146	288.5892	0.7515388	0.3881222	11.29639
41160	-4315.425	-4604.167	288.7427	0.8619478	0.4177857	11.12848
41166	-4325.155	-4611.364	286.2088	0.7066798	0.4253437	12.52513
41172	-4315.638	-4599.888	284.2497	0.8035423	0.6076902	13.33957
41178	-4309.571	-4594.504	284.9326	0.7021368	0.3619521	13.25566
41184	-4313.178	-4597.935	284.7574	0.8007121	0.4004513	13.25566
41190	-4316.282	-4606.479	290.1971	0.9255513	0.485983	10.26873
41196	-4321.558	-4610.104	288.5453	0.9482864	0.413818	11.19054
41202	-4333.377	-4620.733	287.3564	0.927415	0.4430388	11.79481
41208	-4316.838	-4604.263	287.4251	0.8926186	0.3968909	11.82206
41214	-4319.195	-4605.983	286.7882	0.9324133	0.3680403	12.16349
41220	-4324.222	-4611.059	286.8371	0.8173269	0.3680403	12.19803
41226	-4335.611	-4622.84	287.2291	0.8482607	0.3680403	11.97744
41232	-4340.07	-4623.029	282.9591	0.9511736	0.4740203	14.04159
41238	-4332.153	-4617.836	285.6825	0.8058138	0.4690105	12.7069
41244	-4307.241	-4592.552	285.3113	0.8019039	0.4746613	12.89705
41250	-4314.619	-4601.385	286.7659	0.8744454	0.399341	12.17301
41256	-4312.952	-4601.619	288.6667	0.8307094	0.4786369	11.12775
41262	-4322.709	-4608.025	285.316	0.935411	0.3776138	12.91854
41268	-4302.724	-4587.902	285.1786	0.7633319	0.3670707	13.0906
41274	-4313.476	-4599.322	285.8465	0.7738374	0.3554836	12.75013
41280	-4319.782	-4609.836	290.0539	0.9197943	0.4292926	10.39942
41286	-4317.827	-4605.674	287.8463	0.768627	0.4469402	11.61823
41292	-4310.528	-4598.631	288.1023	0.7613272	0.321862	11.61823
41298	-4312.603	-4599.992	287.3897	0.821818	0.321862	11.95874
41304	-4304.594	-4592.688	288.0933	0.6858239	0.4171651	11.56087
41310	-4321.375	-4607.224	285.8487	0.8349714	0.4381437	12.63366
41316	-4316.106	-4606.317	290.2104	0.8294424	0.417711	10.37593
41322	-4317.995	-4607.059	289.064	0.9779579	0.3892975	10.92803
41328	-4309.279	-4597.446	288.1667	0.9106522	0.4731771	11.35243
41334	-4308.572	-4598.242	289.6692	0.9417802	0.3444303	10.67779
41340	-4314.167	-4602.636	288.469	1.056037	0.3444303	11.2467
41346	-4317.151	-4608.096	290.9442	1.122569	0.3977148	9.855776
41352	-4326.223	-4617.41	291.1867	0.7755413	0.4127433	9.895732
41358	-4322.792	-4612.635	289.8437	0.814714	0.3587145	10.63717
41364	-4299.128	-4587.423	288.2943	0.8753481	0.3413079	11.43609
41370	-4317.158	-4607.672	290.5146	0.9735603	0.4137094	10.14423
41376	-4318.104	-4605.955	287.8516	0.8353796	0.4137094	11.61245
41382	-4312.608	-4595.955	283.347	0.7855377	0.5820822	13.83692
41388	-4318.37	-4605.471	287.1014	0.8801418	0.4431823	11.95247
41394	-4332.048	-4619.054	287.0058	0.8117269	0.4143602	12.06566
41400	-4317.145	-4605.419	288.2739	1.090044	0.4377584	11.23519
41406	-4313.371	-4603.345	289.9737	0.8949213	0.4801719	10.40737
41412	-4314.893	-4604.105	289.2123	0.9351746	0.4648755	10.79963
41418	-4313.033	-4601.659	288.6265	0.868662	0.3750024	11.22925
41424	-4323.626	-4609.995	286.3689	0.69628	0.4379092	12.4352
41430	-4335.125	-4621.45	286.3256	0.7171156	0.3053297	12.58749
41436	-4331.837	-4621.5	289.6628	0.7789456	0.4724967	10.63836
41442	-4323.425	-4610.317	286.8919	0.7748846	0.4318966	12.12736
41448	-4325.752	-4614.046	288.2939	0.6530115	0.4229706	11.4675
41454	-4334.372	-4621.287	286.9151	0.8158827	0.4923434	12.03876
41460	-4330.055	-4613.955	283.9002	0.7481154	0.3978673	13.73065
41466	-4324.397	-4606.495	282.0989	0.6891058	0.3466411	14.74841
41472	-4330.618	-4618.655	288.0373	0.7365246	0.3395347	11.64496
41478	-4331.193	-4619.687	288.4935	0.8235885	0.3395347	11.36099
41484	-4326.738	-4614.73	287.9922	0.7734633	0.3996239	11.58533
41490	-4331.717	-4617.973	286.2564	0.841513	0.3750489	12.48063
41496	-4325.535	-4614.418	288.8834	0.8191131	0.4186704	11.07635
41502	-4319.158	-4605.409	286.2517	0.8179544	0.3607047	12.51061
41508	-4335.314	-4624.272	288.9588	0.8732074	0.4865546	10.94551
41514	-4337.478	-4624.362	286.8849	0.8263339	0.4123124	12.12313
41520	-4332.772	-4620.735	287.9633	0.7999032	0.3655582	11.62198
41526	-4321.673	-4606.819	285.1463	0.8527224	0.5066187	12.92858
41532	-4332.924	-4619.279	286.3553	0.8132391	0.4053492	12.4129
41538	-4339.077	-4622.665	283.5881	0.8950629	0.3757648	13.83896
41544	-4339.251	-4626.559	287.308	0.8968212	0.3694047	11.90949
41550	-4337.745	-4621.028	283.2826	0.7256899	0.3862768	14.07433
41556	-4331.46	-4618.116	286.656	0.7422078	0.3127532	12.39348
41562	-4345.413	-4631.862	286.4499	0.7909257	0.3442363	12.43942
41568	-4337.584	-4622.089	284.5051	0.7724352	0.4557612	13.34852
41574	-4342.225	-4620.236	278.011	0.7841213	0.6583389	16.54072
41580	-4329.427	-4612.835	283.4079	0.7841213	0.4288042	13.93708
41586	-4323.797	-4607.193	283.3954	0.7320016	0.464976	13.93708
41592	-4340.762	-4630.594	289.832	1.171578	0.4110493	10.40157
41598	-4342.874	-4633.471	290.5977	1.031309	0.4394964	10.04514
41604	-4319.042	-4608.117	289.0744	0.8808631	0.3840576	10.97888
41610	-4322.078	-4610.027	287.949	0.8790063	0.4174203	11.53507
41616	-4333.255	-4622.277	289.0214	0.8433569	0.4174203	10.9926
41622	-4332.548	-4619.961	287.413	0.9994263	0.467224	11.70538
41628	-4336.03	-4622.351	286.3212	0.7316403	0.423198	12.45569
41634	-4352.192	-4638.307	286.1142	0.8969912	0.3757575	12.52506
41640	-4345.924	-4632.514	286.5901	0.8902849	0.3706907	12.28595
41646	-4332.471	-4618.252	285.7815	0.8837917	0.3706907	12.71048
41652	-4345.759	-4632.844	287.0846	0.8711659	0.6053809	11.82992
41658	-4329.03	-4612.99	283.9595	0.8279052	0.2779107	13.79344
41664	-4331.721	-4619.452	287.7302	0.876416	0.4537153	11.61627
41670	-4329.339	-4619.383	290.0441	0.9345686	0.3982604	10.4275
41676	-4315.235	-4602.16	286.9242	0.7899453	0.3109796	12.23091
41682	-4317.351	-4602.267	284.916	0.9026247	0.3800482	13.14108
41688	-4319.042	-4604.107	285.0651	0.8329979	0.4402066	13.04044
41694	-4316.461	-4601.408	284.9471	0.7371027	0.4297219	13.16154
41700	-4322.467	-4608.011	285.5439	0.8411536	0.4372302	12.78992
41706	-4333.058	-4618.087	285.0291	0.8411536	0.3857164	13.10839
41712	-4330.131	-4619.155	289.0235	0.8877903	0.3391602	11.05041
41718	-4335.526	-4624.336	288.8092	0.8907411	0.4472143	11.05041
41724	-4327.648	-4610.199	282.5503	0.6655138	0.4189689	14.45246
41730	-4330.51	-4615.081	284.5711	0.8644147	0.3799589	13.34022
41736	-4331.992	-4616.778	284.7852	0.8262778	0.2941907	13.3453
41742	-4335.48	-4621.475	285.9955	0.7250116	0.3901741	12.66152
41748	-4334.888	-4623.448	288.5602	0.7517907	0.3901741	11.30928
41754	-4326.745	-4611.724	284.9782	0.8401256	0.3901741	13.13081
41760	-4330.858	-4618.72	287.8618	0.8825648	0.3688217	11.62834
41766	-4328.961	-4616.644	287.6835	0.6775965	0.3538445	11.84467
41772	-4317.544	-4604.317	286.7725	0.7872542	0.4306786	12.18432
41778	-4342.574	-4628.767	286.1929	0.7897769	0.3451309	12.57288
41784	-4327.194	-4612.131	284.937	0.9332621	0.389372	13.10463
41790	-4313.189	-4599.076	285.8873	0.94863	0.3690932	12.62335
41796	-4325.547	-4610.18	284.6331	0.8623242	0.3690932	13.32047
41802	-4317.11	-4604.382	287.2723	0.7682259	0.3801237	11.98394
41808	-4312.932	-4602.293	289.3608	0.8942778	0.380216	10.82573
41814	-4314.041	-4601.586	287.5445	0.7898715	0.4121822	11.79808
41820	-4320.566	-4606.692	286.1262	0.670445	0.4313096	12.58134
41826	-4333.231	-4620.32	287.0891	0.685668	0.4090008	12.09326
41832	-4329.089	-4617.581	288.4912	0.8466901	0.4090008	11.27677
41838	-4332.494	-4621.068	288.5732	0.8811886	0.3506795	11.27677
41844	-4319.726	-4606.334	286.6082	0.6801774	0.4049155	12.35091
41850	-4316.088	-4603.113	287.0248	0.7331389	0.4650969	12.04894
41856	-4316.155	-4600.634	284.4799	0.705492	0.4157096	13.43421
41862	-4336.946	-4625.129	288.183	0.8406136	0.4029169	11.44718
41868	-4335.196	-4623.898	288.7017	0.7374251	0.4025415	11.23022
41874	-4329.661	-4615.027	285.3656	0.760229	0.4025415	12.95843
41880	-4325.371	-4613.56	288.1884	0.8765158	0.3398549	11.4925
41886	-4334.457	-4619.068	284.6108	0.7298546	0.4344935	13.33549
41892	-4327.193	-4612.408	285.2151	0.7175138	0.3473369	13.11676
41898	-4328.839	-4614.278	285.4384	0.6407751	0.4219607	12.96366
41904	-4313.351	-4598.933	285.5821	0.7121484	0.4046042	12.86881
41910	-4310.625	-4597.575	286.9499	0.771116	0.3728362	12.15825
41916	-4311.49	-4598.525	287.035	0.8772135	0.4248566	12.00605
41922	-4307.619	-4595.882	288.2634	0.9145086	0.344639	11.42808
41928	-4311.235	-4600.526	289.2906	0.9959243	0.4152392	10.77372
41934	-4319.831	-4610.588	290.7573	0.8533341	0.4152392	10.07833
41940	-4313.967	-4601.272	287.3056	0.9383905	0.4077971	11.84963
41946	-4308.922	-4596.369	287.4474	0.8312328	0.3985766	11.84079
41952	-4307.169	-4597.294	290.1243	0.7599334	0.4032113	10.47209
41958	-4321.57	-4609.766	288.1963	0.7929671	0.4803754	11.39211
41964	-4327.835	-4617.663	289.8277	0.8635243	0.414712	10.56197
41970	-4326.46	-4613.019	286.5589	0.8404334	0.28401	12.42791
41976	-4327.918	-4616.441	288.5225	0.9811478	0.4312105	11.16832
41982	-4320.994	-4607.154	286.1595	0.961213	0.4122596	12.43098
41988	-4317.715	-4606.041	288.3254	0.7990034	0.3530798	11.44671
41994	-4328.989	-4616.813	287.8242	0.7989179	0.4187057	11.64088
42000	-4334.018	-4618.507	284.4894	0.6845979	0.428799	13.42746
42006	-4343.162	-4625.205	282.0429	0.7808985	0.3628565	14.71234
42012	-4331.323	-4616.533	285.21	0.7691188	0.3757256	13.06215
42018	-4320.847	-4608.007	287.1604	0.8899159	0.3757256	11.9834
42024	-4314.543	-4599.029	284.486	0.9082267	0.3529623	13.39032
42030	-4306.918	-4591.407	284.4885	0.8212173	0.3372997	13.45153
42036	-4316.273	-4603.761	287.4879	0.768708	0.3118347	11.947
42042	-4318.134	-4605.623	287.4892	0.8687929	0.388094	11.80999
42048	-4305.051	-4591.64	286.5893	0.7608643	0.4236597	12.30028
42054	-4317.394	-4602.26	284.8667	0.8245144	0.3923091	13.19472
42060	-4328.42	-4613.696	285.2761	0.8211808	0.4087863	12.96709
42066	-4326.79	-4612.355	285.5656	0.8211808	0.3947426	12.83056
42072	-4316.443	-4603.112	286.6697	0.777953	0.3946804	12.27819
42078	-4325.174	-4608.814	283.6403	0.7777306	0.3946804	13.85334
42084	-4341.791	-4626.187	284.396	0.7814845	0.3946804	13.45918
42090	-4339.548	-4626.533	286.9857	0.8498441	0.3946804	12.0759
42096	-4336.358	-4624.481	288.1228	0.8442815	0.3590111	11.52249
42102	-4337.203	-4622.948	285.7444	0.6564703	0.3292775	12.89351
42108	-4331.257	-4615.36	284.1038	0.7565099	0.3176346	13.70731
42114	-4333.07	-4620.587	287.5169	1.038613	0.5348626	11.57223
42120	-4340.951	-4629.187	288.2358	0.8585604	0.3575438	11.45757
42126	-4334.25	-4621.23	286.9797	0.7899268	0.4007763	12.10415
42132	-4338.816	-4626.805	287.9887	0.7948726	0.4922291	11.48918
42138	-4335.139	-4622.679	287.54	0.7810558	0.3133001	11.91158
42144	-4329.864	-4617.275	287.4103	0.8360517	0.3407569	11.91899
42150	-4331.483	-4621.242	289.7588	0.8738118	0.2727394	10.75263
42156	-4334.062	-4620.308	286.2467	0.7617962	0.4234282	12.47853
42162	-4336.187	-4622.286	286.0984	0.8842239	0.4547802	12.46246
42168	-4336.176	-4621.071	284.8949	0.7676552	0.4547802	13.14934
42174	-4332.389	-4616.729	284.3397	0.8025464	0.4480351	13.4259
42180	-4322.108	-4608.897	286.789	0.856263	0.4480351	12.12334
42186	-4319.632	-4606.61	286.9779	0.7566374	0.4462833	12.07843
42192	-4318.021	-4600.845	282.8242	0.7893999	0.3969156	14.26815
42198	-4335.11	-4623.329	288.2191	0.8755308	0.3969156	11.4161
42204	-4335.201	-4619.107	283.9057	0.9021739	0.5533069	13.50905
42210	-4328.512	-4613.03	284.5183	0.8968037	0.4879888	13.24819
42216	-4338.41	-4628.24	289.8298	0.954197	0.4429264	10.486
42222	-4340.119	-4625.688	285.5696	0.878825	0.3920272	12.80122
42228	-4332.01	-4614.793	282.7829	0.777416	0.392858	14.29985
42234	-4338.285	-4621.95	283.6652	0.7439513	0.4643087	13.79151
42240	-4336.167	-4620.131	283.9641	0.9200729	0.3051881	13.7096
42246	-4323.719	-4611.707	287.9879	0.9331858	0.3051881	11.60795
42252	-4322.381	-4611.817	289.4364	1.049318	0.4903818	10.59938
42258	-4314.167	-4601.725	287.5584	0.995266	0.4903818	11.61095
42264	-4312.616	-4601.555	288.9396	1.002631	0.370318	11.0001
42270	-4316.757	-4602.903	286.1461	0.8263759	0.4047794	12.51562
42276	-4316.589	-4605.152	288.5621	0.9500395	0.3326234	11.26676
42282	-4323.52	-4614.656	291.1359	0.9346405	0.3814888	9.870585
42288	-4323.519	-4608.702	285.1828	0.9973257	0.4280021	12.90534
42294	-4318.29	-4607.714	289.4238	0.9658768	0.3464494	10.79159
42300	-4321.637	-4610.737	289.0997	0.9052984	0.4852728	10.85597
42306	-4321.679	-4607.478	285.7985	0.7221326	0.3679125	12.7887
42312	-4323.397	-4608.071	284.6739	0.7999172	0.3458815	13.35676
42318	-4324.076	-4612.54	288.4643	1.134553	0.4271239	11.12241
42324	-4314.92	-4602.585	287.6654	0.9236413	0.4288795	11.64885
42330	-4327.414	-4615.723	288.3086	1.032758	0.3931311	11.29089
42336	-4331.78	-4618.129	286.3484	0.8838497	0.3806903	12.40478
42342	-4342.179	-4629.929	287.7495	0.66385	0.3749159	11.79478
42348	-4328.011	-4616.513	288.502	0.8787295	0.4036703	11.25968
42354	-4322.871	-4608.362	285.4911	0.8019652	0.420871	12.85347
42360	-4351.712	-4636.925	285.213	0.6979975	0.3785218	13.09463
42366	-4325.509	-4614.2	288.6909	0.7244074	0.4206504	11.22479
42372	-4310.07	-4596.844	286.7739	0.7729112	0.4158514	12.20541
42378	-4336.866	-4624.6	287.7341	0.7231029	0.376332	11.77043
42384	-4332.726	-4621.448	288.7228	0.9179478	0.3586284	11.17055
42390	-4344.017	-4629.502	285.4852	0.7649536	0.375472	12.92144
42396	-4327.711	-4614.486	286.7748	0.8382423	0.4051018	12.18147
42402	-4333.208	-4620.168	286.9605	0.7214686	0.3701087	12.18147
42408	-4323.211	-4608.353	285.1413	0.8109931	0.3184442	13.13924
42414	-4333.88	-4617.55	283.6698	0.8539087	0.3138465	13.88634
42420	-4324.553	-4611.906	287.3528	0.8524046	0.3863657	11.89153
42426	-4317.795	-4602.198	284.403	0.7589857	0.435434	13.42742
42432	-4326.862	-4610.113	283.2509	0.6404617	0.4058637	14.11527
42438	-4330.7	-4616.631	285.9301	0.6404617	0.4046991	12.72493
42444	-4325.858	-4614.842	288.9848	0.9577284	0.3519231	11.01985
42450	-4330.051	-4614.943	284.8918	0.8491965	0.3622362	13.20015
42456	-4338.708	-4623.081	284.373	0.6186892	0.2936602	13.66775
42462	-4325.119	-4607.334	282.2148	0.7948626	0.3948007	14.58309
42468	-4327.112	-4609.731	282.6196	0.7948626	0.3869672	14.38137
42474	-4319.785	-4604.247	284.4615	0.870983	0.4041096	13.36925
42480	-4332.795	-4618.548	285.753	0.9012267	0.4137169	12.67248
42486	-4336.363	-4625.44	289.0767	0.9939611	0.4947246	10.81324
42492	-4325.781	-4614.263	288.4815	0.8669	0.4940284	11.19218
42498	-4332.204	-4621.375	289.171	0.7933918	0.4940284	10.86954
42504	-4315.088	-4600.031	284.9431	0.9041948	0.3540213	13.15375
42510	-4315.819	-4602.589	286.7701	0.8126832	0.311502	12.29878
42516	-4323.688	-4612.703	289.0141	0.9650205	0.4278262	10.92257
42522	-4332.2	-4622.97	290.77	0.9066604	0.2982595	10.17216
42528	-4322.252	-4613.065	290.8126	0.9637535	0.5696446	9.854642
42534	-4331.091	-4621.02	289.9294	0.9919432	0.5053152	10.35761
42540	-4342.539	-4631.771	289.2316	0.8620687	0.3926775	10.89746
42546	-4337.719	-4624.866	287.1471	0.9224637	0.3197688	12.03523
42552	-4326.516	-4612.611	286.0946	0.8446594	0.3497721	12.59036
42558	-4326.435	-4608.105	281.6702	0.8056664	0.4038293	14.85035
42564	-4323.508	-4609.475	285.9673	0.7681798	0.3488651	12.69747
42570	-4335.668	-4621.246	285.5775	0.7045757	0.4533319	12.82853
42576	-4319.429	-4604.559	285.1305	0.8934942	0.3867483	13.0274
42582	-4317.277	-4602.078	284.8005	0.7203681	0.3883054	13.28728
42588	-4328.568	-4615.133	286.565	0.7846607	0.3883054	12.33576
42594	-4322.779	-4609.462	286.6827	0.7781487	0.3483396	12.32027
42600	-4321.649	-4607.423	285.7736	0.7614854	0.3523817	12.79788
42606	-4325.895	-4611.631	285.7358	0.7781925	0.4297918	12.72988
42612	-4336.31	-4621.301	284.9909	0.8136733	0.3634976	13.16578
42618	-4327.336	-4611.218	283.8823	0.8081496	0.3841246	13.72276
42624	-4326.234	-4613.475	287.2404	0.8957097	0.5184151	11.80498
42630	-4324.483	-4612.243	287.7605	0.8641323	0.3948309	11.66386
42636	-4332.6	-4618.934	286.334	0.8526494	0.5158646	12.3024
42642	-4320.219	-4603.326	283.107	0.857737	0.5001692	13.99048
42648	-4318.245	-4603.409	285.1633	0.7471897	0.4115621	13.06148
42654	-4311.873	-4599.472	287.5986	0.8868256	0.3788004	11.75307
42660	-4309.894	-4597.696	287.8017	0.8098084	0.3191653	11.75307
42666	-4316.056	-4605.93	289.8743	0.9313639	0.4235884	10.4932
42672	-4322.714	-4610.109	287.3956	0.8163204	0.5177173	11.766
42678	-4314.492	-4601.198	286.7059	0.749825	0.4533098	12.2173
42684	-4321.716	-4612.129	290.4134	0.8099076	0.4644514	10.23521
42690	-4330.485	-4621.038	290.5533	0.8159343	0.3856563	10.23521
42696	-4335.576	-4621.696	286.1201	0.8373619	0.3834176	12.54506
42702	-4339.79	-4624.238	284.4475	0.903887	0.530978	13.24487
42708	-4335.985	-4623.373	287.3886	0.8027017	0.4426377	11.84348
42714	-4342.511	-4631.254	288.7433	0.9772822	0.3643176	11.1226
42720	-4342.453	-4629.565	287.1119	0.835609	0.3212263	12.09721
42726	-4331.648	-4617.028	285.38	0.830459	0.3983008	12.91869
42732	-4346.61	-4635.242	288.6322	0.9956509	0.4034862	11.13052
42738	-4343.675	-4632.057	288.3814	0.8558136	0.3955764	11.34288
42744	-4329.683	-4617.849	288.1655	0.8255526	0.4680531	11.4022
42750	-4354.781	-4642.079	287.298	0.777451	0.4162768	11.92925
42756	-4357.844	-4643.989	286.1451	0.837704	0.3790321	12.53644
42762	-4334.164	-4619.42	285.2566	0.7043313	0.4017194	13.04504
42768	-4322.01	-4610.787	288.7774	0.8740648	0.3620453	11.16124
42774	-4328.627	-4614.627	286.0006	0.7509582	0.4180959	12.61753
42780	-4340.403	-4628.479	288.0758	0.8228348	0.480924	11.43897
42786	-4324	-4610.745	286.7448	0.6851396	0.4485768	12.2351
42792	-4333.51	-4623.232	289.722	0.7828885	0.4485768	10.62721
42798	-4343.313	-4630.871	287.5582	0.8468802	0.4690002	11.70758
42804	-4336.619	-4622.97	286.3513	0.8147789	0.4690002	12.35396
42810	-4334.508	-4619.003	284.4947	0.7819282	0.3027377	13.50881
42816	-4342.598	-4630.518	287.9197	0.7639167	0.3688798	11.66001
42822	-4326.739	-4611.344	284.6053	0.7871531	0.4501119	13.29398
42828	-4318.038	-4602.316	284.2783	0.7878625	0.3792799	13.53273
42834	-4329.697	-4613.69	283.9934	0.7449561	0.441078	13.64207
42840	-4338.927	-4622.795	283.8679	0.7662702	0.4833923	13.65779
42846	-4333.332	-4618.435	285.1031	0.8401252	0.4012202	13.05474
42852	-4344.022	-4632.258	288.2358	1.008486	0.358823	11.37774
42858	-4335.319	-4624.994	289.6751	0.8351267	0.4773454	10.59805
42864	-4331.015	-4613.956	282.9404	0.7899394	0.4896974	14.12107
42870	-4335.961	-4622.678	286.7173	0.7949616	0.507032	12.14013
42876	-4332.858	-4620.165	287.3072	0.8588073	0.507032	11.79903
42882	-4323.572	-4612.428	288.8561	0.8747362	0.4277934	11.05269
42888	-4332.919	-4618.624	285.7049	0.7135729	0.4155861	12.79333
42894	-4330.388	-4614.2	283.8119	0.7490183	0.4472396	13.72842
42900	-4331.89	-4615.834	283.9436	0.8925091	0.3331827	13.702
42906	-4325.613	-4611.922	286.3098	0.8647779	0.4802163	12.3395
42912	-4320.201	-4605.365	285.1645	0.825107	0.3486848	13.08564
42918	-4317.19	-4601.487	284.2976	0.6808325	0.3829799	13.57446
42924	-4323.69	-4612.114	288.4248	0.8736974	0.3829799	11.32379
42930	-4334.684	-4623.85	289.1659	0.8736974	0.3259278	10.99835
42936	-4324.675	-4609.617	284.9419	0.7308319	0.3500943	13.24876
42942	-4338.361	-4622.025	283.664	0.7936297	0.465413	13.76538
42948	-4327.451	-4613.497	286.0458	0.8785343	0.465413	12.48316
42954	-4326.429	-4614.952	288.5233	0.8566135	0.3537384	11.31233
42960	-4318.523	-4603.461	284.9375	0.8592172	0.4150763	13.11718
42966	-4327.893	-4611.543	283.6499	0.7099192	0.4291574	13.84973
42972	-4323.559	-4609.582	286.0229	0.8283448	0.3758024	12.60828
42978	-4339.713	-4626.746	287.0323	0.6924567	0.3232447	12.21102
42984	-4337.796	-4625.966	288.1704	0.7508274	0.4231218	11.4808
42990	-4323.82	-4610.54	286.7204	0.6181464	0.3980047	12.33168
42996	-4312.249	-4598.94	286.6913	0.7786184	0.4244396	12.23716
43002	-4318.537	-4606.95	288.4125	0.8765339	0.4244396	11.2872
43008	-4331.634	-4619.215	287.581	0.7523617	0.4244396	11.78667
43014	-4333.555	-4618.347	284.7926	0.7743347	0.3229604	13.33424
43020	-4336.573	-4621.266	284.6932	0.6699438	0.4489199	13.31034
43026	-4329.858	-4616.487	286.6291	0.8335073	0.3749804	12.29071
43032	-4330.946	-4621.42	290.4735	1.058518	0.2867986	10.26248
43038	-4331.643	-4619.29	287.6468	0.8263789	0.4928022	11.65089
43044	-4321.322	-4606.033	284.7115	0.7711372	0.4398217	13.25675
43050	-4323.023	-4608.416	285.3933	0.868762	0.38184	12.90862
43056	-4335.365	-4620.692	285.3275	0.8228598	0.4408577	12.90862
43062	-4326.76	-4612.533	285.7736	0.7934332	0.4544747	12.67918
43068	-4330.492	-4616.339	285.8469	0.796714	0.4125151	12.67918
43074	-4347.439	-4634.165	286.7266	0.9079113	0.389524	12.18599
43080	-4335.233	-4622.612	287.3788	0.812275	0.4613717	11.82628
43086	-4329.458	-4616.531	287.0732	0.8235623	0.3571856	12.08329
43092	-4325.991	-4614.012	288.0211	0.9242256	0.4152602	11.47586
43098	-4321.842	-4607.522	285.6796	0.8244413	0.4259533	12.73875
43104	-4323.073	-4606.857	283.7838	0.7374868	0.4084459	13.78603
43110	-4323.782	-4607.918	284.1359	0.7374868	0.3917443	13.62003
43116	-4316.134	-4600.717	284.5828	0.7969015	0.3567404	13.39377
43122	-4330.517	-4612.436	281.9186	0.7074203	0.3219558	14.85998
43128	-4325.04	-4609.085	284.0444	0.7371245	0.4353236	13.62505
43134	-4319.748	-4605.183	285.4345	0.8035934	0.4157906	12.88696
43140	-4322.076	-4607.201	285.1254	0.7660058	0.3916246	13.09133
43146	-4312.46	-4599.441	286.9809	0.7017378	0.3491775	12.20373
43152	-4311.949	-4599.811	287.8619	0.827496	0.4907063	11.53975
43158	-4323.028	-4610.611	287.5831	0.7262358	0.4712815	11.75555
43164	-4328.351	-4613.561	285.2096	0.8068659	0.404421	13.01343
43170	-4327.459	-4614.848	287.3881	0.7634214	0.3669965	11.93983
43176	-4325.771	-4611.193	285.4223	0.6474164	0.4525222	12.93971
43182	-4321.3	-4605.71	284.41	0.6355022	0.3560892	13.56803
43188	-4310.597	-4597.845	287.2484	0.8579613	0.3681143	11.96224
43194	-4321.092	-4608.425	287.3333	0.8659485	0.3243651	11.96224
43200	-4322.304	-4609.645	287.3404	0.7712695	0.3655058	11.96224
43206	-4332.612	-4618.884	286.2716	0.8261665	0.3655058	12.49079
43212	-4326.39	-4612.368	285.978	0.756335	0.3642819	12.68135
43218	-4340.994	-4626.812	285.8176	0.6329648	0.4594178	12.73524
43224	-4342.487	-4630.322	287.8342	0.8388723	0.493751	11.5456
43230	-4350.244	-4632.037	281.7926	0.7249118	0.4520308	14.78282
43236	-4349.557	-4634.767	285.2101	0.6600793	0.3582499	13.1373
43242	-4353.023	-4641.896	288.8732	0.9740501	0.3535969	11.06792
43248	-4347.131	-4634.675	287.544	0.9256308	0.3535969	11.78827
43254	-4349.209	-4635.946	286.737	0.8368947	0.382543	12.22482
43260	-4351.867	-4637.151	285.2836	0.7227115	0.3256641	13.10282
43266	-4345.412	-4631.091	285.6787	0.8124972	0.4371413	12.7348
43272	-4330.534	-4619.291	288.7572	0.9256657	0.3530487	11.15461
43278	-4339.32	-4625.054	285.7341	0.9800793	0.3438464	12.71408
43284	-4337.459	-4621.875	284.4157	0.9933597	0.3948351	13.33874
43290	-4342.555	-4630.505	287.9498	1.07571	0.495467	11.35985
43296	-4340.793	-4632.638	291.8451	1.193031	0.4496142	9.292569
43302	-4334.488	-4623.196	288.7073	1.009197	0.3307591	11.16193
43308	-4343.554	-4630.521	286.9673	0.9481376	0.2739847	12.17169
43314	-4335.647	-4623.191	287.5442	0.7379396	0.422193	11.81559
43320	-4327.341	-4614.787	287.4465	0.9090962	0.4058147	11.79334
43326	-4331.8	-4616.051	284.2502	0.7874325	0.3698664	13.55739
43332	-4334.539	-4620.28	285.7419	0.6692403	0.4558213	12.75909
43338	-4313.799	-4602.32	288.5207	0.7040756	0.3676876	11.37841
43344	-4316.667	-4602.724	286.0566	0.7013426	0.3856743	12.64662
43350	-4306.34	-4590.367	284.0271	0.7013426	0.3283042	13.76343
43356	-4313.924	-4599.253	285.329	0.6264736	0.3504579	13.10145
43362	-4318.283	-4603.008	284.7252	0.6430095	0.4178457	13.33714
43368	-4321.803	-4606.784	284.9816	0.6508201	0.2919866	13.33714
43374	-4329.966	-4618.029	288.063	0.7551778	0.3870463	11.57072
43380	-4326.669	-4611.23	284.5605	0.8892663	0.3497505	13.36498
43386	-4333.223	-4620.369	287.1461	0.7335312	0.343599	12.10715
43392	-4329.989	-4618.164	288.1747	0.8694495	0.4123	11.42712
43398	-4323.75	-4607.878	284.1281	0.8270364	0.3440579	13.62811
43404	-4325.778	-4612.161	286.3831	0.7004975	0.3261971	12.54168
43410	-4333.59	-4623.056	289.4656	0.7872213	0.4815793	10.72934
43416	-4327.031	-4613.015	285.9844	0.8169076	0.3871769	12.62253
43422	-4321.253	-4607.458	286.2051	0.7790804	0.3827257	12.53188
43428	-4321.738	-4608.683	286.9448	0.909134	0.4374464	12.02445
43434	-4337.967	-4625.72	287.753	1.047098	0.37747	11.59012
43440	-4314.3	-4600.089	285.7892	0.6981857	0.3734808	12.80011
43446	-4325.971	-4611.464	285.4927	0.6114942	0.3043677	13.07691
43452	-4308.805	-4596.541	287.736	0.7402154	0.4183654	11.71797
43458	-4317.348	-4604.669	287.3213	0.717762	0.3775635	11.98735
43464	-4330.248	-4616.767	286.5189	0.7454	0.4145799	12.35392
43470	-4318.12	-4605.685	287.5658	0.7594309	0.3839884	11.83133
43476	-4320.044	-4608.343	288.2997	0.7594309	0.3839884	11.44789
43482	-4314.133	-4601.71	287.5771	0.8943261	0.4082648	11.73039
43488	-4326.891	-4617.296	290.4053	0.8449898	0.4082648	10.27472
43494	-4320.372	-4608.115	287.7425	0.9154685	0.4991727	11.54882
43500	-4324.881	-4614.237	289.3556	0.7940634	0.4290106	10.83206
43506	-4335.106	-4623.118	288.0114	0.9325748	0.3197333	11.57876
43512	-4321.751	-4610.258	288.5068	0.9958331	0.3176649	11.28907
43518	-4324.835	-4610.915	286.0797	0.8488545	0.4407792	12.50366
43524	-4323.031	-4607.535	284.5046	0.7834248	0.3420827	13.45747
43530	-4320.597	-4606.154	285.557	0.6515542	0.3399136	12.98149
43536	-4320.637	-4607.896	287.2592	0.8533167	0.4974979	11.83517
43542	-4314.242	-4599.475	285.2328	0.8095417	0.4974979	12.91386
43548	-4315.437	-4600.181	284.7444	0.641034	0.4805781	13.27011
43554	-4332.273	-4617.853	285.5798	0.8525008	0.4331156	12.76925
43560	-4310.61	-4591.332	280.7219	0.8242921	0.4716511	15.2675
43566	-4321.647	-4607.107	285.46	0.8222086	0.4619113	12.82059
43572	-4344.059	-4626.169	282.1098	0.9118694	0.4619113	14.51287
43578	-4336.939	-4620.189	283.2499	0.8077493	0.339269	14.09894
43584	-4330.173	-4612.071	281.8983	0.7129152	0.3123928	14.87874
43590	-4326.435	-4610.798	284.3625	0.6895755	0.4083847	13.51063
43596	-4319.071	-4607.868	288.7969	0.7816792	0.4739452	11.08946
43602	-4322.514	-4609	286.4865	0.7205489	0.458826	12.34185
43608	-4316.61	-4601.192	284.5819	0.7128256	0.3855042	13.40764
43614	-4316.179	-4600.799	284.6201	0.7723526	0.3381027	13.40764
43620	-4357.586	-4641.623	284.0368	0.7957329	0.4629719	13.57299
43626	-4343.389	-4626.239	282.8501	0.808852	0.414476	14.22728
43632	-4309.755	-4597.407	287.6524	0.8227295	0.3875261	11.74943
43638	-4312.628	-4599.738	287.1103	0.7247422	0.4187768	12.05221
43644	-4325.944	-4617.454	291.5105	0.9570059	0.3587485	9.685713
43650	-4321.625	-4610.722	289.0965	0.8791448	0.4894888	10.86765
43656	-4326.632	-4610.037	283.4054	0.7740105	0.391655	13.98017
43662	-4324.274	-4607.453	283.1791	0.7398406	0.391655	14.11521
43668	-4301.95	-4588.11	286.1601	0.774838	0.3828864	12.55736
43674	-4313.793	-4601.99	288.1971	0.7836166	0.3872718	11.48552
43680	-4312.082	-4598.625	286.5428	0.7836166	0.4183632	12.31783
43686	-4313.091	-4598.405	285.3138	0.8052116	0.4084606	12.95614
43692	-4307.444	-4595.92	288.4759	0.8546419	0.3437037	11.34927
43698	-4312.061	-4598.528	286.4664	0.8709466	0.439869	12.29154
43704	-4308.441	-4594.769	286.3286	0.8919647	0.507824	12.29154
43710	-4310.75	-4598.034	287.2839	0.7854548	0.457963	11.89292
43716	-4318.866	-4604.152	285.2862	0.7054084	0.475181	12.95984
43722	-4330.482	-4615.88	285.3979	0.8059794	0.3619615	12.95984
43728	-4323.114	-4611.051	287.9366	1.000465	0.3770611	11.51895
43734	-4313.055	-4598.497	285.4421	0.7310416	0.4862983	12.85555
43740	-4309.608	-4596.19	286.5825	0.8236815	0.4741522	12.22421
43746	-4314.206	-4604.268	290.0623	0.7734706	0.29238	10.62114
43752	-4314.141	-4604.163	290.022	0.9506208	0.4094656	10.41941
43758	-4311.535	-4599.759	288.2245	0.9313725	0.3016716	11.48947
43764	-4311.191	-4598.59	287.3985	0.7681294	0.2832927	12.02879
43770	-4317.641	-4605.237	287.5958	0.7681294	0.3955922	11.79925
43776	-4319.024	-4607.245	288.2211	0.8934132	0.3134725	11.49695
43782	-4324.288	-4609.17	284.882	0.8934132	0.3784508	13.16519
43788	-4322.357	-4608.786	286.4288	0.8934132	0.3920498	12.34622
43794	-4330.759	-4618.074	287.3148	0.8934132	0.4091822	11.86691
43800	-4314.586	-4600.346	285.7596	0.9145965	0.5269699	12.56011
43806	-4317.181	-4602.334	285.1526	0.7989397	0.3849341	13.06691
43812	-4318.305	-4603.485	285.1804	0.7218132	0.4104387	13.06691
43818	-4324.715	-4608.686	283.9705	0.7444576	0.3319044	13.76633
43824	-4330.803	-4619.96	289.1571	0.87148	0.412347	10.91179
43830	-4335.939	-4625.13	289.1915	0.8357978	0.4130477	10.91179
43836	-4331.9	-4622.327	290.4263	0.9533321	0.3701707	10.24608
43842	-4327.88	-4616.124	288.244	0.7897438	0.4044005	11.44042
43848	-4320.524	-4609.753	289.2288	0.8974277	0.4132398	10.85972
43854	-4318.548	-4609.516	290.9686	1.052684	0.4007244	9.876696
43860	-4313.123	-4602.58	289.4567	0.9340404	0.3988578	10.73545
43866	-4305.411	-4594.202	288.7913	0.9340404	0.4028224	11.08012
43872	-4297.06	-4586.355	289.2946	0.8104971	0.3264908	10.96337
43878	-4296.687	-4584.078	287.3912	0.8104971	0.3669551	11.91371
43884	-4297.495	-4584.311	286.8154	0.8231607	0.4198314	12.15367
43890	-4290.408	-4575.848	285.4405	0.7505411	0.4199735	12.90739
43896	-4290.078	-4578.446	288.3681	0.8152325	0.4199735	11.34681
43902	-4298.833	-4584.785	285.9525	0.8413049	0.4530887	12.56238
43908	-4301.488	-4590.486	288.9979	0.9688975	0.3668546	10.99094
43914	-4300.337	-4588.051	287.7135	0.9511631	0.4709866	11.57016
43920	-4290.619	-4578.437	287.8181	0.7183924	0.4322006	11.6731
43926	-4305.01	-4589.134	284.1244	0.675241	0.3631468	13.68805
43932	-4306.795	-4592.318	285.5226	0.7428105	0.4658368	12.8258
43938	-4295.895	-4582.78	286.885	0.8629713	0.3736717	12.14329
43944	-4302.09	-4587.695	285.6052	0.828273	0.3675749	12.83438
43950	-4304.774	-4592.163	287.389	0.9211778	0.3652855	11.85884
43956	-4303.58	-4590.511	286.9315	0.9391118	0.4278136	12.0249
43962	-4298.845	-4584.934	286.0898	0.7941122	0.3144162	12.65938
43968	-4306.829	-4593.793	286.9635	0.7989223	0.4185821	12.09028
43974	-4303.954	-4589.54	285.5856	0.6733722	0.3904297	12.90144
43980	-4301.287	-4587.003	285.7168	0.6967489	0.3704962	12.84167
43986	-4306.324	-4591.759	285.4343	0.7955139	0.4306551	12.87695
43992	-4308.305	-4595.572	287.2676	0.7274611	0.4756801	11.91566
43998	-4306.176	-4590.64	284.4645	0.6416716	0.5282027	13.37452
44004	-4306.236	-4591.639	285.4038	0.6930006	0.3652742	13.01198
44010	-4308.33	-4591.733	283.4038	0.7278425	0.4198903	13.97699
44016	-4309.865	-4594.713	284.8481	0.6579456	0.4239095	13.25971
44022	-4310.888	-4597.989	287.1014	0.8478581	0.4239095	11.98765
44028	-4324.877	-4612.248	287.3712	0.7528169	0.3364913	11.98765
44034	-4312.486	-4598.754	286.2684	0.7122854	0.3468571	12.57202
44040	-4301.044	-4585.062	284.0187	0.7059017	0.3911933	13.69779
44046	-4304.05	-4591.131	287.0802	0.7387704	0.4509451	12.03006
44052	-4308.898	-4592.71	283.8114	0.766191	0.3577362	13.80906
44058	-4312.894	-4597.928	285.0346	0.7243105	0.3120063	13.24729
44064	-4304.931	-4592.061	287.1304	0.6731428	0.3443107	12.14605
44070	-4305.515	-4592.439	286.9247	0.7340779	0.416815	12.14605
44076	-4305.622	-4588.114	282.4923	0.734967	0.3261952	14.54389
44082	-4311.519	-4597.573	286.0543	0.7386651	0.3445073	12.67232
44088	-4319.513	-4607.072	287.5585	0.6600378	0.3445073	11.92935
44094	-4310.98	-4596.675	285.6955	0.7410255	0.4332408	12.76691
44100	-4309.716	-4594.844	285.1279	0.7045222	0.348908	13.16709
44106	-4309.542	-4594.031	284.4889	0.7505634	0.3545298	13.46898
44112	-4323.671	-4607.477	283.8059	0.6940004	0.340905	13.86778
44118	-4318.504	-4606.468	287.9637	0.6830836	0.3677371	11.68046
44124	-4325.317	-4613.615	288.2979	0.8093497	0.4336079	11.37347
44130	-4326.487	-4616.819	290.3314	0.919169	0.34625	10.33996
44136	-4339.673	-4627.697	288.0245	0.832742	0.4009798	11.53613
44142	-4335.108	-4624.045	288.9368	0.9743787	0.4209434	10.96485
44148	-4335.973	-4618.845	282.8714	0.7501375	0.4680958	14.19653
44154	-4332.224	-4615.593	283.369	0.7473853	0.4680958	13.94
44160	-4325.558	-4613.687	288.129	0.8584845	0.4374791	11.43241
44166	-4338.071	-4622.477	284.4068	0.7577045	0.3527771	13.50981
44172	-4326.868	-4610.617	283.7495	0.7783306	0.4079569	13.78312
44178	-4330.931	-4620.062	289.131	0.8256694	0.3771071	10.98541
44184	-4322.993	-4612.046	289.0535	0.8256694	0.4272541	10.97552
44190	-4341.922	-4627.212	285.2892	0.7196158	0.3743076	13.04815
44196	-4334.381	-4619.887	285.5062	0.6356423	0.477521	12.87959
44202	-4320.582	-4609.903	289.3208	0.8301218	0.3370072	10.92732
44208	-4329.533	-4615.572	286.039	0.7383229	0.3848365	12.6374
44214	-4339.243	-4624.458	285.2147	0.7938422	0.4042684	13.01774
44220	-4335.79	-4623.751	287.961	0.7740675	0.3324062	11.67325
44226	-4318.932	-4604.903	285.9712	0.8349498	0.3234111	12.68932
44232	-4316.823	-4604.905	288.082	0.8808689	0.4853104	11.40153
44238	-4319.392	-4604.324	284.9325	0.6729484	0.3623776	13.27047
44244	-4327.493	-4616.561	289.0685	0.8275285	0.4028651	10.9907
44250	-4310.135	-4596.007	285.8713	0.7865165	0.3629764	12.72255
44256	-4312.301	-4599.778	287.4774	0.7120997	0.4437342	11.8434
44262	-4306.428	-4593.858	287.4301	0.7258834	0.3242234	11.98496
44268	-4318.944	-4606.349	287.4051	0.8838527	0.425366	11.80893
44274	-4319.115	-4605.349	286.2338	0.8164923	0.2954697	12.59548
44280	-4314.02	-4597.715	283.6947	0.7236819	0.3763384	13.87195
44286	-4313.965	-4598.564	284.5992	0.8375422	0.4325363	13.28743
44292	-4318.546	-4602.964	284.4181	0.8636854	0.5232458	13.28743
44298	-4322.163	-4610.62	288.4564	0.8555259	0.4400367	11.26025
44304	-4321.012	-4608.385	287.3724	0.9062162	0.4047957	11.83454
44310	-4320.443	-4608.323	287.8794	0.8586506	0.3641444	11.63664
44316	-4314.599	-4600.817	286.2174	0.7226306	0.2891255	12.66073
44322	-4319.782	-4608.031	288.2489	0.8768066	0.3394447	11.46116
44328	-4321.494	-4610.484	288.9903	0.9307024	0.2915655	11.10162
44334	-4317.592	-4603.61	286.0172	0.7624031	0.4642658	12.55956
44340	-4316.366	-4602.519	286.1535	0.7455893	0.3990487	12.55956
44346	-4326.971	-4613.48	286.5091	0.779782	0.3707611	12.38564
44352	-4315.547	-4600.672	285.1255	0.8188716	0.3707611	13.08538
44358	-4319.325	-4606.202	286.8773	0.8648034	0.3626489	12.15805
44364	-4327.168	-4615.02	287.8522	0.855178	0.4054173	11.60996
44370	-4337.143	-4625.197	288.0539	0.7230151	0.3230098	11.6622
44376	-4330.746	-4618.501	287.755	0.7150118	0.4300966	11.70983
44382	-4331.842	-4621.458	289.6156	0.930159	0.5592871	10.51
44388	-4332.627	-4621.389	288.7619	0.9320001	0.4208292	11.07876
44394	-4326.012	-4616.387	290.3754	0.8863553	0.3527951	10.32685
44400	-4320.886	-4607.317	286.4301	0.9220081	0.3695581	12.35401
44406	-4308.002	-4594.997	286.9955	0.7766902	0.435691	12.06876
44412	-4315.6	-4600.761	285.1611	0.8168082	0.4695702	12.97194
44418	-4299.767	-4586.562	286.7953	0.8059871	0.3542923	12.24052
44424	-4307.555	-4596.331	288.7762	0.8185079	0.3128356	11.24658
44430	-4307.812	-4595.407	287.5954	0.7844751	0.4463338	11.74155
44436	-4316.921	-4605.007	288.0868	0.79983	0.3339987	11.59227
44442	-4314.996	-4601.671	286.6751	0.8792132	0.4752065	12.14603
44448	-4319.803	-4605.031	285.228	0.7717077	0.309481	13.12514
44454	-4312.957	-4600.959	288.0018	0.828366	0.446301	11.50634
44460	-4325.944	-4611.237	285.2931	0.7490052	0.3580587	13.04815
44466	-4311.598	-4599.019	287.4213	0.9505482	0.3798002	11.81133
44472	-4321.707	-4605.237	283.5297	0.9399686	0.4132157	13.80814
44478	-4321.493	-4609.553	288.0603	0.9138707	0.344075	11.5352
44484	-4312.004	-4599.75	287.7464	0.8331662	0.3512713	11.73337
44490	-4327.562	-4612.639	285.0768	0.8092125	0.4619978	13.02658
44496	-4316.408	-4600.884	284.4755	0.8092125	0.4316309	13.3673
44502	-4313.021	-4599.693	286.6727	0.8553553	0.3598364	12.27267
44508	-4317.265	-4606.28	289.0149	0.8592217	0.3886396	11.01661
44514	-4325.163	-4610.418	285.2546	0.8301449	0.3206046	13.06789
44520	-4307.388	-4590.923	283.5348	0.6170686	0.4224021	13.96406
44526	-4312.108	-4595.501	283.3931	0.7587767	0.4224021	13.96406
44532	-4309.287	-4593.163	283.8763	0.7465129	0.4224021	13.71974
44538	-4322.525	-4603.485	280.9599	0.7076229	0.453479	15.22117
44544	-4321.375	-4606.734	285.3588	0.8064164	0.3673575	12.97415
44550	-4318.132	-4601.166	283.034	0.7701158	0.4967356	14.07673
44556	-4318.601	-4605.675	287.074	0.8181549	0.2776995	12.17906
44562	-4311.104	-4602.382	291.2778	0.9048006	0.3073545	9.894872
44568	-4322.245	-4612.102	289.8563	1.03675	0.5203321	10.35968
44574	-4324.451	-4609.585	285.1345	0.95986	0.3721859	13.00592
44580	-4324.865	-4612.932	288.0675	0.8372459	0.3594342	11.5546
44586	-4335.061	-4622.371	287.3099	0.8356521	0.4113262	11.89751
44592	-4330.948	-4618.092	287.1444	0.698127	0.4588677	12.01046
44598	-4324.49	-4609.981	285.4911	0.8269568	0.4588677	12.80471
44604	-4330.99	-4617.097	286.1074	0.8230141	0.3461531	12.59894
44610	-4315.378	-4602.562	287.1843	0.9351442	0.4569575	11.86771
44616	-4313.284	-4600.798	287.5139	0.9351442	0.3720633	11.77914
44622	-4323.804	-4608.728	284.9246	0.8074338	0.5141086	13.06105
44628	-4322.384	-4609.353	286.9693	0.7377831	0.4628605	12.07745
44634	-4319.542	-4605.275	285.7327	0.8345879	0.4337589	12.6984
44640	-4322.192	-4607.931	285.7391	0.7143726	0.3471008	12.84616
44646	-4325.525	-4610.99	285.4648	0.7088615	0.441741	12.89566
44652	-4317.675	-4607.14	289.4654	1.043008	0.4111554	10.66141
44658	-4328.803	-4617.315	288.5125	0.8631062	0.51196	11.1625
44664	-4322.879	-4606.981	284.1018	0.9012897	0.4806885	13.46863
44670	-4335.857	-4617.939	282.0814	0.7950017	0.3839579	14.66306
44676	-4333.7	-4619.159	285.4588	0.8402781	0.3839579	12.88716
44682	-4327.572	-4611.866	284.2948	0.8165827	0.3239546	13.56965
44688	-4317.499	-4604.173	286.6748	0.7788373	0.4256066	12.24452
44694	-4313.447	-4600.72	287.2721	0.7723057	0.3713196	11.99116
44700	-4328.707	-4615.62	286.9124	0.8589711	0.5234113	11.99116
44706	-4322.231	-4610.306	288.0745	0.8927911	0.418786	11.46093
44712	-4323.828	-4611.543	287.7142	0.7993849	0.4677891	11.65201
44718	-4323.927	-4607.842	283.9147	0.8089479	0.3502815	13.74138
44724	-4317.313	-4605.203	287.89	0.7818261	0.4458802	11.58946
44730	-4308.774	-4597.246	288.4721	0.7554157	0.4513797	11.29381
44736	-4317.881	-4604.228	286.3466	0.7696298	0.3714772	12.47487
44742	-4315.633	-4601.906	286.2723	0.8448192	0.3710079	12.47487
44748	-4303.158	-4590.057	286.8988	0.8695689	0.2927631	12.22471
44754	-4311.435	-4598.572	287.1368	0.9458268	0.2744342	12.0839
44760	-4320.521	-4607.548	287.0264	0.9458268	0.3114804	12.09577
44766	-4329.555	-4614.771	285.216	0.7960924	0.368741	13.05231
44772	-4325.998	-4612.171	286.173	0.8722132	0.368741	12.51471
44778	-4328.238	-4617.631	289.3932	0.9538951	0.3775945	10.78026
44784	-4341.161	-4629.491	288.3294	0.8768065	0.3730205	11.38247
44790	-4330.579	-4618.88	288.301	0.9688291	0.4234061	11.2982
44796	-4344.945	-4628.704	283.759	0.8175504	0.3120491	13.86108
44802	-4330.972	-4615.989	285.0173	0.7170984	0.3465094	13.2207
44808	-4320.134	-4606.472	286.3383	0.7690753	0.4362505	12.4148
44814	-4332.179	-4618.091	285.912	0.7611537	0.3675985	12.70966
44820	-4331.395	-4616.028	284.6327	0.8168914	0.416744	13.29595
44826	-4328.46	-4611.896	283.4364	0.8308677	0.5507697	13.79165
44832	-4317.022	-4604.289	287.2672	0.9239647	0.4527593	11.83412
44838	-4333.492	-4618.862	285.3696	0.7661173	0.3200429	13.04204
44844	-4321.665	-4608.332	286.6675	0.7397004	0.3964351	12.29748
44850	-4322.714	-4607.047	284.3329	0.7494355	0.4126482	13.49071
44856	-4328.26	-4615.986	287.7262	0.6715986	0.423853	11.75358
44862	-4316.423	-4605.056	288.6329	0.8394649	0.3786384	11.23736
44868	-4314.346	-4599.946	285.6004	0.6200596	0.4005276	12.91123
44874	-4306.94	-4593.525	286.5853	0.8552186	0.3371918	12.34326
44880	-4317.183	-4603.451	286.2681	0.884059	0.4892106	12.34326
44886	-4311.839	-4601.034	289.1958	0.884059	0.4043078	10.89293
44892	-4309.961	-4598.934	288.9731	0.7750597	0.4210628	11.05015
44898	-4307.515	-4593.963	286.4481	0.8026056	0.462675	12.31559
44904	-4313.422	-4602.476	289.0537	0.9086429	0.3189225	11.04695
44910	-4304.227	-4596.177	291.9504	0.9920337	0.3189225	9.480463
44916	-4317.556	-4609.205	291.6495	1.006351	0.4646877	9.480463
44922	-4325.961	-4612.192	286.2315	0.6287739	0.3532955	12.62763
44928	-4315.74	-4602.223	286.4838	0.8102686	0.3564822	12.39826
44934	-4315.353	-4600.961	285.6084	0.7037628	0.3564822	12.90942
44940	-4305.017	-4591.607	286.5898	0.8413694	0.3394357	12.34561
44946	-4313.353	-4599.409	286.0563	0.8159752	0.353932	12.62068
44952	-4309.565	-4596.69	287.1259	0.7664426	0.4433865	11.99883
44958	-4306.358	-4593.815	287.4566	0.7595986	0.3693808	11.90354
44964	-4307.967	-4595.131	287.1644	0.8480461	0.3693808	12.00988
44970	-4310.867	-4596.938	286.0716	0.6998946	0.3790468	12.64646
44976	-4318.442	-4603.558	285.1159	0.7670105	0.3457358	13.14433
44982	-4313.569	-4600.146	286.5771	0.6454085	0.3599638	12.43178
44988	-4306.322	-4593.866	287.5436	0.8111407	0.4028035	11.79676
44994	-4308.936	-4598.384	289.449	0.8479273	0.4472863	10.73752
45000	-4296.102	-4583.328	287.2257	0.7239591	0.4179964	11.9932
45006	-4295.209	-4580.562	285.3534	0.6869084	0.4499777	12.95736
45012	-4319.194	-4604.738	285.544	0.7745408	0.4246828	12.8365
45018	-4310.791	-4596.103	285.3117	0.6813644	0.4095326	13.02058
45024	-4321.672	-4605.751	284.0784	0.8336656	0.4115678	13.58014
45030	-4312.929	-4597.312	284.3827	0.6723992	0.4688477	13.45216
45036	-4304.463	-4591.098	286.6358	0.7019591	0.3638021	12.3676
45042	-4300.287	-4587.027	286.7399	0.7759707	0.3888586	12.24854
45048	-4325.107	-4612.075	286.9681	0.6259676	0.3888586	12.20777
45054	-4318.72	-4603.236	284.5153	0.6760928	0.3314828	13.51954
45060	-4309.057	-4595.497	286.4402	0.7401137	0.4264345	12.38616
45066	-4302.202	-4588.552	286.35	0.8302873	0.4264345	12.38616
45072	-4310.336	-4599.172	288.8358	0.745792	0.3822699	11.1764
45078	-4305.235	-4590.454	285.2183	0.7255973	0.3822699	13.07365
45084	-4297.062	-4584.131	287.0687	0.8182633	0.3392006	12.10824
45090	-4303.992	-4591.803	287.8117	0.747548	0.346319	11.74947
45096	-4312.016	-4601.184	289.1679	1.032878	0.342609	10.89492
45102	-4311.208	-4595.751	284.543	0.7570478	0.35804	13.43372
45108	-4297.347	-4586.34	288.9934	0.8618173	0.3887573	11.02643
45114	-4298.707	-4585.643	286.9361	0.7656761	0.4048721	12.13545
45120	-4316.806	-4606.356	289.5505	0.9042778	0.3649026	10.7373
45126	-4314.338	-4602.868	288.5302	0.7294526	0.4179714	11.30886
45132	-4301.586	-4587.599	286.0133	0.7250527	0.3844073	12.65813
45138	-4313.337	-4602.1	288.7631	0.9618718	0.3630553	11.12167
45144	-4306.806	-4593.826	287.0205	0.7364927	0.3630553	12.14985
45150	-4306.201	-4593.853	287.6517	0.6614381	0.3630553	11.8597
45156	-4305.386	-4591.276	285.8899	0.8259338	0.4399451	12.61524
45162	-4310.64	-4595.649	285.0097	0.8441735	0.4012484	13.10116
45168	-4301.658	-4588.021	286.363	0.7643576	0.4142805	12.42555
45174	-4309.822	-4597.718	287.8966	0.9274662	0.4137555	11.54075
45180	-4313.774	-4604.218	290.4441	0.7715507	0.4137555	10.2875
45186	-4312.433	-4598.399	285.9658	0.7638872	0.4416419	12.60641
45192	-4313.129	-4600.368	287.2392	0.9533163	0.3811819	11.90354
45198	-4318.695	-4605.151	286.456	0.9533163	0.3257477	12.37252
45204	-4334.105	-4618.312	284.2065	0.8376054	0.3111523	13.6195
45210	-4316.711	-4603.459	286.7478	0.8207717	0.3984143	12.21136
45216	-4316.205	-4601.373	285.1675	0.8207717	0.302917	13.13893
45222	-4322.096	-4608.399	286.3036	0.875138	0.3399556	12.47652
45228	-4322.333	-4607.517	285.1837	0.8179383	0.4160067	13.00972
45234	-4338.605	-4625.76	287.1549	0.7623463	0.4971273	11.9374
45240	-4348.359	-4636.644	288.2844	0.7924007	0.3429117	11.48281
45246	-4329.396	-4616.966	287.5709	0.8415233	0.3540217	11.81763
45252	-4318.052	-4604.939	286.887	0.7920954	0.4214768	12.13093
45258	-4313.755	-4599.794	286.0395	0.8494975	0.3542675	12.61164
45264	-4319.634	-4606.609	286.9744	0.86322	0.3778879	12.09212
45270	-4318.451	-4602.725	284.2742	0.8934766	0.4183677	13.44079
45276	-4322.046	-4611.525	289.4783	0.8523144	0.3847898	10.7814
45282	-4326.707	-4613.406	286.699	0.8552866	0.3624346	12.25622
45288	-4316.538	-4602.857	286.3195	0.7177342	0.4143188	12.47247
45294	-4316.541	-4604.596	288.0548	0.9780064	0.3552857	11.49217
45300	-4315.331	-4604.869	289.538	0.9671205	0.3438348	10.73398
45306	-4303.573	-4590.152	286.579	0.77296	0.3612419	12.36292
45312	-4319.405	-4608.212	288.8074	0.8440021	0.3612419	11.16211
45318	-4308.758	-4600.137	291.3784	0.8608968	0.2805067	9.89839
45324	-4306.97	-4598.644	291.6743	0.9985068	0.3104713	9.632749
45330	-4319.297	-4609.475	290.178	0.8254164	0.3526331	10.46274
45336	-4318.852	-4606.139	287.2875	0.7855	0.4271122	11.92001
45342	-4322.429	-4612.449	290.0197	0.8846431	0.4159267	10.44888
45348	-4312.843	-4603.201	290.3581	0.7324226	0.3338858	10.43802
45354	-4331.101	-4616.531	285.4305	0.8616305	0.441428	12.83434
45360	-4309.456	-4597.583	288.1274	0.8198309	0.4944639	11.40167
45366	-4308.985	-4594.084	285.0986	1.007497	0.4077885	12.9635
45372	-4317.485	-4601.489	284.0038	0.8034563	0.4057899	13.64028
45378	-4314.543	-4600.971	286.4275	0.8690445	0.5310147	12.23251
45384	-4313.805	-4602.456	288.6512	0.9145212	0.3720291	11.19546
45390	-4313.164	-4600.23	287.0654	0.8275437	0.3873945	12.05344
45396	-4310.342	-4595.75	285.4076	0.7965916	0.4737886	12.85049
45402	-4303.79	-4591.716	287.9256	0.8797301	0.3451761	11.62218
45408	-4311.072	-4594.193	283.1209	0.7477536	0.3422861	14.19355
45414	-4310.801	-4600.262	289.4605	0.8067183	0.4338747	10.76579
45420	-4316.646	-4602.899	286.2536	0.7288926	0.5457795	12.38406
45426	-4311.909	-4597.904	285.9954	0.7331984	0.3583294	12.69074
45432	-4310.57	-4596.298	285.7289	0.7730643	0.4792033	12.69074
45438	-4319.492	-4604.546	285.0538	0.9030416	0.369426	13.0803
45444	-4312.964	-4601.097	288.1329	0.9049236	0.3857748	11.45722
45450	-4317.92	-4607.02	289.0995	0.7741077	0.4006395	11.00465
45456	-4329.295	-4618.79	289.4948	0.9303548	0.3105058	10.81442
45462	-4309.445	-4595.562	286.1168	0.7295458	0.3619249	12.62556
45468	-4307.337	-4592.748	285.4106	0.8065476	0.5199357	12.80387
45474	-4310.332	-4599.775	289.4433	0.9820613	0.4651628	10.65363
45480	-4319.256	-4609.837	290.5809	0.8531683	0.4041729	10.18222
45486	-4329.072	-4618.008	288.9363	0.9351175	0.4088418	10.99763
45492	-4325.371	-4613.325	287.9537	0.9593258	0.4088418	11.49909
45498	-4322.583	-4612.946	290.3629	0.9129164	0.4021577	10.26745
45504	-4310.804	-4597.701	286.8965	0.7804057	0.4626409	12.09342
45510	-4328.198	-4617.479	289.2814	0.7539893	0.3641243	10.95794
45516	-4314.962	-4604.395	289.4336	0.8536645	0.3823242	10.80668
45522	-4317.289	-4604.437	287.1482	0.9658538	0.3732574	11.95274
45528	-4328.117	-4618.302	290.1847	0.93326	0.3223013	10.43697
45534	-4312.549	-4601.458	288.9084	0.8196788	0.3576989	11.12584
45540	-4299.789	-4588.23	288.4405	0.845812	0.4921213	11.22634
45546	-4309.136	-4594.641	285.5049	0.9255205	0.4405113	12.76322
45552	-4302.384	-4591.672	289.2881	0.951933	0.4962733	10.72306
45558	-4294.171	-4583.504	289.3328	0.9187214	0.4894108	10.72306
45564	-4301.151	-4589.135	287.9835	0.8743771	0.4663291	11.47342
45570	-4296.318	-4583.622	287.3044	0.7025374	0.4663291	11.91787
45576	-4295.763	-4583.066	287.3029	0.7550353	0.4375726	11.91787
45582	-4310.894	-4598.324	287.4307	0.7678515	0.3645933	11.91787
45588	-4312.787	-4596.895	284.1084	0.6534089	0.32617	13.74857
45594	-4309.465	-4597.712	288.2465	0.804998	0.4056609	11.42985
45600	-4319.305	-4603.678	284.3729	0.6775053	0.4607236	13.46192
45606	-4310.801	-4597.326	286.5251	0.7768087	0.456343	12.29467
45612	-4302.836	-4589.498	286.6623	0.7359472	0.403884	12.29467
45618	-4308.046	-4595.775	287.729	0.7281277	0.4043943	11.74175
45624	-4298.599	-4586.553	287.9541	0.8217704	0.2840457	11.70983
45630	-4306.908	-4596.214	289.3054	0.9084727	0.4397239	10.78816
45636	-4315.741	-4602.223	286.4818	0.8970519	0.4762996	12.23651
45642	-4308.893	-4598.814	289.9217	0.9603032	0.3383254	10.54241
45648	-4317.564	-4600.734	283.1701	0.7699365	0.3268225	14.17393
45654	-4318.587	-4603.44	284.8528	0.6711392	0.2826723	13.40507
45660	-4317.741	-4607.108	289.367	0.81921	0.3907333	10.85096
45666	-4316.999	-4604.957	287.958	0.9406165	0.373373	11.54291
45672	-4311.645	-4601.78	290.135	0.8745229	0.451282	10.35975
45678	-4313.509	-4604.371	290.8622	1.03354	0.4617708	9.883859
45684	-4320.205	-4610.113	289.9076	1.037381	0.3383136	10.50939
45690	-4318.137	-4602.965	284.8281	0.8425393	0.2701988	13.34479
45696	-4313.596	-4598.196	284.5996	0.8850939	0.3516398	13.34479
45702	-4322.793	-4607.443	284.65	0.8342527	0.3518659	13.34479
45708	-4315.972	-4603.019	287.0466	0.886777	0.3887646	12.03091
45714	-4302.962	-4592.791	289.8283	0.9593222	0.3699031	10.5573
45720	-4310.583	-4598.381	287.7984	0.9593222	0.3217069	11.67374
45726	-4322.642	-4608.311	285.6693	0.9638571	0.3217069	12.78134
45732	-4314.001	-4600.914	286.9135	0.8840913	0.356131	12.13618
45738	-4318.717	-4604.511	285.7942	0.9784182	0.5236462	12.51162
45744	-4318.355	-4602.284	283.9285	0.8735188	0.3907339	13.65809
45750	-4313.809	-4598.811	285.0028	0.8219487	0.4223661	13.09555
45756	-4313.641	-4600.944	287.3031	1.057284	0.401692	11.79493
45762	-4307.022	-4590.923	283.9004	0.8896306	0.5234866	13.5426
45768	-4311.532	-4599.522	287.9896	0.8170355	0.4676729	11.49895
45774	-4301.482	-4589.739	288.2561	0.8991181	0.4027433	11.37856
45780	-4306.606	-4592.642	286.0352	0.8991181	0.4407818	12.50065
45786	-4304.128	-4590.248	286.1202	0.8616258	0.3991581	12.51635
45792	-4306.3	-4592.171	285.8717	0.7115759	0.372115	12.75163
45798	-4314.412	-4596.781	282.368	0.6814118	0.3466002	14.61312
45804	-4302.742	-4590.908	288.1652	0.9055383	0.5136624	11.32055
45810	-4321.711	-4608.095	286.3836	0.7957911	0.5986303	12.24001
45816	-4309.186	-4597.256	288.0697	0.861754	0.4122212	11.4861
45822	-4326.192	-4614.381	288.1888	0.8245454	0.3561952	11.50134
45828	-4309.129	-4596.791	287.662	0.835034	0.3770509	11.74887
45834	-4313.197	-4600.587	287.3893	0.7956042	0.3323812	11.96053
45840	-4323.71	-4610.171	286.4605	0.7666895	0.3323812	12.45981
45846	-4326.631	-4613.365	286.7338	0.7804885	0.4150499	12.22312
45852	-4322.729	-4609.158	286.4292	0.788163	0.390014	12.40292
45858	-4327.969	-4614.571	286.6016	0.8036248	0.4540779	12.2429
45864	-4323.098	-4610.203	287.1047	0.8528707	0.4446818	11.96359
45870	-4305.852	-4594.819	288.9671	0.8594625	0.3518709	11.08066
45876	-4310.093	-4598.278	288.1858	0.7920215	0.5025608	11.37868
45882	-4308.698	-4595.046	286.3482	0.7920215	0.3532786	12.48187
45888	-4301.691	-4586.191	284.4998	0.7847291	0.3462625	13.45463
45894	-4310.307	-4597.587	287.28	0.8020414	0.2824103	12.07407
45900	-4308.181	-4593.134	284.9532	0.7774445	0.3459032	13.22329
45906	-4299.424	-4585.814	286.39	0.8393482	0.4831999	12.30834
45912	-4331.514	-4618.679	287.1648	0.826621	0.2992534	12.10041
45918	-4313.228	-4602.628	289.3999	0.9664935	0.3546114	10.79477
45924	-4334.088	-4624.93	290.8424	1.122709	0.3563374	9.953027
45930	-4322.374	-4612.701	290.3265	1.033687	0.6367127	10.02258
45936	-4317.414	-4606.764	289.3499	1.101392	0.5772694	10.54532
45942	-4321.449	-4603.642	282.1928	0.826188	0.4235597	14.54998
45948	-4334.396	-4620.003	285.6071	0.9097326	0.5270207	12.642
45954	-4310.892	-4598.262	287.3697	1.076301	0.4891593	11.6683
45960	-4302.503	-4591.808	289.3046	0.8885308	0.491896	10.75148
45966	-4309.083	-4594.855	285.7725	0.8915693	0.4165504	12.6646
45972	-4314.844	-4600.649	285.8053	0.9677628	0.3611148	12.6646
45978	-4314.545	-4603.379	288.8339	0.9674206	0.4762006	10.97076
45984	-4322.009	-4610.971	288.9626	1.182036	0.4877551	10.78059
45990	-4316.9	-4603.983	287.0833	1.130057	0.4158412	11.8577
45996	-4314.636	-4601.586	286.9497	0.9827685	0.4900265	11.93562
46002	-4307.885	-4594.027	286.1421	0.9687336	0.3285495	12.52479
46008	-4312.16	-4596.718	284.5587	0.8036671	0.4463478	13.31314
46014	-4304.742	-4592.367	287.6247	0.9063937	0.4467666	11.66217
46020	-4318.479	-4603.684	285.205	0.6710132	0.3506605	13.14251
46026	-4318.612	-4606.144	287.5321	0.9466997	0.4578745	11.6792
46032	-4313.755	-4598.953	285.1985	0.7732071	0.4091607	13.03204
46038	-4307.052	-4593.718	286.6663	0.7923667	0.4091607	12.25791
46044	-4307.007	-4595.084	288.0769	0.9270004	0.4241326	11.4366
46050	-4313.947	-4603.12	289.1734	0.8723989	0.4649814	10.85283
46056	-4321.237	-4611.372	290.1351	0.766372	0.3301866	10.54152
46062	-4303.26	-4589.827	286.5674	0.7902058	0.3352855	12.3886
46068	-4318.7	-4602.422	283.7221	0.7597292	0.3426167	13.87526
46074	-4328.099	-4616.887	288.7877	0.9661275	0.4413824	11.02766
46080	-4314.489	-4603.272	288.7825	1.062069	0.3874897	11.03328
46086	-4307.906	-4595.544	287.6374	1.019896	0.3041812	11.74693
46092	-4325.538	-4612.523	286.9852	0.9452419	0.3605897	12.06208
46098	-4335.559	-4624.069	288.5108	0.955868	0.3483821	11.27289
46104	-4315.623	-4599.517	283.8939	0.7876099	0.3553916	13.75769
46110	-4309.523	-4598.177	288.6539	0.8373624	0.3419194	11.26717
46116	-4291.441	-4580.448	289.007	0.8082021	0.3879108	11.04826
46122	-4307.958	-4599.276	291.3182	0.9937993	0.349447	9.777959
46128	-4310.481	-4594.795	284.3141	0.7265111	0.4004813	13.52439
46134	-4312.931	-4600.139	287.2082	0.8305447	0.4004813	11.96407
46140	-4312.461	-4605.042	292.5804	1.051007	0.3248826	9.109375
46146	-4303.445	-4592.308	288.8637	0.8933554	0.327154	11.14487
46152	-4313.072	-4601.623	288.5511	0.8294824	0.5298152	11.14487
46158	-4311.89	-4598.329	286.4392	0.8495557	0.2875831	12.48103
46164	-4305.491	-4589.87	284.3786	0.7489659	0.4889874	13.39671
46170	-4310.358	-4596.365	286.0075	0.7514271	0.3877867	12.64393
46176	-4313.279	-4598.246	284.9668	0.740561	0.5202064	13.06879
46182	-4310.628	-4599.152	288.5241	0.8922513	0.3412959	11.30708
46188	-4312.095	-4599.986	287.8905	0.9016816	0.3294341	11.64684
46194	-4302.402	-4589.072	286.6703	0.8221856	0.3861159	12.26356
46200	-4300.857	-4585.843	284.9857	0.8211831	0.3714109	13.15618
46206	-4315.767	-4603.047	287.28	0.827739	0.3862483	11.94252
46212	-4312.827	-4598.428	285.6008	0.9381807	0.3042871	12.85091
46218	-4313.665	-4603.522	289.8575	0.9381807	0.3977616	10.52409
46224	-4327.499	-4613.776	286.2773	0.8945591	0.3105271	12.51404
46230	-4328.814	-4619.921	291.1069	0.9382265	0.3889746	9.876164
46236	-4320.297	-4604.801	284.5044	0.7612703	0.3870136	13.42117
46242	-4309.446	-4598.016	288.5699	0.8431957	0.4340746	11.213
46248	-4314.376	-4598.891	284.5143	0.8745915	0.357498	13.38818
46254	-4325.844	-4609.977	284.1321	0.7484378	0.5350438	13.48608
46260	-4323.936	-4609.839	285.9033	0.8157317	0.4879752	12.56999
46266	-4323.256	-4609.858	286.6013	0.8521688	0.3140494	12.36313
46272	-4320.346	-4604.732	284.3863	0.6967394	0.3605433	13.54371
46278	-4322.05	-4607.116	285.0663	0.773361	0.4090616	13.10076
46284	-4312.659	-4598.905	286.2463	0.8808379	0.4056293	12.43421
46290	-4314.25	-4603.15	288.8995	0.9423978	0.5187007	10.91254
46296	-4306.353	-4595.019	288.6663	0.906733	0.2612289	11.3227
46302	-4329.936	-4616.294	286.358	0.8561449	0.4059214	12.38859
46308	-4331.551	-4616.616	285.0647	0.7535062	0.4059214	13.11503
46314	-4326.718	-4611.843	285.1256	0.8977416	0.3076647	13.11503
46320	-4317.655	-4602.097	284.4415	0.8569475	0.3076647	13.49163
46326	-4335.914	-4623.312	287.3972	0.8514422	0.2585304	12.01817
46332	-4319.368	-4607.086	287.7183	0.9100347	0.39971	11.65703
46338	-4334.503	-4620.362	285.8591	0.8015261	0.2495784	12.85751
46344	-4311.005	-4597.31	286.3049	0.8464255	0.4201011	12.40737
46350	-4329.801	-4618.894	289.0922	0.7872634	0.3118046	11.09875
46356	-4314.305	-4601.099	286.7943	0.8204729	0.3322104	12.25804
46362	-4311.671	-4601.933	290.2623	0.9369737	0.4182671	10.29164
46368	-4318.51	-4604.509	285.9995	0.8013212	0.3625802	12.64857
46374	-4317.516	-4605.329	287.813	0.9064173	0.345531	11.66669
46380	-4311.825	-4599.237	287.4113	0.8021849	0.3765006	11.89748
46386	-4314.134	-4597.225	283.091	0.8021849	0.4177502	14.10265
46392	-4323.069	-4611.067	287.9981	0.8685118	0.4177502	11.51458
46398	-4321.958	-4606.593	284.635	0.827719	0.3753319	13.33089
46404	-4323.326	-4610.884	287.558	0.8340614	0.3616245	11.82003
46410	-4311.217	-4598.662	287.4447	0.7299774	0.411695	11.88192
46416	-4313.105	-4600.921	287.8158	0.92308	0.4232419	11.57601
46422	-4315.553	-4601.082	285.5291	0.853897	0.3520315	12.87738
46428	-4316.869	-4604.547	287.6776	0.962819	0.3920818	11.65841
46434	-4306.632	-4595.42	288.7886	0.962819	0.3047906	11.17422
46440	-4331.429	-4618.498	287.0689	0.8637437	0.4194564	12.00064
46446	-4333.084	-4619.341	286.2573	0.933037	0.4389778	12.36898
46452	-4329.73	-4615.899	286.1686	0.9179374	0.4389778	12.42308
46458	-4337.741	-4627.018	289.2774	0.9639406	0.3817914	10.83128
46464	-4333.746	-4618.718	284.9721	0.7080914	0.3544444	13.24016
46470	-4330.174	-4612.967	282.7938	0.8172219	0.4270751	14.23993
46476	-4316.277	-4603.591	287.3144	0.9616286	0.4204718	11.82045
46482	-4317.16	-4604.938	287.7774	0.9173601	0.394531	11.62752
46488	-4308.825	-4592.525	283.7	0.8964098	0.3483604	13.80952
46494	-4316.417	-4601.051	284.6339	0.6589554	0.355334	13.4404
46500	-4326.259	-4612.231	285.972	0.7668894	0.3607257	12.68279
46506	-4326.063	-4612.869	286.8059	0.9066454	0.4002859	12.13439
46512	-4339.036	-4627.343	288.3074	0.7966159	0.4465792	11.36289
46518	-4324.833	-4608.335	283.5025	0.8663361	0.3671872	13.90726
46524	-4329.649	-4613.098	283.4486	0.7611229	0.3917138	13.96439
46530	-4326.313	-4611.365	285.0526	0.7165905	0.3559826	13.19223
46536	-4315.776	-4602.623	286.8472	0.7810814	0.3176269	12.26783
46542	-4325.762	-4612.5	286.7386	0.8848324	0.3198127	12.26783
46548	-4308.714	-4594.43	285.7165	0.8477959	0.4326314	12.70102
46554	-4330.361	-4619.791	289.4304	0.7856896	0.2834043	10.9573
46560	-4311.087	-4597.429	286.3421	0.7184125	0.3911403	12.48348
46566	-4314.752	-4599.517	284.7653	0.821606	0.4478698	13.19502
46572	-4323.766	-4611.222	287.4556	0.9332791	0.330917	11.85572
46578	-4329.482	-4616.769	287.2872	1.054977	0.3522718	11.85624
46584	-4338.759	-4625.071	286.3118	0.8203647	0.4424908	12.39597
46590	-4316.664	-4602.692	286.028	0.755626	0.4347216	12.58488
46596	-4318.431	-4603.359	284.9278	0.7843902	0.4468908	13.13082
46602	-4310.473	-4595.739	285.2662	0.7676935	0.463737	12.94811
46608	-4315.204	-4602.574	287.3708	0.7590956	0.3802765	11.93715
46614	-4318.104	-4604.386	286.2824	0.8095632	0.4107232	12.44749
46620	-4327.515	-4609.285	281.7692	0.8289459	0.3741805	14.81722
46626	-4323.838	-4610.578	286.7393	0.8005103	0.3258573	12.30441
46632	-4314.999	-4598.76	283.7605	0.768641	0.4067303	13.78365
46638	-4306.754	-4593.325	286.5717	0.8400487	0.3471783	12.34713
46644	-4313.344	-4600.006	286.6612	0.8188754	0.3703127	12.28648
46650	-4310.447	-4597.061	286.6138	0.845058	0.3455423	12.32438
46656	-4310.011	-4594.804	284.7935	0.695632	0.3216818	13.37611
46662	-4311.763	-4598.667	286.9048	0.7807271	0.360258	12.19015
46668	-4338.243	-4622.414	284.1707	0.8036574	0.4044669	13.55482
46674	-4326.09	-4615.719	289.6294	0.9062424	0.3065365	10.76125
46680	-4322.363	-4608.739	286.3763	0.8835161	0.3259346	12.45023
46686	-4313.301	-4598.661	285.3595	0.8782967	0.3625396	12.94158
46692	-4330.812	-4617.31	286.4978	0.887773	0.4318541	12.27398
46698	-4330.32	-4617.774	287.454	0.8411034	0.4771195	11.75776
46704	-4322.421	-4610.183	287.7623	0.9336296	0.4170968	11.60445
46710	-4323.368	-4608.4	285.0319	0.8298775	0.3576629	13.14228
46716	-4343.127	-4630.263	287.136	0.8066439	0.3427561	12.07524
46722	-4326.14	-4612.75	286.611	0.8064609	0.3661112	12.32361
46728	-4330.805	-4617.577	286.7716	0.7084384	0.4928769	12.16914
46734	-4328.311	-4613.335	285.0242	0.7830325	0.408671	13.11804
46740	-4324.679	-4608.146	283.4676	0.7048765	0.400347	13.97499
46746	-4310.445	-4592.264	281.8192	0.7558835	0.342169	14.8635
46752	-4299.879	-4587.646	287.7666	0.8361664	0.342169	11.73137
46758	-4303.536	-4591.069	287.5331	0.8084626	0.3830036	11.82386
46764	-4299.928	-4587.849	287.9208	0.9258687	0.4090243	11.53362
46770	-4307.157	-4595.788	288.6308	0.9952852	0.3779201	11.15764
46776	-4300.383	-4585.953	285.5699	0.8713439	0.4005932	12.79632
46782	-4316.746	-4606.829	290.083	0.8294945	0.5052213	10.36235
46788	-4317.864	-4603.882	286.0175	0.8294945	0.292754	12.70463
46794	-4323.919	-4613.235	289.3164	0.8303524	0.3545138	10.91003
46800	-4312.569	-4600.75	288.1813	0.8965218	0.4656353	11.35903
46806	-4308.217	-4596.992	288.775	0.8654259	0.4511338	11.07794
46812	-4301.139	-4590.559	289.4198	0.9105658	0.4252718	10.74093
46818	-4304.567	-4592.502	287.9352	0.8349033	0.4376432	11.54588
46824	-4309.769	-4597.934	288.1652	0.7946114	0.4391421	11.44529
46830	-4303.408	-4591.851	288.4428	0.8778903	0.3557653	11.34113
46836	-4313.985	-4602.45	288.4645	0.7350796	0.4305998	11.32803
46842	-4305.494	-4593.707	288.2135	0.7866967	0.4297616	11.4331
46848	-4317.896	-4605.445	287.5493	0.8304439	0.4611202	11.72796
46854	-4305.497	-4594.534	289.0371	0.8884012	0.4611202	10.9194
46860	-4312.197	-4600.647	288.45	1.068681	0.4454563	11.14695
46866	-4319.988	-4608.767	288.7788	0.9696131	0.5007195	10.9769
46872	-4319.411	-4604.346	284.9353	0.7452518	0.5032895	13.09703
46878	-4329.734	-4614.682	284.9482	0.7323385	0.5032895	13.09703
46884	-4323.62	-4611.042	287.4215	0.8973473	0.6167468	11.63178
46890	-4317.819	-4604.591	286.7721	0.8872027	0.3438241	12.22178
46896	-4327.916	-4616.126	288.2098	0.9460885	0.5078724	11.28093
46902	-4323.185	-4611.786	288.6013	0.7365198	0.3376069	11.3523
46908	-4314.644	-4601.45	286.8062	0.7300113	0.3824053	12.2446
46914	-4324.472	-4611.652	287.1808	0.8070355	0.3098452	12.08956
46920	-4343.251	-4629.375	286.1245	0.8120668	0.3553934	12.58563
46926	-4345.984	-4629.918	283.9334	0.8079865	0.2827281	13.8112
46932	-4349.165	-4636.124	286.9596	0.8243789	0.2827281	12.2291
46938	-4350.125	-4636.368	286.2438	0.9657691	0.3361292	12.46477
46944	-4333.739	-4619.828	286.0889	0.9205455	0.4373234	12.46477
46950	-4327.251	-4613.16	285.9094	0.9311838	0.461289	12.53052
46956	-4315.077	-4599.563	284.4855	0.8298999	0.3992349	13.38294
46962	-4334.586	-4621.545	286.9591	0.9668137	0.3894736	12.03409
46968	-4329.92	-4612.813	282.8936	0.895116	0.3545741	14.22151
46974	-4331.728	-4620.594	288.8659	0.8776217	0.3544272	11.1213
46980	-4328.288	-4612.37	284.0825	0.8341786	0.3246069	13.66999
46986	-4326.287	-4615.969	289.6823	0.9310998	0.4391699	10.57912
46992	-4320.547	-4607.498	286.9508	0.9020451	0.4074005	12.05413
46998	-4323.071	-4607.777	284.7055	0.9141384	0.4178542	13.20654
47004	-4339.802	-4626.921	287.1195	1.004167	0.309745	12.01885
47010	-4329.52	-4616.466	286.9468	0.8515065	0.475109	12.01885
47016	-4324.033	-4610.231	286.199	0.7477384	0.4530057	12.48281
47022	-4317.562	-4605.609	288.046	0.8894566	0.4530057	11.44503
47028	-4322.705	-4610.692	287.9868	0.8953207	0.3363813	11.59193
47034	-4323.463	-4607.353	283.8907	0.814059	0.3360402	13.76695
47040	-4331.717	-4619.324	287.6069	0.9537858	0.3239778	11.77404
47046	-4325.101	-4611.187	286.0867	0.9597507	0.5671005	12.33372
47052	-4330.834	-4618.102	287.2681	1.006637	0.5816972	11.68144
47058	-4327.02	-4611.726	284.7066	1.009676	0.3717396	13.20293
47064	-4328.992	-4615.61	286.6177	0.9341762	0.4002553	12.2182
47070	-4322.438	-4607.416	284.9788	0.8798233	0.3313522	13.17306
47076	-4324.406	-4603.478	279.072	0.834576	0.3897069	16.19191
47082	-4336.161	-4621.041	284.8801	0.7662852	0.4716939	13.1424
47088	-4329.419	-4616.231	286.8116	0.8732392	0.4302621	12.1195
47094	-4326.323	-4610.337	284.0145	0.808077	0.3785849	13.65991
47100	-4334.813	-4618.846	284.0332	0.7169847	0.399476	13.67617
47106	-4337.65	-4623.169	285.5192	0.7709091	0.4030287	12.87253
47112	-4322.81	-4608.108	285.2987	0.8388908	0.385775	12.96932
47118	-4326.017	-4608.525	282.508	0.7562201	0.3449866	14.5037
47124	-4338.357	-4622.885	284.5283	0.887234	0.3673176	13.36386
47130	-4332.727	-4619.698	286.9717	0.8080658	0.3910303	12.1087
47136	-4330.316	-4617.23	286.9145	0.7900669	0.3235157	12.22125
47142	-4314.455	-4598.622	284.1666	0.7131587	0.4817796	13.53171
47148	-4299.517	-4587.034	287.5179	0.8717149	0.3662361	11.81638
47154	-4304.483	-4592.13	287.6466	0.7916522	0.3403324	11.81932
47160	-4293.799	-4579.123	285.3232	0.7916522	0.3179785	13.05526
47166	-4306.361	-4590.428	284.0672	0.7529802	0.4305307	13.60955
47172	-4336.151	-4621.018	284.8668	0.8377926	0.3882035	13.19193
47178	-4326.869	-4611.031	284.1621	0.8377926	0.3818032	13.56453
47184	-4323.083	-4609.245	286.1623	0.9347433	0.3883842	12.46726
47190	-4322.617	-4608.503	285.8857	0.9347433	0.3515822	12.65023
47196	-4318.662	-4604.184	285.5215	0.7994067	0.332523	12.93139
47202	-4325.797	-4613.403	287.6059	0.8980335	0.3457922	11.77892
47208	-4326.891	-4614.96	288.0685	0.8759457	0.4212843	11.47047
47214	-4328.619	-4611.981	283.3616	0.8127553	0.3869163	13.98758
47220	-4336.507	-4623.279	286.7721	0.9924685	0.3661238	12.14261
47226	-4323.637	-4609.508	285.8706	0.7957278	0.3562032	12.72542
47232	-4325.769	-4610.365	284.5954	0.8830803	0.476478	13.22539
47238	-4328.036	-4612.856	284.8205	0.7532387	0.3546889	13.29521
47244	-4325.247	-4613.226	287.9789	0.8941858	0.3329744	11.60051
47250	-4316.081	-4602.747	286.6666	0.8814012	0.3605779	12.26148
47256	-4313.598	-4602.235	288.6369	0.8158192	0.439341	11.18727
47262	-4315.922	-4600.996	285.0738	0.8555448	0.3634735	13.10092
47268	-4315.725	-4600.282	284.5574	0.8009946	0.3735532	13.38698
47274	-4320.725	-4605.315	284.5905	0.7659394	0.3744848	13.38698
47280	-4313.561	-4599.04	285.4792	0.7708079	0.4362016	12.86117
47286	-4308.536	-4592.536	284.0005	0.7698205	0.3704389	13.69552
47292	-4321.81	-4609.108	287.2979	0.9154137	0.3938297	11.87969
47298	-4321.017	-4606.734	285.7161	0.8289105	0.357794	12.78682
47304	-4328.298	-4614.015	285.7171	0.715498	0.4181804	12.78346
47310	-4310.684	-4596.596	285.9121	0.8007315	0.4406899	12.61609
47316	-4315.169	-4601.02	285.8515	0.7678349	0.4945999	12.61609
47322	-4325.483	-4611.958	286.4751	0.6677812	0.5546823	12.2933
47328	-4318.228	-4607.021	288.7927	0.7825841	0.4795569	11.08617
47334	-4314.63	-4604.42	289.7902	1.001401	0.4684239	10.45841
47340	-4314.032	-4603.902	289.87	0.8067019	0.5381717	10.45841
47346	-4325.929	-4611.343	285.4135	0.7998065	0.4600723	12.85809
47352	-4320.326	-4607.354	287.028	0.6956842	0.389757	12.13929
47358	-4320.14	-4603.323	283.1832	0.7116837	0.4350325	14.08525
47364	-4323.061	-4610.333	287.2725	0.709607	0.3576485	12.03828
47370	-4315.593	-4602.984	287.3907	0.8226385	0.3360466	11.94153
47376	-4328.361	-4615.241	286.88	0.8189062	0.3132826	12.23614
47382	-4331.139	-4612.565	281.4263	0.7102798	0.3951843	15.03446
47388	-4332.362	-4617.991	285.6296	0.8899604	0.3510008	12.80748
47394	-4333.606	-4620.268	286.6628	0.8467141	0.3867233	12.25405
47400	-4328.843	-4615.971	287.1273	0.8324475	0.49514	11.91695
47406	-4329.053	-4615.15	286.0975	0.8718491	0.4621097	12.46267
47412	-4330.848	-4616.195	285.3472	0.8707417	0.4562394	12.85918
47418	-4329.024	-4612.539	283.5141	0.8629646	0.370516	13.89946
47424	-4326.287	-4612.42	286.1339	0.8143861	0.4182047	12.51499
47430	-4316.211	-4603.289	287.078	0.7795453	0.452477	12.00849
47436	-4335.463	-4618.236	282.7729	0.7373069	0.5097015	14.21798
47442	-4320.365	-4603.847	283.4821	0.7239197	0.5448676	13.82819
47448	-4312.491	-4599.026	286.5348	0.8029666	0.4124154	12.31775
47454	-4307.155	-4591.898	284.7433	0.8174557	0.4065719	13.24817
47460	-4322.98	-4611.071	288.0907	0.8912929	0.3580598	11.51571
47466	-4330.088	-4620.276	290.1877	1.027292	0.3319121	10.37491
47472	-4340.789	-4633.134	292.3445	0.8968351	0.3319121	9.307409
47478	-4332.254	-4624.244	291.9901	1.017698	0.4508517	9.307409
47484	-4329.237	-4617.584	288.3468	0.9351538	0.4508517	11.26583
47490	-4337.541	-4624.798	287.2571	0.920758	0.4384302	11.85447
47496	-4341.947	-4627.61	285.6628	1.006044	0.4783419	12.60459
47502	-4322.785	-4607.111	284.3259	0.6812314	0.4555604	13.4891
47508	-4338.819	-4622.473	283.6534	0.8331956	0.4967167	13.72278
47514	-4333.892	-4620.421	286.5282	0.8600999	0.4503163	12.2552
47520	-4326.164	-4607.454	281.2899	0.8100355	0.3850074	15.06375
47526	-4321.741	-4605.876	284.1352	0.8100355	0.3999247	13.57446
47532	-4309.308	-4593.168	283.8599	0.7783407	0.4034707	13.73029
47538	-4314.132	-4600.107	285.9747	0.8447231	0.4043154	12.59575
47544	-4333.008	-4614.853	281.8453	0.7960039	0.4043154	14.76427
47550	-4321.287	-4607.406	286.1199	0.9765987	0.3706548	12.48598
47556	-4318.624	-4601.273	282.649	0.7483168	0.4586282	14.32126
47562	-4327.218	-4613.106	285.8879	0.8849395	0.3135819	12.71816
47568	-4330.537	-4618.508	287.9708	0.9532031	0.4280184	11.4746
47574	-4334.027	-4618.634	284.6067	0.7267393	0.3879234	13.38502
47580	-4337.624	-4625.717	288.0938	1.030316	0.3283321	11.4746
47586	-4330.801	-4615.131	284.3298	0.8875717	0.3686876	13.46533
47592	-4331.597	-4614.203	282.6055	0.8824593	0.3934833	14.33668
47598	-4328.044	-4614.023	285.9789	0.8329065	0.4239425	12.58051
47604	-4340.63	-4624.814	284.1842	0.7744568	0.3830951	13.58462
47610	-4326.379	-4614.316	287.937	0.8625175	0.4057847	11.56144
47616	-4328.273	-4616.176	287.9029	0.8514541	0.4299512	11.56144
47622	-4331.227	-4617.777	286.5498	0.8284109	0.3622519	12.34816
47628	-4333.391	-4619.127	285.7362	0.8489378	0.304555	12.82657
47634	-4330.494	-4618.576	288.0816	0.9577439	0.4847734	11.36197
47640	-4318.386	-4605.388	287.0024	0.829934	0.3531664	12.1213
47646	-4327.28	-4612.568	285.2879	0.8294484	0.3404522	13.02835
47652	-4328.345	-4612.03	283.6852	0.8193813	0.4533344	13.75202
47658	-4342.127	-4627.311	285.1842	0.7144851	0.4220807	13.05738
47664	-4331.118	-4616.035	284.9176	0.8360175	0.4672708	13.09064
47670	-4344.173	-4632.565	288.392	0.8910419	0.3749996	11.34021
47676	-4329.013	-4615.732	286.7195	0.8947848	0.3977998	12.18816
47682	-4333.196	-4619.248	286.0524	0.7836241	0.4148901	12.57667
47688	-4320.596	-4604.889	284.2936	0.8416294	0.4776464	13.40269
47694	-4330.167	-4617.194	287.0269	0.7880049	0.4106675	12.07066
47700	-4327.386	-4613.908	286.5226	0.7186389	0.3885408	12.39197
47706	-4330.134	-4613.807	283.6728	0.8249684	0.3725757	13.8347
47712	-4328.637	-4610.471	281.8333	0.8745459	0.3838453	14.75042
47718	-4320.511	-4606.126	285.6149	0.7689702	0.3838453	12.84322
47724	-4330.542	-4617.669	287.1265	0.8511913	0.4118105	11.98461
47730	-4337.419	-4625.696	288.2773	0.8322839	0.2785296	11.5425
47736	-4326.516	-4615.898	289.3817	0.9035243	0.2943288	10.9074
47742	-4320.175	-4605.196	285.0207	0.7661101	0.4167647	13.12069
47748	-4312.426	-4597.8	285.3741	0.6692588	0.3435796	13.0633
47754	-4318.929	-4605.127	286.198	0.8690109	0.4850865	12.39128
47760	-4310.758	-4598.488	287.7302	0.8619488	0.3880134	11.68779
47766	-4314.986	-4602.629	287.6437	0.7368453	0.3812841	11.80527
47772	-4298.936	-4587.952	289.0159	0.8073349	0.3873171	11.04467
47778	-4309.993	-4599.019	289.0261	0.8440968	0.2980102	11.12028
47784	-4312.709	-4604.486	291.7766	0.8670467	0.332552	9.62222
47790	-4307.699	-4596.398	288.699	0.8420997	0.4131021	11.16637
47796	-4302.958	-4594.033	291.0751	1.004804	0.4131021	9.833404
47802	-4316.095	-4604.122	288.0274	0.905805	0.401811	11.49555
47808	-4324.403	-4611.907	287.5048	0.861135	0.3463065	11.85041
47814	-4316.014	-4603.824	287.8095	0.7467853	0.5154338	11.58801
47820	-4318.23	-4603.915	285.6853	0.7420889	0.3714967	12.83344
47826	-4321.454	-4608.41	286.9564	0.9270859	0.4212372	12.02456
47832	-4320.563	-4608.974	288.4108	0.8430659	0.4169471	11.31285
47838	-4321.602	-4609.178	287.5768	0.7603138	0.3154226	11.90072
47844	-4314.131	-4602.363	288.2323	0.7692429	0.3543354	11.50954
47850	-4320.66	-4610.029	289.3688	0.920848	0.4785477	10.71273
47856	-4329.976	-4618.554	288.5786	0.9751356	0.3430178	11.23328
47862	-4345.942	-4634.044	288.102	1.018215	0.5483868	11.26586
47868	-4323.363	-4609.554	286.1907	0.8357367	0.3293344	12.56784
47874	-4312.752	-4603.415	290.6631	0.943061	0.4565585	10.04113
47880	-4318.822	-4607.836	289.0145	1.005424	0.4929601	10.84136
47886	-4320.155	-4606.683	286.5274	0.7939932	0.480375	12.26284
47892	-4322.384	-4610.255	287.8712	0.9310587	0.4952145	11.47684
47898	-4316.749	-4603.468	286.7194	0.7830189	0.3890249	12.25539
47904	-4325.81	-4614.86	289.0495	0.9010805	0.374974	10.9908
47910	-4326.796	-4611.625	284.8286	0.7845319	0.436258	13.19229
47916	-4317.552	-4601.119	283.5673	0.7949861	0.3963493	13.88058
47922	-4314.18	-4603.674	289.4941	0.9430278	0.3764619	10.73424
47928	-4307.284	-4595.717	288.4326	0.7762746	0.3764619	11.37745
47934	-4312.4	-4601.236	288.8363	0.9712097	0.4064496	11.03344
47940	-4316.357	-4603.588	287.2303	0.9194047	0.4064496	11.90015
47946	-4317.123	-4603.39	286.2674	0.8114449	0.4064496	12.45853
47952	-4307.981	-4593.677	285.6962	0.8258075	0.3333498	12.82583
47958	-4310.586	-4595.923	285.3374	0.8415993	0.517383	12.82583
47964	-4325.605	-4611.123	285.5178	0.9888108	0.3996725	12.76323
47970	-4327.351	-4615.256	287.905	0.9948377	0.299144	11.62639
47976	-4323.879	-4610.18	286.3009	0.7597339	0.3212018	12.55943
47982	-4335.633	-4621.994	286.3606	0.8595682	0.4031943	12.38817
47988	-4327.58	-4616.884	289.3043	0.8568887	0.4752394	10.78305
47994	-4327.494	-4616.674	289.1794	1.012048	0.4577533	10.78305
48000	-4321.112	-4607.395	286.2829	0.8715885	0.4062107	12.41935
48006	-4311.826	-4595.933	284.1067	0.6689038	0.4912128	13.57752
48012	-4325.296	-4608.308	283.0118	0.7924451	0.5248587	14.05292
48018	-4323.504	-4607.064	283.5603	0.8326501	0.356484	13.90618
48024	-4316.255	-4607.406	291.151	1.022576	0.5004839	9.702834
48030	-4328.577	-4613.02	284.4439	0.9296828	0.4264695	13.32604
48036	-4325.28	-4609.713	284.4326	0.837841	0.437173	13.36946
48042	-4340.585	-4628.404	287.819	0.9042876	0.3865792	11.62079
48048	-4308.754	-4595.197	286.4432	0.8396994	0.4033399	12.3553
48054	-4314.922	-4600.305	285.3834	0.7827531	0.4543288	12.88788
48060	-4315.755	-4600.504	284.7492	0.8157327	0.3734398	13.27976
48066	-4321.115	-4609.021	287.9064	0.9095287	0.4289823	11.53018
48072	-4316.197	-4604.75	288.5535	0.8241453	0.498454	11.17301
48078	-4330.305	-4615.484	285.1798	0.8108821	0.4670036	12.96763
48084	-4321.81	-4609.26	287.45	0.8262575	0.3151204	11.93282
48090	-4318.963	-4604.676	285.713	0.7766748	0.3483531	12.82591
48096	-4325.047	-4612.102	287.055	0.7669116	0.3483531	12.13202
48102	-4320.397	-4607.264	286.8669	0.8436592	0.4267549	12.10944
48108	-4318.062	-4605.43	287.3672	0.8436592	0.4267549	11.84836
48114	-4318.687	-4606.624	287.9373	0.9647734	0.45398	11.46162
48120	-4321.43	-4609.17	287.7398	0.8273495	0.45398	11.63662
48126	-4328.777	-4616.674	287.8972	0.9073088	0.3464007	11.62127
48132	-4312.264	-4600.185	287.9214	0.8591142	0.3578226	11.62127
48138	-4303.545	-4589.034	285.4897	0.8598532	0.438605	12.80711
48144	-4304.837	-4588.575	283.7385	0.7973234	0.438605	13.7495
48150	-4312.344	-4596.316	283.9715	0.7842547	0.3281025	13.7495
48156	-4313.341	-4598.002	284.6609	0.8778233	0.4351365	13.23201
48162	-4309.94	-4594.324	284.3846	0.8341198	0.5399066	13.30649
48168	-4304.649	-4591.283	286.6332	0.8341198	0.4319161	12.23134
48174	-4309.22	-4596.418	287.198	0.8119143	0.4319161	11.9483
48180	-4303.617	-4588.082	284.4656	0.7733983	0.3387336	13.48666
48186	-4314.737	-4603.554	288.8167	0.7515827	0.3234572	11.24793
48192	-4311.427	-4597.6	286.1729	0.7470036	0.3811843	12.56697
48198	-4306.893	-4592.086	285.1922	0.9533974	0.429719	12.92164
48204	-4306.998	-4590.085	283.0869	0.7143384	0.429719	14.13886
48210	-4318.619	-4604.141	285.522	0.8483461	0.5186706	12.72518
48216	-4315.938	-4602.503	286.5648	0.6501062	0.4476696	12.34804
48222	-4328.614	-4616.183	287.569	0.8526012	0.5091763	11.66372
48228	-4315.341	-4602.492	287.1507	0.8526012	0.4008385	11.98217
48234	-4311.201	-4598.649	287.4489	0.9036181	0.2924364	11.92038
48240	-4306.858	-4592.05	285.1925	0.7065172	0.4572158	13.0242
48246	-4305.148	-4589.739	284.5911	0.8391581	0.4103762	13.31223
48252	-4321.348	-4604.901	283.5539	0.670265	0.4103762	13.93827
48258	-4314.412	-4599.173	284.7618	0.7160462	0.4063237	13.29154
48264	-4306.212	-4592.992	286.7796	0.7900957	0.3483455	12.2635
48270	-4310.511	-4598.406	287.8951	0.8154127	0.3771886	11.63719
48276	-4310.316	-4598.538	288.2223	0.9100793	0.3335922	11.4643
48282	-4319.662	-4604.027	284.365	0.7391528	0.4681808	13.42726
48288	-4311.647	-4600.971	289.3245	0.9110471	0.5531018	10.67777
48294	-4302.948	-4589.106	286.1588	0.6998794	0.4283889	12.55181
48300	-4304.6	-4591.091	286.4911	0.7137669	0.363267	12.4374
48306	-4318.235	-4602.511	284.2756	0.665381	0.3451227	13.63425
48312	-4325.541	-4609.906	284.3647	0.7902452	0.4717237	13.39773
48318	-4329.604	-4616.296	286.6918	0.6832533	0.3999104	12.31075
48324	-4309.934	-4596.846	286.9124	0.7780321	0.3835477	12.16299
48330	-4306.707	-4593.311	286.6041	0.8317397	0.4632261	12.21858
48336	-4303.463	-4593.062	289.599	0.8964679	0.3138669	10.77356
48342	-4301.701	-4587.499	285.7974	0.8767363	0.3036236	12.78137
48348	-4312.506	-4602.766	290.2601	0.9235846	0.3017629	10.42697
48354	-4302.598	-4586.426	283.8281	0.7444632	0.373116	13.79533
48360	-4313.742	-4601.544	287.8016	0.8407581	0.373116	11.67708
48366	-4305.865	-4590.366	284.5011	0.8150583	0.4472059	13.33633
48372	-4306.797	-4594.727	287.9303	0.9585318	0.3916332	11.52909
48378	-4309.061	-4595.247	286.186	0.9355616	0.4149267	12.42794
48384	-4315.533	-4603.671	288.1374	0.9424345	0.4146543	11.40615
48390	-4316.426	-4601.859	285.4328	0.867735	0.4146543	12.85562
48396	-4322.982	-4610.971	287.9886	0.8818407	0.3958114	11.53445
48402	-4342.494	-4631.305	288.811	0.9005726	0.438111	11.05288
48408	-4327.417	-4614.29	286.8726	0.8698403	0.4388737	12.08126
48414	-4310.538	-4599.153	288.6152	0.8593036	0.5341183	11.09211
48420	-4304.556	-4594.577	290.0213	0.9175971	0.4454245	10.40234
48426	-4318.908	-4609.038	290.1301	0.8120897	0.4391516	10.40652
48432	-4329.003	-4614.412	285.4087	0.8063462	0.3790123	12.93599
48438	-4317.663	-4604.629	286.9666	0.7880688	0.4520986	12.06254
48444	-4320.232	-4608.562	288.3297	1.02194	0.5777982	11.12133
48450	-4321.058	-4609.687	288.6289	0.7194898	0.3812445	11.29946
48456	-4320.158	-4609.781	289.6229	0.9185754	0.3051521	10.75987
48462	-4315.262	-4602.319	287.0562	0.7755894	0.3190195	12.16011
48468	-4313.146	-4597.104	283.9579	0.8861855	0.4315907	13.59614
48474	-4332.863	-4615.776	282.9126	0.8714724	0.3168744	14.26624
48480	-4311.019	-4599.6	288.5815	0.854906	0.4895174	11.15008
48486	-4306.933	-4595.198	288.2651	0.9222812	0.471249	11.29663
48492	-4312.83	-4601.961	289.1314	0.8725915	0.4384856	10.89934
48498	-4303.733	-4592.871	289.1373	0.8321532	0.4384856	10.91743
48504	-4295.077	-4582.35	287.2732	0.7790436	0.3633208	11.9956
48510	-4309.344	-4595.583	286.2393	0.7790436	0.3796613	12.51728
48516	-4305.99	-4593.683	287.6928	0.7359646	0.366391	11.79575
48522	-4316.754	-4605.572	288.8181	0.8194377	0.3226659	11.21263
48528	-4306.093	-4593.354	287.2607	0.7864402	0.3861384	11.97427
48534	-4302.589	-4589.98	287.3908	0.8203666	0.3600716	11.91615
48540	-4314.05	-4600.355	286.3044	0.8203666	0.4046236	12.4364
48546	-4324.185	-4610.258	286.0726	0.7773798	0.308177	12.68443
48552	-4316.661	-4602.734	286.073	0.9325124	0.321319	12.58797
48558	-4304.43	-4590.766	286.3352	0.9447828	0.3627546	12.39882
48564	-4314.256	-4601.415	287.1594	0.9447828	0.3498659	11.98309
48570	-4348.393	-4636.77	288.3777	1.015536	0.3529958	11.30618
48576	-4332.906	-4619.798	286.8924	0.9236295	0.3909535	12.08991
48582	-4319.494	-4606.734	287.2394	0.7744938	0.4171596	11.96048
48588	-4307.994	-4595.335	287.3408	0.9101165	0.3704603	11.88428
48594	-4313.644	-4598.624	284.9795	0.8025742	0.3743889	13.16593
48600	-4327.078	-4613.787	286.709	0.7501689	0.4074719	12.25935
48606	-4324.402	-4611.802	287.4006	0.6994292	0.3572263	11.97723
48612	-4320.452	-4607.084	286.6323	0.9095788	0.403668	12.21999
48618	-4311.6	-4598.208	286.6085	0.9163773	0.3545316	12.28009
48624	-4306.509	-4593.618	287.1094	0.9164773	0.4415577	11.93086
48630	-4304.854	-4592.285	287.431	0.7746838	0.3492213	11.93086
48636	-4313.748	-4600.052	286.3039	0.6687713	0.3385212	12.58548
48642	-4314.314	-4602.611	288.2978	0.8234794	0.4856693	11.31835
48648	-4322.975	-4611.235	288.2593	0.7587696	0.3609121	11.49377
48654	-4326.27	-4610.755	284.4855	0.7115436	0.3582279	13.48702
48660	-4320.808	-4604.753	283.944	0.6597203	0.4359846	13.7167
48666	-4315.021	-4602.25	287.2287	0.8442152	0.5034338	11.85071
48672	-4323.052	-4609.452	286.3998	0.9078987	0.581538	12.18623
48678	-4313.053	-4597.563	284.51	0.9078987	0.4343563	13.29552
48684	-4309.148	-4593.124	283.976	0.7426875	0.5184523	13.58384
48690	-4320.986	-4606.121	285.1346	1.004406	0.4457795	12.90991
48696	-4323.198	-4606.159	282.9604	0.7089443	0.3693937	14.26755
48702	-4304.895	-4592.515	287.6196	0.8828623	0.3588622	11.76539
48708	-4297.001	-4586.998	289.9971	0.8831019	0.4704986	10.40998
48714	-4306.95	-4593.81	286.8599	0.8986694	0.4233037	12.08772
48720	-4316.113	-4602.045	285.9317	0.8439506	0.3488976	12.67653
48726	-4321.123	-4609	287.8772	0.8214268	0.4002557	11.61975
48732	-4326.055	-4612.087	286.0321	0.7333893	0.4280298	12.60068
48738	-4321.816	-4607.518	285.7018	0.7243474	0.3326829	12.87647
48744	-4334.076	-4620.748	286.6723	0.8262318	0.5269957	12.13047
48750	-4323.917	-4613.04	289.1233	0.885214	0.4125285	10.92212
48756	-4326.906	-4614.178	287.2715	0.857498	0.4028913	11.91453
48762	-4322.104	-4609.894	287.7894	0.825975	0.3790105	11.68499
48768	-4313.058	-4600.876	287.8186	0.8054996	0.3746652	11.68499
48774	-4318.811	-4606.211	287.3999	0.8341185	0.4243385	11.83863
48780	-4328.175	-4613.316	285.1413	0.7665364	0.3946766	13.07969
48786	-4333.483	-4619.517	286.0346	0.871081	0.3955458	12.55965
48792	-4311.269	-4598.998	287.7285	0.8359475	0.3043773	11.79519
48798	-4318.705	-4608.823	290.118	0.8630669	0.38098	10.44406
48804	-4325.662	-4615.736	290.0741	0.8465242	0.3347219	10.52627
48810	-4323.233	-4614.529	291.2963	0.9157696	0.3208372	9.863262
48816	-4315.681	-4605.623	289.9416	0.8439413	0.3066684	10.63002
48822	-4308.959	-4598.03	289.0708	0.9040767	0.3066684	11.05492
48828	-4305.549	-4591.891	286.3422	0.6972495	0.3596471	12.52745
48834	-4324.495	-4611.414	286.9182	0.7514563	0.4249936	12.13246
48840	-4328.101	-4616.646	288.5448	0.8315465	0.3565025	11.3112
48846	-4324.014	-4610.179	286.1648	0.7118796	0.3382619	12.63573
48852	-4325.347	-4611.234	285.8872	0.9894805	0.3382619	12.63573
48858	-4329.018	-4615.115	286.0965	0.7270358	0.3017061	12.70592
48864	-4328.031	-4614.901	286.87	0.7845679	0.4416371	12.12448
48870	-4316.208	-4601.092	284.8845	0.7901157	0.3726729	13.22362
48876	-4315.796	-4602.833	287.0369	0.8712099	0.3537076	12.08115
48882	-4315.902	-4604.639	288.7371	0.7780654	0.3702907	11.22372
48888	-4325.113	-4613.832	288.7186	0.8600173	0.4893708	11.07572
48894	-4322.662	-4607.365	284.7039	0.7933767	0.4006901	13.28705
48900	-4314.502	-4599.807	285.3051	0.847092	0.4607662	12.88925
48906	-4328.36	-4615.753	287.393	0.847092	0.3564639	11.90496
48912	-4331.585	-4617.231	285.6462	0.8408062	0.3499546	12.82553
48918	-4337.921	-4623.318	285.3971	0.7772501	0.3910871	12.94474
48924	-4321.358	-4608.068	286.7105	0.787439	0.3632531	12.28472
48930	-4325.495	-4611.508	286.013	0.8961714	0.4871011	12.47172
48936	-4315.139	-4605.246	290.1072	0.8428947	0.4990947	10.34792
48942	-4310.642	-4600.504	289.8612	0.9245659	0.3543478	10.57509
48948	-4321.156	-4610.962	289.806	1.065282	0.5223264	10.36943
48954	-4327.518	-4614.812	287.2943	0.7688795	0.4078392	11.94398
48960	-4342.244	-4631.791	289.5468	0.8891073	0.3548009	10.75816
48966	-4327.759	-4614.554	286.7951	0.8311477	0.3624561	12.2187
48972	-4338.385	-4623.654	285.2687	0.8402218	0.4084243	12.96138
48978	-4338.664	-4623.313	284.6486	0.78562	0.3833038	13.33745
48984	-4322.486	-4609.304	286.8179	0.6608157	0.3377006	12.32279
48990	-4307.125	-4592.839	285.7142	0.7875922	0.373499	12.79258
48996	-4307.445	-4593.948	286.5031	0.8128581	0.373499	12.36869
49002	-4306.014	-4593.05	287.0366	0.9172656	0.3916877	12.01723
49008	-4318.452	-4606.324	287.8727	0.8437274	0.3627809	11.64938
49014	-4321.546	-4609.221	287.6749	0.9167403	0.4268808	11.64938
49020	-4329.159	-4619.236	290.0776	0.9471481	0.3610124	10.44239
49026	-4331.766	-4620.585	288.8193	0.9471481	0.3854892	11.07627
49032	-4333.883	-4618.025	284.1413	0.7840319	0.5022305	13.49027
49038	-4319.224	-4605.686	286.462	0.7700377	0.4063068	12.37884
49044	-4322.406	-4608.841	286.4352	0.795224	0.4071654	12.37884
49050	-4335.627	-4624.864	289.2364	1.076543	0.4145271	10.76058
49056	-4326.002	-4614.142	288.1402	1.02879	0.359008	11.41693
49062	-4319.884	-4609.299	289.4153	0.9925032	0.3990126	10.72632
49068	-4326.992	-4613.738	286.7461	0.900595	0.4056382	12.16339
49074	-4319.86	-4604.311	284.4508	0.8530251	0.3484374	13.44223
49080	-4321.906	-4608.469	286.563	0.8077165	0.40511	12.30779
49086	-4313.242	-4598.494	285.2523	0.8119032	0.455542	12.9398
49092	-4310.611	-4597.441	286.8304	0.7504701	0.4472519	12.15764
49098	-4311.155	-4599.24	288.0851	0.7940285	0.3940347	11.53171
49104	-4313.268	-4599.656	286.3878	0.9405036	0.4030431	12.33194
49110	-4320.247	-4607.787	287.5394	0.9397808	0.3885021	11.7463
49116	-4319.372	-4609.788	290.4161	0.9339003	0.3323337	10.30345
49122	-4310.835	-4596.69	285.8555	0.8553642	0.44469	12.61334
49128	-4320.693	-4606.807	286.1139	0.7956551	0.3704086	12.5836
49134	-4339.02	-4622.74	283.7201	0.6826818	0.3954721	13.86044
49140	-4327.618	-4611.951	284.3333	0.6893046	0.3554389	13.58059
49146	-4320.054	-4605.359	285.3055	0.7358998	0.3694086	13.0364
49152	-4326.404	-4612.929	286.5248	0.9168805	0.4386666	12.23827
49158	-4328.799	-4617.015	288.2163	0.9295796	0.4338558	11.35303
49164	-4324.702	-4608.79	284.0887	0.7093762	0.3248275	13.73125
49170	-4338.984	-4624.967	285.9832	0.9523784	0.3226007	12.62288
49176	-4341.604	-4628.33	286.7264	0.8701828	0.3510646	12.2465
49182	-4334.676	-4622.743	288.0675	0.8564332	0.3568316	11.54739
49188	-4344.706	-4628.914	284.2075	0.8826836	0.2766752	13.63788
49194	-4348.581	-4637.54	288.9589	0.8790452	0.3790299	11.04554
49200	-4350.089	-4635.342	285.2534	0.8217787	0.354085	13.03525
49206	-4348.511	-4638.432	289.9217	0.9688246	0.3100768	10.57081
49212	-4336.267	-4622.378	286.1118	0.7795112	0.4049752	12.55769
49218	-4335.206	-4622.57	287.3635	0.7377547	0.3621744	11.97121
49224	-4332.595	-4619.807	287.2117	0.7848311	0.3979909	11.98857
49230	-4339.636	-4624.178	284.5425	0.8700397	0.3682434	13.36443
49236	-4348.368	-4631.741	283.3725	0.7319637	0.3828325	14.02804
49242	-4360.071	-4646.036	285.9649	0.7343449	0.3210254	12.74773
49248	-4349.892	-4635.568	285.676	0.7716459	0.447508	12.74773
49254	-4332.75	-4617.97	285.2201	0.7682377	0.3945063	13.03801
49260	-4323.333	-4608.509	285.1754	0.7790682	0.4395734	13.01169
49266	-4340.291	-4624.133	283.8418	0.7684768	0.4069739	13.74132
49272	-4334.265	-4623.087	288.8219	0.8920849	0.4986874	10.99669
49278	-4349.418	-4637.298	287.8797	0.7660846	0.436177	11.61222
49284	-4336.161	-4622.514	286.3532	0.8364412	0.3501713	12.45952
49290	-4339.146	-4624.957	285.8107	0.7566165	0.3503337	12.78337
49296	-4339.56	-4624.209	284.6492	0.7993277	0.3447488	13.37114
49302	-4330.799	-4619.856	289.0571	0.8473657	0.4201582	10.96914
49308	-4318.719	-4606.326	287.6066	0.9455683	0.4915457	11.61071
49314	-4314.367	-4601.378	287.0107	0.868151	0.3306794	12.1221
49320	-4325.474	-4611.718	286.2443	0.8698576	0.3232577	12.52914
49326	-4333.894	-4618.812	284.9186	0.8845447	0.4361132	13.09366
49332	-4323.271	-4609.478	286.2073	0.8439478	0.3916156	12.48784
49338	-4321.674	-4607.374	285.7003	0.7476491	0.332118	12.86577
49344	-4325.781	-4612.41	286.6288	0.8956095	0.5493462	12.09869
49350	-4346.632	-4633.24	286.6085	0.8304498	0.2906995	12.39894
49356	-4340.508	-4626.797	286.2887	0.7980707	0.464934	12.39894
49362	-4344.158	-4631.044	286.8861	0.8256119	0.4642199	12.07383
49368	-4325.118	-4608.298	283.1802	0.678345	0.4397294	14.09968
49374	-4320.613	-4607.728	287.1152	0.7576118	0.4312805	12.02046
49380	-4327.582	-4612.995	285.4135	0.7466591	0.4955785	12.85422
49386	-4337.821	-4621.449	283.6278	0.7337931	0.4321403	13.84596
49392	-4335.199	-4620.151	284.9522	0.8741829	0.5203223	13.00681
49398	-4351.032	-4639.705	288.6731	0.8404679	0.3941436	11.1998
49404	-4344.336	-4630.849	286.5129	0.6982435	0.4217581	12.37461
49410	-4324.43	-4610.978	286.5478	0.8352709	0.4677311	12.24199
49416	-4325.557	-4611.925	286.3681	0.6308825	0.3888721	12.51786
49422	-4314.815	-4602.039	287.2243	0.7146958	0.3717972	12.04564
49428	-4311.62	-4599.164	287.544	0.7500209	0.4116534	11.81971
49434	-4336.37	-4624.18	287.8106	0.9375619	0.3885729	11.60575
49440	-4324.785	-4610.126	285.3416	0.8557338	0.4544836	12.87153
49446	-4335.827	-4619.073	283.2461	0.7648957	0.3442709	14.11755
49452	-4331.551	-4614.126	282.5754	0.8046049	0.5059432	14.28865
49458	-4329.153	-4618.173	289.0201	0.8768735	0.4046985	10.98835
49464	-4318.399	-4604.794	286.3952	0.9051716	0.3780746	12.372
49470	-4335.823	-4623.768	287.9445	0.9051716	0.4586958	11.48464
49476	-4323.189	-4611.063	287.8742	0.9267339	0.4190804	11.54762
49482	-4332.167	-4619.107	286.9394	0.9267339	0.3550508	12.10159
49488	-4335.456	-4622.974	287.5186	0.9267339	0.3278254	11.82982
49494	-4338.045	-4625.199	287.154	0.8448778	0.3983324	11.987
49500	-4321.223	-4606.46	285.2376	1.009768	0.3612192	12.938
49506	-4323.337	-4605.423	282.0865	0.6926767	0.3744217	14.72328
49512	-4323.794	-4612.045	288.2517	0.8846386	0.3147856	11.484
49518	-4327.79	-4614.409	286.6195	0.7952175	0.4358223	12.25503
49524	-4325.624	-4610.057	284.433	0.8960631	0.3587937	13.41786
49530	-4335.437	-4621.875	286.4381	0.9019583	0.4582574	12.27306
49536	-4345.606	-4632.082	286.476	0.939385	0.2969203	12.40356
49542	-4333.105	-4622.247	289.1413	0.9774989	0.2855942	11.00551
49548	-4328.532	-4614.756	286.2244	0.798919	0.3247373	12.57474
49554	-4337.128	-4623.856	286.7281	0.7215007	0.398765	12.27302
49560	-4347.026	-4632.603	285.5766	0.7698442	0.3718076	12.87523
49566	-4357.442	-4642.754	285.3122	0.7617741	0.3770954	13.01138
49572	-4352.417	-4638.768	286.3511	0.7089751	0.3941197	12.48068
49578	-4339.119	-4624.798	285.6783	0.6710775	0.3653816	12.88046
49584	-4328.151	-4610.139	281.9888	0.6977932	0.4012794	14.74382
49590	-4329.153	-4613.402	284.2495	0.7571808	0.415158	13.52756
49596	-4324.592	-4607.756	283.1642	0.806069	0.4438914	14.03789
49602	-4332.951	-4618.51	285.5585	0.9496452	0.3673665	12.79579
49608	-4334.631	-4621.118	286.4874	0.9089821	0.3874063	12.31229
49614	-4335.683	-4621.585	285.9021	0.814653	0.3546999	12.70081
49620	-4347.006	-4628.608	281.6023	0.8158412	0.4249438	14.85966
49626	-4337.525	-4620.268	282.7433	0.718337	0.4249438	14.31939
49632	-4338.236	-4621.887	283.6511	0.8399404	0.3875178	13.82274
49638	-4349.276	-4633.112	283.8359	0.7723898	0.3351828	13.81795
49644	-4359.51	-4639.08	279.57	0.7429784	0.4451934	15.92851
49650	-4332.554	-4617.724	285.1703	0.7429784	0.3847309	13.08703
49656	-4335.068	-4619.008	283.9399	0.6921586	0.3692486	13.76851
49662	-4336.739	-4620.39	283.6514	0.7827304	0.2968901	13.95305
49668	-4328.127	-4612.977	284.8499	0.7938279	0.3769459	13.23518
49674	-4330.046	-4617.676	287.6302	0.7879142	0.4524183	11.71595
49680	-4329.913	-4617.679	287.7665	0.7568036	0.359414	11.75388
49686	-4328.653	-4615.033	286.3798	0.7566841	0.3987653	12.43621
49692	-4329.443	-4615.494	286.0516	0.710776	0.3452298	12.68748
49698	-4336.267	-4622.187	285.9203	0.7652751	0.3826164	12.68748
49704	-4352.843	-4642.516	289.6725	0.9264267	0.3927745	10.63241
49710	-4341.762	-4628.497	286.7347	0.7605978	0.3465107	12.30432
49716	-4342.156	-4628.215	286.059	0.7183247	0.3761525	12.64642
49722	-4365.745	-4651.255	285.5103	0.7053757	0.397395	12.91686
49728	-4340.883	-4628.884	288.0011	0.8021915	0.4306958	11.53514
49734	-4347.306	-4632.351	285.0447	0.7454394	0.4250819	13.11092
49740	-4349.336	-4636.648	287.3114	0.9320319	0.3248083	11.93864
49746	-4337.277	-4623.567	286.2899	0.6418985	0.4325538	12.50974
49752	-4332.064	-4618.377	286.3121	0.7376336	0.3712339	12.50974
49758	-4339.237	-4625.565	286.3277	0.6639965	0.3712339	12.53996
49764	-4321.535	-4608.088	286.5529	0.7726361	0.3027173	12.44331
49770	-4320.349	-4606.621	286.2725	0.8112675	0.435788	12.4275
49776	-4324.851	-4611.622	286.7707	0.7146133	0.352782	12.30263
49782	-4324.09	-4611.772	287.6817	0.8154659	0.3862295	11.73927
49788	-4328.549	-4614.093	285.5436	0.6824514	0.3862295	12.92282
49794	-4333.494	-4618.908	285.4138	0.6563526	0.3283356	13.06655
49800	-4332.286	-4616.967	284.6806	0.803912	0.2980044	13.40661
49806	-4335.033	-4621.715	286.6819	0.9584988	0.3526385	12.22193
49812	-4332.377	-4618.541	286.1646	0.8710825	0.3823938	12.50542
49818	-4335.125	-4618.899	283.7746	0.7098669	0.3988905	13.81462
49824	-4340.267	-4626.761	286.494	0.9327121	0.2905395	12.4055
49830	-4345.862	-4630.867	285.005	0.7451797	0.4612677	13.09789
49836	-4342.86	-4629.975	287.1151	0.8248708	0.3814681	12.03501
49842	-4332.793	-4619.544	286.751	0.8664481	0.3027011	12.29122
49848	-4336.946	-4623.849	286.9028	0.8987107	0.2945868	12.20515
49854	-4333.339	-4622.881	289.5416	0.8969434	0.3844498	10.72515
49860	-4324.748	-4613.738	288.9908	0.9007071	0.4486619	10.94873
49866	-4327.654	-4615.573	287.9189	0.9254358	0.4055068	11.53834
49872	-4324.967	-4608.973	284.0061	0.767087	0.400176	13.66355
49878	-4326.173	-4613.781	287.6075	0.8237209	0.4535003	11.70809
49884	-4332.279	-4617.813	285.5345	0.92137	0.2734874	12.93237
49890	-4325.862	-4611.898	286.0355	0.8415529	0.3560373	12.6159
49896	-4333.716	-4621.704	287.9877	0.93628	0.3560373	11.54826
49902	-4335.726	-4619.335	283.6088	0.8333691	0.38083	13.85498
49908	-4332.525	-4617.383	284.8574	0.7149296	0.3538097	13.29689
49914	-4326.534	-4607.892	281.3572	0.6821637	0.4182202	15.06203
49920	-4328.084	-4615.431	287.3466	0.9112503	0.3800065	11.87062
49926	-4322.062	-4608.03	285.9687	0.8545111	0.4265269	12.57208
49932	-4323.265	-4606.346	283.081	0.7669946	0.3886444	14.15501
49938	-4328.164	-4609.785	281.6209	0.7506763	0.4150808	14.89326
49944	-4340.346	-4623.813	283.4672	0.806565	0.3979706	13.92486
49950	-4338.154	-4620.283	282.1291	0.8383501	0.3471284	14.65499
49956	-4335.037	-4623.364	288.3266	0.9230394	0.352154	11.38224
49962	-4340.627	-4626.558	285.9309	0.8389684	0.3347272	12.69533
49968	-4348.938	-4635.028	286.0899	0.8120606	0.407492	12.54962
49974	-4339.866	-4623.662	283.7961	0.7475662	0.3557078	13.82883
49980	-4341.031	-4621.617	280.5866	0.7794732	0.3332866	15.49855
49986	-4331.198	-4614.88	283.6815	0.8436822	0.2960477	13.9069
49992	-4345.785	-4634.607	288.8214	0.8988095	0.3347153	11.15547
49998	-4345.862	-4630.105	284.2421	0.739354	0.3706037	13.58578
50004	-4346.886	-4633.104	286.2178	0.8601654	0.4040242	12.46138
50010	-4336.632	-4624.445	287.8124	0.7824126	0.3582044	11.71787
50016	-4321.542	-4608.36	286.8182	0.8046769	0.3726312	12.20963
50022	-4338.913	-4623.702	284.7882	0.7100631	0.3312866	13.36037
50028	-4335.802	-4620.307	284.5049	0.9007876	0.4630017	13.27531
50034	-4326.963	-4612.352	285.3887	0.7285012	0.412878	12.95272
50040	-4333.007	-4616.039	283.032	0.8391611	0.4791801	14.05729
50046	-4321.959	-4607.406	285.4469	0.7591116	0.4053692	12.91395
50052	-4318.174	-4608.603	290.4294	0.8345131	0.3436274	10.33589
50058	-4316.923	-4607.282	290.3592	0.8047575	0.3926633	10.33589
50064	-4321.822	-4607.295	285.4735	0.8236435	0.4548739	12.81924
50070	-4323.346	-4607.89	284.5439	0.8236435	0.3098813	13.4531
50076	-4325.801	-4612.073	286.2724	0.8522174	0.3850456	12.45636
50082	-4331.207	-4618.726	287.5194	0.7260391	0.3173654	11.94628
50088	-4328.558	-4614.885	286.3266	0.8260109	0.4125638	12.41407
50094	-4317.932	-4605.094	287.1622	0.7054138	0.4340318	12.02053
50100	-4311.972	-4599.006	287.0332	0.797411	0.359564	12.11522
50106	-4314.506	-4603.534	289.0279	0.797411	0.3423492	11.09184
50112	-4308.802	-4596.023	287.2209	0.7787963	0.3224708	12.06851
50118	-4316.5	-4604.594	288.0931	0.8017482	0.5642951	11.371
50124	-4317.298	-4604.852	287.554	0.7886651	0.4495285	11.75802
50130	-4321.034	-4608.494	287.4591	0.695466	0.4621277	11.84461
50136	-4328.639	-4616.99	288.3514	0.8750914	0.380677	11.36386
50142	-4325.64	-4616.495	290.8548	0.9225606	0.3919398	10.01409
50148	-4330.496	-4620.763	290.2666	0.8314512	0.4897681	10.2783
50154	-4328.412	-4615.896	287.4835	0.9902118	0.3770032	11.76107
50160	-4325.846	-4613.839	287.9935	0.815037	0.4191959	11.54354
50166	-4339.976	-4628.561	288.5855	0.825732	0.3857388	11.26192
50172	-4320.189	-4606.291	286.1023	0.8028215	0.3548306	12.60264
50178	-4318.654	-4607.574	288.92	0.9632779	0.4269057	10.97367
50184	-4322.551	-4606.774	284.2224	0.7307923	0.3761934	13.59461
50190	-4317.571	-4600.911	283.3396	0.7039633	0.4154609	14.02692
50196	-4314.684	-4599.004	284.3205	0.8218668	0.4202696	13.45209
50202	-4317.039	-4603.489	286.4508	0.7349222	0.447744	12.36316
50208	-4313.621	-4600.6	286.9788	0.7520557	0.39148	12.1338
50214	-4315.28	-4602.142	286.8616	0.7243265	0.4704207	12.1338
50220	-4319.517	-4607.648	288.1307	0.7599877	0.4278518	11.49218
50226	-4315.086	-4602.107	287.0205	0.924117	0.4313913	11.98289
50232	-4315.165	-4601.984	286.8193	0.8545619	0.5071197	12.05581
50238	-4320.005	-4607.586	287.5806	0.9160809	0.2759266	11.86597
50244	-4322.496	-4608.833	286.3378	0.7501849	0.3290221	12.53615
50250	-4315.519	-4603.721	288.2022	0.7783854	0.3826105	11.49043
50256	-4327.592	-4611.333	283.7406	0.7913679	0.4979728	13.69814
50262	-4315.487	-4603.287	287.8001	0.9535108	0.3835482	11.60806
50268	-4318.335	-4604.719	286.384	0.9083528	0.4587305	12.29748
50274	-4319.718	-4605.157	285.4388	0.8099365	0.5617282	12.75338
50280	-4312.149	-4597.311	285.1625	0.7632803	0.4143803	13.05075
50286	-4314.63	-4599.713	285.0829	0.8182949	0.3671403	13.11168
50292	-4318.529	-4603.197	284.667	0.8511243	0.4037561	13.27311
50298	-4310.807	-4595.107	284.3008	0.8704444	0.4032751	13.4538
50304	-4316.4	-4602.576	286.1762	0.8411631	0.5319582	12.3772
50310	-4328.539	-4615.388	286.8492	0.7483071	0.4640607	12.13354
50316	-4334.718	-4618.731	284.0124	0.7938472	0.4330974	13.61434
50322	-4334.639	-4620.352	285.7139	0.6225164	0.3811028	12.87074
50328	-4329.581	-4615.116	285.5356	0.8197576	0.4855081	12.76143
50334	-4329.773	-4618.084	288.3111	0.8657293	0.4363157	11.33449
50340	-4326.35	-4612.188	285.8384	0.7877132	0.4877682	12.61855
50346	-4322.12	-4608.195	286.0745	0.7088703	0.4002718	12.61855
50352	-4323.262	-4609.3	286.0377	0.7457562	0.4002718	12.61855
50358	-4320.19	-4606.693	286.5036	0.727889	0.4557488	12.33192
50364	-4314.622	-4601.149	286.5268	0.8019912	0.4028171	12.33192
50370	-4316.547	-4603.029	286.482	0.7522307	0.4010358	12.38299
50376	-4329.045	-4616.241	287.1968	0.8642225	0.4536825	11.90122
50382	-4315.91	-4603.949	288.039	0.8512039	0.4356117	11.48502
50388	-4321.286	-4610.52	289.2343	0.782986	0.3454665	10.98785
50394	-4308.648	-4595.649	287.0011	0.7575942	0.3528551	12.16004
50400	-4304.644	-4590.075	285.4308	0.7015493	0.5061685	12.85962
50406	-4312.121	-4598.763	286.6422	0.6777125	0.4364382	12.30384
50412	-4316.479	-4604.737	288.2574	0.8320675	0.3905375	11.42532
50418	-4320.26	-4609.634	289.3741	0.8763795	0.4622821	10.74794
50424	-4312.222	-4600.124	287.9016	0.7443115	0.3867222	11.66107
50430	-4331.225	-4617.191	285.9658	0.765232	0.5124144	12.54269
50436	-4339.742	-4626.149	286.4069	0.6769463	0.2864272	12.5892
50442	-4328.491	-4615.097	286.6063	0.7680029	0.4169151	12.29426
50448	-4328.512	-4618.755	290.2427	0.8010882	0.431333	10.36062
50454	-4334.868	-4624.597	289.7299	0.9633215	0.3591952	10.61837
50460	-4329.723	-4618.91	289.187	0.9789177	0.4452239	10.80814
50466	-4330.588	-4616.58	285.9916	0.9381621	0.3759517	12.56728
50472	-4329.546	-4613.44	283.8946	0.8219387	0.399359	13.69374
50478	-4330.507	-4618.057	287.5501	0.708164	0.3478232	11.90494
50484	-4327.262	-4611.044	283.782	0.7802886	0.3866119	13.78668
50490	-4327.39	-4612.488	285.098	0.774008	0.4182528	13.07498
50496	-4330.66	-4616.807	286.1463	0.7783833	0.4174434	12.52799
50502	-4352.392	-4641.966	289.5736	0.9563006	0.3867352	10.67487
50508	-4340.497	-4624.25	283.7528	0.7754154	0.3996303	13.79121
50514	-4340.135	-4623.044	282.909	0.7169873	0.3996303	14.259
50520	-4341.222	-4624.87	283.6482	0.7858261	0.3726304	13.8677
50526	-4331.68	-4619.033	287.3536	0.7858261	0.4019286	11.91008
50532	-4326.036	-4612.936	286.9002	0.7814526	0.3738235	12.17771
50538	-4328.872	-4615.675	286.8032	0.8368105	0.3948788	12.17771
50544	-4348.717	-4633.954	285.2367	0.7028481	0.3832704	13.07484
50550	-4344.093	-4629.374	285.2808	0.8626119	0.326032	13.03112
50556	-4349.677	-4635.16	285.483	0.8093238	0.3958208	12.87859
50562	-4332.724	-4616.117	283.3926	0.6858694	0.4066104	14.01751
50568	-4336.733	-4619.048	282.315	0.8379225	0.3449201	14.56141
50574	-4318.453	-4606.008	287.5555	0.7960094	0.4426337	11.75987
50580	-4327.204	-4612.679	285.4743	0.6920125	0.4101591	12.92985
50586	-4320.451	-4606.749	286.2976	0.8040022	0.4663467	12.38995
50592	-4330.008	-4617.105	287.0969	0.7990722	0.3124867	12.13432
50598	-4338.564	-4626.201	287.6372	0.8234261	0.4291764	11.71565
50604	-4331.203	-4618.313	287.1093	0.8375531	0.4297784	11.98327
50610	-4311.847	-4596.87	285.023	0.7719021	0.4754089	13.06191
50616	-4321.563	-4605.392	283.829	0.7088919	0.4576682	13.73077
50622	-4324.994	-4611.08	286.0866	1.029486	0.4115783	12.43408
50628	-4320.878	-4605.478	284.5996	0.7339658	0.3893067	13.38359
50634	-4304.349	-4590.81	286.4603	0.7724566	0.3927498	12.39211
50640	-4309.227	-4594.153	284.9259	0.7863048	0.446341	13.13134
50646	-4306.765	-4589.432	282.6675	0.7947775	0.3406658	14.40588
50652	-4299.82	-4585.027	285.2062	0.7663158	0.3947389	13.04602
50658	-4317.454	-4601.879	284.4245	0.7205363	0.3947389	13.47598
50664	-4317.052	-4603.354	286.3016	0.7205363	0.3466078	12.55071
50670	-4308.753	-4593.039	284.2865	0.769407	0.4972867	13.42674
50676	-4309.986	-4595.19	285.2035	0.7240993	0.4711235	12.99672
50682	-4309.762	-4595.054	285.2917	0.6356566	0.4805793	12.98843
50688	-4303.288	-4590.191	286.903	0.7777341	0.4266832	12.12505
50694	-4303.643	-4590.918	287.2751	0.7496716	0.4266832	11.94558
50700	-4318.831	-4604.463	285.6321	0.8486669	0.3008453	12.88533
50706	-4326.835	-4613.452	286.6163	0.8310737	0.403452	12.26951
50712	-4322.37	-4607.806	285.4364	0.8164522	0.432264	12.86344
50718	-4312.401	-4598.501	286.0995	0.7104688	0.3943553	12.61068
50724	-4322.096	-4609.174	287.078	0.7540679	0.3159426	12.1636
50730	-4319.914	-4607.412	287.498	0.8604094	0.3610843	11.83819
50736	-4318.247	-4604.66	286.4134	0.8461627	0.4361504	12.3356
50742	-4319.827	-4607.929	288.1018	0.7558026	0.4399645	11.49793
50748	-4309.925	-4596.357	286.432	0.8611031	0.4264435	12.32738
50754	-4297.679	-4584.978	287.299	0.6914069	0.4264435	11.96372
50760	-4291.737	-4576.431	284.6945	0.6879295	0.4375115	13.31094
50766	-4307.256	-4594.36	287.1036	0.9098248	0.4658837	11.91491
50772	-4323.483	-4612.872	289.3893	0.8328859	0.3546228	10.87037
50778	-4319.578	-4608.397	288.819	0.8739015	0.3373316	11.16683
50784	-4308.523	-4595.39	286.8673	0.7696106	0.4539698	12.1222
50790	-4312.957	-4598.647	285.6896	0.7369996	0.3852735	12.8195
50796	-4305.27	-4594.705	289.4351	0.8348358	0.3870344	10.81086
50802	-4314.505	-4603.92	289.4147	0.7938021	0.4190669	10.81086
50808	-4310.569	-4596.776	286.2074	0.7293885	0.3961041	12.5429
50814	-4315.906	-4601.461	285.555	0.7597561	0.424904	12.83828
50820	-4310.467	-4595.825	285.3582	0.7990885	0.3622599	12.98371
50826	-4312.549	-4599.846	287.2971	0.820633	0.3539158	11.9716
50832	-4310.286	-4597.545	287.2594	0.7632392	0.4396095	11.93438
50838	-4316.864	-4603.209	286.3453	0.7017531	0.3578842	12.52542
50844	-4316.329	-4604.838	288.5095	0.8608043	0.4213636	11.24763
50850	-4321.278	-4609.429	288.1512	0.7740998	0.4213636	11.48037
50856	-4327.912	-4612.439	284.5266	0.7645311	0.5219692	13.28364
50862	-4327.394	-4614.069	286.6747	0.7567028	0.3802896	12.30139
50868	-4324.679	-4610.412	285.7333	0.6868848	0.2447887	12.9891
50874	-4324.018	-4609.899	285.8811	0.7047	0.37976	12.74236
50880	-4331.797	-4619.062	287.2655	0.6625653	0.4125752	12.00979
50886	-4332.1	-4618.019	285.9197	0.7067535	0.5118595	12.59762
50892	-4325.477	-4613.835	288.3583	0.7839572	0.3144183	11.48133
50898	-4328.435	-4616.118	287.6831	0.7407047	0.3144183	11.85667
50904	-4333.665	-4619.428	285.7633	0.8406618	0.3801797	12.73247
50910	-4336.549	-4621.148	284.5997	0.7433821	0.3923262	13.37557
50916	-4334.265	-4620.919	286.6535	0.7232725	0.4212019	12.28882
50922	-4334.779	-4619.666	284.8872	0.7995072	0.3818202	13.20776
50928	-4353.056	-4639.223	286.167	0.6713921	0.3578366	12.6341
50934	-4336.795	-4620.609	283.8138	0.7226315	0.5325944	13.66672
50940	-4319.662	-4605.243	285.5811	0.6425347	0.4264284	12.88419
50946	-4319.48	-4604.194	284.7145	0.6733848	0.4264284	13.31866
50952	-4333.035	-4618.646	285.6112	0.6453178	0.3689835	12.92495
50958	-4337.665	-4623.052	285.3875	0.7222319	0.3689835	13.00128
50964	-4339.303	-4628.14	288.8366	0.6879174	0.454819	11.13521
50970	-4332.573	-4619.482	286.9089	0.6740927	0.3959847	12.20632
50976	-4324.688	-4611.065	286.377	0.6793412	0.3579095	12.52051
50982	-4328.143	-4614.628	286.4849	0.7144692	0.3769262	12.42584
50988	-4322.641	-4610.216	287.5754	0.7698211	0.3959386	11.80867
50994	-4318.707	-4604.158	285.4506	0.7552325	0.3805966	12.93916
51000	-4321.511	-4605.431	283.9202	0.6897341	0.3389431	13.81292
51006	-4323.903	-4611.103	287.1999	0.7919568	0.4796067	11.91385
51012	-4342.397	-4628.137	285.7402	0.7654612	0.3120696	12.85897
51018	-4332.609	-4616.466	283.8574	0.699538	0.4903741	13.69174
51024	-4333.502	-4621.061	287.5595	0.7180044	0.4417321	11.79935
51030	-4343.845	-4631.008	287.1624	0.760805	0.3667139	12.05924
51036	-4322.888	-4606.741	283.8534	0.7258611	0.3522873	13.81408
51042	-4318.514	-4605.457	286.9433	0.7360216	0.4787176	12.0777
51048	-4315.853	-4600.526	284.6722	0.657832	0.4125564	13.36217
51054	-4310.665	-4596.346	285.6812	0.8438846	0.418241	12.73525
51060	-4298.842	-4584.523	285.6804	0.8645937	0.4077121	12.73525
51066	-4295.256	-4582.384	287.1276	0.798235	0.4977605	11.93236
51072	-4294.814	-4582.934	288.1194	0.8680297	0.4051371	11.46387
51078	-4290.045	-4576.969	286.9242	0.7715929	0.3982909	12.14514
51084	-4300.136	-4585.271	285.1343	0.7715929	0.3465661	13.13149
51090	-4309.669	-4594.514	284.8444	0.8354484	0.501323	13.09908
51096	-4306.685	-4591.427	284.7419	0.695439	0.393171	13.32574
51102	-4325.32	-4614.893	289.5738	0.9304497	0.393171	10.68172
51108	-4314.783	-4601.601	286.818	0.7485096	0.3158136	12.30218
51114	-4320.843	-4604.864	284.0205	0.8177961	0.3344726	13.6994
51120	-4329.491	-4612.646	283.1548	0.6530269	0.3690701	14.19613
51126	-4334.736	-4621.549	286.8132	0.8545529	0.4287836	12.12978
51132	-4320.267	-4609.252	288.9846	0.9339531	0.3599624	11.02365
51138	-4309.437	-4596.522	287.0845	0.7447435	0.3599624	12.11549
51144	-4309.924	-4595.927	286.0032	0.7414352	0.3357789	12.70726
51150	-4314.882	-4597.506	282.624	0.7525908	0.357982	14.43136
51156	-4311.815	-4600.235	288.4194	0.8242613	0.4257932	11.30958
51162	-4296.623	-4581.118	284.4951	0.8825167	0.4613527	13.29139
51168	-4310.182	-4594.959	284.7775	0.6812851	0.4244155	13.28377
51174	-4314.675	-4600.816	286.1413	0.7457382	0.3347789	12.63425
51180	-4309.302	-4595.227	285.9256	0.6454446	0.4318767	12.69823
51186	-4308.664	-4593.276	284.612	0.7568288	0.4012786	13.35317
51192	-4326.313	-4613.189	286.8766	0.9305914	0.4231024	12.06253
51198	-4322.262	-4607.588	285.3257	0.7473605	0.2989469	13.09967
51204	-4312.472	-4599.144	286.6719	0.8102689	0.4002245	12.25456
51210	-4306.91	-4596.072	289.1619	0.7450489	0.4002245	10.98762
51216	-4302.494	-4588.018	285.5238	0.8205819	0.3275647	12.92482
51222	-4309.052	-4595.003	285.9506	0.8278976	0.5136459	12.51693
51228	-4309.196	-4591.778	282.5818	0.6589379	0.3801259	14.4784
51234	-4311.522	-4597.757	286.2352	0.7534389	0.4047131	12.50726
51240	-4314.684	-4600.881	286.1963	0.6218753	0.3834506	12.61757
51246	-4315.809	-4603.146	287.3369	0.7731923	0.3314246	12.00067
51252	-4318.472	-4605.967	287.4953	0.8391603	0.3314246	11.88357
51258	-4307.272	-4591.996	284.7246	0.7099927	0.4642921	13.25915
51264	-4327.446	-4611.726	284.2794	0.5639719	0.312989	13.72154
51270	-4313.911	-4599.222	285.311	0.7361659	0.3536735	13.05027
51276	-4320.714	-4607.02	286.3064	0.7361659	0.4557155	12.4304
51282	-4324.051	-4611.926	287.8754	0.7487106	0.358895	11.70179
51288	-4327.085	-4612.505	285.4206	0.7641419	0.4296446	12.90133
51294	-4326.087	-4611.51	285.4238	0.6855676	0.3627295	13.00814
51300	-4327.954	-4611.715	283.7605	0.7286157	0.3999306	13.81116
51306	-4326.808	-4611.717	284.9093	0.8115178	0.4128433	13.15885
51312	-4334.523	-4620.361	285.8382	0.8115178	0.4138011	12.67476
51318	-4339.587	-4624.752	285.1645	0.8022245	0.3268884	13.12199
51324	-4329.627	-4616.64	287.013	0.7039313	0.311784	12.22852
51330	-4312.136	-4598.875	286.7387	0.8607152	0.3511029	12.24498
51336	-4318.133	-4604.354	286.2203	0.7169812	0.3511029	12.58992
51342	-4315.944	-4603.261	287.3168	0.6914292	0.3698424	12.01161
51348	-4329.539	-4616.822	287.2825	0.7514907	0.3572711	12.01161
51354	-4323.718	-4609.752	286.034	0.8022872	0.3812476	12.61041
51360	-4322.059	-4608.32	286.261	0.8131995	0.3686716	12.49973
51366	-4327.566	-4612.469	284.903	0.7368864	0.3951162	13.21855
51372	-4321.818	-4609.257	287.4399	0.703458	0.4636047	11.84912
51378	-4317.1	-4605.047	287.9472	0.8596574	0.4470952	11.51775
51384	-4347.8	-4632.634	284.8344	0.9748474	0.4062721	13.11933
51390	-4324.951	-4611.742	286.7901	0.9624978	0.4322611	12.08222
51396	-4318.404	-4603.345	284.9408	0.8771835	0.4571059	13.0664
51402	-4328.36	-4612.631	284.271	0.8771835	0.3375637	13.53511
51408	-4320.35	-4607.357	287.0063	0.822086	0.3819031	12.09274
51414	-4313.978	-4599.937	285.9589	0.7370773	0.3810425	12.68366
51420	-4321.527	-4607.425	285.8979	0.8365916	0.3620512	12.68366
51426	-4325.032	-4611.442	286.41	0.7735755	0.4273125	12.38361
51432	-4315.875	-4601.581	285.7059	0.7162688	0.3447918	12.86497
51438	-4322.277	-4609.093	286.8154	0.7658371	0.4014275	12.20172
51444	-4319.108	-4607.916	288.8078	0.7897772	0.4930409	11.06259
51450	-4319.763	-4608.572	288.8088	0.8111431	0.3686581	11.17066
51456	-4334.605	-4621.552	286.9468	0.7798674	0.385795	12.14176
51462	-4335.839	-4625.424	289.5851	0.841283	0.3967728	10.71886
51468	-4330.118	-4617.911	287.7935	0.9206934	0.3816233	11.63066
51474	-4313.334	-4600.732	287.3986	0.729715	0.3947381	11.92312
51480	-4303.377	-4590.481	287.1043	0.7846029	0.4520703	11.99254
51486	-4323.504	-4611.192	287.6875	0.6796661	0.3696793	11.82444
51492	-4303.956	-4590.354	286.398	0.8529041	0.3696793	12.40659
51498	-4317.842	-4603.747	285.9056	0.8529041	0.3192204	12.71898
51504	-4319.03	-4603.762	284.7323	0.8258316	0.3192204	13.34315
51510	-4330.989	-4615.537	284.5475	0.7158997	0.5038312	13.31332
51516	-4325.034	-4608.276	283.2415	0.6507763	0.4032287	14.11741
51522	-4331.578	-4618.098	286.5197	0.7142545	0.4032287	12.38095
51528	-4322.128	-4605.833	283.7045	0.6965478	0.39223	13.86461
51534	-4329.364	-4618.958	289.5936	0.8875608	0.5296202	10.56814
51540	-4313.744	-4600.243	286.4994	0.7812612	0.405033	12.3548
51546	-4313.007	-4602.99	289.9832	0.9540481	0.5249538	10.33257
51552	-4314.396	-4604.939	290.5433	1.016803	0.5216074	10.00783
51558	-4344.485	-4628.997	284.5124	0.7601868	0.3523471	13.45419
51564	-4346.374	-4628.377	282.0028	0.7249259	0.4568204	14.66966
51570	-4325.284	-4611.523	286.2395	0.8748231	0.3469961	12.50226
51576	-4328.032	-4616.905	288.8729	0.8301221	0.353664	11.14336
51582	-4317.673	-4604.781	287.1084	0.7174538	0.2887756	12.19969
51588	-4329.533	-4616.455	286.9226	0.762786	0.351535	12.19969
51594	-4319.101	-4607.096	287.9952	0.7949421	0.3812571	11.59134
51600	-4335.267	-4620.392	285.1252	0.8442807	0.4317408	13.01132
51606	-4328.96	-4615.41	286.4497	0.7337876	0.3388861	12.47525
51612	-4304.958	-4591.403	286.4448	0.7387113	0.3388861	12.47525
51618	-4311.622	-4598.014	286.3924	0.7910939	0.3388861	12.47525
51624	-4309.773	-4598.328	288.5551	0.8490726	0.3323856	11.32354
51630	-4313.277	-4599.455	286.1777	0.7921751	0.408755	12.51298
51636	-4321.82	-4608.749	286.9292	0.6996361	0.5007014	12.08481
51642	-4310.407	-4597.572	287.1653	0.838431	0.3440321	12.04195
51648	-4319.339	-4606.475	287.1361	0.7103255	0.3669881	12.09905
51654	-4328.293	-4614.148	285.8545	0.7594178	0.3613823	12.7471
51660	-4345.891	-4630.919	285.0282	0.7205305	0.3558588	13.203
51666	-4335.813	-4622.702	286.8885	0.8421451	0.3558588	12.17136
51672	-4316.348	-4598.726	282.3777	0.7979766	0.4105863	14.48143
51678	-4333.212	-4617.699	284.4873	0.8130236	0.4105863	13.37952
51684	-4331.082	-4615.14	284.0585	0.7708018	0.5242677	13.52156
51690	-4331.707	-4616.928	285.2214	0.80072	0.4796715	12.93997
51696	-4325.436	-4610.097	284.6605	0.7613822	0.4740127	13.25702
51702	-4329.904	-4617.322	287.4183	0.8175123	0.4218811	11.84007
51708	-4327.547	-4616.169	288.6221	0.8722139	0.4218811	11.18224
51714	-4330.98	-4616.869	285.8885	0.8562737	0.4425842	12.59767
51720	-4353.546	-4646.127	292.5808	1.119884	0.3869488	9.004173
51726	-4336.518	-4629.576	293.0582	1.021927	0.447522	8.742916
51732	-4342.156	-4629.404	287.2485	0.7723243	0.3905287	11.98346
51738	-4332.533	-4622.215	289.6819	0.8820379	0.4318181	10.61212
51744	-4330.874	-4617.987	287.1128	0.9594968	0.3973004	11.94977
51750	-4325.9	-4612.78	286.88	0.8897924	0.4452398	12.06102
51756	-4337.881	-4623.661	285.7797	0.8450517	0.2998253	12.81165
51762	-4321.771	-4607.918	286.1461	0.7651733	0.4373845	12.51586
51768	-4314.52	-4603.564	289.0445	0.7829635	0.4373845	10.99291
51774	-4296.305	-4585.464	289.1589	0.7710268	0.3832927	10.99291
51780	-4300.39	-4588.774	288.3842	0.8462028	0.4357143	11.30701
51786	-4293.636	-4581.594	287.9581	0.8275873	0.3478303	11.6295
51792	-4298.705	-4585.67	286.9647	0.8159601	0.4878558	12.01673
51798	-4300.184	-4586.209	286.0247	0.8199189	0.3809195	12.6064
51804	-4304.154	-4590.261	286.1069	0.8096124	0.409219	12.54035
51810	-4306.162	-4592.554	286.3917	0.9067942	0.4998686	12.25776
51816	-4304.576	-4590.931	286.3552	0.8967205	0.4394428	12.33643
51822	-4302.13	-4586.126	283.9959	0.7749457	0.3597349	13.70662
51828	-4306.601	-4592.968	286.3673	0.7701817	0.3597349	12.47633
51834	-4305.603	-4593.607	288.0043	0.88436	0.2998907	11.63131
51840	-4305.455	-4593.256	287.8011	0.7895567	0.3703125	11.70708
51846	-4297.202	-4584.527	287.3246	0.7337548	0.4257802	11.92892
51852	-4301.145	-4590.109	288.9638	0.8477931	0.4470273	10.99213
51858	-4307.249	-4594.5	287.2517	0.723808	0.4072834	11.99027
51864	-4301.105	-4588.76	287.6547	0.9074127	0.3714804	11.72075
51870	-4311	-4599.666	288.666	0.9243911	0.4899528	11.06907
51876	-4299.676	-4586.382	286.7069	0.887313	0.3941527	12.20232
51882	-4309.742	-4595.916	286.1738	0.8329916	0.519292	12.39327
51888	-4311.39	-4595.518	284.1281	0.7558007	0.4630408	13.54628
51894	-4310.512	-4596.052	285.54	0.8185297	0.319018	12.92737
51900	-4315.658	-4598.709	283.0516	0.7864692	0.3959655	14.15277
51906	-4316.551	-4601.173	284.622	0.7458426	0.3178046	13.44363
51912	-4317.767	-4605.744	287.9765	0.7511132	0.3119929	11.70088
51918	-4298.126	-4585.295	287.1686	0.8421214	0.4009695	11.97818
51924	-4304.601	-4593.037	288.4366	0.7439047	0.4360382	11.3328
51930	-4308.021	-4597.781	289.7605	0.8668488	0.4137749	10.59642
51936	-4310.072	-4600.056	289.9842	0.8771143	0.3888982	10.49871
51942	-4322.681	-4610.335	287.6542	0.8290329	0.5070991	11.63327
51948	-4322.475	-4611.146	288.6702	0.8023619	0.3984609	11.21687
51954	-4327.767	-4613.959	286.1921	0.9483577	0.3393132	12.49722
51960	-4339.725	-4623.728	284.0026	0.7417727	0.4547413	13.62628
51966	-4336.764	-4623.977	287.2126	0.8905804	0.3973656	11.93354
51972	-4339.563	-4625.766	286.2033	0.8683608	0.4157943	12.45307
51978	-4330.803	-4619.727	288.9242	0.8398869	0.3832902	11.07979
51984	-4324.558	-4610.038	285.4801	0.8949732	0.3627214	12.86994
51990	-4317.643	-4602.465	284.8223	0.7139099	0.4174552	13.25024
51996	-4316.206	-4602.302	286.096	0.8535371	0.5095578	12.43128
52002	-4323.261	-4605.622	282.361	0.7713593	0.322872	14.59688
52008	-4324.124	-4608.385	284.2616	0.7713593	0.3490259	13.5822
52014	-4321.162	-4603.432	282.2704	0.7814844	0.430749	14.52606
52020	-4316.175	-4600.027	283.8517	0.7618506	0.3553104	13.79302
52026	-4330.607	-4619.203	288.5957	0.7526216	0.3263946	11.35959
52032	-4332.815	-4618.371	285.5561	0.7584698	0.2927606	12.98165
52038	-4330.16	-4616.161	286.0006	0.7631791	0.3777177	12.65184
52044	-4322.32	-4606.779	284.4589	0.6576912	0.4595788	13.4286
52050	-4325.985	-4617.169	291.1839	0.9220247	0.3622442	9.872448
52056	-4324.779	-4615.878	291.0996	1.027953	0.4756557	9.749113
52062	-4324.629	-4612.777	288.1485	0.9281872	0.4721479	11.3537
52068	-4327.464	-4612.816	285.3521	0.8948459	0.4030204	12.89499
52074	-4302.153	-4592.629	290.4758	0.8313134	0.4152989	10.23786
52080	-4315.583	-4603.418	287.8346	0.916968	0.3659423	11.62767
52086	-4317.341	-4605.418	288.0771	0.7503641	0.3317582	11.62574
52092	-4329.664	-4617.458	287.7947	0.9278182	0.3808239	11.62715
52098	-4330.879	-4615.069	284.1897	0.8370868	0.4304588	13.50236
52104	-4324.454	-4613.457	289.003	0.821899	0.4036875	11.02713
52110	-4321.852	-4611.453	289.6006	0.8357901	0.4093125	10.70102
52116	-4320.958	-4613.826	292.8679	1.084582	0.3499603	8.910717
52122	-4315.89	-4607.582	291.6917	0.930946	0.4269839	9.533591
52128	-4312.68	-4598.723	286.0424	0.8618755	0.3454485	12.61335
52134	-4319.252	-4606.786	287.5344	0.834113	0.3479489	11.84724
52140	-4322.727	-4605.922	283.1944	0.7941216	0.4101393	14.06068
52146	-4328.856	-4615.562	286.7068	1.058063	0.4911377	12.02213
52152	-4351.033	-4636.191	285.1582	0.8481762	0.3917485	13.03144
52158	-4340.275	-4623.495	283.2194	0.7631514	0.4114731	14.06247
52164	-4337.282	-4621.376	284.0941	0.6420889	0.3975112	13.68543
52170	-4324.644	-4608.717	284.0726	0.6635999	0.3975112	13.68543
52176	-4318.877	-4607.331	288.4537	0.8939639	0.4641977	11.21917
52182	-4325.64	-4615.144	289.5039	0.8549079	0.377195	10.77455
52188	-4324.134	-4609.672	285.538	0.7917574	0.3964864	12.85845
52194	-4318.846	-4609.84	290.994	0.9653266	0.4043798	9.905629
52200	-4326.16	-4613.441	287.2802	0.850789	0.4043798	11.91203
52206	-4328.056	-4613.044	284.9876	0.7729081	0.3918582	13.15912
52212	-4344.532	-4630.609	286.0766	1.12764	0.3559928	12.44557
52218	-4346.186	-4633.676	287.4902	0.9678979	0.2799964	11.88091
52224	-4335.37	-4622.801	287.4304	0.9578426	0.2654116	11.93621
52230	-4326.615	-4612.315	285.7	0.8624788	0.2654116	12.88741
52236	-4308.573	-4595.668	287.0952	1.014931	0.4446863	11.88395
52242	-4300.928	-4587.763	286.8352	0.904347	0.3498496	12.17332
52248	-4309.077	-4599.262	290.1855	0.9458309	0.4148811	10.33064
52254	-4303.578	-4590.637	287.0591	0.8469389	0.3364454	12.10141
52260	-4325.631	-4613.484	287.8526	0.8450571	0.5089464	11.51968
52266	-4326.746	-4611.538	284.7924	0.9378899	0.3527837	13.21592
52272	-4325.629	-4611.917	286.2875	0.9015548	0.3061323	12.51032
52278	-4334.082	-4620.177	286.0954	0.8130803	0.4366549	12.51801
52284	-4315.903	-4605.008	289.1045	1.028145	0.3118004	10.96614
52290	-4330.045	-4619.077	289.0318	1.000194	0.3581757	10.96614
52296	-4327.865	-4614.907	287.0414	0.8054536	0.3745009	12.09085
52302	-4335.459	-4622.76	287.3006	0.743475	0.3965029	11.96526
52308	-4338.17	-4624.265	286.0953	0.7542043	0.4763631	12.51226
52314	-4324.833	-4610.439	285.6054	0.7409905	0.4023392	12.84391
52320	-4327.8	-4610.987	283.1871	0.8873266	0.3144515	14.11859
52326	-4322.084	-4607.212	285.1279	0.7585669	0.4067166	13.07879
52332	-4320.26	-4605.244	284.9844	0.8385783	0.4409421	13.07879
52338	-4332.394	-4617.349	284.9545	0.8789178	0.4925059	13.02686
52344	-4319.412	-4607.459	288.0468	0.8717493	0.355513	11.55165
52350	-4322.365	-4610.194	287.829	0.8175484	0.4130683	11.6342
52356	-4328.648	-4614.379	285.7305	0.845388	0.4130683	12.7139
52362	-4321.799	-4608.488	286.6892	0.8127305	0.3991101	12.24538
52368	-4328.377	-4615.156	286.779	0.7229751	0.3991101	12.24538
52374	-4310.997	-4597.753	286.7561	0.8549722	0.5275688	12.07131
52380	-4312.165	-4597.517	285.3521	0.8775461	0.4995115	12.81468
52386	-4312.783	-4598.489	285.7055	0.6886795	0.3700239	12.85228
52392	-4318.382	-4605.272	286.8902	0.8167876	0.4286363	12.1095
52398	-4313.115	-4598.542	285.4279	0.731693	0.4255086	12.91841
52404	-4331.206	-4620.408	289.2019	0.8845821	0.3482053	10.94852
52410	-4327.665	-4612.349	284.684	0.789361	0.4449352	13.25676
52416	-4320.986	-4610.288	289.3016	0.9590848	0.3764477	10.82675
52422	-4325.32	-4611.875	286.555	0.8849279	0.4079787	12.26887
52428	-4330.813	-4615.42	284.6071	0.8276283	0.458612	13.26425
52434	-4308.773	-4594.092	285.32	0.7692933	0.3476753	13.03494
52440	-4311.665	-4598.394	286.7291	0.8066338	0.3775462	12.24988
52446	-4318.484	-4601.644	283.1595	0.6439637	0.3755387	14.19161
52452	-4323.826	-4609.533	285.7075	0.6635943	0.344386	12.89198
52458	-4314.542	-4599.174	284.6322	0.7869865	0.453438	13.27703
52464	-4325.768	-4613.479	287.7115	0.731859	0.4506399	11.70442
52470	-4313.666	-4601.234	287.5678	0.8929777	0.3830032	11.76157
52476	-4315.542	-4603.118	287.5757	0.7937657	0.4309093	11.76157
52482	-4308.826	-4594.603	285.7775	0.8317333	0.4320357	12.67822
52488	-4310.219	-4597.139	286.9196	0.8856894	0.4732403	12.01685
52494	-4311.15	-4599.625	288.4753	0.8429883	0.4221768	11.27404
52500	-4322.054	-4605.572	283.5174	0.6778323	0.4163596	13.94742
52506	-4323.862	-4608.71	284.8486	0.7917417	0.314338	13.30613
52512	-4316.273	-4598.289	282.0157	0.7439677	0.4012265	14.70608
52518	-4322.89	-4607.486	284.5959	0.7030715	0.4811458	13.31455
52524	-4331.11	-4619.617	288.5068	0.930439	0.3918285	11.24207
52530	-4345.079	-4632.483	287.4039	0.7435564	0.4291179	11.87922
52536	-4329.666	-4616.62	286.9542	0.7981713	0.4395624	12.07543
52542	-4325.75	-4615.666	289.9158	0.9607555	0.5647447	10.33187
52548	-4317.323	-4605.815	288.4921	0.8469279	0.4104399	11.27473
52554	-4325.067	-4608.134	283.0677	0.7223499	0.378573	14.1954
52560	-4325.493	-4610.416	284.9222	0.8950873	0.4178738	13.10379
52566	-4314.836	-4599.645	284.8094	0.7945159	0.4139149	13.21853
52572	-4305.824	-4594.009	288.1842	0.7601823	0.4139149	11.47772
52578	-4302.763	-4592.07	289.3069	0.8911014	0.4518864	10.78509
52584	-4302.736	-4591.187	288.4516	0.892259	0.3743746	11.30904
52590	-4283.559	-4571.129	287.5692	0.7401742	0.4530722	11.77212
52596	-4286.19	-4574.111	287.9213	0.7544299	0.4464932	11.58688
52602	-4285.123	-4574.95	289.8276	0.899522	0.3669861	10.59218
52608	-4291.937	-4577.155	285.2175	0.7496723	0.4754164	12.97232
52614	-4299.627	-4584.987	285.3601	0.7231022	0.4560959	12.92943
52620	-4305.661	-4595.42	289.7583	0.8663058	0.3467318	10.66806
52626	-4291.251	-4578.587	287.3357	0.7393687	0.3467318	12.00176
52632	-4294.207	-4579.707	285.4998	0.910675	0.47149	12.74521
52638	-4315.023	-4602.458	287.4357	0.910675	0.4890649	11.72041
52644	-4302.631	-4586.883	284.2515	0.8359771	0.4890649	13.41746
52650	-4300.522	-4589.405	288.8829	0.9852455	0.433143	10.97562
52656	-4307.075	-4594.121	287.0464	0.7763826	0.4443097	12.03422
52662	-4303.403	-4592.299	288.8964	0.8098737	0.4381306	11.05567
52668	-4302.243	-4591.401	289.1579	0.7704992	0.4638126	10.91542
52674	-4320.916	-4605.896	284.981	0.8417213	0.3923773	13.1263
52680	-4333.364	-4619.768	286.4047	0.7659417	0.3617782	12.45684
52686	-4332.232	-4619.048	286.8158	0.7523969	0.3906042	12.21948
52692	-4327.813	-4616.788	288.9754	0.8853946	0.3654889	11.04791
52698	-4320.328	-4607.337	287.0095	0.8582075	0.4693717	11.98778
52704	-4305.629	-4593.869	288.2408	0.8595318	0.5171596	11.30213
52710	-4315.216	-4603.347	288.1308	0.8304119	0.5608242	11.33906
52716	-4315.558	-4603.917	288.3593	0.8756366	0.416594	11.32314
52722	-4330.123	-4614.623	284.4995	0.6211642	0.4088784	13.47452
52728	-4337.803	-4624.756	286.9526	0.7499589	0.3859886	12.15414
52734	-4308.326	-4597.012	288.6863	0.9337607	0.3736915	11.16522
52740	-4301.784	-4590.527	288.7429	0.814092	0.431263	11.14035
52746	-4317.031	-4602.484	285.4529	0.8331163	0.3775244	12.90066
52752	-4294.808	-4581.833	287.0251	0.7110211	0.4292765	12.09369
52758	-4307.626	-4597.24	289.6141	0.8331807	0.3928507	10.71192
52764	-4310.762	-4599.958	289.1966	0.8828113	0.4459321	10.85279
52770	-4297.392	-4581.815	284.4231	0.6654782	0.3768385	13.52365
52776	-4298.577	-4583.746	285.1689	0.7030516	0.404311	13.08871
52782	-4303.765	-4590.702	286.9377	0.7650997	0.3803134	12.15989
52788	-4308.446	-4595.354	286.9082	0.70614	0.4264798	12.15989
52794	-4320.998	-4607.885	286.887	0.7272918	0.4264798	12.15989
52800	-4315.551	-4599.993	284.4424	0.6871698	0.4264798	13.45276
52806	-4313.672	-4601.934	288.2621	0.7812829	0.4536376	11.38801
52812	-4310.704	-4594.317	283.6136	0.763849	0.3961717	13.8729
52818	-4306.929	-4596.548	289.6188	0.7483331	0.3147896	10.83975
52824	-4304.46	-4593.602	289.1427	0.8887197	0.3415884	10.98476
52830	-4313.559	-4598.969	285.4103	0.9331894	0.4449098	12.80436
52836	-4297.07	-4584.611	287.5407	0.8490862	0.4479848	11.73485
52842	-4300.325	-4586.735	286.4097	0.8097171	0.3459987	12.44864
52848	-4316.321	-4598.893	282.5722	0.7372349	0.4379522	14.38591
52854	-4309.944	-4599.231	289.2868	0.9036331	0.4245281	10.81504
52860	-4311.324	-4600.775	289.4509	0.9131769	0.3555725	10.79494
52866	-4315.188	-4604.191	289.0029	0.8484521	0.3763429	11.04138
52872	-4316.059	-4605.412	289.3534	0.8264055	0.3895484	10.85554
52878	-4314.409	-4600.053	285.6439	0.8573508	0.48424	12.68665
52884	-4319.57	-4606.801	287.2315	0.8173713	0.5033389	11.86336
52890	-4315.717	-4604.931	289.2145	0.9420081	0.4330831	10.82454
52896	-4328.959	-4615.52	286.5603	0.7652083	0.3435712	12.39606
52902	-4324.265	-4608.688	284.4231	0.7826205	0.3688051	13.47122
52908	-4316.829	-4601.437	284.6088	0.8656911	0.3441747	13.35826
52914	-4317.496	-4602.977	285.4813	0.8224841	0.4022383	12.86621
52920	-4317.598	-4604.414	286.8163	0.6777047	0.3867537	12.2621
52926	-4314.881	-4603.266	288.385	0.8751662	0.3745944	11.35258
52932	-4314.132	-4601.679	287.547	0.8645827	0.4118267	11.75811
52938	-4312.936	-4598.821	285.8853	0.793279	0.4148564	12.6587
52944	-4322.337	-4607.804	285.4672	0.7395202	0.355118	12.96573
52950	-4324.032	-4609.463	285.4306	0.8563517	0.355118	12.92398
52956	-4323.827	-4609.577	285.7499	0.9486792	0.3579593	12.70675
52962	-4314.576	-4603.161	288.5854	0.9486792	0.4105675	11.17252
52968	-4311.627	-4603.038	291.4112	1.091689	0.3809928	9.643212
52974	-4296.665	-4582.923	286.2582	0.8442593	0.3945799	12.45813
52980	-4306.178	-4594.29	288.1121	0.9198051	0.3945799	11.45128
52986	-4318.13	-4605.908	287.7773	0.8899236	0.3043582	11.74156
52992	-4310.153	-4597.87	287.7165	0.8127417	0.3680191	11.74156
52998	-4307.345	-4594.964	287.6183	0.8342888	0.4041875	11.74433
53004	-4318.276	-4605.489	287.2129	0.9221444	0.3455479	11.97174
53010	-4320.903	-4602.764	281.8612	0.8432365	0.4837177	14.65771
53016	-4321.499	-4605.552	284.053	0.8884951	0.4181452	13.55847
53022	-4323.802	-4609	285.1985	0.8125219	0.2931774	13.13894
53028	-4313.358	-4597.611	284.2537	0.8973134	0.3635973	13.50519
53034	-4316.225	-4605.916	289.6906	0.8995527	0.4187174	10.61106
53040	-4307.785	-4594.339	286.5535	0.7282461	0.3973302	12.36193
53046	-4315.897	-4604.746	288.8495	0.6729618	0.4367599	11.15319
53052	-4315.991	-4604.391	288.4005	0.7806869	0.3495108	11.42096
53058	-4315.177	-4603.312	288.1345	0.8757713	0.4984435	11.36525
53064	-4316.382	-4607.928	291.5453	0.9295443	0.3497477	9.691767
53070	-4301.684	-4590.054	288.3705	0.9459467	0.3851034	11.31218
53076	-4302.225	-4587.417	285.1922	0.9287074	0.401929	12.96164
53082	-4304.95	-4591.481	286.5303	0.9102596	0.39581	12.28073
53088	-4307.493	-4597.612	290.1184	0.9628636	0.3654616	10.40787
53094	-4321.153	-4608.629	287.4762	0.79263	0.3424676	11.90535
53100	-4325.052	-4609.592	284.5397	0.7400605	0.477033	13.32815
53106	-4326.026	-4613.893	287.867	0.8299397	0.3808332	11.64047
53112	-4325.378	-4610.494	285.1152	0.9793462	0.5240179	12.86423
53118	-4329.004	-4616.147	287.1428	0.8728532	0.5425275	11.84788
53124	-4312.482	-4599.687	287.2046	0.7286	0.4186638	12.00114
53130	-4315.008	-4601.692	286.6839	0.916505	0.4098767	12.18334
53136	-4321.487	-4606.609	285.122	0.916505	0.4411387	12.96653
53142	-4314.457	-4600.618	286.1616	0.8269054	0.421486	12.49084
53148	-4316.862	-4607.172	290.3098	0.9313276	0.363192	10.32635
53154	-4301.445	-4589.502	288.0568	0.9313276	0.4802514	11.39278
53160	-4312.381	-4597.855	285.4737	0.9752269	0.4192423	12.77395
53166	-4316.606	-4606.308	289.702	0.9416595	0.5411184	10.47333
53172	-4314.873	-4602.373	287.4999	0.8613734	0.3693142	11.82789
53178	-4319.518	-4606.664	287.1457	0.8120024	0.3187532	12.09476
53184	-4319.965	-4602.655	282.6901	0.8413047	0.4282353	14.28007
53190	-4321.453	-4610.303	288.85	0.8542649	0.4808112	11.0175
53196	-4320.459	-4611.511	291.0521	0.8027553	0.3614368	10.00552
53202	-4318.369	-4607.546	289.1774	0.7772235	0.4181364	10.94487
53208	-4318.443	-4604.071	285.6279	0.8152726	0.3802636	12.81604
53214	-4319.651	-4605.939	286.2874	0.8499398	0.325305	12.51474
53220	-4325.84	-4612.121	286.2817	0.8554372	0.3643875	12.4715
53226	-4324.267	-4614.353	290.0864	0.969575	0.3208994	10.47115
53232	-4326.477	-4615.979	289.5019	1.111954	0.3427829	10.67811
53238	-4307.411	-4598.408	290.9961	0.8954388	0.3779355	9.968534
53244	-4309.699	-4598.563	288.8637	0.9510327	0.5329675	10.91486
53250	-4306.24	-4594.474	288.2344	0.7473766	0.3988422	11.47317
53256	-4308.561	-4592.063	283.5016	0.76832	0.4053831	13.91944
53262	-4311.679	-4598.557	286.8785	0.7417885	0.3864772	12.19657
53268	-4313.629	-4600.279	286.6498	0.7684265	0.4050725	12.28304
53274	-4311.203	-4596.725	285.5221	0.7657987	0.3443344	12.93532
53280	-4317.496	-4602.955	285.4592	0.7981559	0.3443344	12.95124
53286	-4333.387	-4622.889	289.5024	0.9254793	0.3771959	10.73833
53292	-4316.901	-4606.33	289.4293	0.9216335	0.3204538	10.84153
53298	-4313.746	-4599.089	285.3425	0.8464021	0.3753877	12.95339
53304	-4322.269	-4606.845	284.5762	0.8327013	0.4515594	13.28413
53310	-4306.537	-4593.826	287.2886	0.8253388	0.4335537	11.89247
53316	-4312.272	-4601.314	289.0416	0.9121269	0.3491469	11.01706
53322	-4311.957	-4599.201	287.2437	0.9516384	0.4492652	11.8352
53328	-4308.929	-4595.286	286.357	0.9648083	0.4143953	12.32409
53334	-4310.29	-4594.348	284.0578	0.8568441	0.3180516	13.6786
53340	-4307.881	-4594.432	286.5513	0.9026336	0.4554191	12.21629
53346	-4303.842	-4591.065	287.2226	0.8342261	0.4354077	11.9205
53352	-4307.536	-4594.311	286.7748	0.7895143	0.3552884	12.25872
53358	-4307.987	-4595.02	287.0333	0.8538816	0.3662681	12.07852
53364	-4312.278	-4599.282	287.0032	0.8388217	0.3888092	12.07852
53370	-4313.389	-4602.063	288.6738	0.8261333	0.4104605	11.1905
53376	-4315.043	-4601.441	286.3977	0.8373654	0.3674322	12.41725
53382	-4322.68	-4608.337	285.6571	0.8274667	0.3803582	12.79443
53388	-4311.141	-4598.779	287.6385	0.8417314	0.3859065	11.74843
53394	-4315.715	-4601.141	285.4259	0.7972482	0.480751	12.83444
53400	-4308.579	-4594.166	285.5874	0.7714028	0.4053652	12.83444
53406	-4322.497	-4610.828	288.3305	0.7238666	0.3435299	11.4939
53412	-4314.565	-4604.731	290.1664	0.8809089	0.4250855	10.36482
53418	-4316.423	-4601.049	284.6256	0.6752358	0.4055721	13.38423
53424	-4313.417	-4599.254	285.8371	0.7927374	0.4633671	12.63837
53430	-4306.195	-4590.897	284.7013	0.7665184	0.3487873	13.35667
53436	-4317.101	-4602.322	285.2214	0.7704969	0.3199135	13.11693
53442	-4319.671	-4606.056	286.3853	0.7322483	0.4689428	12.3793
53448	-4319.156	-4605.425	286.2691	0.6930613	0.4318804	12.49456
53454	-4314.705	-4603.085	288.3798	0.8397755	0.3613245	11.38797
53460	-4321.277	-4607.658	286.381	0.8063721	0.3993402	12.4091
53466	-4312.395	-4599.674	287.2782	0.6864282	0.3403699	12.06641
53472	-4305.358	-4590.742	285.3843	0.7995407	0.4021356	12.92866
53478	-4317.828	-4605.505	287.6773	0.6617871	0.3963892	11.81142
53484	-4311.37	-4596.747	285.3774	0.8307999	0.4473179	12.87249
53490	-4314.009	-4601.034	287.0249	0.8140501	0.4194215	12.04957
53496	-4311.904	-4600.617	288.7129	1.014615	0.4818025	11.00443
53502	-4307.782	-4596.16	288.3777	1.067095	0.383275	11.24696
53508	-4311.136	-4599.234	288.0971	0.9799262	0.4208239	11.40157
53514	-4312.167	-4600.5	288.3332	0.8697371	0.3568299	11.40157
53520	-4303.274	-4589.401	286.1268	0.8952897	0.3490729	12.548
53526	-4308.618	-4594.209	285.5914	0.8226417	0.5180985	12.70292
53532	-4297.358	-4585.793	288.4352	0.9120173	0.4002464	11.28062
53538	-4299.494	-4587.315	287.8219	0.7582353	0.3345011	11.75181
53544	-4309.209	-4594.133	284.9237	0.6751085	0.3270519	13.31296
53550	-4312.143	-4597.274	285.1319	0.871486	0.4725419	12.95607
53556	-4315.992	-4603.991	287.9993	0.7842899	0.4866554	11.49406
53562	-4314.306	-4599.917	285.6111	0.8665123	0.372718	12.80601
53568	-4319.544	-4605.351	285.8069	0.8400625	0.4381853	12.65273
53574	-4323.21	-4611.367	288.1563	0.9026711	0.389587	11.44221
53580	-4323.344	-4608.882	285.5381	0.8772795	0.4534037	12.75909
53586	-4305.092	-4594.017	288.9258	0.9492119	0.3448976	11.063
53592	-4300.461	-4587.076	286.6148	0.8254895	0.3910735	12.2857
53598	-4314.318	-4596.983	282.6649	0.8064781	0.2846232	14.46713
53604	-4327.507	-4615.799	288.2918	0.8049764	0.3848455	11.42736
53610	-4312.559	-4601.396	288.8369	0.9693281	0.34021	11.10425
53616	-4312.096	-4598.99	286.8942	0.9282704	0.4417275	12.03683
53622	-4315.763	-4603.229	287.4652	0.9107121	0.4231581	11.76569
53628	-4310.24	-4595.906	285.6657	0.8916363	0.5118326	12.63361
53634	-4326.359	-4611.341	284.9821	0.8241944	0.3543816	13.17471
53640	-4321.819	-4607.719	285.8999	0.7310337	0.3553358	12.7448
53646	-4321.639	-4607.252	285.6126	0.8108687	0.4644006	12.7448
53652	-4326.305	-4612.709	286.4036	0.7955707	0.4361726	12.36701
53658	-4337.737	-4622.387	284.6499	0.82293	0.4361726	13.26528
53664	-4318.584	-4602.633	284.0483	0.7209454	0.3534785	13.71424
53670	-4326.686	-4610.622	283.9363	0.710926	0.4150312	13.71424
53676	-4321.569	-4607.766	286.1967	0.824455	0.3523068	12.54494
53682	-4316.939	-4604.134	287.1948	0.8990409	0.4809986	11.85939
53688	-4331.198	-4617.735	286.5366	0.7237831	0.4535818	12.31888
53694	-4320.748	-4608.169	287.4215	0.8670013	0.4681746	11.76924
53700	-4313.077	-4600.765	287.6877	0.879447	0.3942182	11.6945
53706	-4318.069	-4606.168	288.0982	0.8426389	0.3942182	11.49926
53712	-4323.007	-4610.138	287.1309	0.8426389	0.4261497	11.97283
53718	-4314.857	-4602.293	287.4351	0.7903179	0.3248425	11.94801
53724	-4315.552	-4602.869	287.3171	0.7935815	0.3514458	11.97798
53730	-4318.178	-4602.962	284.7834	0.7362896	0.3508729	13.32743
53736	-4300.747	-4589.003	288.2561	0.7817833	0.3241949	11.52444
53742	-4311.421	-4598.525	287.1037	0.7817833	0.4853664	11.96428
53748	-4315.316	-4603.314	287.9977	0.9097702	0.4555635	11.4573
53754	-4319.467	-4604.254	284.7873	0.7793768	0.4148299	13.23698
53760	-4316.047	-4601.784	285.7372	0.9337074	0.446131	12.6328
53766	-4317.552	-4603.298	285.7465	0.8689383	0.3205587	12.79192
53772	-4331.827	-4615.713	283.8857	0.740046	0.4398135	13.70171
53778	-4333.97	-4617.757	283.7877	0.8393295	0.4390845	13.70171
53784	-4344.398	-4631.282	286.8841	0.8707537	0.3638536	12.15013
53790	-4336.042	-4623.69	287.648	0.7951242	0.4665211	11.68997
53796	-4323.504	-4610.99	287.4863	0.8455935	0.3512098	11.86277
53802	-4337.049	-4624.082	287.0335	0.9044458	0.3236423	12.09938
53808	-4326.479	-4617.3	290.8211	0.9416887	0.5033548	9.916747
53814	-4326.974	-4614.439	287.4647	0.9115009	0.4703877	11.72143
53820	-4325.872	-4616.36	290.4879	1.011498	0.4646735	10.08981
53826	-4313.353	-4603.715	290.3614	0.9141754	0.3471089	10.32588
53832	-4322.776	-4613.852	291.0763	0.9357804	0.3828167	9.899963
53838	-4320.121	-4606.92	286.7983	0.8562792	0.4362682	12.12953
53844	-4340.121	-4622.224	282.102	0.7039437	0.3776601	14.70603
53850	-4336.45	-4622.433	285.9832	0.8557719	0.4501378	12.5416
53856	-4329.696	-4618.028	288.3321	0.8830996	0.3641272	11.38725
53862	-4330.495	-4615.926	285.4303	0.849822	0.3751307	12.90622
53868	-4327.752	-4615.179	287.4278	0.8486154	0.4217231	11.81904
53874	-4327.555	-4608.251	280.6952	0.8380568	0.4124498	15.32933
53880	-4331.249	-4621.566	290.3169	1.096275	0.3658397	10.23307
53886	-4316.094	-4603.442	287.3481	0.9848793	0.3609595	11.85158
53892	-4301.093	-4590.097	289.004	0.8042312	0.3641122	11.07693
53898	-4317.458	-4608.069	290.611	0.959297	0.3252948	10.19578
53904	-4316.91	-4606.44	289.5306	0.8419977	0.3882359	10.75579
53910	-4315.354	-4600.828	285.4742	0.8259666	0.4547226	12.8178
53916	-4323.798	-4613.101	289.3028	0.9776597	0.4341724	10.75856
53922	-4319.69	-4610.827	291.1371	0.8570275	0.4527074	9.840473
53928	-4322.534	-4610.083	287.5497	0.9773834	0.3453853	11.76729
53934	-4324.295	-4612.317	288.0224	0.8753862	0.3832011	11.53307
53940	-4318.124	-4601.825	283.7001	0.7344917	0.3517842	13.88969
53946	-4315.921	-4599.41	283.4885	0.8145547	0.4182305	13.88969
53952	-4327.131	-4609.989	282.8574	0.7618288	0.3104222	14.35922
53958	-4329.287	-4609.625	280.338	0.8974694	0.427937	15.46828
53964	-4326.34	-4612.05	285.7101	0.9423366	0.5310193	12.56808
53970	-4344.205	-4627.598	283.3927	0.8086262	0.3910259	13.9694
53976	-4340.097	-4624.985	284.8875	0.8687448	0.4622305	13.09382
53982	-4328.808	-4613.724	284.9155	0.9436441	0.4058585	13.09382
53988	-4316.101	-4602.781	286.6802	0.8801525	0.3688181	12.24624
53994	-4317.731	-4605.748	288.0174	0.9590931	0.4772085	11.40161
54000	-4316.747	-4602.931	286.1837	0.8338473	0.3916842	12.5053
54006	-4331.872	-4618.149	286.277	0.8178326	0.5682887	12.30756
54012	-4326.102	-4613.862	287.7605	0.8464759	0.5795439	11.5095
54018	-4315.02	-4602.734	287.7138	0.8998163	0.4824888	11.58657
54024	-4322.254	-4610.269	288.0145	0.8077727	0.392013	11.56346
54030	-4310.766	-4598.173	287.4069	0.8951765	0.4387822	11.78928
54036	-4315.457	-4601.914	286.4573	0.8264879	0.4372922	12.32188
54042	-4336.755	-4623.933	287.1783	0.8566313	0.4657577	11.90378
54048	-4345.664	-4633.007	287.343	0.9504138	0.3324886	11.90378
54054	-4317.442	-4605.604	288.1615	0.8687126	0.3640606	11.48403
54060	-4321.144	-4608.879	287.7353	0.735685	0.4129586	11.72597
54066	-4316.77	-4607.4	290.6298	0.9463262	0.4351244	10.0771
54072	-4323.123	-4611.157	288.0342	0.9218855	0.5058307	11.3872
54078	-4322.075	-4612.574	290.4991	0.85079	0.4052468	10.22539
54084	-4335.773	-4621.928	286.1553	0.8169668	0.3381823	12.58604
54090	-4332.692	-4615.823	283.1309	0.8793709	0.2601638	14.21934
54096	-4320.668	-4605.865	285.1965	0.9193108	0.3495371	13.01911
54102	-4317.059	-4603.472	286.4129	0.8038061	0.3451124	12.45103
54108	-4333.616	-4617.419	283.8032	0.7989952	0.3581289	13.79587
54114	-4331.721	-4617.591	285.8697	0.8294708	0.3649783	12.6989
54120	-4349.803	-4632.104	282.3007	0.774072	0.4487688	14.49738
54126	-4320.432	-4606.089	285.6567	0.7488045	0.3699799	12.8464
54132	-4327.242	-4612.988	285.7463	0.8463366	0.4082373	12.70995
54138	-4330.042	-4617.957	287.9152	0.8036828	0.453563	11.55775
54144	-4330.409	-4618.96	288.551	0.8400705	0.3671944	11.29197
54150	-4322.272	-4606.439	284.1671	0.7220652	0.3528577	13.65269
54156	-4312.895	-4599.312	286.4174	0.8469369	0.4666115	12.3049
54162	-4310.739	-4597.178	286.4385	0.8670865	0.4432532	12.3049
54168	-4318.584	-4604.948	286.3637	0.7760369	0.4375641	12.39668
54174	-4308.403	-4596.271	287.8677	0.7757239	0.4434662	11.60656
54180	-4307.996	-4595.648	287.6521	0.877571	0.3392436	11.77278
54186	-4316.47	-4601.491	285.0211	0.5969882	0.4686639	13.15986
54192	-4319.84	-4605.555	285.7151	0.6386656	0.3928689	12.8496
54198	-4310.001	-4595.075	285.0742	0.755138	0.3554877	13.1615
54204	-4324.354	-4609.283	284.9291	0.7121943	0.3510357	13.26408
54210	-4324.734	-4610.077	285.3437	0.848385	0.3841357	12.94267
54216	-4325.454	-4610.579	285.1251	0.730518	0.3697084	13.13266
54222	-4319.228	-4606.312	287.0837	0.8311955	0.3208642	12.11463
54228	-4326.082	-4612.774	286.6915	0.8543435	0.4740187	12.15147
54234	-4328.14	-4613.128	284.9879	0.8941148	0.4134607	13.07445
54240	-4340.526	-4628.82	288.2934	0.8374735	0.3507915	11.44585
54246	-4324.698	-4608.931	284.2321	0.7001239	0.4271884	13.55455
54252	-4329.268	-4615.292	286.0236	0.8193886	0.3325478	12.6597
54258	-4333.374	-4619.283	285.909	0.7956604	0.3874896	12.6725
54264	-4323.654	-4610.835	287.1806	0.737345	0.3847264	12.04314
54270	-4325.71	-4614.996	289.2869	0.9650232	0.3020443	10.91542
54276	-4320.515	-4606.989	286.4736	0.8454749	0.4762813	12.2677
54282	-4318.898	-4604.953	286.0555	0.7423605	0.4178486	12.59368
54288	-4309.449	-4597.311	287.8625	0.7340336	0.4249836	11.64867
54294	-4316.163	-4600.333	284.1702	0.6753293	0.4636576	13.56565
54300	-4316.739	-4604.36	287.6203	0.7638884	0.4636576	11.72332
54306	-4316.378	-4601.72	285.3415	0.6859374	0.3051131	13.11592
54312	-4307.453	-4591.015	283.562	0.668277	0.3655467	13.98087
54318	-4317.989	-4605.149	287.1596	0.8314548	0.4234638	11.96627
54324	-4315.508	-4602.462	286.9533	0.6958591	0.4067038	12.16103
54330	-4317.039	-4600.53	283.4913	0.6620721	0.3855989	13.99981
54336	-4318.862	-4603.295	284.4333	0.7479616	0.4026927	13.44917
54342	-4328.941	-4612.82	283.8791	0.7479616	0.4285797	13.71163
54348	-4321.449	-4609.139	287.6899	0.8884887	0.5247059	11.56868
54354	-4332.138	-4619.075	286.937	0.8347399	0.4941069	12.01596
54360	-4331.465	-4619.651	288.1861	0.8646891	0.3420881	11.49734
54366	-4341.599	-4625.438	283.8393	0.8683813	0.4435309	13.6557
54372	-4330.428	-4612.702	282.2735	0.8530268	0.3607842	14.55786
54378	-4319.596	-4601.865	282.2689	0.8124215	0.3831167	14.55786
54384	-4328.706	-4613.544	284.8379	0.8322941	0.3699217	13.22878
54390	-4312.166	-4598.226	286.0604	0.8207116	0.4390136	12.53003
54396	-4316.045	-4600.372	284.3269	0.9148809	0.3867738	13.43382
54402	-4318.348	-4602.899	284.5505	0.8025365	0.3867738	13.37602
54408	-4317.255	-4603.826	286.5714	0.7784049	0.3324501	12.39589
54414	-4344.976	-4631.681	286.7041	0.6905159	0.3363683	12.36807
54420	-4343.961	-4627.534	283.5729	0.8017978	0.378715	13.89216
54426	-4345.519	-4629.059	283.5401	0.7970682	0.5452237	13.75984
54432	-4332.43	-4620.173	287.7428	0.9191475	0.4059378	11.63319
54438	-4336.608	-4622.223	285.6149	0.8795774	0.4948593	12.68091
54444	-4334.976	-4620.813	285.8373	0.7000035	0.41204	12.73498
54450	-4325.482	-4609.512	284.0302	0.6610941	0.4283428	13.67852
54456	-4326.507	-4616.437	289.9304	0.9254667	0.4272104	10.46333
54462	-4320.144	-4610.17	290.0268	0.8637542	0.4086553	10.46333
54468	-4315.161	-4603.322	288.1616	0.7575482	0.2974729	11.61833
54474	-4307.869	-4595.442	287.573	0.7294474	0.3345472	11.89672
54480	-4297.022	-4582.893	285.8712	0.7290916	0.3833483	12.7311
54486	-4309.849	-4596.432	286.5836	0.7002834	0.2790512	12.49432
54492	-4309.646	-4594.771	285.125	0.656256	0.3471923	13.19559
54498	-4310.386	-4598.015	287.6286	0.7607784	0.3660649	11.81666
54504	-4320.331	-4605.667	285.3366	0.7952983	0.4062866	12.95158
54510	-4317.673	-4604.642	286.9693	0.7570414	0.3903583	12.13727
54516	-4319.431	-4608.645	289.2141	0.8559743	0.4044805	10.89787
54522	-4307.022	-4593.861	286.8383	0.7052482	0.3444676	12.2814
54528	-4319.84	-4606.138	286.2985	0.7757874	0.3699137	12.49833
54534	-4316.861	-4606.928	290.0676	0.7757874	0.4277777	10.46932
54540	-4324.365	-4613.668	289.3032	0.7826787	0.4388908	10.85604
54546	-4329.337	-4618.696	289.3593	0.6936598	0.4573631	10.85604
54552	-4336.8	-4620.299	283.4984	0.69142	0.4822941	13.88926
54558	-4325.802	-4611.21	285.4071	0.6451074	0.3758495	13.02397
54564	-4322.26	-4609.233	286.9728	0.907499	0.5089061	11.94657
54570	-4326.993	-4613.183	286.1908	0.8805399	0.4417017	12.42844
54576	-4326.048	-4612.015	285.9672	0.7069685	0.3225455	12.75901
54582	-4346.071	-4632.837	286.7653	0.7403535	0.4681476	12.17772
54588	-4331.379	-4616.155	284.7753	0.742656	0.4436105	13.23481
54594	-4323.477	-4610.335	286.8579	0.7558474	0.5356283	12.06329
54600	-4308.316	-4593.566	285.2494	1.002322	0.4516319	12.84589
54606	-4317.829	-4602.518	284.6895	0.7505511	0.376062	13.34193
54612	-4317.066	-4602.079	285.0121	0.7462244	0.3980993	13.15395
54618	-4305.941	-4591.665	285.7241	0.7558677	0.4645146	12.71533
54624	-4313.414	-4602.447	289.0332	0.8012666	0.4829932	10.94735
54630	-4322.669	-4610.733	288.0637	0.9015454	0.3611916	11.52111
54636	-4315.65	-4601.105	285.4549	0.7606357	0.4711752	12.84693
54642	-4320.816	-4606.858	286.0426	0.8124105	0.3714781	12.61088
54648	-4308.775	-4594.798	286.0237	0.7120373	0.4335889	12.61088
54654	-4313.3	-4602.392	289.0924	0.8654678	0.4427171	10.91954
54660	-4328.561	-4616.05	287.4881	0.8771894	0.5309113	11.67485
54666	-4314.175	-4601.704	287.5297	0.7368668	0.3458287	11.90282
54672	-4313.309	-4599.016	285.7071	0.8368064	0.369256	12.77518
54678	-4314.714	-4601.353	286.6385	0.7236698	0.4103634	12.30704
54684	-4326.836	-4615.155	288.3195	0.661243	0.3727683	11.50065
54690	-4334.616	-4619.6	284.9835	0.7424733	0.3734098	13.19612
54696	-4332.094	-4618.691	286.5978	0.805014	0.3734098	12.32351
54702	-4332.611	-4621.237	288.6266	0.8094282	0.3628653	11.27312
54708	-4331.89	-4620.748	288.8574	0.7618305	0.366885	11.17292
54714	-4349.411	-4634.786	285.3753	0.8321351	0.3945339	12.92406
54720	-4317.129	-4602.852	285.7232	0.8106704	0.3039561	12.85395
54726	-4321.933	-4606.711	284.7784	0.922336	0.2942595	13.29884
54732	-4332.525	-4617.405	284.8809	0.7103559	0.469222	13.17327
54738	-4328.284	-4617.254	288.9703	0.7061565	0.3179742	11.19775
54744	-4333.161	-4621.74	288.579	0.6765553	0.4047524	11.32407
54750	-4331.187	-4619.963	288.7758	0.7574516	0.3796267	11.20447
54756	-4326.242	-4614.21	287.9674	0.7262905	0.3847741	11.63808
54762	-4305.309	-4593.816	288.5075	0.8541546	0.3923653	11.28109
54768	-4311.536	-4593.592	282.056	0.7147693	0.4475182	14.65592
54774	-4308.532	-4593.424	284.8927	0.6770611	0.4190839	13.23125
54780	-4311.196	-4596.064	284.8672	0.6571746	0.4080925	13.26561
54786	-4318.908	-4603.544	284.6365	0.6571746	0.3828439	13.41091
54792	-4307.352	-4594.916	287.5643	0.7907416	0.3882755	11.81138
54798	-4307.868	-4594.042	286.1744	0.6964757	0.4453675	12.52941
54804	-4305.531	-4592.375	286.8449	1.012915	0.5495581	11.92457
54810	-4309.555	-4594.894	285.3391	0.7445572	0.3272122	13.06082
54816	-4316.93	-4602.748	285.8178	0.7445572	0.3713944	12.76333
54822	-4326.062	-4608.026	281.9643	0.7699361	0.3295693	14.79526
54828	-4315.174	-4597.094	281.9196	0.7686422	0.3510105	14.79526
54834	-4336.896	-4621.742	284.8457	0.7881189	0.5125633	13.11341
54840	-4329.297	-4616.347	287.0503	0.7454911	0.5125633	11.98757
54846	-4311.586	-4600.379	288.7933	0.8039629	0.4114757	11.13854
54852	-4311.365	-4601.116	289.751	0.8442565	0.3973349	10.62969
54858	-4322.687	-4608.27	285.5831	0.7432715	0.3636492	12.89431
54864	-4328.794	-4616.209	287.4146	0.878156	0.441599	11.79149
54870	-4332.535	-4620.382	287.8479	0.8082496	0.3030932	11.74887
54876	-4342.187	-4631.495	289.3083	0.8799458	0.4771903	10.7671
54882	-4332.21	-4618.453	286.243	0.6778418	0.3311424	12.62078
54888	-4320.777	-4606.681	285.9042	0.6726486	0.401133	12.72519
54894	-4324.431	-4609.517	285.0858	0.6891878	0.3678308	13.17656
54900	-4317.134	-4604.655	287.5208	0.6629218	0.3678308	11.92216
54906	-4325.06	-4610.966	285.9063	0.665671	0.3678308	12.76207
54912	-4337.283	-4625.158	287.8747	0.7170617	0.4455023	11.63169
54918	-4332.965	-4621.714	288.7486	0.8394528	0.5192465	11.04506
54924	-4341.701	-4630.15	288.4495	0.9006278	0.5192465	11.16964
54930	-4331.574	-4617.333	285.7585	0.7666253	0.4345488	12.7196
54936	-4352.579	-4636.279	283.6999	0.7897964	0.310754	13.90764
54942	-4320.731	-4604.787	284.0559	0.7344251	0.4101306	13.64475
54948	-4320.199	-4604.773	284.5744	0.8080574	0.3991205	13.34824
54954	-4331.713	-4616.239	284.5266	0.7369655	0.3679331	13.44214
54960	-4323.855	-4610.396	286.5412	0.7895376	0.4591738	12.27709
54966	-4336.671	-4623.584	286.9121	0.8035444	0.2730057	12.27709
54972	-4325.91	-4608.685	282.775	0.7821863	0.2730057	14.43739
54978	-4305.775	-4592.129	286.3536	0.8031853	0.3908618	12.43362
54984	-4304.824	-4592.17	287.3458	0.7170937	0.3471969	12.00757
54990	-4309.548	-4597.713	288.1644	0.7649128	0.3471969	11.55517
54996	-4314.422	-4597.66	283.2379	0.7059266	0.3474754	14.14888
55002	-4332.807	-4616.277	283.4695	0.8076713	0.3640096	13.95815
55008	-4324.934	-4611.988	287.054	0.8070806	0.3741965	12.08376
55014	-4341.34	-4623.798	282.4581	0.8577612	0.3933778	14.42592
55020	-4333.454	-4618.872	285.4177	0.9667995	0.3164913	12.91679
55026	-4337.713	-4623.557	285.8444	0.8458921	0.3799598	12.68774
55032	-4340.736	-4626.724	285.9874	0.7909314	0.3865091	12.63518
55038	-4341.834	-4626.568	284.7345	0.9736862	0.3335731	13.24873
55044	-4355.853	-4638.553	282.7004	0.6613757	0.3986567	14.39686
55050	-4345.017	-4627.21	282.1932	0.7892956	0.4170855	14.5751
55056	-4341.067	-4624.153	283.0859	0.8189645	0.4439153	14.07177
55062	-4333.005	-4617.97	284.9658	0.7794895	0.4023971	13.15644
55068	-4332.08	-4614.252	282.1715	0.7282453	0.4862099	14.55441
55074	-4331.747	-4616.67	284.9231	0.7011258	0.399443	13.22232
55080	-4322.392	-4607.266	284.8742	0.7238411	0.3900335	13.24543
55086	-4315.764	-4600.883	285.1189	0.7870201	0.3997461	13.07559
55092	-4332.329	-4615.877	283.5479	0.6361123	0.423551	13.94627
55098	-4332.83	-4620.018	287.1879	0.7556479	0.3615325	12.05422
55104	-4332.073	-4616.402	284.3291	0.8555609	0.3811283	13.46931
55110	-4343.709	-4627.771	284.062	0.8202192	0.3747678	13.63294
55116	-4335.063	-4618.282	283.2197	0.70801	0.4150315	14.08741
55122	-4328.159	-4614.279	286.1196	0.6875072	0.3665318	12.64105
55128	-4336.972	-4624.16	287.1877	0.6752854	0.3899888	12.06638
55134	-4313.883	-4601.515	287.6318	0.8270501	0.4264568	11.71916
55140	-4312.515	-4596.416	283.9017	0.7093022	0.4028145	13.74508
55146	-4320.606	-4605.643	285.0365	0.5472837	0.4587431	13.18666
55152	-4316.942	-4602.838	285.8967	0.7113888	0.338383	12.7754
55158	-4321.267	-4605.898	284.6307	0.7347404	0.4320275	13.32498
55164	-4341.531	-4626.595	285.0646	0.7460593	0.4823205	13.0476
55170	-4342.581	-4626.399	283.8173	0.7627546	0.3219012	13.84775
55176	-4335.516	-4620.248	284.7324	0.747591	0.3229987	13.37934
55182	-4331.458	-4616.588	285.1294	0.7153255	0.4059834	13.1012
55188	-4325.647	-4611.513	285.866	0.8069671	0.4233014	12.65338
55194	-4329.594	-4613.789	284.1953	0.8453894	0.4704696	13.45819
55200	-4323.162	-4607.285	284.1237	0.6712608	0.3698143	13.68343
55206	-4327.472	-4610.448	282.9758	0.6700859	0.4264526	14.22247
55212	-4324.072	-4609.152	285.0802	0.7701656	0.4264526	13.07831
55218	-4321.503	-4609.785	288.2822	0.7858892	0.4264526	11.4008
55224	-4322.141	-4608.367	286.2259	0.7185093	0.3847504	12.55052
55230	-4307.422	-4593.358	285.9354	0.6772015	0.3993232	12.70843
55236	-4324.684	-4611.216	286.5327	0.7680824	0.4374024	12.31291
55242	-4318.836	-4604.377	285.541	0.7225388	0.4440618	12.84676
55248	-4326.996	-4610.096	283.1008	0.8119876	0.4237106	14.08678
55254	-4328.955	-4615.444	286.4896	0.8965441	0.2692032	12.4537
55260	-4326.117	-4610.147	284.0303	0.7516978	0.3571043	13.70368
55266	-4323.07	-4607.094	284.0246	0.7085367	0.3832631	13.70147
55272	-4331.035	-4613.868	282.8327	0.8538364	0.3100929	14.32472
55278	-4314.607	-4600.749	286.1426	0.8112621	0.4095634	12.52054
55284	-4336.497	-4620.875	284.3777	0.7252441	0.3970453	13.49548
55290	-4312.259	-4598.947	286.6874	0.8909397	0.3235332	12.28699
55296	-4307.982	-4593.003	285.0213	0.8590275	0.4843049	13.0096
55302	-4333.401	-4620.075	286.6743	0.8590275	0.3590838	12.27074
55308	-4327.892	-4615.23	287.3382	0.8514821	0.441258	11.84565
55314	-4317.165	-4604.894	287.7297	0.8401845	0.3521205	11.73752
55320	-4327.486	-4612.235	284.7495	1.000773	0.3521205	13.20625
55326	-4327.097	-4611.277	284.1801	0.9736683	0.4243993	13.4422
55332	-4308.38	-4595.132	286.7519	0.7234113	0.4157454	12.2428
55338	-4323.802	-4610.423	286.6207	0.7613329	0.3602965	12.34829
55344	-4325.851	-4613.215	287.3639	0.8361938	0.4525048	11.82969
55350	-4314.952	-4599.984	285.0321	0.714182	0.3115736	13.25435
55356	-4314.553	-4599.51	284.9572	0.8241738	0.3674288	13.17366
55362	-4323.586	-4611.822	288.2353	0.8748034	0.4097598	11.39516
55368	-4323.333	-4611.628	288.2946	0.7493549	0.4456837	11.39516
55374	-4334.014	-4618.201	284.1863	0.6751938	0.4279867	13.5905
55380	-4338.008	-4622.021	284.013	0.7015874	0.4012595	13.69288
55386	-4324.855	-4609.482	284.6271	0.6456204	0.4012595	13.40309
55392	-4340.148	-4624.668	284.5205	0.7505564	0.4021357	13.40309
55398	-4337.34	-4622.39	285.0502	0.7859272	0.463068	13.05156
55404	-4322.539	-4607.844	285.3054	0.7859272	0.4827708	12.90124
55410	-4339.525	-4625.875	286.3496	0.7493185	0.431193	12.424
55416	-4341.594	-4629.344	287.7496	0.7414546	0.3407857	11.79124
55422	-4330.825	-4618.4	287.5756	0.779508	0.4432309	11.75743
55428	-4319.66	-4607.294	287.6335	0.8370898	0.3820577	11.75743
55434	-4310.863	-4598.862	287.9997	0.7548221	0.3908113	11.60011
55440	-4319.178	-4607.427	288.2489	0.8438736	0.3761755	11.43846
55446	-4322.529	-4610.777	288.2485	0.816644	0.4080515	11.42037
55452	-4317.834	-4601.571	283.7369	0.6226697	0.3363626	13.94567
55458	-4316.088	-4600.727	284.6387	0.7661628	0.3217183	13.41986
55464	-4330.946	-4617.594	286.6486	0.7880594	0.3576168	12.32272
55470	-4319.528	-4604.608	285.0804	0.7880594	0.3643457	13.13167
55476	-4330.171	-4614.045	283.8737	0.8182457	0.3778555	13.72844
55482	-4323.952	-4606.935	282.9836	0.8008424	0.4034558	14.17309
55488	-4333.417	-4618.643	285.2261	0.9319386	0.366116	12.97924
55494	-4347.925	-4631.541	283.6155	0.6733642	0.4695546	13.84922
55500	-4331.715	-4614.982	283.2669	0.685086	0.4906124	14.00537
55506	-4324.494	-4609.768	285.2743	0.5709212	0.4076315	13.09929
55512	-4320.608	-4607.244	286.6364	0.6629518	0.3993426	12.35076
55518	-4318.692	-4607.61	288.9183	0.8496058	0.3395346	11.12506
55524	-4327.264	-4611.341	284.0776	0.7270008	0.2940152	13.76439
55530	-4325.134	-4609.881	284.7467	0.7508731	0.362775	13.32605
55536	-4321.602	-4603.048	281.4459	0.5850632	0.3999644	15.08433
55542	-4316.493	-4604.544	288.0508	0.7543759	0.3144032	11.6575
55548	-4316.479	-4604.086	287.6066	0.8379801	0.412693	11.74003
55554	-4326.83	-4612.908	286.0775	0.7487357	0.4498758	12.54844
55560	-4325.775	-4610.243	284.4682	0.7570502	0.4183024	13.41098
55566	-4312.719	-4599.338	286.6196	0.6607689	0.4183024	12.34189
55572	-4346.692	-4636.131	289.4388	0.9145037	0.4676629	10.68913
55578	-4345.351	-4630.273	284.9228	0.7706114	0.4826451	13.10825
55584	-4309.721	-4598.003	288.2822	0.6896649	0.371303	11.50683
55590	-4327.294	-4610.343	283.0489	0.6481153	0.3786687	14.24349
55596	-4307.675	-4590.555	282.8797	0.7826898	0.3962939	14.24349
55602	-4305.904	-4590.742	284.838	0.6450084	0.4191756	13.27622
55608	-4306.455	-4593.523	287.0682	0.6962259	0.4411063	12.06767
55614	-4305.308	-4591.909	286.6011	0.807802	0.3757791	12.31784
55620	-4295.467	-4580.6	285.1326	0.6652419	0.3628304	13.16997
55626	-4308.815	-4594.734	285.9185	0.6192969	0.3814369	12.7656
55632	-4310.404	-4594.887	284.4835	0.7319232	0.4631894	13.37401
55638	-4311.485	-4599.429	287.9449	0.764411	0.3741697	11.64101
55644	-4313.614	-4602.552	288.9378	0.8673945	0.4473107	10.99522
55650	-4327.587	-4614.873	287.2865	0.7564426	0.4358872	11.92731
55656	-4315.23	-4603.089	287.8581	0.7740674	0.4073802	11.64731
55662	-4318.663	-4606.269	287.6054	0.8189643	0.5269579	11.64731
55668	-4306.641	-4594.65	288.0084	0.7211904	0.3583492	11.64731
55674	-4312.432	-4601.037	288.6051	0.7483897	0.3805255	11.29755
55680	-4322.119	-4604.595	282.4761	0.7904541	0.3992812	14.44555
55686	-4331.959	-4618.014	286.0555	0.7556703	0.3992812	12.6051
55692	-4318.241	-4607.376	289.1358	0.88442	0.4031055	10.92536
55698	-4306.076	-4591.024	284.9481	0.6417223	0.395361	13.24431
55704	-4294.865	-4583.514	288.6494	0.7369017	0.395361	11.26515
55710	-4307.56	-4592.492	284.9317	0.6595358	0.3922348	13.24671
55716	-4308.931	-4598.005	289.0739	0.75706	0.3922348	11.03556
55722	-4330.541	-4619.101	288.5603	0.8478183	0.4577608	11.19339
55728	-4319.22	-4602.591	283.3713	0.7988101	0.3509	14.02783
55734	-4311.45	-4599.274	287.824	0.7220461	0.4113944	11.68832
55740	-4326.74	-4615.184	288.4438	0.8326015	0.4482802	11.2711
55746	-4307.819	-4595.384	287.5651	0.8270775	0.382053	11.79838
55752	-4330.671	-4619.177	288.5059	0.8549249	0.3557658	11.32013
55758	-4328.848	-4614.39	285.5419	0.7887555	0.3814518	12.87334
55764	-4312.455	-4599.646	287.1911	0.8100802	0.3516445	12.03488
55770	-4308.828	-4597.281	288.4537	0.8152758	0.4406364	11.28217
55776	-4314.104	-4596.895	282.7909	0.6409877	0.4280643	14.33181
55782	-4341.47	-4626.926	285.4555	0.9647107	0.3924781	12.81543
55788	-4322.668	-4608.75	286.0817	0.872589	0.3574528	12.57417
55794	-4344.499	-4631.126	286.6265	0.8396351	0.2905237	12.385
55800	-4304.596	-4592.067	287.4714	0.7784055	0.366033	11.88957
55806	-4321.743	-4607.465	285.722	0.8230403	0.366033	12.77797
55812	-4312.16	-4596.349	284.1894	0.7125753	0.4348541	13.56295
55818	-4324.194	-4611.004	286.8093	0.6151945	0.4348541	12.25084
55824	-4305.242	-4591.886	286.6432	0.6975231	0.4064642	12.32206
55830	-4298.312	-4585.164	286.8514	0.7568844	0.4361767	12.15378
55836	-4294.689	-4582.586	287.8967	0.8166239	0.4566938	11.55778
55842	-4289.684	-4574.7	285.0166	0.6399606	0.4540906	13.15309
55848	-4301.496	-4590.998	289.5025	0.8048348	0.3502813	10.83054
55854	-4290.932	-4577.59	286.6576	0.752368	0.3714728	12.32183
55860	-4294.456	-4583.248	288.7915	0.7334712	0.403078	11.18478
55866	-4282.834	-4568.979	286.1455	0.7334712	0.4393034	12.53088
55872	-4294.551	-4584.441	289.8906	0.8583484	0.3635129	10.58447
55878	-4310.193	-4594.115	283.9222	0.7261221	0.4318315	13.69749
55884	-4305.346	-4589.189	283.8432	0.6846928	0.5012063	13.69749
55890	-4313.754	-4599.928	286.174	0.7557099	0.3938746	12.54882
55896	-4301.441	-4588.749	287.3075	0.763311	0.3315971	12.02097
55902	-4305.403	-4591.259	285.8562	0.716819	0.4658763	12.66565
55908	-4296.727	-4583.33	286.6025	0.6865402	0.4244954	12.33137
55914	-4286.865	-4576.024	289.1589	0.7774225	0.3867273	10.98601
55920	-4299.525	-4590.005	290.4802	0.8897632	0.3860586	10.23444
55926	-4300.259	-4590.664	290.4057	0.7468762	0.4195625	10.31489
55932	-4303.061	-4588.006	284.9444	0.7505545	0.4409919	13.1453
55938	-4313.938	-4599.85	285.9122	0.7825583	0.3162773	12.75561
55944	-4321.525	-4608.446	286.9213	0.8215103	0.3083408	12.21914
55950	-4331.259	-4616.393	285.1337	0.8573233	0.3213961	13.11567
55956	-4323.531	-4608.144	284.6134	0.8167256	0.552914	13.18611
55962	-4308.917	-4593.44	284.5228	0.7633936	0.3925585	13.40488
55968	-4316.015	-4600.012	283.9971	0.902335	0.4688521	13.53299
55974	-4305.022	-4589.035	284.0135	0.8126319	0.3782121	13.65846
55980	-4315.113	-4601.313	286.1997	0.8572154	0.4532448	12.42521
55986	-4322.387	-4607.351	284.9645	0.8868742	0.4205547	13.08347
55992	-4326.984	-4617.053	290.0691	0.8937406	0.3974573	10.43661
55998	-4323.774	-4611.45	287.6761	0.8937406	0.4307723	11.65704
56004	-4333.007	-4622.92	289.9132	0.9375672	0.3857319	10.50753
56010	-4326.523	-4611.592	285.0686	0.8045055	0.38193	13.11077
56016	-4313.425	-4600.174	286.7492	0.7747347	0.4220969	12.21125
56022	-4332.943	-4620.843	287.8999	0.8715887	0.3469857	11.63787
56028	-4320.032	-4605.323	285.2909	0.6873732	0.3756015	13.06269
56034	-4325.687	-4608.759	283.0718	0.6231523	0.3202573	14.30852
56040	-4336.3	-4625.471	289.1712	0.8651948	0.4456983	10.87558
56046	-4338.267	-4624.719	286.4515	0.8223493	0.3455204	12.42078
56052	-4332.44	-4620.935	288.4953	0.8649982	0.3540043	11.32231
56058	-4337.536	-4625.971	288.4353	0.6910336	0.4838658	11.3173
56064	-4325.697	-4610.932	285.2352	0.9015822	0.3154245	13.04683
56070	-4339.028	-4625.554	286.5257	0.9052243	0.3524171	12.33139
56076	-4328.072	-4612.941	284.8684	0.8234014	0.3451512	13.24431
56082	-4333.508	-4619.063	285.5552	0.7515975	0.3914239	12.87551
56088	-4321.61	-4609.733	288.1223	0.7515975	0.4769259	11.45549
56094	-4317.601	-4603.846	286.2453	0.7375951	0.4453873	12.47103
56100	-4325.826	-4611.665	285.8387	0.8104565	0.3795805	12.70957
56106	-4324.284	-4612.005	287.7212	1.042801	0.3125205	11.68128
56112	-4317.049	-4603.433	286.3841	0.8658783	0.4693716	12.30991
56118	-4331.351	-4618.677	287.3254	0.8397896	0.4119562	11.88664
56124	-4317.063	-4602.635	285.5728	0.7799405	0.4217793	12.82152
56130	-4326.667	-4614.218	287.5515	0.7925079	0.4167599	11.78855
56136	-4330.017	-4613.424	283.4072	0.8899948	0.3648151	13.94695
56142	-4331.02	-4614.361	283.3416	0.8838745	0.4008906	13.94695
56148	-4333.392	-4618.041	284.6493	0.7298796	0.3550862	13.39585
56154	-4323.575	-4608.05	284.4745	0.6403736	0.4976066	13.39585
56160	-4330.848	-4615.375	284.5264	0.7131945	0.426252	13.39585
56166	-4347.751	-4631.469	283.7182	0.7718414	0.3713939	13.83995
56172	-4335.004	-4621.718	286.7145	0.8617625	0.3421488	12.26694
56178	-4339.333	-4622.812	283.4789	0.745602	0.3703786	13.97874
56184	-4333.549	-4616.209	282.6606	0.6948493	0.4205253	14.37866
56190	-4335.892	-4620.081	284.1888	0.7275876	0.5810885	13.43084
56196	-4322.08	-4611.033	288.9531	0.8653853	0.3656528	11.06991
56202	-4332.272	-4618.891	286.6191	0.8070394	0.4313379	12.25336
56208	-4332.202	-4618.866	286.6642	0.6944153	0.5158699	12.21276
56214	-4314.999	-4600.067	285.0677	0.7274298	0.4341439	13.09965
56220	-4324.282	-4606.797	282.5148	0.8690569	0.4777824	14.31107
56226	-4314.717	-4601.676	286.9596	0.8133032	0.4718522	12.03501
56232	-4309.369	-4596.166	286.7967	0.7758181	0.5269197	12.09195
56238	-4321.317	-4607.406	286.0891	0.7584481	0.4870467	12.50385
56244	-4326.897	-4616.7	289.8024	0.836082	0.4381859	10.5669
56250	-4317.744	-4604.628	286.8849	0.7957812	0.5156513	12.04501
56256	-4318.268	-4606.999	288.7313	0.9043014	0.4534776	11.07828
56262	-4325.123	-4611.767	286.6443	0.7394837	0.3882316	12.31801
56268	-4328.973	-4616.286	287.3135	0.9107788	0.384025	11.884
56274	-4328.394	-4613.492	285.0988	0.7645009	0.3315316	13.17045
56280	-4350.674	-4637.374	286.7003	0.8542527	0.5580987	12.07594
56286	-4338.241	-4626.786	288.545	0.9455717	0.429364	11.17694
56292	-4337.816	-4627.819	290.0037	0.7694303	0.4092648	10.52437
56298	-4328.278	-4614.856	286.5787	0.9236727	0.4597381	12.18706
56304	-4354.844	-4646.195	291.3509	0.9709423	0.4496016	9.67066
56310	-4330.872	-4618.491	287.6194	0.8249376	0.3951557	11.7577
56316	-4335.908	-4624.245	288.3371	0.9059328	0.3320497	11.40817
56322	-4351.027	-4640.039	289.012	0.8410828	0.2977985	11.12948
56328	-4350.87	-4639.378	288.5084	0.8455079	0.3413918	11.33961
56334	-4315.846	-4601.18	285.3333	0.8738262	0.411381	12.90739
56340	-4335.821	-4621.46	285.6394	0.8672914	0.3824507	12.78072
56346	-4326.391	-4614.199	287.808	0.9151491	0.3646855	11.64386
56352	-4326.862	-4611.494	284.6317	0.9904263	0.3491557	13.27613
56358	-4319.313	-4603.246	283.9326	0.7370144	0.4890145	13.63444
56364	-4327.765	-4608.315	280.5507	0.8450627	0.4423914	15.37185
56370	-4336.713	-4623.226	286.5135	0.73523	0.5052991	12.27904
56376	-4340.125	-4627.39	287.2647	0.7898377	0.4945515	11.868
56382	-4340.302	-4625.442	285.1399	0.8782254	0.3739537	13.04372
56388	-4339.179	-4623.785	284.606	0.7789949	0.3639872	13.38323
56394	-4323.56	-4607.509	283.9484	0.7098843	0.3290531	13.79898
56400	-4328.355	-4615.47	287.1145	0.8632902	0.4897419	11.91225
56406	-4318.571	-4605.147	286.5765	0.8311429	0.4433929	12.25155
56412	-4317.19	-4603.977	286.7876	0.8108029	0.4433929	12.15213
56418	-4306.532	-4593.894	287.3618	0.9524211	0.3788123	11.84244
56424	-4305.453	-4592.314	286.861	0.8007461	0.3292777	12.23692
56430	-4330.057	-4616.506	286.4483	0.7933764	0.292685	12.49926
56436	-4329.437	-4614.019	284.5815	0.7459974	0.5067016	13.27757
56442	-4335.496	-4619.415	283.9193	0.916804	0.6315862	13.4347
56448	-4335.909	-4622.882	286.9728	0.7628459	0.4116207	12.11108
56454	-4313.026	-4600.76	287.7345	0.799081	0.4382057	11.66895
56460	-4322.195	-4606.634	284.4391	0.7098181	0.4057863	13.46287
56466	-4308.239	-4592.792	284.553	0.8085496	0.4260178	13.33271
56472	-4301.304	-4588.276	286.972	0.8110013	0.4563519	12.04382
56478	-4309.776	-4596.298	286.5218	0.7970644	0.3724867	12.36824
56484	-4312.24	-4597.358	285.1183	0.8161472	0.3096671	13.15881
56490	-4333.684	-4622.546	288.8628	0.9591335	0.4065134	11.02586
56496	-4320.813	-4608.87	288.0564	0.9013313	0.3593886	11.52698
56502	-4304.73	-4590.349	285.6186	0.8639665	0.3913081	12.7842
56508	-4311.523	-4598.311	286.788	0.7623706	0.3458634	12.27634
56514	-4328.081	-4616.509	288.4287	1.003236	0.3269582	11.31522
56520	-4325.224	-4615.424	290.2006	0.8264328	0.3508342	10.45232
56526	-4317.328	-4606.794	289.4664	1.049242	0.3647303	10.70553
56532	-4313.262	-4602.815	289.5538	0.9618749	0.3647303	10.70553
56538	-4319.629	-4605.59	285.9616	0.7924896	0.3515283	12.68485
56544	-4314.246	-4600.8	286.5542	0.7351096	0.3390325	12.41996
56550	-4312.467	-4600.063	287.5956	0.8552873	0.440128	11.71028
56556	-4325.135	-4610.725	285.5893	0.7425158	0.3464857	12.91012
56562	-4320.65	-4605.299	284.6494	0.7033545	0.4042277	13.35857
56568	-4323.111	-4611.045	287.9335	0.9138685	0.3863892	11.55615
56574	-4330.56	-4615.089	284.5291	0.8321836	0.4398674	13.31972
56580	-4320.992	-4605.109	284.1167	0.76967	0.3665509	13.6394
56586	-4314.001	-4601.551	287.5494	0.9864733	0.4871969	11.62303
56592	-4325.46	-4609.98	284.5198	0.9346629	0.4871969	13.22846
56598	-4319.791	-4605.976	286.1844	0.9093919	0.3569119	12.50209
56604	-4312.176	-4598.934	286.7576	0.8948366	0.5308548	12.04701
56610	-4317.641	-4604.24	286.5996	0.8071828	0.4010246	12.2931
56616	-4321.855	-4611.774	289.9186	0.8133866	0.4349969	10.52086
56622	-4322.5	-4612.334	289.834	0.8766548	0.4468316	10.52086
56628	-4319.743	-4607.461	287.718	0.8535481	0.447916	11.63999
56634	-4316.765	-4608.539	291.7746	0.8411735	0.3983004	9.565778
56640	-4323.32	-4612.56	289.2406	0.7641034	0.3814167	10.95573
56646	-4320.975	-4604.001	283.026	0.7964595	0.408271	14.14859
56652	-4330.774	-4614.871	284.097	0.8891143	0.4603179	13.49571
56658	-4319.33	-4607.591	288.2618	0.9657817	0.4358735	11.30833
56664	-4324.382	-4612.169	287.7867	0.8809972	0.4233593	11.61309
56670	-4321.755	-4608.279	286.5241	0.8788324	0.3969171	12.2992
56676	-4318.678	-4606.952	288.2735	0.7615102	0.4048726	11.43928
56682	-4326.068	-4607.327	281.2594	0.8019794	0.3329106	15.13958
56688	-4312.096	-4596.862	284.7656	0.8486748	0.4074999	13.21946
56694	-4306.403	-4593.497	287.0935	0.7930224	0.3597089	12.08593
56700	-4306.936	-4592.595	285.659	0.7995572	0.3397718	12.85165
56706	-4311.062	-4598.439	287.3774	0.8948727	0.3397718	11.90659
56712	-4309.694	-4595.512	285.8176	0.8878356	0.3348942	12.72864
56718	-4321.986	-4609.864	287.8777	0.8825949	0.4614162	11.52887
56724	-4320.516	-4610.579	290.0628	0.9270716	0.368456	10.45267
56730	-4326.785	-4615.093	288.3075	0.9183885	0.5426538	11.21526
56736	-4313.079	-4600.622	287.5433	0.8150929	0.419551	11.77835
56742	-4316.993	-4599.654	282.6607	0.8939878	0.4970869	14.20572
56748	-4306.275	-4594.287	288.0118	0.8343785	0.4545808	11.49025
56754	-4307.615	-4595.682	288.0665	0.8683898	0.5204737	11.38584
56760	-4325.687	-4611.013	285.3261	0.8380119	0.3733166	12.96844
56766	-4334.679	-4622.246	287.5671	0.8539444	0.2989817	11.87658
56772	-4314.182	-4601.51	287.3273	0.8315304	0.377492	11.92496
56778	-4317.418	-4605.368	287.9494	0.9153835	0.3126379	11.62847
56784	-4309.644	-4597.761	288.1166	0.8968433	0.3961458	11.45936
56790	-4309.644	-4595.668	286.0242	0.7666879	0.3961458	12.61883
56796	-4297.19	-4581.797	284.6066	0.7666879	0.3961458	13.35599
56802	-4302.769	-4589.543	286.7744	0.7841175	0.3856696	12.2296
56808	-4301.561	-4589.405	287.8439	0.8483878	0.5103927	11.52121
56814	-4306.036	-4593.457	287.4202	0.7945007	0.314363	11.96584
56820	-4316.793	-4606.298	289.5052	0.7271833	0.4255582	10.79204
56826	-4306.996	-4594.122	287.1259	0.7336232	0.4159237	12.04222
56832	-4304.768	-4592.993	288.2247	0.8008525	0.3821426	11.46736
56838	-4326.082	-4614.644	288.5619	0.7963125	0.3848005	11.29067
56844	-4325.062	-4611.901	286.8381	0.7792241	0.4466305	12.13922
56850	-4341.831	-4627.31	285.4784	0.8988753	0.4903409	12.74583
56856	-4351.45	-4637.633	286.1833	0.7191112	0.4801377	12.48138
56862	-4315.779	-4604.706	288.9274	0.8947518	0.5324894	10.91138
56868	-4313.038	-4604.757	291.7188	1.022422	0.4578023	9.441743
56874	-4308.592	-4592.798	284.2057	0.8602378	0.3864936	13.52544
56880	-4317.46	-4603.677	286.2167	0.8024358	0.3562899	12.54165
56886	-4322.109	-4608.015	285.9057	0.8069788	0.3666436	12.69008
56892	-4321.283	-4612.861	291.5779	1.01659	0.3666436	9.610179
56898	-4309.738	-4599.673	289.935	0.9789713	0.4091391	10.45052
56904	-4338.099	-4622.751	284.6522	0.8930369	0.2827753	13.39387
56910	-4311.285	-4597.6	286.3147	0.8873993	0.3054302	12.50433
56916	-4307.371	-4593.705	286.3344	0.7618076	0.3537059	12.50433
56922	-4303.724	-4590.762	287.0378	0.7493367	0.3443943	12.15452
56928	-4300.939	-4592.534	291.5953	0.8898088	0.436585	9.596878
56934	-4313.739	-4605.668	291.9294	1.020034	0.3343987	9.458715
56940	-4315.976	-4604.403	288.4277	0.8819741	0.3143108	11.39393
56946	-4317.188	-4602.943	285.7552	0.8366331	0.3635482	12.75628
56952	-4311.252	-4598.672	287.4202	0.762373	0.410491	11.87902
56958	-4309.157	-4596.198	287.0414	0.900212	0.3915177	12.02379
56964	-4313.67	-4601.246	287.576	0.8376842	0.4435069	11.72654
56970	-4344.78	-4627.539	282.7594	0.7435794	0.3614983	14.36212
56976	-4322.446	-4608.561	286.115	0.7830529	0.3991962	12.55992
56982	-4321.427	-4606.686	285.2589	0.8099366	0.4194112	12.97151
56988	-4325.386	-4610.724	285.3382	0.7591536	0.3230431	13.0585
56994	-4328.467	-4612.934	284.4677	0.8356969	0.3683756	13.42099
57000	-4324.886	-4611.049	286.1626	0.6921016	0.3683756	12.61434
57006	-4322.706	-4609.667	286.9604	0.8873292	0.3898325	12.07449
57012	-4297.617	-4586.193	288.576	0.8616677	0.3898325	11.2439
57018	-4293.88	-4582.355	288.4754	1.008244	0.3668495	11.2439
57024	-4300.533	-4586.005	285.4721	0.855913	0.4839813	12.77702
57030	-4301.379	-4589.791	288.4123	0.9869497	0.3904233	11.26338
57036	-4316.263	-4604.764	288.5013	0.9537844	0.3626084	11.26338
57042	-4318.147	-4601.688	283.5405	0.9121608	0.3808998	13.84946
57048	-4324.441	-4608.93	284.4889	0.8605281	0.3229699	13.44718
57054	-4308.386	-4594.767	286.3809	0.9329272	0.473531	12.27291
57060	-4312.124	-4598.841	286.7172	0.8263575	0.3805168	12.24272
57066	-4297.387	-4585.2	287.8129	0.9204818	0.4276601	11.57461
57072	-4303.485	-4593.279	289.7932	0.9964576	0.3528783	10.57465
57078	-4306.913	-4595	288.0868	0.9489229	0.3170031	11.53396
57084	-4311.577	-4598.069	286.492	0.8485111	0.487368	12.24673
57090	-4308.399	-4595.574	287.1751	0.8451047	0.4373828	11.93776
57096	-4305.783	-4588.931	283.1473	0.7605277	0.4163356	14.09645
57102	-4320.433	-4608.231	287.7977	0.9136991	0.3898281	11.62363
57108	-4324.316	-4609.523	285.2069	0.8270709	0.4214775	12.98762
57114	-4312.081	-4597.206	285.1257	0.89812	0.3256391	13.09372
57120	-4321.932	-4609.374	287.442	0.8992914	0.3958294	11.81085
57126	-4317.183	-4602.073	284.8899	0.7354237	0.4386843	13.18367
57132	-4299.714	-4586.984	287.2707	0.8147841	0.4386843	11.90246
57138	-4321.477	-4610.626	289.1491	0.853222	0.3659262	10.97334
57144	-4330.151	-4617.89	287.739	0.8647738	0.3166433	11.76009
57150	-4316.241	-4604.547	288.3061	0.8175581	0.3166433	11.48845
57156	-4309.825	-4596.959	287.1334	0.8980476	0.3191881	12.05581
57162	-4331.679	-4616.711	285.0325	0.9268508	0.4857071	12.96729
57168	-4336.069	-4621.303	285.2333	0.8072452	0.4391903	12.96729
57174	-4312.918	-4599.305	286.3867	0.7924546	0.3421267	12.47387
57180	-4305.386	-4591.396	286.0097	0.8456803	0.4133973	12.56804
57186	-4305.768	-4591.65	285.8817	0.9146433	0.4369673	12.5761
57192	-4310.885	-4599.632	288.7465	0.9190205	0.305638	11.21815
57198	-4321.894	-4608.586	286.692	0.8591727	0.3721745	12.2475
57204	-4311.661	-4602.181	290.5195	0.9867371	0.3804129	10.16867
57210	-4317.203	-4603.235	286.0326	0.834851	0.4368592	12.53917
57216	-4306.616	-4595.609	288.9934	0.834851	0.4388789	10.99104
57222	-4309.552	-4594.984	285.4322	0.8812735	0.4188962	12.84475
57228	-4304.377	-4592.156	287.779	0.8812735	0.3879412	11.65228
57234	-4317.318	-4606.048	288.7298	0.8995019	0.5478592	10.99981
57240	-4322.284	-4608.534	286.25	0.8573103	0.3988937	12.45127
57246	-4313.408	-4601.33	287.9212	0.8094517	0.3711753	11.63302
57252	-4320.557	-4609.083	288.5253	0.7313363	0.3711753	11.35804
57258	-4316.648	-4606.644	289.9957	0.8671737	0.359804	10.52869
57264	-4312.754	-4600.11	287.3562	0.8357456	0.46436	11.82308
57270	-4313.096	-4599.81	286.7134	0.8025332	0.4937033	12.1497
57276	-4320.993	-4608.348	287.3548	0.8476985	0.4168284	11.86236
57282	-4325.689	-4612.568	286.8793	0.8507103	0.3956809	12.12995
57288	-4315.522	-4603.335	287.8125	0.8168815	0.4573122	11.60106
57294	-4316.952	-4601.793	284.8402	0.8202013	0.4781213	13.1294
57300	-4309.397	-4593.377	283.98	0.6885812	0.3665542	13.75246
57306	-4315.92	-4603.706	287.786	0.907627	0.4627334	11.56254
57312	-4310.201	-4597.581	287.3802	0.7520744	0.3842049	11.93186
57318	-4311.696	-4599.124	287.4276	0.7443849	0.3644594	11.93186
57324	-4312.465	-4602.243	289.778	0.9073084	0.3789761	10.6014
57330	-4327.463	-4616.828	289.365	0.8236251	0.4888803	10.75651
57336	-4324.527	-4611.615	287.0883	0.8541203	0.3869212	12.02809
57342	-4318.338	-4606.2	287.8615	0.8845663	0.4888511	11.51178
57348	-4319.039	-4607.177	288.1373	0.7625508	0.4030645	11.51178
57354	-4322.674	-4607.67	284.9967	0.7488142	0.4030645	13.15564
57360	-4312.642	-4596.756	284.1145	0.6512553	0.3813948	13.68648
57366	-4315.504	-4603.52	288.016	0.7721703	0.4222277	11.55121
57372	-4319.133	-4601.885	282.7514	0.8212546	0.5477036	14.15429
57378	-4320.102	-4607.139	287.0367	0.7542929	0.3690277	12.12575
57384	-4330.475	-4617.258	286.7832	0.7724556	0.3045649	12.3212
57390	-4318.223	-4602.549	284.3258	0.7753794	0.343567	13.55283
57396	-4312.419	-4597.146	284.7264	0.7450388	0.3661444	13.33606
57402	-4317.059	-4604.782	287.7233	0.8106618	0.4967194	11.61575
57408	-4315.511	-4604.583	289.0724	0.8161539	0.4310306	10.96695
57414	-4315.888	-4603.921	288.0329	0.8241881	0.3995674	11.53762
57420	-4319.826	-4605.633	285.8069	0.8015865	0.4611378	12.65151
57426	-4331.326	-4616.31	284.9844	0.8208091	0.4611378	13.06939
57432	-4311.969	-4600.076	288.1069	0.7796781	0.3568796	11.56688
57438	-4320.854	-4606.727	285.8733	0.7567456	0.572776	12.54615
57444	-4316.397	-4603.19	286.7935	0.9314487	0.4602251	12.07058
57450	-4330.327	-4617.229	286.9021	0.9037135	0.3574324	12.13046
57456	-4327.822	-4613.933	286.1112	0.6623244	0.4291228	12.59545
57462	-4316.735	-4603.534	286.799	0.8709291	0.3290203	12.23295
57468	-4324.551	-4612.423	287.8712	0.8971642	0.352842	11.63307
57474	-4327.723	-4612.729	285.0058	0.7149225	0.42981	13.14247
57480	-4332.545	-4619.06	286.5156	0.9006414	0.4329099	12.257
57486	-4336.414	-4622.573	286.1592	0.931007	0.4032794	12.45578
57492	-4327.944	-4616.313	288.3689	0.9276163	0.4449087	11.26375
57498	-4338.148	-4625.386	287.2379	0.8722387	0.4776273	11.85388
57504	-4317.469	-4608.149	290.68	0.943092	0.5124915	9.982431
57510	-4332.856	-4619.211	286.3544	0.8126317	0.4839562	12.34013
57516	-4318.364	-4605.73	287.3665	0.7954832	0.3480937	11.95489
57522	-4319.293	-4608.652	289.3594	0.921331	0.4040081	10.78792
57528	-4311.568	-4598.279	286.7109	0.7468468	0.356393	12.31305
57534	-4323.901	-4612.836	288.9345	0.8729294	0.2972522	11.15405
57540	-4338.856	-4628.148	289.2922	1.043748	0.5935997	10.59315
57546	-4336.649	-4623.998	287.3493	0.9739183	0.5595201	11.67359
57552	-4328.59	-4615.84	287.2504	0.8779518	0.4664693	11.85437
57558	-4324.07	-4609.264	285.1941	0.9026049	0.4797202	12.90114
57564	-4317.469	-4605.583	288.1144	0.8911163	0.3950094	11.46464
57570	-4319.952	-4608.192	288.2402	0.7875037	0.4155456	11.43255
57576	-4311.887	-4596.979	285.0921	0.7388122	0.4146509	13.09983
57582	-4321.946	-4606.977	285.031	0.7612237	0.4355598	13.09983
57588	-4319.358	-4604.342	284.9837	0.8085979	0.4355598	13.09983
57594	-4328.628	-4609.959	281.3304	0.6906486	0.3684135	15.12178
57600	-4327.877	-4614.303	286.4266	0.8778065	0.4311204	12.31698
57606	-4321.921	-4608.249	286.3275	0.9757334	0.4317888	12.31698
57612	-4325.135	-4611.495	286.3605	0.8521247	0.4832959	12.31698
57618	-4314.713	-4601.598	286.8849	0.8369277	0.2795165	12.26556
57624	-4324.402	-4610.237	285.8353	0.7635404	0.4075492	12.70738
57630	-4317.27	-4605.145	287.8747	0.8140543	0.3406031	11.6882
57636	-4318.101	-4606.833	288.7323	0.8116328	0.4974818	11.08679
57642	-4317.645	-4603.648	286.0029	0.7816531	0.4600518	12.56083
57648	-4326.428	-4616.122	289.6945	0.913578	0.3978422	10.62248
57654	-4332.646	-4619.719	287.0738	0.8281694	0.5842786	11.87409
57660	-4336.436	-4620.181	283.7448	0.8109224	0.4613766	13.71813
57666	-4326.514	-4614.176	287.6622	0.8835242	0.4070788	11.69277
57672	-4328.859	-4616.927	288.0678	0.9319664	0.4070788	11.45553
57678	-4322.692	-4608.099	285.4067	0.7909905	0.413074	12.91065
57684	-4331.93	-4617.98	286.0499	0.9367901	0.3906125	12.52245
57690	-4311.487	-4599.526	288.0382	0.9074262	0.3429308	11.55136
57696	-4309.511	-4597.117	287.6061	0.741387	0.4916415	11.71758
57702	-4315.659	-4605.284	289.6255	0.8829895	0.3748705	10.69848
57708	-4309.928	-4598.244	288.316	0.8907293	0.4115668	11.34284
57714	-4315.606	-4604.137	288.5301	0.8191849	0.3714075	11.30933
57720	-4332.444	-4617.828	285.384	0.6944865	0.3569012	13.03045
57726	-4319.769	-4607.089	287.3209	0.7656774	0.4404977	11.90017
57732	-4322.177	-4610.861	288.684	0.7914917	0.323487	11.29644
57738	-4324.452	-4610.603	286.1511	0.8177566	0.3192429	12.60948
57744	-4318.934	-4605.996	287.0622	0.8911888	0.4755702	11.93752
57750	-4312.421	-4599.432	287.0111	0.819102	0.3737546	12.10031
57756	-4312.899	-4597.762	284.8628	0.7721444	0.3541821	13.26395
57762	-4312.565	-4600.745	288.1802	0.7433862	0.3541821	11.55049
57768	-4315.337	-4603.836	288.499	0.9009591	0.4079283	11.24534
57774	-4306.638	-4594.836	288.1978	0.8437297	0.3762447	11.46521
57780	-4316.8	-4601.735	284.9353	0.8207279	0.3762447	13.17755
57786	-4313.696	-4597.659	283.9633	0.7464995	0.4749432	13.62599
57792	-4329.964	-4616.654	286.6905	0.7732351	0.3901765	12.27436
57798	-4324.611	-4610.83	286.2194	0.8963855	0.3901765	12.4557
57804	-4298.176	-4583.923	285.7476	0.7676528	0.3701881	12.78907
57810	-4303.121	-4590.666	287.5444	0.9071971	0.3726303	11.77722
57816	-4300.417	-4587.823	287.4058	0.7979241	0.4500633	11.8301
57822	-4305.329	-4594.089	288.7605	0.8535727	0.4412679	11.10096
57828	-4300.144	-4585.747	285.6027	0.8969514	0.4218218	12.74503
57834	-4323.573	-4607.412	283.8397	0.7774996	0.4393162	13.70661
57840	-4325.442	-4613.428	287.9854	0.8983842	0.3547682	11.57063
57846	-4309.623	-4594.682	285.0591	0.8056404	0.4487249	13.0498
57852	-4327.896	-4613.195	285.2996	0.7956455	0.3315835	13.0498
57858	-4342.222	-4631.294	289.0716	0.8377073	0.3813169	11.0058
57864	-4322.545	-4606.907	284.3625	0.7672562	0.3835616	13.4953
57870	-4327.979	-4610.02	282.0406	0.7560703	0.3597809	14.72966
57876	-4321.647	-4603.506	281.8588	0.7811072	0.4410691	14.72966
57882	-4338.629	-4622.029	283.4002	0.8834653	0.4410691	13.87797
57888	-4341.93	-4625.031	283.1016	0.8703267	0.3795523	14.10011
57894	-4316.479	-4601.947	285.4687	0.7387553	0.3565439	12.9638
57900	-4316.197	-4604.644	288.4468	0.7054883	0.3636033	11.42073
57906	-4320.871	-4610.479	289.6083	0.8218741	0.4210504	10.69269
57912	-4318.422	-4607.241	288.8188	0.833266	0.3979689	11.12338
57918	-4327.913	-4617.377	289.4638	0.8308878	0.3979689	10.78669
57924	-4337.647	-4626.265	288.6184	0.8674293	0.4379771	11.17121
57930	-4316.472	-4603.124	286.6517	0.8146306	0.458367	12.2071
57936	-4304.09	-4590.955	286.8647	0.8346209	0.3343545	12.21158
57942	-4339.922	-4625.527	285.6049	0.9041841	0.4213144	12.74062
57948	-4337.307	-4622.493	285.186	0.7914731	0.4302306	13.00858
57954	-4314.987	-4601.024	286.0374	0.8310718	0.3956256	12.57896
57960	-4314.716	-4600.729	286.0131	0.8531647	0.3967605	12.57896
57966	-4316.205	-4600.979	284.7747	0.8582111	0.448255	13.17077
57972	-4351.019	-4639.795	288.7752	0.861133	0.2779922	11.26772
57978	-4341.322	-4629.763	288.4407	0.8783346	0.3628062	11.33437
57984	-4323.735	-4608.36	284.6249	0.8404707	0.5354864	13.18192
57990	-4315.173	-4601.806	286.6328	0.8061713	0.3873029	12.29023
57996	-4316.488	-4605.131	288.6428	0.8620019	0.4177393	11.18081
58002	-4312.081	-4597.922	285.8409	0.6946084	0.3520802	12.79798
58008	-4310.754	-4598.522	287.7676	0.8914459	0.4019959	11.63868
58014	-4324.633	-4613.35	288.7176	0.8750752	0.3430216	11.21287
58020	-4322.986	-4609.207	286.2208	0.8254016	0.3835011	12.49878
58026	-4332.641	-4621.651	289.0106	0.7883218	0.4843492	10.9648
58032	-4317.401	-4604.768	287.3667	0.7906803	0.4066307	11.89601
58038	-4325.628	-4616.6	290.9716	0.9780822	0.3884832	9.926928
58044	-4321.073	-4608.776	287.7027	0.969046	0.4995224	11.54132
58050	-4312.374	-4596.957	284.5836	0.8213967	0.4106729	13.32506
58056	-4320.832	-4606.637	285.8051	0.8136171	0.3307915	12.77842
58062	-4325.083	-4610.48	285.3965	0.8156845	0.3915532	12.92459
58068	-4328.183	-4612.345	284.1618	0.7755961	0.3554063	13.62488
58074	-4332.871	-4617.551	284.6798	0.8269589	0.386386	13.29661
58080	-4319.772	-4605.269	285.4964	0.614383	0.4381855	12.93171
58086	-4315.209	-4600.999	285.7896	0.7268154	0.4109103	12.74694
58092	-4317.074	-4601.73	284.6563	0.7864492	0.5470004	13.18428
58098	-4302.2	-4586.594	284.394	0.6786087	0.422457	13.48623
58104	-4306.372	-4594.134	287.7621	0.7121298	0.3674603	11.77091
58110	-4303.523	-4588.392	284.8694	0.6821922	0.3283374	13.33604
58116	-4304.592	-4592.511	287.919	0.6812293	0.3283374	11.74832
58122	-4301.176	-4587.929	286.7526	0.8205368	0.4212659	12.1864
58128	-4307.856	-4594.47	286.6136	0.8587118	0.3404484	12.32302
58134	-4302.933	-4589.848	286.9157	0.8745885	0.3649353	12.13047
58140	-4308.892	-4595.874	286.9818	0.7689429	0.4752652	12.04353
58146	-4297.302	-4584.429	287.1271	0.7689429	0.3515417	12.08981
58152	-4295.788	-4580.205	284.4174	0.6827123	0.3555787	13.54022
58158	-4303.848	-4588.039	284.1916	0.7665421	0.4280929	13.54022
58164	-4308.305	-4595.422	287.1176	0.6546033	0.4280929	12.07601
58170	-4314.987	-4602.381	287.3939	0.9030278	0.4814538	11.75296
58176	-4317.928	-4604.464	286.536	0.8861707	0.4814538	12.20935
58182	-4303.032	-4592.432	289.4004	0.6757139	0.3346692	10.96919
58188	-4315.391	-4604.437	289.0465	0.7473723	0.3835202	11.06397
58194	-4307.289	-4594.008	286.7196	0.7746919	0.295371	12.36436
58200	-4290.345	-4576.401	286.0563	0.692033	0.3456051	12.69436
58206	-4296.776	-4583.331	286.5551	0.7143845	0.5051537	12.26832
58212	-4301.512	-4588.31	286.7977	0.7041026	0.3768197	12.26832
58218	-4310.839	-4597.704	286.8641	0.8025244	0.3986757	12.15996
58224	-4308.148	-4597.89	289.7417	0.8708006	0.3778582	10.64078
58230	-4304.984	-4590.881	285.8972	0.7370181	0.352488	12.74616
58236	-4302.338	-4587.406	285.0678	0.7645905	0.4020299	13.11154
58242	-4305.898	-4593.318	287.42	0.7995309	0.4183486	11.85202
58248	-4309.385	-4596.523	287.1385	0.7281748	0.3774764	12.07738
58254	-4322.594	-4610.244	287.6499	0.7377023	0.324885	11.86332
58260	-4320.923	-4611.472	290.5486	0.8913749	0.3428346	10.24425
58266	-4324.693	-4611.01	286.3164	0.8281402	0.3902701	12.4406
58272	-4320.209	-4604.43	284.2212	0.6749375	0.3754908	13.62492
58278	-4332.66	-4617.835	285.1749	0.7817601	0.3657398	13.08433
58284	-4332.624	-4616.498	283.8738	0.8511854	0.3657398	13.72406
58290	-4322.897	-4608.277	285.3807	0.6968928	0.3721908	13.01463
58296	-4324.709	-4608.824	284.1149	0.8097352	0.4097456	13.57542
58302	-4305.913	-4591.913	286.0002	0.8170353	0.4523566	12.55086
58308	-4302.119	-4590.582	288.4627	0.765782	0.4405958	11.3034
58314	-4299.338	-4586.84	287.5027	0.7866199	0.3108962	11.93104
58320	-4297.156	-4583.686	286.5306	0.768007	0.3562436	12.39615
58326	-4304.855	-4590.596	285.7412	0.7252309	0.3562436	12.82939
58332	-4306.75	-4595.691	288.9408	0.8575566	0.3562436	11.09062
58338	-4302.262	-4588.203	285.9412	0.6825734	0.3584009	12.74518
58344	-4293.054	-4580.563	287.5089	0.7181306	0.3584009	11.90967
58350	-4291.601	-4579.977	288.3756	0.8718263	0.3468933	11.38922
58356	-4302.576	-4588.644	286.0678	0.7793062	0.4182907	12.56759
58362	-4334.35	-4621.812	287.4621	0.8928819	0.4046442	11.79482
58368	-4343.373	-4628.457	285.0833	0.6701219	0.4457339	13.11048
58374	-4326.64	-4613.988	287.3471	0.9513472	0.5740392	11.67503
58380	-4311.173	-4597.318	286.1449	0.8503434	0.3513598	12.55946
58386	-4305.451	-4591.753	286.3017	0.8752026	0.3542097	12.46176
58392	-4340.303	-4624.973	284.6699	0.7968777	0.438236	13.26643
58398	-4328.629	-4614.694	286.0659	0.8107577	0.438236	12.5331
58404	-4319.849	-4607.928	288.0786	0.7807998	0.4356424	11.50109
58410	-4321.38	-4606.523	285.1434	0.6754857	0.3741633	13.14707
58416	-4316.699	-4606.921	290.2223	0.8598591	0.2653791	10.52645
58422	-4318.299	-4603.967	285.6673	0.781486	0.5065313	12.69466
58428	-4315.86	-4601.688	285.8278	0.8761422	0.4035969	12.65661
58434	-4325.738	-4609.126	283.3884	0.7685311	0.4094711	13.974
58440	-4331	-4617.112	286.1128	0.8359161	0.3974235	12.53536
58446	-4326.918	-4611.68	284.7629	0.7761075	0.3310911	13.33943
58452	-4321.1	-4607.854	286.7535	0.76237	0.3768	12.26101
58458	-4329.43	-4619.551	290.1214	0.9222127	0.4689579	10.32557
58464	-4341.24	-4631.993	290.7533	0.9667557	0.3599212	10.07812
58470	-4326.071	-4613.794	287.7231	0.783801	0.4499834	11.6718
58476	-4323.509	-4609.442	285.9321	0.8282179	0.3798878	12.65137
58482	-4334.132	-4621.005	286.873	0.8282179	0.5010775	12.0467
58488	-4341.784	-4630.694	288.9099	0.9033456	0.3749971	11.06272
58494	-4323.695	-4612.014	288.3192	0.935242	0.3875435	11.34213
58500	-4354.443	-4645.232	290.7889	1.211353	0.3011774	9.99835
58506	-4335.201	-4625.493	290.2921	1.093212	0.3718725	10.24127
58512	-4341.363	-4631.619	290.2563	0.953724	0.4654654	10.24127
58518	-4332.118	-4618.873	286.7545	0.9528731	0.4617613	12.07833
58524	-4355.135	-4644.41	289.2746	0.9184214	0.4970314	10.74708
58530	-4325.972	-4610.253	284.2812	0.8858354	0.3530922	13.5082
58536	-4343.808	-4626.858	283.0504	0.8384742	0.4510017	14.07347
58542	-4332.341	-4618.637	286.2961	0.7893805	0.41099	12.4506
58548	-4335.611	-4621.89	286.2789	0.6991263	0.41099	12.50656
58554	-4331.948	-4618.357	286.4087	0.8161599	0.4591643	12.33224
58560	-4342.058	-4629.212	287.1541	0.8068216	0.4494218	11.95742
58566	-4351.439	-4640.878	289.4394	0.8716046	0.4277778	10.74866
58572	-4348.359	-4632.979	284.6202	0.8642269	0.361353	13.33443
58578	-4331.9	-4617.906	286.0055	0.8642269	0.3618996	12.6134
58584	-4327.96	-4615.421	287.4601	0.7962884	0.4211491	11.83002
58590	-4317.53	-4605.347	287.8177	0.8587138	0.3853501	11.64653
58596	-4320.786	-4607.918	287.1316	0.8020801	0.3854064	12.03422
58602	-4318.711	-4605.962	287.2502	0.6792167	0.387585	12.03422
58608	-4318.522	-4605.988	287.466	0.7376174	0.5037959	11.78219
58614	-4320.618	-4606.7	286.0818	0.6714452	0.3220906	12.71839
58620	-4316.77	-4604.373	287.6025	0.7451705	0.4580897	11.74748
58626	-4332.282	-4614.535	282.2527	0.6067979	0.434813	14.62182
58632	-4334.936	-4618.895	283.959	0.7613025	0.3105905	13.7882
58638	-4326.855	-4610.564	283.7083	0.7819741	0.328399	13.88686
58644	-4319.856	-4608.223	288.367	0.807073	0.3362855	11.43945
58650	-4336.805	-4624.872	288.0662	0.8349304	0.4789391	11.43945
58656	-4346.154	-4635.332	289.1782	0.7139461	0.325215	11.07637
58662	-4327.489	-4613.323	285.8339	0.7727911	0.4400445	12.67196
58668	-4323.604	-4605.395	281.7907	0.7641325	0.3866971	14.82668
58674	-4320.494	-4609.707	289.2129	0.8928601	0.4983287	10.79171
58680	-4316.963	-4606.658	289.6956	0.862564	0.4025177	10.64395
58686	-4305.892	-4591.813	285.9211	0.7094585	0.3757238	12.72327
58692	-4335.154	-4625.739	290.5852	0.9119268	0.3429511	10.21409
58698	-4343.487	-4634.159	290.6721	0.8699065	0.3921721	10.13765
58704	-4312.091	-4598.922	286.8318	0.9576776	0.4073737	12.08723
58710	-4327.579	-4617.222	289.6429	0.7429075	0.4517754	10.68667
58716	-4333.812	-4620.305	286.4929	0.673226	0.4362746	12.38413
58722	-4312.425	-4596.288	283.8625	0.6449727	0.4343322	13.76824
58728	-4329.862	-4612.229	282.3667	0.6290754	0.4107203	14.57447
58734	-4301.952	-4589.747	287.7953	0.7818172	0.3356683	11.75206
58740	-4320.782	-4610.528	289.7463	0.8458922	0.4481988	10.58176
58746	-4311.122	-4595.348	284.2257	0.7153067	0.4571277	13.52203
58752	-4322.189	-4608.092	285.9033	0.9388534	0.3660779	12.62331
58758	-4323.614	-4609.478	285.8638	0.9499256	0.3801214	12.62331
58764	-4330.824	-4620.732	289.9079	0.9516019	0.3891475	10.49938
58770	-4324.116	-4609.199	285.0833	0.7563815	0.339157	13.1741
58776	-4332.879	-4621.418	288.5387	0.8985442	0.4099162	11.22385
58782	-4324.707	-4611.721	287.0134	0.7583683	0.3959026	12.10795
58788	-4324.126	-4609.751	285.6247	0.8520959	0.4306236	12.74848
58794	-4320.481	-4607.576	287.0946	0.8267413	0.4651349	11.96361
58800	-4322.617	-4609.149	286.5323	0.9390155	0.4622482	12.20097
58806	-4326.035	-4612.39	286.3546	0.7250874	0.448403	12.4178
58812	-4333.686	-4619.225	285.5387	0.7537451	0.4360917	12.8392
58818	-4334.429	-4621.214	286.785	0.7064445	0.4219493	12.22833
58824	-4314.678	-4602.36	287.6817	0.8061419	0.3724504	11.7585
58830	-4305.062	-4587.844	282.7813	0.7038484	0.4597001	14.27478
58836	-4320.402	-4606.581	286.1792	0.8210566	0.4597001	12.44877
58842	-4307.839	-4595.102	287.2636	0.81205	0.443549	11.903
58848	-4315.435	-4600.314	284.8793	0.8896122	0.3920164	13.15461
58854	-4333.591	-4623.432	289.8405	0.8706463	0.4320591	10.53461
58860	-4335.282	-4626.269	290.9872	1.011188	0.3439945	9.949224
58866	-4326.556	-4616.444	289.8879	0.868749	0.3477577	10.59764
58872	-4322.789	-4610.006	287.2174	0.6874099	0.440549	11.99497
58878	-4318.529	-4603.354	284.8252	0.6422	0.3360207	13.37109
58884	-4327.996	-4616.644	288.6471	0.8536683	0.3915109	11.20915
58890	-4331.55	-4618.321	286.7704	0.8567912	0.3250709	12.25977
58896	-4330.246	-4616.648	286.4018	0.8409932	0.5318998	12.25977
58902	-4326.605	-4613.217	286.6114	0.8543906	0.5876549	12.09909
58908	-4318.076	-4607.838	289.7622	0.9459428	0.3827259	10.58549
58914	-4347.012	-4637.526	290.5132	1.098154	0.3398116	10.15758
58920	-4353.345	-4636.385	283.0394	0.8468629	0.2847444	14.25206
58926	-4352.317	-4636.557	284.2403	1.100061	0.4230853	13.34658
58932	-4326.792	-4612.025	285.2328	0.8189851	0.4525677	12.949
58938	-4343.314	-4629.141	285.8269	0.7871964	0.3493884	12.76005
58944	-4336.218	-4621.3	285.0815	0.9427216	0.3802592	13.03395
58950	-4329.099	-4616.817	287.7177	0.8374745	0.3910567	11.70402
58956	-4309.977	-4595.86	285.8832	0.8197986	0.3515676	12.71141
58962	-4314.936	-4600.792	285.8558	0.7340452	0.4082368	12.71141
58968	-4320.302	-4606.377	286.0758	0.7577852	0.3978435	12.59488
58974	-4318.403	-4604.842	286.439	0.9755708	0.3185247	12.37818
58980	-4321.204	-4603.055	281.851	0.7313716	0.5367549	14.67611
58986	-4329.547	-4613.319	283.7719	0.7278354	0.336825	13.87244
58992	-4346.604	-4627.74	281.136	0.8468622	0.4925395	15.02336
58998	-4343.67	-4628.921	285.2504	0.8926762	0.3793535	12.9731
59004	-4324.171	-4606.269	282.0973	0.6932984	0.4155943	14.67589
59010	-4325.903	-4614.141	288.2375	0.7923228	0.3659461	11.48221
59016	-4332.33	-4617.618	285.2885	0.8652811	0.502725	12.85142
59022	-4339.251	-4626.481	287.2293	0.874771	0.3601848	11.97189
59028	-4313.697	-4602.959	289.2614	0.8496972	0.4373875	10.84424
59034	-4314.476	-4601.417	286.9408	0.8345605	0.3766832	12.12585
59040	-4314.39	-4603.025	288.6346	0.8902998	0.435582	11.15306
59046	-4308.569	-4595.49	286.9205	0.8585196	0.4009371	12.09907
59052	-4309.431	-4597.637	288.2054	0.8023026	0.4009371	11.45751
59058	-4325.567	-4611.383	285.816	0.8890082	0.408367	12.65133
59064	-4331.146	-4616.639	285.4926	0.8190615	0.375833	12.88906
59070	-4324.938	-4609.107	284.1695	0.7417042	0.4174507	13.57488
59076	-4338.177	-4626.786	288.6088	0.8123179	0.401208	11.24098
59082	-4333.251	-4618.437	285.1861	0.9546696	0.4096323	12.94367
59088	-4330.201	-4616.05	285.8484	0.7195236	0.3639056	12.76835
59094	-4324.442	-4610.597	286.1553	0.8104305	0.3420859	12.58507
59100	-4346.473	-4633.191	286.7178	0.7910811	0.4074265	12.23346
59106	-4335.547	-4618.184	282.637	0.7626858	0.3085139	14.4752
59112	-4334.092	-4621.262	287.1704	0.7726469	0.4159529	11.99866
59118	-4328.682	-4616.891	288.2092	0.8531555	0.4159529	11.41401
59124	-4331.134	-4616.882	285.7478	0.7408665	0.4070507	12.76521
59130	-4326.781	-4610.893	284.112	0.8396354	0.4875524	13.48934
59136	-4315.232	-4601.955	286.7235	0.7959277	0.3357432	12.30378
59142	-4320.382	-4607.283	286.901	0.7324647	0.395865	12.18009
59148	-4322.577	-4610.455	287.8772	0.7262214	0.4402517	11.63052
59154	-4329.658	-4618.082	288.4239	0.9273467	0.4402517	11.23948
59160	-4322.529	-4609.892	287.3631	0.8798406	0.3597531	11.89991
59166	-4329.109	-4613.336	284.2267	0.8261848	0.3597531	13.56026
59172	-4317.11	-4604.079	286.969	0.8441982	0.3323664	12.15442
59178	-4322.833	-4609.066	286.2329	0.7658473	0.351872	12.55709
59184	-4321.347	-4607.524	286.1772	0.9461161	0.4551013	12.38888
59190	-4317.373	-4603.472	286.0988	0.8015682	0.3615613	12.59782
59196	-4325.444	-4611.672	286.2285	0.8933464	0.382153	12.46078
59202	-4333.432	-4621.24	287.808	1.021363	0.3051113	11.65596
59208	-4336.037	-4625.118	289.0807	0.9651746	0.3653373	10.95113
59214	-4331.467	-4618	286.5328	0.7643805	0.3981164	12.35313
59220	-4326.832	-4612.911	286.0789	0.856154	0.3981164	12.54175
59226	-4333.413	-4618.419	285.0057	0.8447812	0.443289	13.0623
59232	-4326.207	-4609.674	283.4676	0.8101649	0.3311448	13.99393
59238	-4331.675	-4615.091	283.4155	0.8429386	0.3400912	13.99393
59244	-4324.392	-4609.711	285.3186	0.8384784	0.397182	12.94758
59250	-4333.189	-4621.153	287.964	0.8954033	0.3786701	11.55786
59256	-4319.806	-4607.806	287.9996	0.7706912	0.4100857	11.57248
59262	-4316.979	-4603.628	286.6485	0.8035311	0.3479758	12.32525
59268	-4321.25	-4609.78	288.5302	0.794924	0.4584412	11.23621
59274	-4313.48	-4599.432	285.9521	0.7717814	0.4293993	12.62105
59280	-4318	-4604.068	286.068	0.7725673	0.3689707	12.62105
59286	-4307.427	-4594.997	287.5702	0.7466539	0.369456	11.85092
59292	-4306.868	-4594.138	287.2705	0.809657	0.4988115	11.85092
59298	-4328.296	-4615.757	287.4608	0.8572367	0.3862936	11.8327
59304	-4313.853	-4599.953	286.0999	0.8125827	0.3590604	12.59421
59310	-4313.72	-4602.726	289.0067	0.8557981	0.4678641	10.94626
59316	-4309.483	-4596.169	286.6856	0.8214056	0.5078487	12.14218
59322	-4324.403	-4609.884	285.4813	0.7716251	0.3468011	12.95079
59328	-4321.2	-4604.927	283.7269	0.8418287	0.3857257	13.78426
59334	-4306.771	-4591.257	284.4857	0.7596872	0.4965469	13.32896
59340	-4326.002	-4616.068	290.0658	0.9643908	0.4652028	10.33604
59346	-4311.92	-4603.31	291.3898	0.8098013	0.3507846	9.83569
59352	-4313.207	-4602.361	289.1546	0.9196249	0.3554766	10.94696
59358	-4309.75	-4598.641	288.8914	0.9008812	0.4604099	10.98981
59364	-4308.185	-4593.425	285.2401	0.7960455	0.3873093	13.0205
59370	-4310.757	-4596.536	285.7787	0.9045609	0.3561481	12.7167
59376	-4320.341	-4604.417	284.0759	0.7748764	0.358726	13.66627
59382	-4315.598	-4602.321	286.7227	0.7843096	0.4682963	12.17687
59388	-4311.695	-4600.685	288.9901	0.8554113	0.4254807	10.99485
59394	-4320.05	-4608.597	288.5462	0.987175	0.4463125	11.13847
59400	-4332.523	-4620.234	287.7117	0.7802041	0.5162679	11.62097
59406	-4322.012	-4608.446	286.4335	0.8595158	0.4517666	12.30353
59412	-4311.536	-4598.153	286.6167	0.7098732	0.4331121	12.30353
59418	-4324.011	-4612.688	288.6764	0.8831306	0.4239802	11.14608
59424	-4323.118	-4605.562	282.4437	0.7643812	0.4392423	14.4372
59430	-4322.848	-4609.764	286.9163	0.9306719	0.3671004	12.0986
59436	-4322.526	-4611.183	288.6564	0.8020106	0.3671004	11.25685
59442	-4329.45	-4617.216	287.7662	0.8939325	0.4629537	11.57984
59448	-4323.02	-4611.605	288.5844	0.9527499	0.367074	11.21565
59454	-4322.26	-4607.552	285.2916	0.8125367	0.3378924	13.03807
59460	-4313.085	-4597.464	284.3787	0.7401128	0.391154	13.4932
59466	-4321.008	-4605.486	284.4772	0.6374075	0.3932955	13.4932
59472	-4317.316	-4602.652	285.3367	0.9056274	0.5176072	12.79271
59478	-4320.92	-4608.418	287.4978	0.7713377	0.4237069	11.82091
59484	-4320.96	-4607.608	286.6481	0.6952258	0.3930688	12.33419
59490	-4327.285	-4611.054	283.7686	0.7905635	0.4280498	13.74736
59496	-4319.3	-4607.377	288.077	0.8601008	0.4249406	11.47072
59502	-4328.342	-4615.858	287.5159	0.8563472	0.3707877	11.82061
59508	-4322.451	-4609.69	287.2391	0.8631892	0.3965211	11.93487
59514	-4321.386	-4605.887	284.5007	0.8165605	0.4021091	13.3791
59520	-4327.763	-4612.635	284.872	0.6770893	0.3910182	13.26988
59526	-4322.347	-4608.669	286.3216	0.7593602	0.3358306	12.53209
59532	-4305.191	-4593.516	288.3249	0.86808	0.4240518	11.33779
59538	-4317.628	-4605.973	288.3458	0.8472207	0.4240518	11.33779
59544	-4316.262	-4604.715	288.4524	0.809651	0.3878571	11.33779
59550	-4329.217	-4616.064	286.8479	0.8324836	0.3333323	12.22256
59556	-4336.655	-4621.012	284.3568	0.9544381	0.2958885	13.49916
59562	-4346.041	-4628.882	282.8419	0.7283814	0.3807803	14.30701
59568	-4330.18	-4616.529	286.3494	0.8135787	0.3668625	12.45538
59574	-4337.585	-4624.428	286.8422	0.7525808	0.431446	12.16534
59580	-4328.729	-4613.751	285.0221	0.8047889	0.3855396	13.1311
59586	-4334.517	-4617.075	282.558	0.7507078	0.4421706	14.3823
59592	-4324.279	-4610.354	286.0751	0.8337682	0.4174871	12.5362
59598	-4341.004	-4627.549	286.5452	0.8321463	0.5967126	12.13827
59604	-4337.426	-4621.625	284.1986	0.7614953	0.389426	13.57737
59610	-4323.281	-4607.483	284.202	0.6335748	0.389426	13.642
59616	-4313.633	-4598.281	284.6481	0.7783053	0.4361876	13.28935
59622	-4310.914	-4596.664	285.7497	0.7512828	0.368414	12.7984
59628	-4305.79	-4592.191	286.402	0.7817429	0.3971044	12.41326
59634	-4309.221	-4595.994	286.7737	0.7374703	0.431602	12.20874
59640	-4310.588	-4597.201	286.6127	0.7952282	0.4762067	12.22143
59646	-4315.854	-4602.193	286.3395	0.8212847	0.4022751	12.41998
59652	-4323.516	-4610.495	286.9784	0.9040057	0.4477804	11.9999
59658	-4330.488	-4615.42	284.932	0.8299396	0.4477804	13.10414
59664	-4337.909	-4624.331	286.4222	0.6833451	0.3223456	12.53471
59670	-4332.547	-4620.612	288.0651	0.8660993	0.4351733	11.46403
59676	-4316.845	-4605.514	288.669	0.8417459	0.395761	11.19962
59682	-4318.884	-4606.892	288.0086	0.8774789	0.3815842	11.54087
59688	-4324.182	-4609.392	285.2092	0.7436591	0.3401005	13.11423
59694	-4323.954	-4610.33	286.3766	0.7726151	0.3941778	12.43418
59700	-4311.863	-4598.453	286.5899	0.8217818	0.3189354	12.3792
59706	-4306.41	-4592.379	285.9691	0.7193863	0.3327971	12.73986
59712	-4321.324	-4606.194	284.8698	0.8716661	0.3958566	13.165
59718	-4320.641	-4606.538	285.8966	0.8004343	0.386106	12.67791
59724	-4319.446	-4605.126	285.6803	0.8357978	0.5146411	12.6527
59730	-4323.164	-4610.389	287.225	0.72574	0.4812767	11.93381
59736	-4326.715	-4614.744	288.029	0.8412193	0.3437396	11.58987
59742	-4328.602	-4616.197	287.5949	0.8484572	0.3982937	11.75506
59748	-4349.105	-4637.451	288.346	0.9173471	0.3039747	11.4305
59754	-4331.139	-4619.131	287.992	0.9404652	0.3832181	11.51491
59760	-4339.435	-4626.81	287.3749	0.9901225	0.5504589	11.65903
59766	-4341.732	-4627.426	285.6941	0.8745785	0.3549789	12.77758
59772	-4333.502	-4620.409	286.907	0.9417707	0.3554987	12.11018
59778	-4332.967	-4620.491	287.5239	0.9577316	0.3848789	11.74875
59784	-4359.788	-4645.212	285.4239	0.8890659	0.380192	12.88387
59790	-4350.02	-4637.501	287.4807	0.8319212	0.3626928	11.86039
59796	-4342.096	-4624.84	282.744	0.8362396	0.4569355	14.22803
59802	-4324.289	-4608.9	284.6113	0.8467362	0.2854048	13.43588
59808	-4321.64	-4607.511	285.8708	0.9368391	0.4575606	12.55106
59814	-4315.697	-4603.302	287.6052	0.95114	0.4698204	11.62785
59820	-4314.58	-4601.177	286.5977	0.9122328	0.3957095	12.24468
59826	-4314.199	-4600.762	286.5627	0.9019872	0.4194388	12.24468
59832	-4312.834	-4599.695	286.8612	0.806962	0.3196722	12.24468
59838	-4312.914	-4597.585	284.6702	0.7211625	0.3766226	13.3666
59844	-4309.079	-4594.289	285.21	0.6460074	0.3707988	13.13127
59850	-4305.407	-4590.823	285.4162	0.8338528	0.3696369	12.92762
59856	-4299.941	-4587.262	287.3213	0.906821	0.3012864	11.97447
59862	-4313.546	-4600.794	287.2481	0.766779	0.4025319	11.97447
59868	-4305.299	-4592.548	287.2483	0.7577563	0.2910205	12.10292
59874	-4316.421	-4605.966	289.5452	0.9218622	0.3098027	10.79327
59880	-4337.481	-4621.488	284.0071	0.7155181	0.4048209	13.68517
59886	-4336.804	-4623.912	287.1083	0.7607622	0.3743819	12.07939
59892	-4353.587	-4636.901	283.3142	0.6558207	0.3554122	14.12662
59898	-4345.048	-4630.561	285.5133	0.6977042	0.3918039	12.92499
59904	-4329.646	-4614.564	284.9183	0.6523947	0.408668	13.24095
59910	-4328.303	-4616.691	288.3879	0.7169059	0.3276478	11.48549
59916	-4321.287	-4606.96	285.6733	0.7969252	0.2963949	12.89623
59922	-4323.535	-4613.009	289.4738	0.8295845	0.3687889	10.81248
59928	-4318.388	-4607.84	289.4518	0.9054294	0.3291481	10.82819
59934	-4312.829	-4601.119	288.2901	0.7629848	0.3377094	11.50108
59940	-4327.653	-4613.972	286.3188	0.8164387	0.3746072	12.46164
59946	-4324.372	-4612.368	287.9957	0.8599391	0.3755852	11.56303
59952	-4328.965	-4616.292	287.3263	0.7566302	0.334378	12.01146
59958	-4325.483	-4611.745	286.2627	0.6980953	0.4818236	12.44948
59964	-4330.441	-4616.738	286.2973	0.680103	0.3572114	12.56237
59970	-4346.446	-4632.514	286.068	0.7406502	0.4447528	12.56237
59976	-4339.645	-4625.226	285.5806	0.8762929	0.3727957	12.81671
59982	-4326.301	-4612.584	286.2833	0.7508665	0.4457897	12.44396
59988	-4317.627	-4602.403	284.7757	0.6889348	0.4457897	13.26052
59994	-4318.41	-4603.718	285.3076	0.7446617	0.3543551	13.04687
60000	-4330.666	-4614.899	284.2333	0.7446617	0.3372264	13.62383
60006	-4315.373	-4599.96	284.5876	0.5631207	0.3461992	13.52419
60012	-4313.538	-4598.897	285.3585	0.8054681	0.3558902	12.98713
60018	-4324.255	-4612.979	288.7234	0.781618	0.3255947	11.27858
60024	-4328.232	-4616.815	288.5835	0.7395667	0.3109211	11.39095
60030	-4305.118	-4592.258	287.1404	0.8725773	0.3809567	11.99743
60036	-4303.442	-4589.234	285.7928	0.8854232	0.442287	12.6326
60042	-4319.296	-4609.531	290.2357	0.9734295	0.3936918	10.31109
60048	-4312.741	-4602.246	289.5054	0.9734295	0.3842867	10.70421
60054	-4313.645	-4599.516	285.8709	0.8135841	0.4123647	12.65805
60060	-4321.316	-4610.108	288.7923	0.7385071	0.4226802	11.16236
60066	-4318.639	-4603.767	285.1282	0.7944182	0.4258919	13.04126
60072	-4318.246	-4606.61	288.3643	0.6988874	0.3879042	11.44175
60078	-4316.323	-4602.985	286.6617	0.7883504	0.5241245	12.15817
60084	-4312.426	-4600.483	288.057	0.7479364	0.4203889	11.54423
60090	-4318.893	-4606.819	287.9266	0.9904763	0.3630942	11.54423
60096	-4336.073	-4624.497	288.4231	0.9579671	0.458027	11.2073
60102	-4334.555	-4620.166	285.611	0.6604711	0.3891278	12.89625
60108	-4330.867	-4614.914	284.0468	0.6255325	0.4857038	13.63595
60114	-4311.35	-4597.88	286.5294	0.7442506	0.4747705	12.29271
60120	-4316.151	-4602.831	286.6803	0.8920089	0.3213055	12.29271
60126	-4306.809	-4594.524	287.7156	0.9463748	0.3097425	11.73782
60132	-4338.577	-4622.169	283.5919	0.7076266	0.4888398	13.82662
60138	-4329.165	-4612.963	283.7986	0.7125108	0.4168107	13.78311
60144	-4319.929	-4606.059	286.1304	0.7461981	0.4235876	12.54707
60150	-4322.728	-4608.267	285.5393	0.8093867	0.3367464	12.91217
60156	-4321.415	-4605.441	284.0258	0.7643844	0.3367464	13.72186
60162	-4328.833	-4613.735	284.9021	0.6027313	0.4155982	13.2684
60168	-4332.831	-4617.64	284.8087	0.6961339	0.4155982	13.2684
60174	-4316.861	-4601.941	285.0801	0.8687214	0.3635412	13.09074
60180	-4313.817	-4597.802	283.9851	0.7390154	0.4062617	13.68297
60186	-4318.22	-4605.427	287.207	0.8359366	0.4509264	11.9132
60192	-4323.27	-4610.337	287.0673	0.8537394	0.3581637	12.06959
60198	-4321.287	-4607.905	286.6183	0.783593	0.4999967	12.20373
60204	-4318.869	-4606.996	288.1273	0.8916927	0.3961904	11.4564
60210	-4316.577	-4602.628	286.0517	0.6773894	0.3561415	12.69285
60216	-4317.33	-4603.028	285.6982	0.6747312	0.3910146	12.84151
60222	-4318.116	-4604.467	286.3509	0.7914692	0.3548194	12.4791
60228	-4312.36	-4596.214	283.8544	0.6362078	0.4531925	13.75938
60234	-4300.248	-4589.948	289.7	0.8191336	0.3495327	10.72031
60240	-4295.628	-4583.087	287.4593	0.7714274	0.3834841	11.8812
60246	-4302.308	-4589.873	287.5648	0.9563152	0.3862739	11.72669
60252	-4292.53	-4580.314	287.7835	1.015179	0.5131848	11.46325
60258	-4295.501	-4579.389	283.8881	0.8340627	0.4662791	13.6273
60264	-4308.699	-4595.429	286.7299	0.8664499	0.3728589	12.22322
60270	-4303.614	-4592.542	288.928	0.869946	0.2992268	11.1566
60276	-4304.323	-4588.728	284.4043	0.8405867	0.3658451	13.45402
60282	-4319.701	-4606.712	287.011	0.8661654	0.3697712	12.08004
60288	-4315.001	-4603.201	288.2004	0.9831147	0.4019814	11.36453
60294	-4304.762	-4593.31	288.5481	0.9318296	0.3265688	11.29055
60300	-4305.763	-4590.593	284.8302	0.7780579	0.3195388	13.31675
60306	-4302.133	-4587.513	285.3795	0.8144391	0.3246731	13.00641
60312	-4307.38	-4592.558	285.1782	0.8233493	0.4195022	13.00641
60318	-4297.461	-4582.281	284.8208	0.8288811	0.3860746	13.22263
60324	-4303.336	-4588.213	284.877	0.7908903	0.4151173	13.18412
60330	-4316.83	-4602.507	285.677	0.7604865	0.4113744	12.78756
60336	-4309.884	-4593.214	283.3298	0.7320407	0.4376881	13.99617
60342	-4299.588	-4582.647	283.0597	0.811041	0.4293641	14.10313
60348	-4309.407	-4597.535	288.1276	0.933593	0.3108284	11.52798
60354	-4337.559	-4623.421	285.8614	0.8063608	0.3437736	12.73831
60360	-4319.396	-4604.118	284.7221	0.8141841	0.3012585	13.37579
60366	-4301.386	-4587.472	286.0859	0.8976551	0.3067828	12.61653
60372	-4299.966	-4589.535	289.5689	0.9035961	0.4347063	10.6573
60378	-4297.703	-4587.342	289.6387	0.7882041	0.3734819	10.74273
60384	-4297.05	-4585.057	288.007	0.7840661	0.4195378	11.55232
60390	-4291.36	-4578.997	287.6376	0.8143747	0.4260755	11.72312
60396	-4303.177	-4590.997	287.8199	0.7771021	0.3909791	11.68225
60402	-4309.306	-4597.157	287.8506	0.8811355	0.3285578	11.67942
60408	-4306.324	-4592.65	286.3259	0.7205516	0.3128931	12.57654
60414	-4299.267	-4584.998	285.7319	0.8562578	0.4728906	12.65149
60420	-4317.52	-4602.916	285.3969	0.7342956	0.5155218	12.85227
60426	-4320.323	-4605.154	284.8302	0.7996285	0.3375669	13.28496
60432	-4318.369	-4602.832	284.4633	0.8762208	0.4908517	13.28496
60438	-4317.281	-4599.335	282.0542	0.838581	0.3199693	14.72425
60444	-4303.825	-4591.227	287.4022	0.8507726	0.4092287	11.84353
60450	-4300.441	-4587.991	287.5496	0.8267865	0.3475858	11.84353
60456	-4299.678	-4587.426	287.7479	0.8721691	0.3517017	11.71175
60462	-4312.179	-4597.793	285.6133	0.9244546	0.4194002	12.72753
60468	-4318.865	-4607.942	289.0777	0.8586581	0.3673212	11.00638
60474	-4317.474	-4605.618	288.1438	0.9227822	0.3547718	11.47506
60480	-4310.643	-4600.187	289.5441	0.9099566	0.3937608	10.7074
60486	-4314.789	-4606.541	291.7519	0.8949347	0.3937608	9.554069
60492	-4328.884	-4616.201	287.3171	0.8949347	0.3786097	11.89604
60498	-4327.175	-4614.537	287.3615	0.721625	0.4114645	11.92994
60504	-4338.22	-4621.144	282.9237	0.721625	0.3407072	14.31103
60510	-4328.031	-4614.55	286.5185	0.6324919	0.4207895	12.40688
60516	-4320.712	-4607.935	287.2229	0.7461013	0.3300919	12.07576
60522	-4314.165	-4599.808	285.6427	0.7699521	0.3861765	12.8258
60528	-4306.441	-4590.042	283.6014	0.8533062	0.3861765	13.84293
60534	-4319.707	-4603.96	284.2532	0.834808	0.4238526	13.47687
60540	-4310.856	-4599.377	288.5211	0.9296552	0.3787443	11.24852
60546	-4308.332	-4595.903	287.5709	0.9570574	0.3942185	11.71498
60552	-4317.428	-4604.551	287.1231	0.7982335	0.2955824	12.14146
60558	-4317.457	-4602.83	285.3728	0.7004356	0.3235355	13.07049
60564	-4309.958	-4598.129	288.1703	0.9044552	0.4769066	11.35046
60570	-4321.653	-4607.132	285.479	0.8645293	0.3992427	12.84849
60576	-4316.345	-4604.559	288.214	0.7959769	0.3821087	11.47559
60582	-4329.237	-4619.384	290.1475	1.068938	0.48711	10.21845
60588	-4326.25	-4613.912	287.6616	0.9198245	0.480255	11.60537
60594	-4344.732	-4632.17	287.4379	0.7596266	0.3575296	11.92603
60600	-4327.73	-4614.573	286.8428	0.7706291	0.3476013	12.24153
60606	-4323.352	-4610.674	287.3222	0.8921116	0.4121225	11.86082
60612	-4312.242	-4599.381	287.1389	0.8339572	0.4306959	11.96884
60618	-4315.961	-4603.426	287.4648	0.7631309	0.4850728	11.78576
60624	-4307.334	-4593.607	286.2731	0.7851499	0.368102	12.50862
60630	-4311.38	-4597.944	286.5641	0.8010571	0.3870794	12.3289
60636	-4303.743	-4588.867	285.124	0.7320269	0.3870794	13.11438
60642	-4317.302	-4604.789	287.4874	0.7629055	0.4306474	11.82405
60648	-4320.645	-4607.275	286.63	0.8527746	0.3163115	12.34522
60654	-4332.592	-4618.276	285.6836	0.8343656	0.465771	12.69443
60660	-4345.735	-4629.365	283.6292	0.7526058	0.4032259	13.86356
60666	-4335.125	-4621.571	286.4463	0.8089646	0.3752111	12.39849
60672	-4324.204	-4607.201	282.9966	0.8023889	0.4636649	14.10852
60678	-4326.753	-4615.175	288.4221	0.8276939	0.4558642	11.27802
60684	-4332.096	-4617.436	285.3396	0.6886789	0.3678163	13.04488
60690	-4310.56	-4595.873	285.3126	0.8133396	0.4355532	12.92635
60696	-4330.627	-4614.909	284.2824	0.8133396	0.4755617	13.42503
60702	-4324.986	-4609.5	284.5135	0.815419	0.534562	13.25355
60708	-4329.208	-4612.381	283.1725	0.7846631	0.3908801	14.09615
60714	-4320.098	-4604.191	284.093	0.7301114	0.4065774	13.63128
60720	-4314.534	-4595.607	281.073	0.9849774	0.3718645	15.09904
60726	-4316.212	-4601.864	285.6513	0.9188029	0.4182256	12.71183
60732	-4307.046	-4592.69	285.6447	0.7558959	0.4059663	12.81212
60738	-4310.66	-4594.366	283.7056	0.809826	0.3997077	13.79773
60744	-4305.353	-4589.546	284.1935	0.744851	0.4006512	13.57736
60750	-4311.578	-4601.105	289.5269	0.8686086	0.4124059	10.71936
60756	-4320.966	-4610.459	289.4928	0.9027204	0.4124059	10.71936
60762	-4313.077	-4599.712	286.6358	0.8082445	0.2810675	12.40836
60768	-4301.021	-4589.008	287.9871	0.8576099	0.369466	11.57525
60774	-4306.492	-4595.05	288.5585	0.9888349	0.5971167	11.00392
60780	-4318.666	-4606.321	287.6546	0.9341481	0.3912614	11.68627
60786	-4325.847	-4610.04	284.1927	0.8291352	0.4277234	13.50751
60792	-4322.768	-4608.723	285.9557	0.7539443	0.2902771	12.77918
60798	-4304.002	-4592.242	288.2405	0.7835497	0.3655042	11.4857
60804	-4314.014	-4598.46	284.4465	0.7580997	0.432355	13.40822
60810	-4340.096	-4624.651	284.5546	0.7989923	0.3611084	13.40266
60816	-4342.39	-4630.53	288.1403	0.9224996	0.3291498	11.50576
60822	-4319.861	-4606.817	286.9557	0.81357	0.3756839	12.1301
60828	-4318.849	-4607.602	288.753	0.8659374	0.3962328	11.1425
60834	-4331.608	-4616.516	284.9073	0.7602986	0.358685	13.24214
60840	-4326.797	-4612.216	285.4191	0.9795095	0.3041983	12.92402
60846	-4336.059	-4619.822	283.7625	1.034977	0.2370158	13.84271
60852	-4313.539	-4599.97	286.431	0.8713625	0.3814959	12.36738
60858	-4310.787	-4597.942	287.1552	0.9146301	0.3814959	11.96724
60864	-4309.428	-4597.363	287.9344	0.8466518	0.4330526	11.54451
60870	-4314.079	-4597.533	283.4536	0.7566724	0.3630469	13.99386
60876	-4308.159	-4594.37	286.211	0.7400102	0.3563806	12.57703
60882	-4319.915	-4610.025	290.1093	0.9450313	0.3239847	10.46842
60888	-4317.041	-4607.199	290.1574	0.839842	0.3504118	10.46842
60894	-4351.25	-4634.423	283.1733	0.7545357	0.4735254	14.03289
60900	-4344.603	-4629.616	285.0127	0.8090019	0.3062124	13.22153
60906	-4332.968	-4617.679	284.7108	0.7891532	0.46832	13.22153
60912	-4316.363	-4601.129	284.7655	0.7463114	0.4615125	13.22153
60918	-4327.659	-4612.079	284.4191	0.7202083	0.3708094	13.50359
60924	-4337.988	-4621.654	283.6667	0.6758806	0.4459889	13.84284
60930	-4323.148	-4606.836	283.6884	0.7294902	0.4052568	13.84284
60936	-4328.819	-4614.322	285.5034	0.7638026	0.458628	12.8314
60942	-4330.088	-4613.976	283.8875	0.7156099	0.458628	13.69604
60948	-4330.631	-4618.497	287.8657	0.6239167	0.4612547	11.67045
60954	-4342.213	-4631.053	288.8405	0.9344016	0.3374488	11.12377
60960	-4321.421	-4605.206	283.7855	0.7827797	0.3872261	13.78294
60966	-4324.801	-4610.052	285.2505	0.8085278	0.4276478	12.96867
60972	-4320.418	-4607.151	286.7325	0.854338	0.3781912	12.22256
60978	-4319.631	-4606.176	286.5449	0.8360637	0.3944209	12.31319
60984	-4327.376	-4617.67	290.2939	0.9361953	0.5052348	10.19542
60990	-4314.568	-4603.64	289.0714	0.8714439	0.3673613	11.00294
60996	-4311.203	-4598.873	287.6699	0.8465518	0.3158869	11.80655
61002	-4318.637	-4606.489	287.852	0.8390917	0.3907096	11.63336
61008	-4308.297	-4597.04	288.743	0.862606	0.4963068	11.05555
61014	-4315.119	-4602.517	287.3981	0.8579321	0.5684728	11.70157
61020	-4324.553	-4613.025	288.472	0.8649358	0.3693946	11.31794
61026	-4327.704	-4612.878	285.1737	0.9639573	0.3890502	12.96592
61032	-4325.362	-4609.562	284.1992	0.8516676	0.4606718	13.46172
61038	-4321.763	-4610.921	289.1582	0.9439934	0.3522114	10.93591
61044	-4323.236	-4608.9	285.6644	0.8977922	0.3972638	12.73673
61050	-4315.004	-4602.002	286.998	0.8603401	0.3925416	12.06619
61056	-4320.689	-4608.351	287.6619	0.9213563	0.417241	11.66313
61062	-4336.701	-4623.976	287.2741	0.7574114	0.393852	11.9745
61068	-4325.466	-4612.786	287.3199	0.7946515	0.396638	11.92835
61074	-4300.751	-4591.12	290.3691	0.8967987	0.3926323	10.28234
61080	-4309.168	-4596.299	287.1303	0.8815948	0.3926323	11.98602
61086	-4315.235	-4604.351	289.1161	0.8945591	0.3926323	10.94099
61092	-4322.736	-4612.078	289.3421	0.9385755	0.269789	10.94099
61098	-4334.614	-4618.471	283.8568	0.8187027	0.3851498	13.72943
61104	-4325.428	-4612.56	287.1327	0.9117465	0.4324786	11.92975
61110	-4333.747	-4619.453	285.7062	0.8768592	0.3943313	12.72881
61116	-4322.994	-4608.75	285.7565	0.7331819	0.4443682	12.72881
61122	-4320.48	-4606.867	286.3867	0.8349205	0.481433	12.3139
61128	-4326.213	-4612.71	286.4975	0.807336	0.4341102	12.3139
61134	-4330.755	-4617.98	287.225	0.8799242	0.4640393	11.8688
61140	-4335.064	-4620.608	285.544	0.7244849	0.4551977	12.83388
61146	-4334.25	-4619.79	285.5401	0.6860122	0.479634	12.83388
61152	-4331.902	-4616.331	284.4296	0.9376114	0.393998	13.36132
61158	-4320.33	-4606.158	285.8278	0.8529554	0.3140021	12.76559
61164	-4317.591	-4601.762	284.1711	0.8504564	0.5412734	13.40775
61170	-4324.209	-4610.889	286.6799	0.8671329	0.3821451	12.23923
61176	-4319.571	-4609.783	290.2121	0.9341574	0.3639292	10.37542
61182	-4325.549	-4611.928	286.3788	0.8685363	0.503577	12.28124
61188	-4323.497	-4606.54	283.043	0.8467367	0.3465735	14.17791
61194	-4339.148	-4623.92	284.771	0.7310842	0.4328361	13.25319
61200	-4324.267	-4612.356	288.0895	0.7915101	0.4328361	11.4925
61206	-4338.039	-4623.765	285.7257	0.8003379	0.4526085	12.70222
61212	-4322.987	-4610.471	287.4843	0.8716774	0.4703239	11.73203
61218	-4319.145	-4604.582	285.4372	0.8619397	0.5189045	12.76208
61224	-4316.387	-4601.653	285.2654	0.7834666	0.4444544	12.95805
61230	-4323.323	-4611.901	288.5785	0.8527989	0.4444544	11.19365
61236	-4305.896	-4591.431	285.5356	0.8754815	0.5128314	12.70893
61242	-4307.278	-4595.895	288.6164	0.7896372	0.4264004	11.22404
61248	-4311.151	-4597.282	286.1312	0.820093	0.4113954	12.52007
61254	-4308.178	-4596.357	288.1787	0.8521057	0.4432278	11.40433
61260	-4311.423	-4600.027	288.6034	0.8366153	0.369585	11.2638
61266	-4294.491	-4579.999	285.5076	0.8389702	0.3963362	12.84988
61272	-4296.066	-4583.232	287.1667	0.7872349	0.3748995	12.0346
61278	-4300.349	-4587.377	287.0279	0.895022	0.4077306	12.01724
61284	-4294.698	-4580.298	285.6002	0.8859733	0.3298774	12.84844
61290	-4315.69	-4601.097	285.4068	0.8672773	0.5644057	12.73808
61296	-4303.112	-4591.885	288.7736	0.8233913	0.4726712	11.08097
61302	-4300.899	-4586.451	285.5512	0.9805619	0.4400033	12.71096
61308	-4305.985	-4591.459	285.4739	0.8184451	0.500822	12.78094
61314	-4341.584	-4621.878	280.2936	0.6479417	0.3180138	15.73524
61320	-4317.092	-4602.877	285.7843	0.8082779	0.3812646	12.73727
61326	-4330.999	-4613.047	282.0478	0.7588988	0.3812646	14.7019
61332	-4334.513	-4620.932	286.4186	0.9017934	0.4176203	12.32168
61338	-4340.175	-4625.115	284.9402	0.7679373	0.4150689	13.16325
61344	-4338.503	-4621.997	283.4944	0.7731521	0.3845491	13.94169
61350	-4332.627	-4615.996	283.3692	0.7419941	0.3391394	14.07133
61356	-4318.031	-4607.586	289.5547	0.9387768	0.382942	10.69792
61362	-4323.852	-4610.879	287.0278	0.7474608	0.46931	12.03604
61368	-4328.569	-4616.606	288.0366	0.886224	0.52375	11.38945
61374	-4328.646	-4614.631	285.9851	0.7759953	0.3832175	12.64754
61380	-4316.063	-4598.992	282.9291	0.7611105	0.3523248	14.27498
61386	-4323.566	-4607.27	283.7042	0.8256545	0.4121911	13.7779
61392	-4332.682	-4615.491	282.8092	0.6476132	0.4121911	14.33423
61398	-4330.587	-4616.59	286.0033	0.6500595	0.3668113	12.72081
61404	-4328.866	-4618.157	289.2917	0.8032105	0.4420266	10.84837
61410	-4328.762	-4613.187	284.4257	0.7377059	0.3687215	13.49329
61416	-4338.159	-4624.499	286.3404	0.9009458	0.3687215	12.41257
61422	-4341.826	-4628.027	286.2003	0.797358	0.4601187	12.44975
61428	-4332.409	-4616.049	283.6406	0.6293106	0.3230539	14.00725
61434	-4316.684	-4605.491	288.8071	0.8787978	0.3791816	11.12499
61440	-4320.897	-4607.986	287.0892	0.7835078	0.4192766	12.03211
61446	-4319.514	-4606.949	287.4352	0.9554774	0.4192766	11.76175
61452	-4322.507	-4608.058	285.5511	0.8162219	0.4562622	12.78144
61458	-4319.152	-4607.206	288.0539	0.8437393	0.3645623	11.55279
61464	-4318.966	-4607.195	288.2287	0.8804508	0.3364502	11.47316
61470	-4324.752	-4611.517	286.7647	0.7264262	0.3128245	12.34498
61476	-4321.938	-4608.737	286.7993	0.695324	0.3337321	12.31894
61482	-4315.999	-4604.109	288.1095	0.8528985	0.3337321	11.55298
61488	-4311.439	-4599.672	288.2329	0.8219883	0.3405127	11.49698
61494	-4299.645	-4583.845	284.2004	0.8883188	0.4743353	13.42981
61500	-4305.702	-4593.082	287.3802	0.8660708	0.3940843	11.86223
61506	-4306.903	-4593.816	286.9137	0.7886132	0.3665305	12.17467
61512	-4311.654	-4597.63	285.9763	0.7693507	0.4472035	12.59291
61518	-4319.976	-4607.706	287.7294	0.7693507	0.511049	11.62179
61524	-4330.672	-4616.603	285.9309	0.8146406	0.3763735	12.66274
61530	-4331.145	-4621.696	290.5501	0.8854656	0.500524	10.09142
61536	-4328.732	-4610.441	281.7086	0.7116013	0.4456234	14.83908
61542	-4329.971	-4615.49	285.5195	0.7116013	0.2929881	13.02474
61548	-4333.233	-4619.233	286.0008	0.7864056	0.4175888	12.59947
61554	-4338.273	-4626.145	287.8722	0.836497	0.3517968	11.66539
61560	-4326.374	-4612.599	286.2252	0.7919466	0.3517968	12.54758
61566	-4324.62	-4611.864	287.2437	0.7919466	0.4404362	11.92683
61572	-4320.801	-4604.895	284.0947	0.8064299	0.3612886	13.63735
61578	-4329.946	-4613.453	283.5073	0.8267779	0.45009	13.84348
61584	-4323.728	-4610.124	286.3961	0.8165055	0.3643146	12.43226
61590	-4338.849	-4627.445	288.5967	0.9899796	0.4737924	11.08534
61596	-4348.27	-4634.002	285.7321	0.8643192	0.4255721	12.69102
61602	-4325.189	-4611.482	286.2927	0.9491181	0.5108913	12.27788
61608	-4317.307	-4605.951	288.6436	0.8987482	0.4982344	11.08697
61614	-4315.137	-4603.07	287.9334	0.8698128	0.4204315	11.5451
61620	-4305.85	-4591.786	285.9362	0.8174761	0.4204315	12.61417
61626	-4307.263	-4596.23	288.9668	0.7857326	0.4193124	11.04955
61632	-4299.389	-4591.239	291.8502	0.8527338	0.3877151	9.530674
61638	-4311.636	-4603.427	291.7912	0.9292386	0.3789167	9.530674
61644	-4314.844	-4604.097	289.2533	0.788214	0.3789167	10.93904
61650	-4311.166	-4599.254	288.0881	0.903369	0.4074254	11.45952
61656	-4324.537	-4612.166	287.6292	0.8367026	0.4537487	11.68974
61662	-4308.113	-4595.701	287.588	0.7434651	0.3708024	11.84187
61668	-4308.737	-4594.31	285.5732	0.7342222	0.4030414	12.86348
61674	-4320.678	-4602.062	281.3837	0.7258693	0.4204058	15.02362
61680	-4324.099	-4609.614	285.5143	0.8034058	0.3301213	12.93578
61686	-4323.413	-4610.393	286.9792	0.9221628	0.381189	12.05544
61692	-4332.312	-4619.243	286.9306	0.8786695	0.4293726	12.05544
61698	-4329.353	-4617.674	288.3215	0.8911809	0.3047355	11.45607
61704	-4314.759	-4604.584	289.825	0.8329217	0.3811286	10.61355
61710	-4329.666	-4616.355	286.6889	0.9946414	0.3403674	12.213
61716	-4321.533	-4610.163	288.6294	0.9176217	0.4152819	11.16111
61722	-4321.659	-4611.116	289.4565	0.9485906	0.493789	10.63867
61728	-4322.727	-4610.978	288.2512	0.8329383	0.3131481	11.51322
61734	-4323.106	-4612.373	289.2666	0.938894	0.29166	10.9525
61740	-4331.374	-4621.605	290.2315	0.9777354	0.4239551	10.28084
61746	-4322.133	-4610.323	288.1901	0.829194	0.4390826	11.41422
61752	-4311.985	-4600.613	288.6277	0.879711	0.3838002	11.21361
61758	-4313.264	-4600.175	286.9111	0.7125547	0.3838002	12.19755
61764	-4319.936	-4606.609	286.6729	0.7701259	0.4825226	12.19755
61770	-4315.184	-4600.925	285.7403	0.746393	0.4423831	12.7322
61776	-4328.031	-4614.832	286.8011	0.8481836	0.3969846	12.17074
61782	-4332.703	-4622.541	289.8378	0.8949244	0.4720623	10.48604
61788	-4324.586	-4614.464	289.8786	0.9924589	0.5865531	10.31764
61794	-4322.729	-4611.977	289.248	0.9193497	0.3883959	10.86327
61800	-4335.64	-4623.563	287.9228	0.8578701	0.3349134	11.64657
61806	-4318.445	-4608.807	290.3617	1.039289	0.3581684	10.24779
61812	-4316.829	-4603.885	287.0552	0.9122306	0.3699943	12.0327
61818	-4329.489	-4618.303	288.8136	0.8390579	0.4423752	11.07971
61824	-4313.665	-4603.216	289.5509	0.7907014	0.3948799	10.76525
61830	-4310.246	-4596.475	286.2296	0.8338609	0.3205533	12.55868
61836	-4324.687	-4610.802	286.1149	0.8400365	0.3205533	12.61522
61842	-4308.763	-4594.218	285.455	0.8620519	0.3971234	12.86441
61848	-4312.655	-4599.066	286.4112	0.7897604	0.436713	12.36557
61854	-4325.778	-4610.95	285.1711	0.720109	0.3156869	13.1742
61860	-4322.157	-4608.78	286.6226	0.889882	0.3390655	12.30367
61866	-4325.793	-4611.437	285.6434	0.6290874	0.3659458	12.91988
61872	-4316.064	-4602.187	286.1224	0.9092941	0.3659458	12.52473
61878	-4325.252	-4613.319	288.0665	0.879188	0.353836	11.5393
61884	-4318.902	-4606.438	287.5366	0.9339084	0.396306	11.7429
61890	-4317.125	-4605.747	288.6216	0.8868999	0.3724928	11.22488
61896	-4320.103	-4604.72	284.6173	0.8822192	0.4556488	13.23328
61902	-4316.545	-4601.537	284.9919	0.7570087	0.3285678	13.23328
61908	-4300.304	-4586.174	285.8703	0.9032028	0.3377323	12.69002
61914	-4305.89	-4592.681	286.7913	0.9070653	0.3592032	12.18458
61920	-4317.617	-4605.21	287.5936	0.8720247	0.3030754	11.84837
61926	-4313.537	-4596.779	283.2419	0.6590113	0.4614427	14.05769
61932	-4306.111	-4594.2	288.0895	0.8839215	0.4230015	11.45363
61938	-4322.649	-4612.155	289.5061	1.272307	0.3138571	10.62514
61944	-4311.433	-4596.888	285.4553	0.9827653	0.384791	12.81401
61950	-4314.552	-4603.267	288.715	0.9860952	0.3015178	11.20451
61956	-4314.034	-4601.443	287.4092	0.7055437	0.4335781	11.89201
61962	-4317.787	-4603.36	285.5727	0.7807238	0.3348442	12.91186
61968	-4318.056	-4603.279	285.2229	0.7216645	0.3041743	13.16012
61974	-4348.035	-4632.873	284.8376	0.825034	0.3875114	13.21443
61980	-4327.157	-4614.311	287.1536	0.866551	0.458826	11.91783
61986	-4310.029	-4598.56	288.5305	0.8943812	0.4177338	11.22264
61992	-4306.543	-4592.53	285.987	0.8369783	0.4225372	12.57551
61998	-4307.72	-4595.78	288.0592	0.8343826	0.3710068	11.54807
62004	-4320.956	-4608.895	287.9387	0.8823675	0.4332347	11.52343
62010	-4321.275	-4607.012	285.737	0.8610076	0.5171985	12.6079
62016	-4322.599	-4609.778	287.1792	0.829131	0.3762364	12.00481
62022	-4328.614	-4616.383	287.7682	0.9186158	0.4693478	11.5601
62028	-4329.395	-4617.704	288.309	0.8808478	0.3433206	11.42329
62034	-4322.616	-4611.02	288.4039	0.9168069	0.3329281	11.36656
62040	-4324.505	-4609.51	285.0047	0.7590401	0.4014183	13.14784
62046	-4315.996	-4602.076	286.0795	0.8077889	0.3870455	12.57789
62052	-4308.062	-4594.69	286.628	0.8650368	0.3870455	12.26233
62058	-4329.803	-4617.46	287.6568	0.941435	0.3407269	11.73534
62064	-4315.469	-4599.469	283.9999	0.7784108	0.378549	13.68289
62070	-4310.602	-4596.014	285.4126	0.7947863	0.4119595	12.90672
62076	-4317.211	-4603.977	286.7653	0.938202	0.4606306	12.08139
62082	-4307.521	-4591.375	283.8547	0.7325411	0.4606306	13.70246
62088	-4320.63	-4608.541	287.9111	0.8664785	0.4112632	11.56748
62094	-4322.762	-4612.314	289.5528	0.9799243	0.373513	10.68722
62100	-4317.661	-4599.885	282.2239	0.7278711	0.4324267	14.5763
62106	-4308.271	-4593.819	285.5484	0.7299896	0.4349084	12.84764
62112	-4317.916	-4603.813	285.8963	0.8846934	0.450296	12.57165
62118	-4310.046	-4594.68	284.6342	0.74281	0.4456427	13.30617
62124	-4314.239	-4599.241	285.0025	0.9583462	0.501892	12.95245
62130	-4327.256	-4610.973	283.717	0.7782992	0.4398969	13.76931
62136	-4327.021	-4610.528	283.5075	0.8683477	0.509465	13.76931
62142	-4335.137	-4621.728	286.5906	0.8180808	0.593221	12.12459
62148	-4339.509	-4629.17	289.6607	1.048664	0.5242522	10.45282
62154	-4312.489	-4600.423	287.9343	0.9181324	0.4480844	11.493
62160	-4321.126	-4609.217	288.0916	0.9235756	0.5121494	11.35091
62166	-4323.074	-4607.027	283.953	0.8210281	0.4102513	13.6531
62172	-4320.165	-4606.545	286.3806	0.7551725	0.477296	12.36235
62178	-4319.222	-4605.043	285.8208	0.9139079	0.2612227	12.80335
62184	-4319.116	-4605.251	286.135	0.8451538	0.3210973	12.60142
62190	-4317.841	-4602.929	285.0884	0.6694742	0.4278657	13.12499
62196	-4322.009	-4605.883	283.8742	0.7822048	0.3600446	13.76571
62202	-4312.093	-4596.33	284.237	0.7566098	0.4629483	13.48944
62208	-4304.685	-4590.476	285.791	0.7499912	0.3652224	12.78094
62214	-4311.839	-4597.75	285.9111	0.7726886	0.4172573	12.65361
62220	-4303.487	-4589.04	285.5529	0.8097838	0.4570365	12.78318
62226	-4326.434	-4614.519	288.085	0.8149586	0.3894532	11.52549
62232	-4324.669	-4613.262	288.5933	0.8579409	0.4011499	11.22532
62238	-4318.047	-4605.787	287.7396	0.8140224	0.481714	11.61863
62244	-4312.982	-4599.021	286.0391	0.8340767	0.481714	12.49521
62250	-4319.768	-4606.784	287.0165	0.7051279	0.3569323	12.17489
62256	-4305.929	-4594.384	288.4543	0.7931992	0.3738599	11.36
62262	-4309.983	-4596.463	286.4799	0.8008726	0.3889277	12.37099
62268	-4319.367	-4606.181	286.8143	0.7931435	0.443262	12.14755
62274	-4331.369	-4614.512	283.1427	0.7717248	0.432651	14.0774
62280	-4312.201	-4600.447	288.2462	0.8312265	0.4244789	11.39781
62286	-4314.536	-4598.989	284.4526	0.8312265	0.4812362	13.32235
62292	-4326.829	-4612.228	285.3983	0.7515002	0.3537743	12.99677
62298	-4323.885	-4612.737	288.8517	1.009795	0.3379695	11.07783
62304	-4319.618	-4606.901	287.2827	0.8441178	0.3414009	11.98064
62310	-4309.342	-4596.725	287.3824	0.7087953	0.3919527	11.94533
62316	-4306.357	-4590.793	284.4358	0.8018746	0.3825023	13.44036
62322	-4306.704	-4594.161	287.457	0.8577081	0.3090207	11.91997
62328	-4308.01	-4593.706	285.6957	0.7846491	0.3936505	12.78297
62334	-4306.049	-4590.325	284.2754	0.8132078	0.3962656	13.50372
62340	-4313.883	-4601.05	287.167	0.8959511	0.446619	11.90673
62346	-4324.672	-4608.855	284.1824	0.7395331	0.369397	13.61796
62352	-4328.667	-4612.663	283.996	0.831705	0.4177146	13.61796
62358	-4333.324	-4620.142	286.8188	0.9400634	0.3318698	12.18336
62364	-4341.727	-4625.823	284.0958	0.70655	0.3602875	13.6897
62370	-4325.587	-4609.402	283.8153	1.018463	0.4452613	13.58862
62376	-4333.202	-4615.507	282.3044	0.8802346	0.4025089	14.48475
62382	-4321.239	-4606.545	285.306	0.7865863	0.3529748	13.02741
62388	-4318.834	-4603.413	284.5793	0.7983212	0.3308205	13.42357
62394	-4322.635	-4609.353	286.7184	0.8449766	0.322439	12.2961
62400	-4309.191	-4597.094	287.9023	0.8456834	0.322439	11.678
62406	-4308.521	-4595.742	287.221	0.7854039	0.3760053	12.00605
62412	-4314.714	-4600.629	285.9146	0.8617784	0.378023	12.64498
62418	-4312.708	-4597.308	284.6002	0.7808455	0.4531961	13.29707
62424	-4320.408	-4612.618	292.2101	1.062349	0.4429041	9.175015
62430	-4327.514	-4613.716	286.2021	0.7183857	0.4430987	12.50569
62436	-4318.526	-4604.962	286.4362	0.6892673	0.4269796	12.41422
62442	-4341.073	-4628.334	287.2612	0.7921158	0.4041372	11.95278
62448	-4337.301	-4626.336	289.0358	0.824382	0.3845924	11.02814
62454	-4346.75	-4634.832	288.0825	0.6193974	0.447468	11.57226
62460	-4311.501	-4599.093	287.592	0.8939021	0.4131665	11.71802
62466	-4289.37	-4576.858	287.4876	0.8665055	0.3520507	11.85027
62472	-4293.476	-4578.2	284.7238	0.803759	0.4741598	13.20198
62478	-4309.114	-4594.299	285.1849	0.8326872	0.3037178	13.12272
62484	-4333.663	-4623.717	290.0537	0.9102045	0.3650701	10.46993
62490	-4308.706	-4593.809	285.1029	0.7789969	0.4599213	13.03061
62496	-4312.603	-4602.972	290.3687	1.03624	0.4386989	10.16374
62502	-4306.437	-4593.153	286.7157	0.9593759	0.3486976	12.20819
62508	-4301.695	-4589.94	288.2446	0.9228997	0.3688979	11.40712
62514	-4292.113	-4578.038	285.9247	0.8634849	0.4667258	12.55288
62520	-4295.367	-4579.245	283.878	0.9842556	0.3753258	13.64272
62526	-4286.062	-4575.521	289.4585	0.9155484	0.2982255	10.85605
62532	-4291.529	-4579.265	287.7365	0.8885515	0.4395155	11.6199
62538	-4309.699	-4595.108	285.4091	0.8164438	0.317283	12.99852
62544	-4323.712	-4610.804	287.0917	0.7628713	0.3733004	12.0881
62550	-4317.339	-4603.597	286.2581	0.7190573	0.356743	12.56306
62556	-4314.633	-4600.353	285.7196	0.8600204	0.3643301	12.76182
62562	-4317.351	-4605.377	288.0264	0.7604184	0.3333124	11.64519
62568	-4324.902	-4613.738	288.8364	0.7754867	0.4058761	11.13647
62574	-4338.679	-4627.712	289.0327	0.743517	0.4876566	10.97376
62580	-4328.416	-4617.298	288.8823	0.8640484	0.388069	11.08411
62586	-4330.039	-4619.524	289.4848	0.8902119	0.499796	10.64924
62592	-4321.268	-4612.169	290.901	0.9389881	0.4170824	9.955779
62598	-4299.276	-4589.469	290.1929	0.9196117	0.4454707	10.31107
62604	-4305.309	-4593.963	288.6541	0.9022376	0.4366787	11.13552
62610	-4315.355	-4604.948	289.5933	0.9297854	0.3260328	10.74481
62616	-4317.809	-4602.795	284.9853	0.6605185	0.4636586	13.14996
62622	-4320.158	-4608.366	288.2085	0.8287873	0.4427127	11.40142
62628	-4325.957	-4615.746	289.7893	0.8939632	0.3185437	10.66953
62634	-4337.529	-4624.636	287.1069	0.7877793	0.3651915	12.07575
62640	-4341.292	-4625.406	284.1136	0.8442964	0.3177169	13.65656
62646	-4329.239	-4613.599	284.3601	0.832365	0.5130251	13.34239
62652	-4331.273	-4615.008	283.7354	0.6708372	0.496785	13.76442
62658	-4333.834	-4620.519	286.6852	0.83117	0.496785	12.14683
62664	-4319.127	-4608.081	288.9536	0.9360489	0.3381876	11.06284
62670	-4328.979	-4617.236	288.2573	0.8185194	0.4828371	11.34464
62676	-4315.49	-4602.737	287.2469	0.8508766	0.4828371	11.8557
62682	-4314.998	-4600.519	285.5213	0.8564282	0.4841962	12.75098
62688	-4309.452	-4598.145	288.6932	0.9065317	0.4986903	11.05652
62694	-4314.921	-4600.616	285.6948	0.9236014	0.4986903	12.61306
62700	-4321.163	-4607.842	286.6796	0.7686612	0.4328796	12.24036
62706	-4313.34	-4600.288	286.9475	0.9213311	0.3437851	12.11258
62712	-4310.803	-4596.442	285.6389	0.816363	0.4705397	12.72274
62718	-4310.419	-4598.529	288.11	0.8582166	0.3525926	11.52891
62724	-4331.434	-4618.191	286.7576	0.7752672	0.4293375	12.19961
62730	-4339.082	-4627.554	288.4721	0.7905954	0.361133	11.36563
62736	-4336.687	-4620.104	283.4172	0.6821343	0.406995	14.0063
62742	-4325.569	-4610.527	284.9574	0.9163	0.4093291	13.08279
62748	-4331.294	-4619.53	288.2364	0.8830911	0.4197562	11.38039
62754	-4341.948	-4626.973	285.0251	0.8664606	0.4893286	12.99935
62760	-4327.559	-4615.325	287.7652	0.8664606	0.4456935	11.61064
62766	-4333.854	-4621.045	287.1913	0.8157834	0.3455496	12.03849
62772	-4338	-4627.816	289.8158	0.9788553	0.4953207	10.43286
62778	-4326.633	-4614.276	287.6423	0.7873122	0.3348187	11.83003
62784	-4334.156	-4626.994	292.8375	1.00443	0.327507	8.994878
62790	-4350.908	-4636.062	285.1538	0.8278075	0.3719518	13.06478
62796	-4342.471	-4627.479	285.0083	0.813598	0.3937451	13.12532
62802	-4326.067	-4613.189	287.1219	0.7697096	0.3883833	12.05308
62808	-4332.681	-4619.217	286.5357	0.9084142	0.4286634	12.24651
62814	-4329.921	-4617.322	287.401	0.8982063	0.3682215	11.86144
62820	-4323.253	-4612.266	289.0125	0.9470368	0.4036425	10.95662
62826	-4323.092	-4613.63	290.5377	0.9791616	0.3269927	10.22192
62832	-4328.277	-4613.216	284.9391	0.7982463	0.4525206	13.11254
62838	-4330.28	-4616.498	286.2185	0.8097902	0.4405734	12.45191
62844	-4316.365	-4598.64	282.2748	0.7251545	0.4159104	14.56722
62850	-4315.311	-4598.499	283.1884	0.7916047	0.4037908	14.07138
62856	-4322.961	-4607.825	284.864	0.7575976	0.4314304	13.19242
62862	-4314.186	-4603.296	289.11	0.9046019	0.4652489	10.86892
62868	-4317.466	-4603.02	285.5539	0.8228537	0.3792127	12.85168
62874	-4338.978	-4627.547	288.5687	0.9587974	0.3281972	11.26382
62880	-4318.995	-4608	289.005	0.8911575	0.3570329	11.03857
62886	-4323.871	-4612.574	288.703	1.002803	0.3970109	11.09625
62892	-4317.722	-4609.381	291.6589	0.978894	0.3431944	9.613176
62898	-4320.329	-4610.965	290.6356	0.9184531	0.3545878	10.17124
62904	-4314.531	-4601.382	286.8509	0.9201955	0.4327392	12.07212
62910	-4328.551	-4615.896	287.3444	0.9229873	0.4342226	11.81173
62916	-4331.236	-4619.631	288.3959	0.815604	0.3414415	11.41405
62922	-4335.174	-4621.996	286.8223	0.8843895	0.4182383	12.11968
62928	-4320.646	-4605.658	285.0113	0.8503641	0.3942855	13.10408
62934	-4329.532	-4612.082	282.5492	0.7650666	0.4194881	14.40096
62940	-4326.938	-4617.82	290.8825	0.9169054	0.4023627	9.99187
62946	-4325.449	-4610.469	285.0195	0.8811395	0.3793191	13.09916
62952	-4330.962	-4617.036	286.0742	0.8184131	0.3942374	12.56776
62958	-4323.599	-4609.418	285.8189	0.7014716	0.4125337	12.74328
62964	-4324.947	-4609.103	284.1557	0.7412908	0.3574489	13.64365
62970	-4333.321	-4622.573	289.252	0.8224904	0.4457656	10.85554
62976	-4319.73	-4605.98	286.2507	0.8093341	0.4457656	12.43052
62982	-4298.049	-4583.726	285.6769	0.693635	0.3887107	12.84516
62988	-4317.1	-4604.061	286.9602	0.7184349	0.3887107	12.16382
62994	-4309.859	-4595.835	285.9753	0.8050625	0.3028852	12.72697
63000	-4319.538	-4606.188	286.6498	0.7519559	0.429813	12.26752
63006	-4321.985	-4606.175	284.1907	0.7508726	0.4059151	13.57042
63012	-4335.644	-4620.814	285.1694	0.7287943	0.3855485	13.09403
63018	-4314.95	-4601.881	286.9318	0.8450659	0.3855485	12.11584
63024	-4319.712	-4604.399	284.6864	0.7793106	0.4165085	13.28784
63030	-4328.921	-4618.282	289.3602	0.9246641	0.3520765	10.84031
63036	-4340.408	-4629.276	288.8677	0.8324603	0.3652523	11.13228
63042	-4332.862	-4618.237	285.3751	0.8639428	0.5479299	12.76944
63048	-4330.74	-4617.259	286.519	0.7680684	0.379195	12.37777
63054	-4337.718	-4623.321	285.6036	0.7377908	0.432774	12.81687
63060	-4339.922	-4629.261	289.3392	0.9507542	0.4621756	10.72738
63066	-4327.455	-4615.659	288.2036	1.035901	0.3594235	11.3796
63072	-4321.334	-4609.561	288.2273	0.9135926	0.4209192	11.36808
63078	-4314.417	-4602.517	288.0993	1.020875	0.4209192	11.37891
63084	-4318.742	-4604.223	285.4818	0.852157	0.5002918	12.75975
63090	-4310.17	-4598.579	288.409	0.8509372	0.4280939	11.29889
63096	-4320.872	-4609.832	288.9607	0.9625005	0.3479235	11.03441
63102	-4308.512	-4597.487	288.9753	0.9702714	0.3450643	11.02584
63108	-4323.13	-4610.085	286.9549	0.903889	0.5058546	11.96038
63114	-4322.106	-4612.16	290.054	0.9371976	0.4787737	10.34426
63120	-4332.209	-4620.225	288.016	0.7036476	0.4525879	11.55826
63126	-4334.171	-4619.695	285.5241	0.7113056	0.3790287	12.9254
63132	-4332.455	-4623.035	290.5802	0.8786885	0.3747673	10.19953
63138	-4332.815	-4623.7	290.8847	0.8964725	0.357349	10.04872
63144	-4327.117	-4612.719	285.6022	0.7894016	0.393967	12.82885
63150	-4351.56	-4642.36	290.8002	1.127667	0.3873099	9.939623
63156	-4339.957	-4629.227	289.2705	1.163954	0.3749513	10.73721
63162	-4344.774	-4627.843	283.0696	0.7466274	0.4379894	14.12324
63168	-4330.136	-4613.955	283.8192	0.7920516	0.3949338	13.75283
63174	-4331.815	-4615.441	283.6256	0.831801	0.4796103	13.75283
63180	-4335.555	-4623.188	287.6337	1.066228	0.3450894	11.67735
63186	-4332.449	-4619.479	287.0303	0.8429768	0.3207444	12.13648
63192	-4336.556	-4622.117	285.5605	0.7853777	0.3730169	12.87421
63198	-4333.173	-4619.362	286.1898	0.7500941	0.4317998	12.50623
63204	-4344.324	-4631.146	286.8219	0.7533859	0.3256511	12.28617
63210	-4335.361	-4620.326	284.9649	0.7831799	0.39711	13.16031
63216	-4331.817	-4619.433	287.6151	0.7258797	0.4097282	11.79708
63222	-4338.884	-4626.573	287.6889	0.9666047	0.3572017	11.68727
63228	-4330.622	-4615.345	284.7237	0.8323283	0.371644	13.28629
63234	-4342.252	-4627.361	285.109	0.9206926	0.4478405	12.96487
63240	-4323.106	-4610.432	287.326	0.7509026	0.3633636	11.98269
63246	-4331.468	-4617.007	285.5397	0.7509026	0.4057823	12.8695
63252	-4321.136	-4607.558	286.4221	0.8716295	0.4057823	12.34726
63258	-4318.302	-4605.671	287.3686	0.7399629	0.5489243	11.79421
63264	-4323.449	-4607.909	284.4605	0.7744759	0.5489243	13.29071
63270	-4324.409	-4608.715	284.306	0.9190774	0.555342	13.29071
63276	-4312.301	-4595.182	282.8808	0.7801181	0.4264979	14.21461
63282	-4319.617	-4603.7	284.0836	0.737852	0.4316052	13.60784
63288	-4309.119	-4593.208	284.0895	0.7320252	0.4316052	13.60784
63294	-4312.922	-4596.821	283.8991	0.8445466	0.4001689	13.67885
63300	-4318.85	-4602.756	283.9057	0.8685872	0.5073633	13.56432
63306	-4318.441	-4606.739	288.2979	0.8685872	0.4604399	11.31736
63312	-4336.042	-4621.966	285.9246	0.8679151	0.4110852	12.60309
63318	-4339.001	-4624.579	285.5778	0.8527241	0.3822472	12.82059
63324	-4324.496	-4611.527	287.0311	0.9200685	0.6143131	11.82559
63330	-4324.322	-4610.456	286.1339	0.9200685	0.4083207	12.46962
63336	-4314.07	-4603.296	289.2258	0.913411	0.3740864	10.89291
63342	-4331.44	-4616.382	284.9421	0.8438559	0.3118598	13.23338
63348	-4329.018	-4617.498	288.4801	0.9269673	0.4025929	11.24695
63354	-4338.647	-4626.433	287.7866	0.7754876	0.3924891	11.69891
63360	-4330.474	-4617.273	286.7992	0.8909458	0.4312306	12.11581
63366	-4319.921	-4608.757	288.8358	0.8908552	0.360469	11.12359
63372	-4308.934	-4598.271	289.337	0.9573207	0.4292041	10.75604
63378	-4321.002	-4608.37	287.3685	1.052872	0.372102	11.79357
63384	-4312.803	-4600.801	287.9984	0.8485486	0.375958	11.56721
63390	-4322.571	-4609.549	286.9783	0.9524642	0.2839096	12.15106
63396	-4316.218	-4603.225	287.0076	0.7306969	0.3710809	12.15106
63402	-4313.651	-4600.637	286.9868	0.6998299	0.3971602	12.15106
63408	-4320.418	-4603.906	283.4878	0.7981793	0.4337632	13.88368
63414	-4320.464	-4608.577	288.1132	0.7150367	0.4075629	11.54471
63420	-4312.291	-4600.401	288.1103	0.8101998	0.3609859	11.54471
63426	-4317.111	-4603.525	286.4144	0.8285654	0.3609859	12.42003
63432	-4318.228	-4605.198	286.9699	0.8081859	0.4705467	12.03346
63438	-4318.021	-4606.306	288.2858	0.8751616	0.4222396	11.35629
63444	-4318.58	-4606.905	288.325	0.7235958	0.4592588	11.38011
63450	-4317.666	-4607.165	289.4993	0.8600301	0.4929556	10.66343
63456	-4310.49	-4599.088	288.5984	0.7603511	0.3919171	11.28306
63462	-4317.61	-4603.057	285.4463	0.7044732	0.4050773	12.94296
63468	-4328.781	-4614.847	286.0664	0.7633446	0.348221	12.64908
63474	-4327.164	-4616.176	289.0115	0.8047283	0.3982746	11.03713
63480	-4322.557	-4605.84	283.2829	0.7445662	0.3633314	14.08834
63486	-4304.495	-4591.442	286.9471	0.6440776	0.4317042	12.16696
63492	-4339.861	-4626.004	286.1426	0.9519357	0.4438918	12.4143
63498	-4343.959	-4627.505	283.5458	0.8135662	0.4663921	13.81547
63504	-4325.147	-4610.844	285.6976	0.8788959	0.4311988	12.69601
63510	-4341.093	-4627.816	286.7227	0.7649363	0.4240762	12.22826
63516	-4339.141	-4628.282	289.1415	0.8418956	0.4532795	10.89626
63522	-4313.149	-4600.611	287.4619	0.822247	0.3770991	11.85997
63528	-4310.419	-4597.374	286.9556	0.8795499	0.4202243	12.05077
63534	-4303.112	-4591.026	287.9141	0.8103415	0.3825735	11.62431
63540	-4316.182	-4604.584	288.4021	0.9433112	0.5212374	11.17042
63546	-4311.243	-4599.952	288.7097	0.8325044	0.4630121	11.11838
63552	-4311.86	-4596.377	284.5166	0.6204384	0.4325745	13.44311
63558	-4317.773	-4600.855	283.0816	0.7588831	0.3942146	14.15329
63564	-4318.418	-4604.155	285.7362	0.775414	0.372832	12.78817
63570	-4314.729	-4601.486	286.7567	0.8449771	0.3829473	12.20992
63576	-4315.845	-4599.927	284.0819	0.7529045	0.3472812	13.687
63582	-4313.133	-4598.186	285.0526	0.842771	0.4471401	13.03536
63588	-4313.014	-4600.284	287.2703	0.8641245	0.4060063	11.90862
63594	-4321.279	-4609.613	288.3337	0.9080843	0.6391467	11.1326
63600	-4311.876	-4599.702	287.8259	0.8060803	0.4636044	11.59394
63606	-4315.924	-4603.98	288.0557	0.8733312	0.3916357	11.50808
63612	-4308.766	-4595.346	286.5798	0.8717901	0.4036876	12.26705
63618	-4312.44	-4598.169	285.7291	0.7539609	0.3911276	12.78411
63624	-4342.67	-4629.616	286.9466	0.8502188	0.4177647	12.07317
63630	-4305.162	-4593.504	288.3422	0.8714598	0.407431	11.34329
63636	-4315.237	-4601.066	285.8291	0.7925884	0.3542405	12.75079
63642	-4322.246	-4609.326	287.0798	0.9101238	0.4152142	11.9749
63648	-4321.518	-4605.733	284.2151	0.8412137	0.4152142	13.50169
63654	-4316.604	-4602.803	286.1991	0.8372058	0.45594	12.43348
63660	-4313.058	-4597.582	284.5234	0.8649144	0.6172399	13.15834
63666	-4316.344	-4602.612	286.268	0.8753778	0.3516438	12.48202
63672	-4334.896	-4620.311	285.4153	0.8215108	0.4766483	12.83098
63678	-4335.719	-4625.251	289.5318	0.972124	0.4006046	10.67433
63684	-4314.074	-4603.629	289.5554	0.9109049	0.4118443	10.68281
63690	-4315.429	-4603.03	287.6009	0.775936	0.3747876	11.81398
63696	-4317.063	-4601.713	284.6501	0.8431366	0.4764022	13.21779
63702	-4309.207	-4593.774	284.5665	0.8362452	0.5345723	13.21519
63708	-4310.891	-4593.285	282.394	0.7839531	0.5345723	14.36948
63714	-4319.857	-4602.881	283.0237	0.7839531	0.3703798	14.19483
63720	-4315.992	-4602.272	286.28	0.8383439	0.434743	12.41048
63726	-4318.877	-4607.078	288.2003	0.8906188	0.434743	11.38089
63732	-4353.879	-4637.872	283.9927	0.7478871	0.4125377	13.6682
63738	-4346.866	-4632.486	285.62	0.9225598	0.402139	12.74204
63744	-4349.907	-4632.672	282.765	0.834335	0.3941742	14.27828
63750	-4325.296	-4612.418	287.1214	0.8412417	0.3206939	12.08993
63756	-4330.664	-4617.674	287.01	0.8203473	0.4773163	12.00018
63762	-4337.072	-4624.145	287.073	0.8517611	0.4241825	12.00018
63768	-4334.96	-4621.317	286.3567	0.8869083	0.4112114	12.368
63774	-4338.656	-4625.554	286.8975	0.7868045	0.4174269	12.13214
63780	-4333.298	-4618.1	284.8025	0.7709275	0.4253571	13.22326
63786	-4325.721	-4611.828	286.1069	0.8558903	0.4878867	12.4431
63792	-4329.648	-4615.705	286.0575	0.752869	0.4201437	12.58489
63798	-4327.029	-4614.677	287.6479	0.7369605	0.3591878	11.82642
63804	-4324.924	-4610.077	285.1536	0.7763623	0.4450648	13.01933
63810	-4331.842	-4618.148	286.3064	0.7631891	0.302262	12.57718
63816	-4327.453	-4610.616	283.1631	0.7874843	0.407486	14.08296
63822	-4322.658	-4608.348	285.6895	0.8740828	0.3683411	12.76591
63828	-4323.246	-4611.892	288.6466	0.8735959	0.3686798	11.22281
63834	-4315.57	-4598.91	283.34	0.9498033	0.3668532	13.94862
63840	-4307.791	-4593.386	285.595	0.7350831	0.3808787	12.87426
63846	-4306.81	-4595.213	288.4032	0.8466463	0.3819943	11.35026
63852	-4303.712	-4591.691	287.9784	0.8343082	0.3819943	11.5788
63858	-4303.463	-4591.434	287.9717	0.7733034	0.4170883	11.5788
63864	-4309.012	-4594.188	285.1766	0.7556993	0.3121478	13.15702
63870	-4314.673	-4600.803	286.13	0.8350321	0.3310406	12.59787
63876	-4314.895	-4599.916	285.0206	0.8614361	0.3568809	13.13261
63882	-4317.052	-4603.145	286.0921	0.7588384	0.3353275	12.65242
63888	-4323.691	-4603.467	279.7765	0.7975043	0.356609	15.88196
63894	-4325.055	-4608.774	283.7196	0.8743661	0.405211	13.75152
63900	-4313.092	-4594.052	280.96	0.7804213	0.405211	15.22936
63906	-4314.497	-4601.505	287.0078	0.9825292	0.2878579	12.11504
63912	-4320.759	-4606.162	285.4025	0.9763232	0.4397178	12.79082
63918	-4307.034	-4592.389	285.3551	0.8675714	0.5321626	12.79082
63924	-4309.14	-4591.712	282.572	0.8119944	0.3597731	14.4256
63930	-4315.012	-4599.342	284.3303	0.8119944	0.4040738	13.46804
63936	-4309.14	-4595.653	286.5125	0.8482496	0.4205816	12.29779
63942	-4322.363	-4611.258	288.8951	0.896372	0.3765418	11.07247
63948	-4309.556	-4598.653	289.0977	0.944311	0.3438021	10.97675
63954	-4310.828	-4595.647	284.8191	0.8163626	0.3221138	13.29959
63960	-4341.219	-4625.972	284.7531	0.8026719	0.4979502	13.16647
63966	-4343.329	-4628.516	285.1874	0.8691736	0.3457004	13.05409
63972	-4327.076	-4611.676	284.5993	0.7623776	0.3017142	13.46589
63978	-4325.647	-4610.662	285.0148	0.7591333	0.3953154	13.14867
63984	-4352.39	-4638.957	286.567	1.048983	0.4953055	12.09617
63990	-4336.843	-4622.759	285.916	0.9041953	0.3439671	12.65875
63996	-4340.205	-4626.37	286.1654	0.8480971	0.3278832	12.57627
64002	-4315.866	-4602.688	286.822	0.8648555	0.4345036	12.1144
64008	-4317.937	-4603.843	285.9065	0.766917	0.4079633	12.66815
64014	-4312.046	-4598.675	286.6286	0.8464973	0.4308327	12.22828
64020	-4305.279	-4592.681	287.4023	0.7134301	0.3750734	11.95
64026	-4311.67	-4600.326	288.6559	0.915698	0.335804	11.23203
64032	-4317.561	-4606.769	289.2078	0.9070992	0.4451644	10.8349
64038	-4323.555	-4613.192	289.6371	0.8183665	0.3036666	10.80676
64044	-4314.905	-4602.235	287.3305	0.8053487	0.4186892	11.89537
64050	-4301.528	-4590.521	288.9933	0.7649311	0.446542	11.0205
64056	-4301.327	-4588.481	287.1534	0.8061716	0.4507177	11.95689
64062	-4311.076	-4597.088	286.0122	0.8377007	0.3906253	12.5937
64068	-4311.922	-4598.289	286.3672	0.8100468	0.3466317	12.46989
64074	-4324.391	-4611.247	286.8551	0.8994666	0.4530211	12.0617
64080	-4319.938	-4607.735	287.7975	0.8708909	0.3435494	11.69555
64086	-4315.133	-4601.499	286.3662	0.7855568	0.3626997	12.46568
64092	-4304.464	-4593.38	288.9152	0.829069	0.3626997	11.11193
64098	-4317.743	-4604.854	287.1117	0.7605047	0.3661202	12.08653
64104	-4315.803	-4603.849	288.0461	0.9770754	0.4150158	11.43544
64110	-4316.272	-4601.389	285.1164	0.7234368	0.3991313	13.11054
64116	-4320.209	-4605.027	284.8177	0.7682798	0.4192453	13.22266
64122	-4327.851	-4611.218	283.3672	0.6143297	0.4191546	14.05551
64128	-4325.755	-4611.659	285.9039	0.627429	0.4709949	12.68276
64134	-4313.924	-4602.862	288.9376	0.7868177	0.3247474	11.16471
64140	-4313.22	-4600.559	287.3387	0.8431601	0.4256198	11.86463
64146	-4315.953	-4602.757	286.8044	0.9011207	0.3981765	12.14022
64152	-4313.264	-4599.983	286.7191	0.8557518	0.3731118	12.23412
64158	-4308.503	-4596.496	287.9928	0.9001278	0.3731118	11.54619
64164	-4320.189	-4607.715	287.5262	0.7255779	0.3731118	11.88104
64170	-4319.909	-4606.259	286.3497	0.7623213	0.4082821	12.43942
64176	-4320.014	-4607.507	287.4928	0.905849	0.3842297	11.79277
64182	-4324.318	-4612.158	287.8393	0.846294	0.3231542	11.70973
64188	-4321.023	-4604.474	283.4516	0.6797685	0.4241458	13.97301
64194	-4320.591	-4605.389	284.7977	0.7855294	0.4241458	13.21936
64200	-4317.726	-4602.241	284.5153	0.7771836	0.4422911	13.3532
64206	-4323.659	-4608.449	284.7905	0.7122827	0.3657259	13.32022
64212	-4320.299	-4603.879	283.5798	0.6831239	0.3657259	13.96372
64218	-4340.204	-4623.943	283.7394	0.6630875	0.498757	13.76466
64224	-4347.796	-4633.89	286.0944	0.8681655	0.5058712	12.42768
64230	-4330.16	-4619.01	288.8498	0.8669216	0.5058712	10.98905
64236	-4317.696	-4605.163	287.4671	0.7580606	0.3843456	11.88321
64242	-4313.185	-4597.322	284.1367	0.7102468	0.5393303	13.50004
64248	-4311.65	-4598.956	287.3064	0.8856556	0.4209317	11.86384
64254	-4337.805	-4625.356	287.5514	0.88574	0.3025866	11.86384
64260	-4331.238	-4618.328	287.0905	0.8549411	0.4308396	11.98301
64266	-4335.964	-4620.846	284.8822	0.7211719	0.4153042	13.21745
64272	-4335.868	-4620.221	284.353	0.7941956	0.5150637	13.36416
64278	-4334.672	-4618.198	283.5267	0.7681948	0.5029138	13.81692
64284	-4333.242	-4617.645	284.403	0.770174	0.494437	13.3683
64290	-4345.787	-4630.511	284.7243	0.833764	0.3747755	13.28194
64296	-4344.497	-4630.987	286.4903	0.8303132	0.4480468	12.29262
64302	-4346.207	-4633.016	286.8087	0.851554	0.3499126	12.21459
64308	-4332.846	-4616.342	283.4957	0.7655129	0.3669498	13.96334
64314	-4332.656	-4616.061	283.4049	0.7539426	0.4450064	13.93906
64320	-4333.867	-4618.132	284.2654	0.8509866	0.4835975	13.40722
64326	-4328.215	-4614.893	286.6776	0.9098139	0.4365297	12.16431
64332	-4325.893	-4609.062	283.1685	0.8539157	0.3695238	14.0844
64338	-4326.16	-4612.515	286.3553	0.7729164	0.3695238	12.47068
64344	-4346.236	-4634.941	288.7059	0.8490686	0.3426642	11.233
64350	-4317.511	-4601.841	284.3302	0.6583926	0.4389058	13.51417
64356	-4318.387	-4604.033	285.6453	0.7425941	0.4646409	12.76313
64362	-4326.643	-4611.428	284.7852	0.8563996	0.5759403	13.058
64368	-4323.865	-4608.161	284.2966	0.8345518	0.4265229	13.45194
64374	-4322.011	-4606.936	284.9253	0.679111	0.3646402	13.26856
64380	-4331.827	-4619.281	287.4541	1.02944	0.3407447	11.79522
64386	-4327.31	-4614.789	287.4788	0.8621917	0.3575078	11.85114
64392	-4317.276	-4605.672	288.3954	0.8387124	0.4231398	11.31714
64398	-4321.487	-4608.29	286.8036	0.8160264	0.4326709	12.1512
64404	-4319.12	-4604.308	285.1884	0.7479371	0.361594	13.09934
64410	-4309.841	-4593.983	284.1415	0.9045894	0.4777488	13.44889
64416	-4315.392	-4601.312	285.9202	0.8508506	0.4311239	12.59483
64422	-4318.206	-4608.267	290.061	1.042767	0.367849	10.39351
64428	-4304.076	-4589.709	285.6331	0.8970752	0.4281452	12.72305
64434	-4324.421	-4611.868	287.4465	0.8753841	0.3892837	11.82765
64440	-4302.89	-4588.178	285.2883	0.807612	0.3353914	13.04516
64446	-4311.911	-4595.6	283.6892	0.6782558	0.4362264	13.83904
64452	-4298.211	-4584.534	286.3221	0.8402491	0.3803215	12.44155
64458	-4295.957	-4579.677	283.7192	0.8048101	0.3863277	13.80684
64464	-4296.632	-4585.86	289.2276	0.8477873	0.4280508	10.87195
64470	-4301.39	-4586.099	284.7084	0.8477873	0.3868922	13.27038
64476	-4305.165	-4593.951	288.7857	0.7455571	0.4105621	11.17403
64482	-4303.935	-4587.09	283.1552	0.7016964	0.4043405	14.13463
64488	-4312.656	-4598.148	285.492	0.7972908	0.3352068	12.94479
64494	-4311.776	-4595.763	283.987	0.7432173	0.3891761	13.69696
64500	-4330.535	-4615.179	284.6442	0.9624604	0.2761881	13.3703
64506	-4319.012	-4605.53	286.5178	0.9117588	0.515081	12.17644
64512	-4327.223	-4616.513	289.29	0.9741956	0.4732772	10.73078
64518	-4315.157	-4602.919	287.7619	0.8124453	0.4524403	11.63432
64524	-4311.295	-4596.439	285.1448	0.9333953	0.3606856	13.02656
64530	-4300.674	-4585.872	285.1986	0.7642375	0.369121	13.07754
64536	-4311.171	-4598.391	287.2203	0.9376169	0.4774837	11.82906
64542	-4309.303	-4596.618	287.3149	0.8553394	0.466188	11.83275
64548	-4307.713	-4595.399	287.6853	0.8177226	0.4099838	11.71218
64554	-4317.509	-4601.857	284.3476	0.7918998	0.4099838	13.46362
64560	-4306.798	-4592.622	285.8232	0.7964051	0.431975	12.67288
64566	-4313.991	-4605.493	291.5023	1.089137	0.431975	9.54524
64572	-4316.856	-4607.158	290.3014	0.9823372	0.502645	10.16947
64578	-4302.257	-4588.314	286.0565	0.8912034	0.5487214	12.39983
64584	-4312.739	-4601.195	288.4561	0.9694458	0.4081562	11.23175
64590	-4321.81	-4610.452	288.6425	0.9372714	0.6080528	10.97864
64596	-4314.063	-4602.24	288.1774	0.8703539	0.4636652	11.37654
64602	-4303.905	-4592.15	288.2446	0.906652	0.4068537	11.37654
64608	-4313.788	-4602.422	288.634	0.9262083	0.4109599	11.15844
64614	-4307.564	-4594.564	286.9998	0.7704377	0.380036	12.12504
64620	-4317.416	-4604.171	286.7543	0.9728148	0.346509	12.18344
64626	-4304.489	-4593.907	289.4176	1.044161	0.420077	10.67709
64632	-4323.984	-4610.101	286.1171	0.789076	0.6058524	12.37693
64638	-4310.961	-4596.903	285.9419	0.789076	0.3817603	12.66471
64644	-4310.132	-4597.616	287.4842	0.7946478	0.4331648	11.80673
64650	-4309.597	-4594.615	285.0183	0.8135456	0.4745903	13.04341
64656	-4311.056	-4597.774	286.7172	0.8868285	0.3511113	12.24256
64662	-4324.319	-4612.244	287.9252	0.7531055	0.4994774	11.53789
64668	-4320.234	-4607.591	287.3576	0.9206643	0.3875534	11.85217
64674	-4321.192	-4608.927	287.7345	0.8615859	0.4491745	11.626
64680	-4326.921	-4615.685	288.7641	0.7991142	0.3123239	11.26368
64686	-4325.879	-4610.364	284.4855	0.7792453	0.4573479	13.35369
64692	-4307.816	-4592.088	284.2716	0.7871624	0.3984469	13.51704
64698	-4319.333	-4607.095	287.7621	0.7871624	0.3788557	11.71968
64704	-4310.445	-4595.872	285.4269	0.8018386	0.3986894	12.90877
64710	-4309.966	-4594.481	284.5153	0.776678	0.4612775	13.33594
64716	-4302.151	-4590.842	288.6909	0.9635941	0.4206623	11.09956
64722	-4291.954	-4579.089	287.1351	0.7445384	0.4583557	11.99159
64728	-4302.169	-4588.65	286.481	0.7477583	0.4583557	12.33096
64734	-4321.182	-4608.585	287.403	0.9658376	0.3903639	11.80201
64740	-4332.689	-4618.52	285.8316	0.7779206	0.3903639	12.71911
64746	-4308.505	-4594.668	286.1629	0.8442075	0.5004889	12.40906
64752	-4312.958	-4601.533	288.575	0.9560488	0.4039123	11.18077
64758	-4298.222	-4585.064	286.8423	0.8286545	0.4720928	12.08797
64764	-4302.189	-4584.352	282.1627	0.9555131	0.4134286	14.50838
64770	-4316.392	-4600.769	284.3772	0.7837012	0.4527615	13.41181
64776	-4317.247	-4601.163	283.9155	0.8254459	0.3654322	13.71608
64782	-4323.499	-4607.362	283.8628	0.8184564	0.5086225	13.61153
64788	-4317.501	-4602.767	285.266	0.9348914	0.3969287	12.92504
64794	-4305.844	-4591.412	285.5679	0.8060423	0.3726428	12.86004
64800	-4302.517	-4587.573	285.0553	0.8298942	0.4602529	13.02859
64806	-4310.014	-4596.918	286.9045	0.7893506	0.4602529	12.08677
64812	-4306.1	-4591.882	285.7826	0.8873845	0.4944387	12.58989
64818	-4319.505	-4602.638	283.1324	0.8567156	0.5513456	13.93549
64824	-4316.036	-4601.356	285.3198	0.9435509	0.505038	12.7924
64830	-4338.951	-4626.348	287.3975	0.9011983	0.4760904	11.7568
64836	-4344.614	-4633.017	288.4029	0.9265217	0.5398546	11.16332
64842	-4304.355	-4588.827	284.4714	0.8754606	0.4131566	13.35285
64848	-4311.933	-4599.575	287.6418	0.9248363	0.4089595	11.67997
64854	-4316.329	-4603.599	287.2701	0.8267714	0.3484089	11.98849
64860	-4305.381	-4592.77	287.3892	0.7178027	0.307849	12.02977
64866	-4305.408	-4591.509	286.1005	0.8094902	0.42226	12.53098
64872	-4317.691	-4602.596	284.9043	0.7012568	0.3185547	13.3193
64878	-4329.623	-4616.503	286.88	0.7891437	0.4175763	12.13994
64884	-4329.05	-4616.802	287.7525	0.7040028	0.4851866	11.6663
64890	-4315.046	-4601.266	286.2198	0.8324369	0.4174483	12.46156
64896	-4307.53	-4593.831	286.3014	0.790317	0.307924	12.55884
64902	-4315.182	-4598.773	283.5912	0.7073394	0.3705925	13.9401
64908	-4331.702	-4617.12	285.4182	0.7435353	0.3912363	12.95115
64914	-4330.531	-4613.528	282.9962	0.8522446	0.3094749	14.24161
64920	-4318.25	-4602.231	283.9813	0.8383979	0.4237031	13.61631
64926	-4323.042	-4608.152	285.1097	0.8953434	0.3343698	13.09355
64932	-4334.464	-4619.708	285.2434	0.910509	0.3695108	12.97777
64938	-4331.262	-4620.121	288.8595	1.090749	0.3889594	10.97644
64944	-4319.313	-4605.976	286.6629	0.9038209	0.412402	12.19841
64950	-4315.213	-4603.759	288.5466	1.147234	0.412402	11.08708
64956	-4314.392	-4600.95	286.5586	1.088518	0.4916267	12.0831
64962	-4321.208	-4610.481	289.2729	0.9906233	0.3560271	10.84719
64968	-4316.695	-4604.161	287.4657	0.7638002	0.4383856	11.82754
64974	-4312.838	-4597.612	284.7738	0.8039827	0.4892031	13.16258
64980	-4306.243	-4593.37	287.1271	0.8955735	0.4114256	11.96155
64986	-4313.282	-4598.427	285.1454	0.8582223	0.3548478	13.0716
64992	-4325.562	-4609.63	284.0675	0.7849101	0.4399301	13.58395
64998	-4326.637	-4613.229	286.5924	0.7596787	0.3003227	12.43241
65004	-4306.879	-4594.768	287.8885	0.8742359	0.4125763	11.57394
65010	-4293.959	-4577.918	283.9589	0.8509055	0.3779707	13.66719
65016	-4297.945	-4586.856	288.9105	0.853952	0.3999302	11.06256
65022	-4308.06	-4595.805	287.7448	0.8001602	0.5302933	11.5815
65028	-4318.098	-4606.753	288.6551	0.9035831	0.304482	11.27541
65034	-4316.005	-4604.847	288.8422	0.8620925	0.3882291	11.10601
65040	-4297.913	-4583.639	285.7265	0.9325376	0.4558238	12.63003
65046	-4305.272	-4590.362	285.0904	0.7278513	0.3753614	13.14612
65052	-4303.009	-4589.03	286.0214	0.8248476	0.4691656	12.5204
65058	-4305.578	-4590.137	284.5596	0.8656773	0.4011032	13.32401
65064	-4302.759	-4590.351	287.592	0.8629699	0.4001468	11.74712
65070	-4290.372	-4575.473	285.101	0.8844322	0.3097523	13.13222
65076	-4292.14	-4579.354	287.2131	0.9804257	0.4797051	11.80846
65082	-4308.038	-4597.656	289.6176	0.8316135	0.4797936	10.62787
65088	-4305.26	-4593.504	288.2443	0.8383242	0.3915036	11.42792
65094	-4314.233	-4602.338	288.1054	0.8879954	0.5095777	11.3645
65100	-4312.265	-4597.399	285.1339	0.8485186	0.4660796	12.97274
65106	-4308.717	-4597.478	288.7609	0.8762341	0.4525509	11.07833
65112	-4306.024	-4594.888	288.8641	0.7809489	0.448115	11.07833
65118	-4309.115	-4594.545	285.4302	0.7994231	0.3994471	12.90757
65124	-4302.38	-4592.592	290.2117	1.014702	0.3390563	10.36073
65130	-4304.734	-4588.5	283.766	0.9200756	0.4654036	13.64684
65136	-4300.809	-4587.249	286.4404	0.7662591	0.5118622	12.29537
65142	-4303.158	-4592.768	289.6095	0.8414941	0.4248091	10.67812
65148	-4300.637	-4588.341	287.7045	0.780057	0.4120914	11.71979
65154	-4314.431	-4601.888	287.4568	0.7476309	0.4020852	11.87599
65160	-4312.082	-4595.9	283.8179	0.769877	0.3741181	13.78641
65166	-4307.511	-4592.194	284.6835	0.7600983	0.375566	13.34057
65172	-4300.406	-4585.051	284.6454	0.7958317	0.3589679	13.35941
65178	-4300.957	-4590.35	289.3931	0.9365523	0.3717534	10.79555
65184	-4306.461	-4593.722	287.261	0.7709582	0.4836613	11.88932
65190	-4306.685	-4592.77	286.0851	0.7810011	0.5490242	12.44208
65196	-4306.1	-4593.245	287.145	0.801335	0.5140291	11.90773
65202	-4309.699	-4596.553	286.8534	0.8800692	0.398838	12.12494
65208	-4300.911	-4591.461	290.5497	0.8767858	0.4009063	10.18952
65214	-4301.771	-4592.422	290.6509	1.007083	0.4095988	10.05901
65220	-4302.996	-4592.007	289.0105	0.9427529	0.4947446	10.87475
65226	-4313.964	-4601.131	287.1665	0.8889557	0.3869167	11.9691
65232	-4316.724	-4603.495	286.7705	0.7877688	0.3100288	12.31328
65238	-4322.542	-4608.695	286.1526	0.8402112	0.3100288	12.60783
65244	-4313.055	-4599.509	286.4538	0.8402112	0.4770667	12.28005
65250	-4308.198	-4594.297	286.0994	0.7280291	0.3916711	12.60434
65256	-4301.358	-4585.573	284.2155	0.8132704	0.410879	13.52026
65262	-4306.186	-4592.187	286.0006	0.8723887	0.4480463	12.52583
65268	-4312.143	-4598.986	286.8436	0.7679061	0.4075973	12.1798
65274	-4311.062	-4595.215	284.1536	0.7517322	0.4117775	13.58347
65280	-4309.706	-4593.72	284.0137	0.7851842	0.4186058	13.63205
65286	-4335.155	-4623.125	287.9703	0.8284316	0.4186058	11.54924
65292	-4331.077	-4617.654	286.5765	0.9446857	0.5339792	12.1129
65298	-4328.133	-4615.251	287.1179	0.7975646	0.38736	12.04169
65304	-4330.959	-4614.469	283.5097	0.8282893	0.4225058	13.86741
65310	-4338.984	-4622.18	283.1969	0.818323	0.4281843	14.02937
65316	-4324.225	-4613.33	289.1056	0.9736239	0.4033611	10.89419
65322	-4325.44	-4610.555	285.1149	0.7691648	0.408268	13.07845
65328	-4315.927	-4603.266	287.3389	0.7778582	0.3263476	12.003
65334	-4328.209	-4615.098	286.8887	1.031008	0.4210796	12.00581
65340	-4319.429	-4604.346	284.9172	0.7166275	0.4459156	13.17246
65346	-4315.956	-4602.19	286.2339	0.8741858	0.4533278	12.39843
65352	-4319.129	-4603.64	284.5107	0.8806166	0.3263227	13.4216
65358	-4325.206	-4608.45	283.2438	0.7334637	0.3757919	14.10124
65364	-4312.154	-4598.448	286.2941	0.810593	0.3710579	12.48131
65370	-4314.269	-4600.446	286.1773	0.857602	0.4254741	12.46285
65376	-4327.457	-4613.064	285.6068	0.8943192	0.3453412	12.82329
65382	-4322.339	-4609.06	286.721	0.8340132	0.3633004	12.25489
65388	-4325.768	-4610.945	285.1769	0.7921076	0.3633004	13.0805
65394	-4306.184	-4593.811	287.6264	0.8595968	0.3122661	11.82673
65400	-4336.897	-4621.036	284.139	0.7738917	0.4630036	13.53129
65406	-4344.389	-4629.242	284.8533	0.7600721	0.3566286	13.27251
65412	-4325.859	-4608.466	282.6063	0.9416573	0.3750878	14.32445
65418	-4307.944	-4593.855	285.9102	0.8602976	0.3905464	12.63511
65424	-4311.929	-4598.052	286.1235	0.8649315	0.4584841	12.45608
65430	-4311.732	-4598.867	287.1351	0.8768825	0.4476148	11.93243
65436	-4313.686	-4599.923	286.2367	0.6742432	0.3478044	12.60729
65442	-4308.804	-4594.74	285.9361	0.9032586	0.3559161	12.63566
65448	-4322.702	-4607.771	285.0683	0.7151637	0.4737493	13.06934
65454	-4311.542	-4599.899	288.3564	0.7745334	0.4605486	11.33588
65460	-4323.809	-4612.281	288.4722	0.8713285	0.3496607	11.33588
65466	-4313.985	-4602.43	288.4448	0.7465874	0.4268829	11.33588
65472	-4325.97	-4614.182	288.2113	0.7789553	0.3502103	11.52001
65478	-4320.83	-4609.439	288.6093	0.8440466	0.3556339	11.27186
65484	-4322.562	-4613.606	291.0435	0.9141335	0.5091216	9.809139
65490	-4314.149	-4602.113	287.9644	1.068032	0.3668249	11.47995
65496	-4313.232	-4599.909	286.6768	0.9109783	0.3342825	12.26977
65502	-4311.022	-4592.16	281.1388	0.8136899	0.4648622	15.06351
65508	-4304.01	-4588.615	284.6052	0.8027389	0.3087316	13.43346
65514	-4315.039	-4600.589	285.5498	0.7039176	0.4451986	12.8508
65520	-4323.085	-4608.925	285.8404	0.7048531	0.4038638	12.73893
65526	-4324.472	-4612.647	288.1756	0.8836003	0.3890264	11.4427
65532	-4322.842	-4610.686	287.8437	0.8601051	0.3424699	11.67822
65538	-4327.21	-4611.704	284.4936	0.6432232	0.4220171	13.45332
65544	-4310.541	-4596.504	285.9629	0.771722	0.3939845	12.65029
65550	-4302.216	-4591.014	288.7977	0.7616977	0.3311214	11.24378
65556	-4319.383	-4604.606	285.2225	0.7635497	0.3600556	13.07512
65562	-4308.145	-4595.281	287.1369	0.8094693	0.4594051	11.95578
65568	-4326.3	-4610.508	284.2084	0.9678352	0.4292446	13.42591
65574	-4322.194	-4607.814	285.6206	0.8477245	0.3367969	12.8499
65580	-4324.977	-4609.34	284.3631	0.912259	0.4063674	13.39667
65586	-4311.22	-4596.428	285.2079	0.7553541	0.391012	13.05463
65592	-4311.305	-4598.097	286.7924	0.8837156	0.5780475	11.99682
65598	-4318.954	-4606.865	287.9111	0.8560521	0.3539237	11.63249
65604	-4322.769	-4606.887	284.1171	0.7402383	0.3847796	13.63546
65610	-4313.639	-4598.49	284.8504	0.7894601	0.4455384	13.16967
65616	-4321.009	-4608.139	287.1294	0.8151424	0.3635741	12.05149
65622	-4317.545	-4606.101	288.5556	1.043441	0.3275784	11.22707
65628	-4315.963	-4605.288	289.3255	0.885979	0.4448911	10.78453
65634	-4352.369	-4638.385	286.0157	0.6572818	0.3809623	12.69571
65640	-4333.054	-4619.978	286.9242	0.8072476	0.3794932	12.14581
65646	-4333.011	-4619.726	286.715	0.689192	0.4018697	12.29356
65652	-4340.847	-4628.422	287.5744	0.8087491	0.3723402	11.81328
65658	-4356.333	-4643.953	287.6208	0.9598661	0.2714694	11.82787
65664	-4348.618	-4635.932	287.3135	1.000743	0.3929449	11.82787
65670	-4337.039	-4621.201	284.162	0.8378205	0.4161108	13.53015
65676	-4320.916	-4605.42	284.5039	0.8850081	0.3912563	13.35282
65682	-4317.097	-4602.443	285.3466	0.9742917	0.3568548	12.90446
65688	-4323.881	-4612.223	288.3418	0.9156102	0.4803186	11.25186
65694	-4330.289	-4617.569	287.2803	0.8665969	0.388764	11.91953
65700	-4319.896	-4605.259	285.3628	0.744774	0.4310566	12.94014
65706	-4334.571	-4622.63	288.0588	0.869762	0.4310566	11.4693
65712	-4349.02	-4632.53	283.5098	0.6501201	0.4459528	13.93764
65718	-4339.066	-4626.596	287.5297	0.8901349	0.3644635	11.8025
65724	-4333.022	-4616.732	283.71	0.8700183	0.3795832	13.78474
65730	-4312.779	-4598.413	285.634	0.8053016	0.5147019	12.69263
65736	-4319.682	-4606.566	286.8833	0.9018294	0.3794616	12.11786
65742	-4329.736	-4614.406	284.6694	0.7570124	0.4039369	13.32059
65748	-4324.036	-4612.056	288.0203	0.9063336	0.3400884	11.56447
65754	-4308.12	-4595.617	287.4971	0.8890112	0.4349725	11.74903
65760	-4321.497	-4609.974	288.4774	0.8890112	0.3296839	11.34638
65766	-4323.142	-4613.038	289.8961	1.049091	0.5295888	10.3245
65772	-4323.67	-4611.673	288.0037	0.9646628	0.3920285	11.48712
65778	-4320.71	-4610.237	289.5276	1.0654	0.447477	10.582
65784	-4327.823	-4614.075	286.2518	0.7791705	0.4083291	12.48158
65790	-4332.79	-4610.704	277.9141	0.679455	0.2980824	16.96983
65796	-4328.676	-4611.768	283.0923	0.805012	0.3958775	14.12215
65802	-4334.087	-4618.75	284.6629	0.6485684	0.4532998	13.33312
65808	-4333.433	-4617.289	283.8567	0.7773197	0.4392103	13.69797
65814	-4322.833	-4609.421	286.588	0.8760466	0.429574	12.23525
65820	-4320.258	-4608.078	287.8195	0.7627714	0.3677495	11.71416
65826	-4315.877	-4601.684	285.8067	0.8477041	0.34356	12.74552
65832	-4324.49	-4610.131	285.6413	0.9243183	0.4946571	12.64402
65838	-4325.313	-4611.476	286.1631	0.9032602	0.4674956	12.40729
65844	-4324.252	-4607.523	283.2707	0.7591672	0.3874402	14.06196
65850	-4321.799	-4607.692	285.8929	0.7849246	0.3874402	12.68651
65856	-4327.678	-4614.121	286.4429	0.8381379	0.3698335	12.39074
65862	-4310.597	-4602.557	291.9597	0.9396668	0.3959455	9.418499
65868	-4309.936	-4595.94	286.0036	0.754486	0.427713	12.60486
65874	-4320.344	-4607.241	286.8971	0.7919414	0.4077719	12.13919
65880	-4313.949	-4600.331	286.3823	0.6985341	0.4077719	12.45617
65886	-4317.186	-4604.801	287.6148	0.7413588	0.5138999	11.69389
65892	-4311.228	-4595.313	284.0849	0.8491497	0.4760264	13.50861
65898	-4321.236	-4602.619	281.3822	0.7598615	0.3294308	15.10179
65904	-4322.375	-4603.011	280.6356	0.6853164	0.3963612	15.45496
65910	-4307.325	-4597.133	289.8072	0.809318	0.4356677	10.5808
65916	-4306.651	-4590.706	284.0555	0.7997574	0.3321495	13.69323
65922	-4310.01	-4596.666	286.6561	0.7979435	0.3752358	12.2949
65928	-4316.592	-4601.648	285.056	0.7487434	0.4116593	13.11639
65934	-4346.92	-4631.099	284.1788	0.7471161	0.4241934	13.56074
65940	-4309.225	-4594.886	285.6609	0.838461	0.4141215	12.75266
65946	-4312.226	-4597.545	285.3189	0.8858909	0.3302017	12.9944
65952	-4299.276	-4588.872	289.5965	1.011367	0.3519913	10.67104
65958	-4311.838	-4602.08	290.2416	1.111536	0.4203622	10.20867
65964	-4303.562	-4592.289	288.7276	1.03631	0.3696116	11.09428
65970	-4306.028	-4595.25	289.2222	0.9963003	0.3097745	10.92362
65976	-4304.118	-4590.438	286.3206	0.9437849	0.4698073	12.30198
65982	-4318.036	-4602.685	284.6495	0.8985561	0.4583713	13.20555
65988	-4313.746	-4597.901	284.1549	0.9900857	0.3749387	13.49634
65994	-4312.43	-4598.785	286.3543	0.9612089	0.531555	12.22213
66000	-4314.298	-4600.682	286.3834	0.7953118	0.4818403	12.33591
66006	-4311.657	-4600.571	288.9142	0.7459014	0.3670838	11.1513
66012	-4311.8	-4599.179	287.3791	0.8013578	0.4735605	11.82079
66018	-4326.582	-4611.083	284.5004	0.6674154	0.36437	13.49561
66024	-4317.332	-4602.909	285.5771	0.7027924	0.4215537	12.85963
66030	-4310.357	-4598.977	288.6194	0.7660142	0.4215537	11.23955
66036	-4324.596	-4609.498	284.9019	0.8008504	0.4172338	13.16391
66042	-4323.329	-4610.871	287.5422	0.7401457	0.4210377	11.8166
66048	-4327.893	-4613.799	285.906	0.7718591	0.5089408	12.57331
66054	-4327.236	-4613.246	286.0101	0.9289091	0.365678	12.57331
66060	-4325.429	-4607.988	282.5589	0.8409018	0.3430467	14.43559
66066	-4324.644	-4610.063	285.4185	0.7778971	0.4035837	12.92073
66072	-4311.738	-4597.226	285.4878	0.8103079	0.3527771	12.92073
66078	-4324.726	-4606.273	281.5464	0.8246628	0.2796176	15.04288
66084	-4317.291	-4606.828	289.5368	0.9103054	0.4648546	10.64246
66090	-4320.042	-4607.635	287.5927	0.912777	0.3681976	11.75377
66096	-4320.271	-4608.344	288.0727	0.8635101	0.3919132	11.50401
66102	-4327.375	-4614.572	287.1963	0.7061708	0.4403115	11.9964
66108	-4324.072	-4611.832	287.7595	0.9230459	0.3720501	11.65722
66114	-4312.748	-4601.005	288.2577	0.771855	0.4749702	11.37583
66120	-4311.378	-4599.546	288.1682	0.7638125	0.3425886	11.55888
66126	-4319.567	-4608.207	288.6401	0.8764111	0.3540377	11.24058
66132	-4307.201	-4596.129	288.9282	0.8032723	0.3540377	11.12806
66138	-4310.338	-4596.396	286.0581	0.8175119	0.4932764	12.48381
66144	-4310.716	-4597.165	286.4486	0.8178077	0.416838	12.35058
66150	-4303.443	-4591.141	287.6985	0.7782537	0.4501407	11.68743
66156	-4322.562	-4608.652	286.0895	0.8106503	0.3243243	12.63936
66162	-4336.22	-4625.693	289.4732	0.8106503	0.4630819	10.72976
66168	-4330.091	-4614.84	284.7486	1.062232	0.4259993	13.09928
66174	-4331.232	-4618.446	287.2143	0.7556985	0.4259993	11.97482
66180	-4307.808	-4595.832	288.024	0.804366	0.4257362	11.52682
66186	-4311.711	-4599.815	288.1031	0.7564101	0.4090857	11.52682
66192	-4311.258	-4597.725	286.4677	0.7203486	0.4013504	12.40676
66198	-4316.118	-4602.44	286.3221	0.8470613	0.4337103	12.385
66204	-4319.303	-4608.36	289.056	0.8830545	0.3232676	11.05406
66210	-4319.666	-4608.329	288.6626	0.8076013	0.3676986	11.25002
66216	-4334.368	-4622.644	288.2756	0.7714055	0.4147114	11.42327
66222	-4325.906	-4617.641	291.7347	0.9335638	0.4877141	9.453106
66228	-4322.754	-4611.957	289.2028	0.8158419	0.3616742	10.96938
66234	-4325.095	-4614.921	289.8262	0.8496962	0.3052763	10.68923
66240	-4320.619	-4609.916	289.2978	0.7643746	0.3758134	10.93147
66246	-4335.421	-4621.142	285.7209	0.7332826	0.3629109	12.82858
66252	-4334.972	-4620.065	285.0929	0.9236792	0.4870576	12.93632
66258	-4329.792	-4617.864	288.0717	1.027835	0.4642901	11.3489
66264	-4338.665	-4622.477	283.8122	0.8578593	0.5311714	13.59854
66270	-4337.77	-4624.837	287.0674	0.8454036	0.4030246	12.0272
66276	-4332.212	-4620.466	288.2543	0.8777217	0.4218679	11.37179
66282	-4327.476	-4614.731	287.2543	0.8594333	0.4218679	11.90382
66288	-4320.14	-4607.195	287.0556	0.9208817	0.5001958	11.90382
66294	-4316.018	-4604.03	288.0124	0.8207529	0.4562448	11.49553
66300	-4313.539	-4597.76	284.2213	0.8050498	0.4240788	13.50868
66306	-4317.897	-4604.469	286.5721	0.8845612	0.4310719	12.23767
66312	-4309.128	-4598.818	289.6894	0.8780419	0.329696	10.7173
66318	-4326.808	-4615.084	288.276	0.9487556	0.450134	11.29642
66324	-4331.327	-4619.486	288.1592	0.967851	0.4452232	11.35208
66330	-4317.946	-4604.659	286.7125	0.7053396	0.4507572	12.23942
66336	-4319.96	-4607.562	287.6024	0.7045524	0.384465	11.84038
66342	-4323.738	-4610.907	287.1694	0.9480433	0.4885422	11.84038
66348	-4324.684	-4613.747	289.0631	0.8054596	0.3860519	11.0222
66354	-4322.789	-4610.102	287.3123	0.9622183	0.5543286	11.70319
66360	-4319.811	-4606.226	286.415	0.8508429	0.3597229	12.40944
66366	-4318.16	-4605.318	287.1578	0.7341116	0.423708	12.01778
66372	-4319.359	-4605.946	286.5868	0.7930517	0.5569279	12.16801
66378	-4318.455	-4602.383	283.9288	0.7554562	0.4316548	13.67902
66384	-4316.269	-4603.338	287.0693	0.8349769	0.3960771	12.03864
66390	-4346.055	-4632.824	286.7697	0.7781827	0.4080267	12.21253
66396	-4336.858	-4624.079	287.2209	0.8517431	0.3729136	11.97473
66402	-4325.947	-4610.862	284.9149	0.909472	0.5042884	13.02137
66408	-4315.516	-4605.373	289.8573	1.087683	0.3801087	10.4639
66414	-4325.729	-4616.299	290.5706	0.9103051	0.4966645	10.07096
66420	-4328.005	-4616.751	288.7458	0.9389506	0.422748	11.0817
66426	-4319.879	-4608.055	288.1761	0.9389506	0.3816502	11.4211
66432	-4322.611	-4609.641	287.0294	0.8692362	0.4240209	12.01396
66438	-4318.863	-4606.51	287.6471	0.9049221	0.4283725	11.66866
66444	-4314.149	-4601.421	287.2717	0.9140589	0.3682882	11.92059
66450	-4353.904	-4641.965	288.0613	0.8154141	0.4235595	11.50367
66456	-4347.461	-4631.928	284.467	0.8143608	0.3648353	13.43618
66462	-4321.894	-4606.221	284.3277	0.8524799	0.3605542	13.4933
66468	-4325.652	-4610.027	284.375	0.7397581	0.3931345	13.4933
66474	-4320.35	-4604.99	284.6406	0.8146779	0.4822727	13.23233
66480	-4324.261	-4610.291	286.0308	0.8617022	0.4546514	12.50956
66486	-4319.269	-4606.92	287.6506	0.8106013	0.4123561	11.73169
66492	-4322.198	-4613.179	290.981	1.022349	0.4785828	9.811929
66498	-4328.363	-4620.884	292.5209	1.013933	0.4815272	9.000502
66504	-4322.728	-4612.797	290.0693	0.9872226	0.4308899	10.35438
66510	-4326.057	-4611.904	285.8471	0.9285547	0.4337586	12.58991
66516	-4309.47	-4596.629	287.1589	0.9858438	0.3827201	11.92686
66522	-4318.653	-4607.714	289.061	0.9740052	0.3267014	10.99984
66528	-4321.765	-4610.016	288.251	1.072614	0.3627373	11.33205
66534	-4315.814	-4604.275	288.4605	0.8146937	0.386767	11.33205
66540	-4322.437	-4611.992	289.5543	1.04233	0.3169772	10.71683
66546	-4324.988	-4616.602	291.6132	1.117281	0.4308849	9.472888
66552	-4318.67	-4609.051	290.3815	1.131239	0.3960333	10.14911
66558	-4322.936	-4613.089	290.1531	1.072321	0.5639944	10.14911
66564	-4317.746	-4605.566	287.8195	0.9113513	0.4301475	11.57353
66570	-4324.996	-4615.334	290.3384	1.029889	0.3041165	10.32712
66576	-4316.87	-4604.596	287.7259	0.9437152	0.4136175	11.6216
66582	-4320.711	-4606.275	285.5639	0.7825016	0.3599259	12.88785
66588	-4325.707	-4612.955	287.2481	1.014642	0.4543509	11.79529
66594	-4327.335	-4613.954	286.6192	0.951385	0.329864	12.28378
66600	-4328.225	-4615.37	287.145	0.8629375	0.369951	12.01162
66606	-4322.512	-4609.11	286.5983	0.8252867	0.4323261	12.25371
66612	-4320.412	-4607.651	287.2392	0.9038164	0.4771742	11.83709
66618	-4312.437	-4599.284	286.8471	0.8191101	0.4494354	12.11113
66624	-4321.917	-4607.88	285.9638	0.8012834	0.4687692	12.56303
66630	-4333.015	-4622.266	289.2509	0.8852108	0.3313641	10.94149
66636	-4331.629	-4617.947	286.3176	0.7456481	0.5006424	12.37967
66642	-4331.583	-4616.955	285.3726	0.7748056	0.4274017	12.92291
66648	-4333.781	-4621.265	287.4845	0.9244475	0.4220229	11.74951
66654	-4326.085	-4612.579	286.4934	0.8220397	0.3194257	12.42876
66660	-4330.785	-4616.748	285.9629	0.7071842	0.4602824	12.62019
66666	-4339.897	-4625.898	286.0018	0.8432805	0.3842712	12.60272
66672	-4310.224	-4598.673	288.4481	0.8062766	0.3797304	11.35025
66678	-4317.958	-4603.317	285.359	0.7232364	0.3716377	13.01277
66684	-4324.19	-4612.247	288.0563	0.8568875	0.3509471	11.55943
66690	-4318.021	-4605.6	287.5799	0.8265703	0.4507235	11.72358
66696	-4309.663	-4597.25	287.5871	0.8265703	0.3659873	11.80407
66702	-4314.934	-4599.222	284.2879	0.8791968	0.3588655	13.50189
66708	-4325.599	-4609.647	284.0487	0.7267644	0.3769878	13.68602
66714	-4312.463	-4596.378	283.9153	0.8205708	0.4387238	13.64558
66720	-4318.692	-4605.046	286.3541	0.7879967	0.3389231	12.49678
66726	-4328.658	-4615.099	286.4409	0.7583924	0.4060083	12.39622
66732	-4337.784	-4626.492	288.7079	0.8966474	0.3497964	11.19917
66738	-4326.103	-4613.36	287.2568	0.8094131	0.3533378	11.99909
66744	-4312.122	-4598.039	285.9178	0.8392996	0.4558611	12.57893
66750	-4317.46	-4602.293	284.8322	0.8180511	0.3575611	13.25234
66756	-4320.153	-4605.527	285.3749	0.9037977	0.4963812	12.79186
66762	-4321.935	-4604.275	282.3401	0.7872929	0.361517	14.5566
66768	-4321.139	-4603.947	282.8081	0.8126469	0.4097014	14.25174
66774	-4348.365	-4632.388	284.0232	0.8488486	0.3486716	13.66615
66780	-4317.511	-4602.039	284.5281	0.7851434	0.4167109	13.36682
66786	-4331.22	-4614.478	283.2585	0.7398843	0.4114887	14.05423
66792	-4335.483	-4620.443	284.96	0.7220075	0.4221913	13.1699
66798	-4323.722	-4608.476	284.7534	0.8385603	0.367413	13.27209
66804	-4329.457	-4614.393	284.9363	0.849882	0.3373567	13.20395
66810	-4317.519	-4606.364	288.8445	0.9267835	0.4487878	11.01155
66816	-4327.064	-4616.104	289.0395	0.9079923	0.4860803	10.88539
66822	-4329.663	-4617.541	287.8775	0.8869791	0.3817752	11.60419
66828	-4316.152	-4603.997	287.845	0.9518971	0.3657544	11.60419
66834	-4333.079	-4620.387	287.3087	0.9231481	0.3657544	11.89923
66840	-4319.461	-4607.427	287.9659	0.8353787	0.4283558	11.53843
66846	-4309.652	-4594.26	284.6075	0.8535158	0.3661934	13.34144
66852	-4304.137	-4585.337	281.1993	0.7550289	0.4292602	15.09547
66858	-4308.003	-4592.064	284.0606	0.8439571	0.4853197	13.51572
66864	-4308.332	-4593.535	285.2031	0.8538878	0.3002631	13.1064
66870	-4313.771	-4597.182	283.4105	0.8448962	0.3674217	13.96583
66876	-4312.097	-4598.869	286.7717	0.8230045	0.3674217	12.22981
66882	-4324.096	-4608.589	284.4925	0.8201209	0.2870085	13.5094
66888	-4319.243	-4605.631	286.3888	0.8373171	0.317645	12.47735
66894	-4319.023	-4607.263	288.2393	0.9018862	0.317645	11.47811
66900	-4317.757	-4606.107	288.3499	0.9383473	0.4950845	11.22271
66906	-4310.133	-4595.386	285.2531	0.7597813	0.3602097	13.06103
66912	-4312.419	-4597.463	285.044	0.8345729	0.3876848	13.10202
66918	-4310.916	-4596.522	285.6064	0.9596457	0.4793897	12.65717
66924	-4317.434	-4603.424	285.9901	0.8460417	0.441201	12.5514
66930	-4321.872	-4609.62	287.748	0.7924977	0.4022431	11.70033
66936	-4347.085	-4630.86	283.7748	0.6494547	0.4719567	13.77685
66942	-4335.398	-4620.012	284.614	0.6931865	0.41423	13.37241
66948	-4328.003	-4612.506	284.5032	0.8199095	0.4058163	13.37241
66954	-4328.486	-4617.966	289.4799	0.8697689	0.3755174	10.7811
66960	-4314.605	-4601.118	286.5131	0.8234896	0.3984555	12.33223
66966	-4330.476	-4618.898	288.4218	0.8858622	0.4148496	11.28676
66972	-4327.724	-4612.873	285.1487	0.7237231	0.362752	13.13133
66978	-4324.342	-4611.557	287.2155	0.9924338	0.528695	11.75887
66984	-4325.255	-4612.587	287.3317	1.086135	0.3019056	11.87475
66990	-4318.405	-4602.743	284.3377	0.8394087	0.4200559	13.4343
66996	-4329.03	-4611.652	282.6218	0.8846903	0.3555125	14.36671
67002	-4327.767	-4613.584	285.8174	0.878919	0.3658753	12.69943
67008	-4315.514	-4602.781	287.2673	0.8707383	0.4224864	11.8905
67014	-4312.748	-4597.108	284.3595	0.83636	0.5028577	13.34928
67020	-4306.848	-4592.373	285.5246	0.8629081	0.3504659	12.87679
67026	-4315.881	-4605.33	289.4487	0.8716251	0.3596422	10.81346
67032	-4314.479	-4601.902	287.4229	0.8795118	0.3292647	11.90275
67038	-4311.209	-4595.972	284.7631	0.7929177	0.3817292	13.27577
67044	-4314.374	-4599.097	284.7229	0.8603272	0.3817292	13.26164
67050	-4308.67	-4595.776	287.1067	0.8143576	0.3887868	12.03735
67056	-4308.841	-4597.633	288.7917	0.8807533	0.4102344	11.10041
67062	-4308.742	-4596.408	287.6658	1.063868	0.398836	11.60493
67068	-4317.969	-4600.915	282.9453	0.8284042	0.3559327	14.22783
67074	-4303.249	-4589.395	286.146	0.8860161	0.3250924	12.56984
67080	-4313.794	-4595.608	281.8143	0.7920686	0.4645483	14.72548
67086	-4308.131	-4594.159	286.028	0.9223734	0.3492157	12.5852
67092	-4326.78	-4611.297	284.5169	0.7798188	0.4102305	13.38175
67098	-4323.534	-4612.93	289.3958	0.9852483	0.3966388	10.74277
67104	-4343.104	-4631.825	288.7215	0.741514	0.4371432	11.18393
67110	-4319.934	-4603.148	283.2142	0.8545564	0.4065451	14.02262
67116	-4331.045	-4618.236	287.1915	0.9248355	0.3596116	11.96613
67122	-4336.875	-4623.372	286.4965	0.8232107	0.3850548	12.35471
67128	-4323.373	-4608.635	285.2623	0.7207007	0.4034721	13.03178
67134	-4319.882	-4604.48	284.5974	0.863039	0.4836471	13.22843
67140	-4312.746	-4597.688	284.9426	0.7454922	0.3747528	13.21442
67146	-4299.473	-4582.733	283.2603	0.7888263	0.4645339	13.97809
67152	-4303.779	-4590.351	286.5718	0.7462162	0.3973831	12.34302
67158	-4307.843	-4593.26	285.4169	0.8116737	0.3973831	12.91016
67164	-4299.907	-4587.017	287.1104	0.8116737	0.4267482	11.9991
67170	-4307.183	-4591.974	284.7908	0.8559148	0.3223083	13.29354
67176	-4316.888	-4604.987	288.0984	0.9033056	0.2614004	11.62118
67182	-4317.891	-4607.943	290.0516	0.9090541	0.2614004	10.59551
67188	-4316.021	-4602.9	286.8795	0.9441395	0.3945662	12.08226
67194	-4321.149	-4611.395	290.2459	1.003884	0.32959	10.3593
67200	-4321.553	-4605.415	283.8619	0.7162463	0.2577007	13.92822
67206	-4327.217	-4611.514	284.2972	0.77293	0.2924262	13.62856
67212	-4327.333	-4612.642	285.3097	0.8092397	0.4878442	12.88242
67218	-4329.221	-4617.472	288.2504	0.8250826	0.4656457	11.36024
67224	-4326.504	-4611.865	285.3618	0.7484298	0.4677891	12.90472
67230	-4311.715	-4597.033	285.3174	0.7729985	0.4676015	12.91522
67236	-4311.109	-4596.536	285.4268	0.7992917	0.3936728	12.91522
67242	-4317.393	-4603.578	286.1848	0.89473	0.4084112	12.45622
67248	-4311.848	-4600.028	288.1797	0.8815397	0.3561623	11.47636
67254	-4315.827	-4602.603	286.776	0.891146	0.3858105	12.17279
67260	-4322.581	-4608.115	285.5339	0.7469593	0.3482522	12.93469
67266	-4321.732	-4609.203	287.4718	0.7841184	0.3550122	11.89827
67272	-4319.677	-4608.411	288.7344	0.8233819	0.332088	11.2435
67278	-4315.542	-4604.264	288.722	0.8312473	0.3627434	11.21189
67284	-4329.609	-4614.766	285.1567	0.7324315	0.4265979	13.05798
67290	-4342.205	-4630.265	288.0596	0.8410598	0.3648351	11.55091
67296	-4338.368	-4625.393	287.0251	1.075968	0.4521452	11.88175
67302	-4316.164	-4603.752	287.5883	0.8055154	0.4608439	11.72087
67308	-4323.446	-4611.187	287.7411	0.8321505	0.3069609	11.78749
67314	-4333.648	-4623.26	289.6118	1.018362	0.4416975	10.56793
67320	-4329.275	-4617.557	288.2823	0.8084652	0.3225256	11.49876
67326	-4329.366	-4621.211	291.8455	0.9467824	0.2596735	9.634338
67332	-4324.71	-4616.441	291.7311	0.9016451	0.356399	9.601135
67338	-4323.842	-4613.613	289.7714	0.8784222	0.4027366	10.59564
67344	-4313.356	-4605.139	291.7827	1.021423	0.4027366	9.4619
67350	-4316.532	-4605.269	288.7369	0.9529376	0.3847702	11.11715
67356	-4316.524	-4606.304	289.7798	0.8864656	0.4130892	10.57663
67362	-4342.608	-4626.956	284.3478	0.7232245	0.403931	13.5052
67368	-4324.067	-4610.67	286.6033	0.8181408	0.2802015	12.42123
67374	-4323.457	-4610.642	287.185	0.9115351	0.3400471	11.99799
67380	-4319.522	-4606.072	286.5506	0.8655183	0.3764097	12.31344
67386	-4317.322	-4604.161	286.8388	0.8668592	0.3194382	12.22538
67392	-4342.379	-4628.722	286.3428	0.7237011	0.3660456	12.50649
67398	-4341.017	-4627.964	286.9473	0.7702253	0.4726885	12.06314
67404	-4337.648	-4622.208	284.5594	0.7629538	0.4249177	13.35413
67410	-4354.015	-4640.151	286.1357	0.7151409	0.2986566	12.6954
67416	-4341.058	-4624.704	283.6463	0.6877267	0.3247495	13.97209
67422	-4335.751	-4622.592	286.8404	0.9541315	0.3214706	12.17667
67428	-4335.92	-4624.861	288.9407	1.10411	0.3610497	10.95634
67434	-4321.447	-4610.749	289.3017	0.9793983	0.4826515	10.71354
67440	-4330.236	-4618.503	288.2674	0.9813467	0.4032943	11.32911
67446	-4319.26	-4607.909	288.6489	0.9574604	0.4417386	11.10455
67452	-4320.209	-4608.846	288.6374	1.007389	0.4207678	11.10455
67458	-4310.777	-4595.171	284.3934	0.8189608	0.4207678	13.41528
67464	-4316.846	-4603.085	286.2392	0.9178284	0.4388582	12.38645
67470	-4315.855	-4603.116	287.2602	0.8622019	0.4303697	11.89111
67476	-4306.196	-4594.514	288.318	0.8713511	0.4374378	11.32684
67482	-4298.874	-4585.945	287.0704	0.7489293	0.3076821	12.18002
67488	-4307.467	-4595.393	287.9254	0.8440507	0.3555244	11.62954
67494	-4306.475	-4594.892	288.4175	0.957161	0.3178431	11.3558
67500	-4314.49	-4599.437	284.9469	0.8153385	0.3268632	13.22828
67506	-4312.99	-4599.349	286.3587	0.8471038	0.3093316	12.49777
67512	-4314.939	-4599.457	284.5182	0.7982145	0.3320073	13.45401
67518	-4323.215	-4610.823	287.6079	0.8816454	0.3991822	11.73002
67524	-4317.333	-4601.307	283.9746	0.8079296	0.3492996	13.71191
67530	-4319.429	-4604.544	285.1156	0.7994188	0.4118046	13.05892
67536	-4312.262	-4600.555	288.2934	0.9035745	0.4324374	11.32764
67542	-4319.984	-4603.781	283.7975	0.8383649	0.4597572	13.67801
67548	-4325.812	-4612.66	286.8482	0.9239373	0.3595635	12.14575
67554	-4334.711	-4620.517	285.8067	0.831622	0.4696813	12.62825
67560	-4332.079	-4616.476	284.3968	0.8363969	0.5167852	13.31808
67566	-4334.87	-4620.891	286.0213	0.9622215	0.4143903	12.50037
67572	-4325.066	-4611.415	286.3488	0.8849219	0.3097551	12.48271
67578	-4319.682	-4606.094	286.4118	0.9290186	0.3886087	12.34003
67584	-4323.677	-4613.406	289.7291	0.9169255	0.2661772	10.7542
67590	-4322.068	-4606.648	284.5796	0.7946356	0.3084895	13.45126
67596	-4327.831	-4614.773	286.9418	0.900637	0.3435823	12.12657
67602	-4332.827	-4614.464	281.6372	0.7245357	0.4084086	14.90488
67608	-4328.423	-4611.138	282.7148	0.6924552	0.4597403	14.31509
67614	-4347.046	-4631.43	284.3846	0.70122	0.3925542	13.50892
67620	-4336.662	-4626.06	289.3973	0.9463733	0.3951265	10.76392
67626	-4341.663	-4631.165	289.5022	0.9265713	0.3734923	10.74176
67632	-4325.817	-4617.091	291.2734	0.8521719	0.3285215	9.899884
67638	-4327.817	-4616.319	288.5023	0.8202475	0.2795905	11.42981
67644	-4328.121	-4617.046	288.9252	0.9009042	0.4897243	10.94581
67650	-4321.366	-4610.553	289.1868	0.9202911	0.4607863	10.8245
67656	-4316.669	-4604.486	287.8167	0.8300464	0.4346817	11.61313
67662	-4316.215	-4602.104	285.8892	0.8169331	0.3441533	12.71794
67668	-4327.659	-4615.179	287.5202	0.8238115	0.3612522	11.84553
67674	-4330.373	-4619.078	288.7046	0.9196413	0.4825917	11.05784
67680	-4320.704	-4604.292	283.5879	0.7971761	0.3223684	13.94832
67686	-4330.745	-4613.415	282.6697	0.7461832	0.3403069	14.43033
67692	-4325.955	-4615.263	289.3075	0.9202424	0.4589506	10.76295
67698	-4333.654	-4621.505	287.8509	0.7918855	0.4589506	11.59253
67704	-4325.334	-4611.533	286.1988	0.6497104	0.5236838	12.47202
67710	-4321.985	-4610.145	288.1601	0.6642089	0.3129683	11.64922
67716	-4326.961	-4615.786	288.8247	0.8479942	0.4068676	11.10364
67722	-4333.545	-4617.91	284.3649	0.9512026	0.3635976	13.41947
67728	-4322.519	-4606.071	283.5517	0.731335	0.3958737	13.92217
67734	-4336.025	-4616.849	280.8241	0.7238335	0.3958737	15.33814
67740	-4325.076	-4611.479	286.4032	0.9107946	0.4161445	12.32645
67746	-4323.456	-4610.433	286.9771	0.7852173	0.3801652	12.12904
67752	-4337.681	-4623.655	285.9742	0.7252942	0.456819	12.60804
67758	-4331.316	-4620.015	288.6987	0.8885671	0.3796364	11.17616
67764	-4321.637	-4607.47	285.8321	0.8786963	0.3206623	12.74214
67770	-4326.321	-4614.738	288.4174	0.742375	0.2750501	11.52073
67776	-4321.647	-4610.797	289.1491	0.7417195	0.4122322	10.98406
67782	-4328.805	-4612.774	283.9691	0.8460969	0.4212459	13.62102
67788	-4329.091	-4613.279	284.1883	0.7301637	0.3681898	13.62102
67794	-4336.714	-4620.749	284.0353	0.7080527	0.3001977	13.78866
67800	-4349.206	-4635.798	286.5921	0.7452537	0.3817183	12.34896
67806	-4344.363	-4630.969	286.606	0.8402854	0.4717807	12.20543
67812	-4321.804	-4606.777	284.9731	0.800366	0.4370258	13.10822
67818	-4318.558	-4606.738	288.1797	0.6882991	0.3893361	11.5423
67824	-4315.661	-4603.151	287.4902	0.7879481	0.3412957	11.90184
67830	-4315.451	-4604.441	288.9894	0.789546	0.3776574	11.07789
67836	-4310.941	-4599.869	288.9281	0.9184712	0.344899	11.07789
67842	-4317.999	-4608.465	290.4659	0.8520314	0.3510737	10.29922
67848	-4337.454	-4621.478	284.024	0.7976921	0.4072045	13.6314
67854	-4341.312	-4629.496	288.1835	1.100683	0.2714724	11.46029
67860	-4340.422	-4626.547	286.1245	0.8147169	0.4834217	12.45929
67866	-4338.543	-4628.291	289.7477	0.9252034	0.3688211	10.61868
67872	-4342.692	-4629.26	286.5681	0.8631834	0.4799153	12.20597
67878	-4349.309	-4632.54	283.2309	0.7819728	0.4661885	13.9954
67884	-4315.655	-4600.311	284.6555	0.7657398	0.445167	13.28362
67890	-4313.847	-4600.553	286.7059	0.696833	0.3781252	12.31859
67896	-4317.37	-4606.419	289.049	0.7761333	0.441985	10.98976
67902	-4319.072	-4606.239	287.1662	0.9206698	0.4258636	11.91396
67908	-4328.063	-4614.933	286.8697	0.7489311	0.4540604	12.13167
67914	-4321.699	-4608.011	286.312	0.7636831	0.4523927	12.4162
67920	-4330.008	-4615.657	285.6495	0.8328974	0.3165593	12.86581
67926	-4339.081	-4626.245	287.1634	0.7130122	0.3204088	12.13523
67932	-4321.466	-4608.827	287.361	0.7778354	0.4567841	11.85773
67938	-4322.444	-4609.2	286.7562	0.6201378	0.4101344	12.29989
67944	-4323.641	-4612.888	289.2468	0.8450406	0.4347382	10.85686
67950	-4329.351	-4617.581	288.2295	0.7676944	0.414105	11.44991
67956	-4322.292	-4608.042	285.7496	0.7402204	0.340384	12.83469
67962	-4321.719	-4611.954	290.2351	0.7293516	0.3792333	10.45463
67968	-4314.475	-4603.773	289.2979	0.9436198	0.3792333	10.83391
67974	-4324.226	-4612.416	288.1897	0.7180619	0.3131831	11.60534
67980	-4312.175	-4599.254	287.0794	0.8579487	0.3204774	12.10337
67986	-4320.301	-4607.995	287.6938	0.862097	0.4195951	11.67512
67992	-4315.112	-4601.885	286.773	0.7872413	0.5014113	12.11997
67998	-4331.02	-4617.762	286.7428	0.7828696	0.441304	12.19203
68004	-4357.423	-4643.288	285.8651	0.7988176	0.4162352	12.66496
68010	-4323.24	-4608.28	285.0398	0.7452324	0.4114369	13.12681
68016	-4317.587	-4604.439	286.8523	0.977853	0.408564	12.06484
68022	-4308.115	-4595.375	287.2606	0.9871877	0.363437	11.89343
68028	-4320.4	-4606.881	286.4807	0.8675025	0.3601366	12.36607
68034	-4327.665	-4612.506	284.8406	0.7312903	0.3625059	13.28776
68040	-4329.996	-4619.746	289.7499	0.9038546	0.2879798	10.72213
68046	-4323.524	-4609.907	286.3832	0.7892225	0.4541682	12.36417
68052	-4320.93	-4608.931	288.001	0.7632352	0.4465153	11.5406
68058	-4319.953	-4607.777	287.8233	0.8131324	0.2931043	11.77138
68064	-4324.028	-4610.41	286.382	0.8131324	0.4878088	12.3221
68070	-4331.035	-4618.68	287.6449	0.7717779	0.3589997	11.81004
68076	-4323.888	-4611.899	288.011	0.8454427	0.4601486	11.47977
68082	-4313.422	-4602.409	288.9871	0.978363	0.3405469	11.02051
68088	-4303.437	-4587.664	284.2268	0.7870854	0.3375705	13.60481
68094	-4328.94	-4612.981	284.0418	0.7565413	0.4476688	13.60481
68100	-4326.914	-4612.113	285.1987	0.7647154	0.4751167	12.97451
68106	-4314.622	-4598.394	283.7711	0.7470735	0.4237818	13.77274
68112	-4318.683	-4602.953	284.27	0.8738932	0.444539	13.42827
68118	-4313.127	-4597.135	284.008	0.8369701	0.3263208	13.70522
68124	-4331.583	-4614.979	283.396	0.7389223	0.4584147	13.9391
68130	-4319.805	-4606.42	286.6158	0.9534982	0.4672853	12.14533
68136	-4313.405	-4601.486	288.0805	0.8700592	0.5576327	11.34718
68142	-4313.571	-4599.659	286.0878	0.8193283	0.3727704	12.58241
68148	-4313.753	-4602.164	288.4107	0.8193283	0.3353583	11.41122
68154	-4305.124	-4588.708	283.5843	0.9789344	0.4266633	13.74657
68160	-4316.682	-4601.002	284.3195	0.7863005	0.4725442	13.42251
68166	-4305.888	-4591.72	285.8322	0.7863005	0.3658188	12.73999
68172	-4320.974	-4610.85	289.8759	0.8806382	0.4010653	10.5413
68178	-4323.187	-4608.798	285.6112	0.8979466	0.3947337	12.76688
68184	-4327.815	-4616.15	288.3347	0.8635473	0.4435638	11.31644
68190	-4326.154	-4610.197	284.0438	0.7660026	0.3512352	13.69561
68196	-4322.651	-4608.493	285.8415	0.8384155	0.3715938	12.70191
68202	-4328.366	-4614.253	285.887	0.9266169	0.3093928	12.70191
68208	-4332.244	-4621.373	289.1298	0.9121257	0.3698264	10.94841
68214	-4332.574	-4619.925	287.3511	0.7885267	0.3365992	11.97938
68220	-4306.841	-4592.089	285.2477	0.7986224	0.3247972	13.08302
68226	-4306.212	-4591.392	285.1795	0.6730663	0.4203737	13.08302
68232	-4333.122	-4620.969	287.8464	0.8261847	0.3631122	11.67194
68238	-4327.612	-4614.241	286.6286	0.827375	0.3484306	12.32268
68244	-4315.018	-4601.526	286.5075	0.7792893	0.3657227	12.39211
68250	-4314.607	-4600.613	286.0064	0.8516083	0.4560967	12.52618
68256	-4311.825	-4600.267	288.4413	0.7797801	0.3426472	11.4077
68262	-4320.531	-4608.513	287.9824	0.8327287	0.3590997	11.60179
68268	-4334.269	-4618.05	283.7813	0.752663	0.3782709	13.81
68274	-4323.108	-4607.162	284.0542	0.752663	0.4313404	13.61571
68280	-4334.557	-4619.774	285.217	0.6981215	0.3565148	13.11582
68286	-4333.724	-4622.905	289.1811	0.7656291	0.389109	10.97813
68292	-4317.765	-4603.126	285.3605	0.7240731	0.4277952	12.95524
68298	-4323.426	-4608.078	284.6524	0.7605638	0.3867851	13.34489
68304	-4322.798	-4607.74	284.9419	0.7904904	0.3514166	13.21634
68310	-4317.965	-4603.85	285.8843	0.7177826	0.4365692	12.67759
68316	-4320.327	-4608.943	288.6162	0.8613755	0.474952	11.14144
68322	-4330.358	-4613.217	282.8588	0.7465057	0.3818357	14.28777
68328	-4329.864	-4615.503	285.6396	0.8404184	0.4696074	12.71068
68334	-4339.563	-4623.517	283.9536	0.8865938	0.4177711	13.61142
68340	-4322.38	-4606.847	284.4665	0.7394233	0.3885562	13.45064
68346	-4326.264	-4608.012	281.7473	0.7923461	0.3877166	14.83354
68352	-4326.451	-4610.769	284.3172	0.9477199	0.3774471	13.43144
68358	-4329.992	-4618.052	288.0594	0.9183752	0.2665841	11.6268
68364	-4326.411	-4609.982	283.571	0.770808	0.4613319	13.82916
68370	-4327.989	-4610.454	282.4652	0.7542698	0.3617543	14.5087
68376	-4324.98	-4607.965	282.9854	0.8902979	0.4387667	14.09171
68382	-4336.107	-4620.374	284.2671	0.8813728	0.4523052	13.41872
68388	-4333.109	-4617.529	284.42	0.9550199	0.3363079	13.41872
68394	-4332.475	-4620.426	287.9511	0.8804004	0.3330813	11.62212
68400	-4331.847	-4618.362	286.5151	0.9131896	0.3914719	12.29153
68406	-4318.538	-4601.81	283.2717	0.8076518	0.3665687	14.05804
68412	-4328.485	-4611.746	283.2606	0.8003486	0.375606	14.05804
68418	-4336.926	-4624.429	287.5031	0.7983151	0.394866	11.83264
68424	-4333.985	-4621.691	287.7057	0.9182513	0.3991384	11.65989
68430	-4323.453	-4610.461	287.0089	0.763866	0.3657257	12.1388
68436	-4330.511	-4616.691	286.1795	0.7725119	0.5555499	12.39208
68442	-4334.141	-4621.594	287.453	0.7964216	0.4464077	11.80959
68448	-4321.771	-4610.099	288.3281	0.884013	0.343759	11.41113
68454	-4327.383	-4616.124	288.7412	0.7889422	0.4027906	11.18237
68460	-4338.877	-4623.243	284.3657	0.8703971	0.4233889	13.40045
68466	-4325.466	-4611.747	286.281	0.7655374	0.4209742	12.4611
68472	-4322.193	-4606.6	284.4073	0.7530246	0.3737119	13.48967
68478	-4321.286	-4607.695	286.4094	0.7412075	0.4300185	12.39817
68484	-4324.477	-4613.934	289.4574	1.041111	0.3193843	10.76544
68490	-4310.383	-4597.594	287.2114	0.8101929	0.3690359	12.00546
68496	-4319.843	-4609.094	289.2507	1.070645	0.4683596	10.70525
68502	-4318.42	-4604.571	286.1507	0.857372	0.522046	12.3903
68508	-4312.188	-4597.688	285.5001	0.7915874	0.4027959	12.87191
68514	-4320.816	-4606.414	285.5979	0.6456693	0.4406479	12.86034
68520	-4333.276	-4617.963	284.6878	0.6456693	0.4324115	13.34122
68526	-4334.089	-4618.063	283.9739	0.8619218	0.3423914	13.69184
68532	-4331.614	-4618.19	286.5764	0.9267285	0.4185741	12.22551
68538	-4327.402	-4611.687	284.2857	0.852202	0.3559576	13.5202
68544	-4328.93	-4615.216	286.2862	0.8149168	0.3790266	12.47482
68550	-4333.906	-4620.541	286.6348	0.7615238	0.4554121	12.24632
68556	-4317.788	-4605.245	287.4574	0.8083598	0.3218357	11.93044
68562	-4321.795	-4608.302	286.507	0.6987202	0.3852747	12.41387
68568	-4328.252	-4612.849	284.5964	0.8506108	0.3451224	13.37152
68574	-4317.843	-4602.833	284.9903	0.7624358	0.39966	13.15529
68580	-4328.68	-4614.589	285.909	0.8726091	0.3699644	12.65071
68586	-4320.118	-4606.431	286.3129	0.8772355	0.3896212	12.41753
68592	-4330.434	-4617.468	287.0343	0.8945679	0.6207292	11.83247
68598	-4333.05	-4621.358	288.3086	0.7573097	0.497692	11.33681
68604	-4339.295	-4623.286	283.9908	0.883312	0.3697008	13.64243
68610	-4325.024	-4612.072	287.0475	0.7770822	0.4008156	12.07547
68616	-4332.54	-4618.829	286.2891	0.7770822	0.4747404	12.40088
68622	-4341.506	-4627.798	286.2926	0.743567	0.3713663	12.51665
68628	-4346.288	-4631.296	285.0079	0.7078194	0.3659694	13.20933
68634	-4322.49	-4607.814	285.3234	0.8964141	0.3216851	12.99636
68640	-4321.908	-4607.308	285.4001	0.8038869	0.3288486	12.99636
68646	-4332.03	-4620.272	288.2422	1.063202	0.3288486	11.37922
68652	-4313.583	-4600.773	287.1902	0.9084213	0.4684675	11.86809
68658	-4316.304	-4605.097	288.7929	0.9660505	0.3934168	11.07203
68664	-4332.673	-4621.779	289.1055	0.7974284	0.3783961	11.01217
68670	-4332.233	-4620.116	287.8831	0.8133923	0.3405551	11.68421
68676	-4325.429	-4610.755	285.3259	0.7182069	0.3288612	13.07951
68682	-4319.677	-4604.634	284.9574	0.8553791	0.4458369	13.07951
68688	-4309.173	-4593.249	284.0761	0.6699423	0.3512697	13.7287
68694	-4324.935	-4611.24	286.305	0.8849788	0.3124404	12.50229
68700	-4325.551	-4612.291	286.7394	0.8049561	0.4076921	12.21472
68706	-4324.806	-4611.91	287.1039	0.6498248	0.501326	12.01911
68712	-4315.915	-4603.556	287.6411	0.8575236	0.5021637	11.62951
68718	-4328.676	-4613.483	284.8072	0.764921	0.3914018	13.25749
68724	-4328.51	-4615.505	286.9954	0.8538385	0.4017658	12.06164
68730	-4323.142	-4609.938	286.7958	0.9453294	0.4607477	12.06164
68736	-4329.198	-4614.315	285.1177	0.8047156	0.4081372	13.05869
68742	-4320.093	-4607.102	287.0091	0.7989043	0.3831311	12.10211
68748	-4320.636	-4607.543	286.9075	0.8610724	0.3733143	12.13295
68754	-4329.731	-4621.087	291.3557	1.012389	0.4448316	9.65078
68760	-4321.057	-4612.392	291.3343	1.197916	0.3669619	9.642667
68766	-4331.805	-4621.628	289.8222	1.116361	0.5701914	10.29497
68772	-4317.047	-4609.843	292.796	1.189126	0.2849797	8.970857
68778	-4302.745	-4593.772	291.0275	0.9154853	0.3604167	9.960257
68784	-4319.751	-4608.74	288.9895	0.7158029	0.4939021	11.00542
68790	-4309.582	-4597.62	288.0375	0.8961348	0.4410995	11.45715
68796	-4311.468	-4596.106	284.6382	0.8495959	0.4153645	13.27746
68802	-4318.949	-4604.019	285.0701	0.8212479	0.3687446	13.11511
68808	-4329.991	-4615.887	285.8956	0.8492287	0.407893	12.63103
68814	-4318.706	-4609.206	290.5001	0.8799943	0.3025319	10.32286
68820	-4330.906	-4618.559	287.6533	0.9783069	0.3025319	11.76235
68826	-4324.065	-4609.705	285.6403	0.846204	0.4025714	12.77078
68832	-4329.492	-4617.417	287.9251	0.8953984	0.4025714	11.55374
68838	-4328.237	-4614.65	286.4127	0.9403502	0.4292172	12.29344
68844	-4312.659	-4599.26	286.6015	0.8017989	0.3769949	12.31948
68850	-4317.964	-4604.243	286.2783	0.9284784	0.4663468	12.33514
68856	-4321.251	-4604.754	283.5024	0.8268285	0.4663468	13.83115
68862	-4332.96	-4615.85	282.8901	0.7579798	0.3962273	14.25095
68868	-4325.921	-4610.743	284.8225	0.8675218	0.377343	13.21068
68874	-4316.106	-4601.825	285.7191	0.7206258	0.4086248	12.7891
68880	-4323.202	-4607.903	284.7001	0.7908081	0.4420683	13.25034
68886	-4315.572	-4598.528	282.9557	0.8333916	0.4736247	14.10471
68892	-4323.513	-4605.885	282.3715	0.787785	0.4736247	14.43106
68898	-4321.073	-4606.059	284.986	0.815811	0.3256656	13.2091
68904	-4335.458	-4621.047	285.5885	0.7719216	0.3431588	12.89889
68910	-4327.262	-4610.763	283.5007	0.7506499	0.4303291	13.9049
68916	-4331.267	-4617.429	286.1629	0.7852206	0.4034241	12.52964
68922	-4323.558	-4611.973	288.415	0.7763542	0.3900633	11.37251
68928	-4330.253	-4618.565	288.3117	0.8512376	0.4781832	11.30321
68934	-4325.367	-4611.354	285.9875	0.791288	0.3879781	12.63343
68940	-4326.136	-4612.023	285.8868	0.8323515	0.4190572	12.63343
68946	-4339.633	-4624.125	284.4919	0.8066136	0.384954	13.40624
68952	-4344.516	-4632.615	288.0997	0.7538307	0.3945017	11.54459
68958	-4337.668	-4622.364	284.696	0.8564856	0.3659582	13.29413
68964	-4347.799	-4632.489	284.6905	0.86206	0.3659582	13.29413
68970	-4337.988	-4624.064	286.0763	0.7936509	0.4950016	12.48526
68976	-4332.935	-4617.698	284.7627	0.8749815	0.469453	13.14893
68982	-4334.151	-4622.137	287.9861	0.8810327	0.4336958	11.49889
68988	-4330.773	-4615.805	285.0326	0.6846571	0.2930372	13.29175
68994	-4309.57	-4594.295	284.7244	0.6865609	0.4421661	13.29175
69000	-4317.06	-4602.174	285.1134	0.7278403	0.4043282	13.10463
69006	-4330.384	-4619.07	288.6868	0.7719693	0.4323969	11.19072
69012	-4345.483	-4632.944	287.4608	0.8376585	0.6540169	11.61526
69018	-4341.949	-4628.819	286.87	0.8406396	0.601347	11.96088
69024	-4331.391	-4616.227	284.8359	0.7563365	0.4396409	13.19993
69030	-4332.143	-4618.374	286.2306	0.6938528	0.4257306	12.52013
69036	-4334.656	-4621.253	286.5972	0.8445185	0.324272	12.35736
69042	-4341.69	-4629.199	287.5096	1.006071	0.395711	11.71992
69048	-4342.917	-4626.778	283.861	0.6930019	0.3855596	13.79206
69054	-4355.243	-4642.356	287.1134	0.8684315	0.3190208	12.08189
69060	-4345.434	-4629.671	284.2372	0.7018551	0.4281613	13.55009
69066	-4338.812	-4622.981	284.1686	0.8379136	0.5105278	13.44107
69072	-4340.379	-4622.646	282.2674	0.766991	0.4358084	14.53034
69078	-4334.602	-4622.008	287.4062	0.767952	0.3913654	11.90262
69084	-4325.181	-4612.665	287.4846	0.8288023	0.3810491	11.84054
69090	-4330.742	-4616.669	285.9269	0.7744264	0.3508441	12.71304
69096	-4318.364	-4606.114	287.7502	0.8093145	0.3528621	11.7421
69102	-4316.65	-4605.604	288.9544	0.8780519	0.3673763	11.06076
69108	-4317.789	-4606.63	288.8413	0.7941561	0.3149596	11.22276
69114	-4327.631	-4616.571	288.94	0.7985141	0.3644942	11.11303
69120	-4326.6	-4612.237	285.6362	0.8211005	0.536545	12.6651
69126	-4318.333	-4604.105	285.772	0.7969688	0.4688445	12.6651
69132	-4334.17	-4620.042	285.8721	0.7969688	0.3809508	12.69779
69138	-4328.256	-4614.932	286.6762	0.7689708	0.440864	12.23438
69144	-4333.952	-4619.237	285.2854	0.7569045	0.4026115	13.0018
69150	-4328.657	-4612.835	284.1782	0.852944	0.4618667	13.47091
69156	-4330.055	-4617.808	287.7536	0.7084013	0.3937111	11.74997
69162	-4318.935	-4604.087	285.1516	0.786573	0.3518432	13.10892
69168	-4338.063	-4621.185	283.1228	0.7626767	0.3518432	14.17434
69174	-4327.9	-4613.842	285.9423	0.897487	0.4120244	12.5775
69180	-4321.871	-4611.125	289.2538	0.897487	0.3535754	10.90868
69186	-4329.004	-4615.259	286.2545	0.8455612	0.422407	12.43184
69192	-4334.428	-4621.998	287.5695	0.8168148	0.4700437	11.71644
69198	-4334.676	-4622.396	287.7205	0.6971261	0.4521856	11.71644
69204	-4333.492	-4620.778	287.2857	0.8394138	0.4340595	11.88613
69210	-4337.462	-4622.963	285.5008	0.752734	0.5217995	12.78336
69216	-4337.521	-4624.404	286.8827	0.7871923	0.3118851	12.25291
69222	-4339.713	-4635.688	295.975	1.29949	0.3122104	7.183226
69228	-4328.689	-4615.12	286.4307	0.8267999	0.3122104	12.4674
69234	-4326.016	-4612.183	286.1673	0.8010452	0.4575281	12.4674
69240	-4335.877	-4624.22	288.3432	0.8511736	0.3984656	11.3624
69246	-4341.158	-4626.29	285.1325	0.9193919	0.6168133	12.81357
69252	-4335.358	-4621.587	286.2294	0.8923953	0.3260789	12.52195
69258	-4341.002	-4623.716	282.7141	0.7336605	0.4015437	14.3494
69264	-4348.26	-4633.13	284.8702	0.8328391	0.3842165	13.19681
69270	-4333.451	-4616.889	283.4382	0.7758977	0.5136311	13.84972
69276	-4333.59	-4620.834	287.2444	0.735633	0.381825	12.01373
69282	-4339.123	-4625.078	285.9552	0.8002164	0.367906	12.66652
69288	-4342.253	-4627.903	285.6502	0.780663	0.3284134	12.8789
69294	-4326.732	-4615.763	289.0306	0.9242998	0.5236152	10.84921
69300	-4311.145	-4601.085	289.9396	0.9085912	0.4012776	10.49294
69306	-4308.312	-4594.085	285.7732	0.774214	0.3240818	12.82323
69312	-4323.416	-4609.412	285.9964	0.7612088	0.5086673	12.53202
69318	-4313.113	-4601.071	287.9583	1.005219	0.3041098	11.5871
69324	-4305.316	-4593.562	288.2453	0.8624727	0.5180006	11.29752
69330	-4309.595	-4596.903	287.3082	0.8345537	0.3623265	11.94942
69336	-4323.062	-4607.6	284.538	0.792899	0.5478757	13.24175
69342	-4319.48	-4604.265	284.7855	0.7244179	0.4193847	13.26207
69348	-4314.197	-4598.868	284.6707	0.7244179	0.4474801	13.29506
69354	-4332.362	-4619.137	286.7758	0.7630024	0.4063923	12.21888
69360	-4324.456	-4611.403	286.9473	1.033471	0.2999079	12.10518
69366	-4333.049	-4618.012	284.9629	0.804685	0.4220036	13.12563
69372	-4321.004	-4608.782	287.778	0.8016962	0.3459944	11.73912
69378	-4335.092	-4623.799	288.7063	0.9671566	0.3459944	11.16731
69384	-4339.219	-4624.789	285.5703	0.7928955	0.3104684	12.93496
69390	-4342	-4628.928	286.9279	0.7462465	0.3070663	12.25644
69396	-4346.402	-4632.655	286.2533	0.8839897	0.3070663	12.53615
69402	-4321.703	-4609.356	287.6531	0.7735211	0.3659077	11.79743
69408	-4328.982	-4614.938	285.9558	0.6736515	0.4192069	12.68
69414	-4327.114	-4613.375	286.2603	0.7548086	0.3249457	12.57877
69420	-4332.061	-4619.551	287.4905	0.817709	0.3430954	11.8841
69426	-4336.007	-4620.825	284.8184	0.7087209	0.391258	13.28105
69432	-4333.503	-4619.434	285.9306	0.6576562	0.3807196	12.74009
69438	-4324.867	-4612.88	288.013	0.6949496	0.3949084	11.62025
69444	-4330.51	-4619.007	288.4967	0.8984191	0.5597353	11.11283
69450	-4325.067	-4608.28	283.2128	0.7384133	0.4130208	14.07719
69456	-4321.046	-4604.968	283.9215	0.7720715	0.3966323	13.70841
69462	-4324.333	-4608.97	284.6366	0.845632	0.4004571	13.29507
69468	-4317.812	-4602.5	284.688	0.7626723	0.3667431	13.34621
69474	-4334.545	-4618.897	284.3519	0.7325689	0.5619176	13.35854
69480	-4326.169	-4611.043	284.8735	0.7917458	0.5195568	13.09121
69486	-4328.944	-4618.21	289.2661	1.006367	0.4458861	10.75162
69492	-4337.959	-4622.447	284.4879	0.7572666	0.5078653	13.31936
69498	-4336.085	-4621.524	285.4395	0.7793154	0.3979416	12.9147
69504	-4338.692	-4625.649	286.9568	0.8221057	0.3680042	12.13317
69510	-4341.943	-4625.749	283.8063	0.7796454	0.4966909	13.67121
69516	-4328.908	-4616.946	288.0381	1.001878	0.437478	11.40494
69522	-4346.931	-4632.977	286.0455	0.8300899	0.3934391	12.57744
69528	-4349.615	-4635.601	285.9865	0.7757896	0.5305721	12.51123
69534	-4341.982	-4629.36	287.3778	0.8387894	0.4780778	11.79791
69540	-4324.665	-4613.89	289.2258	0.8858102	0.4470879	10.83483
69546	-4326.302	-4612.862	286.5605	0.8231073	0.4416044	12.26578
69552	-4351.963	-4640.209	288.2463	0.8259289	0.3362501	11.49272
69558	-4352.447	-4636.276	283.8297	0.6769367	0.4344055	13.76856
69564	-4337.999	-4624.375	286.3758	0.931584	0.5125446	12.24227
69570	-4333.981	-4619.111	285.1298	0.8217342	0.4726571	12.9829
69576	-4341.142	-4624.747	283.605	0.8020842	0.5623688	13.70986
69582	-4331.954	-4621.825	289.8717	1.153956	0.5103836	10.29848
69588	-4325.629	-4611.218	285.5883	0.8927672	0.4208911	12.75558
69594	-4329.927	-4615.459	285.5327	0.7991261	0.4900276	12.76976
69600	-4329.119	-4612.767	283.6478	0.8269296	0.4147517	13.80399
69606	-4337.258	-4623.381	286.1232	0.8809184	0.4147517	12.48927
69612	-4331.296	-4617.168	285.8716	0.8149422	0.4189947	12.65052
69618	-4315.549	-4602.344	286.7949	0.8047924	0.4743444	12.12311
69624	-4352.749	-4636.951	284.2016	0.7693237	0.4632892	13.5009
69630	-4355.152	-4636.74	281.5882	0.6840927	0.4143459	14.94531
69636	-4338.972	-4625.733	286.7615	0.902392	0.3236292	12.24232
69642	-4310.468	-4595.307	284.8391	0.7035066	0.34057	13.32689
69648	-4306.54	-4595.323	288.7828	0.8418944	0.4032148	11.13242
69654	-4309.251	-4598.876	289.6251	0.8223192	0.4032148	10.70134
69660	-4315.864	-4606.601	290.7369	0.9098176	0.5141375	9.968598
69666	-4314.215	-4600.863	286.6487	0.7603727	0.4354808	12.25827
69672	-4321.834	-4608.611	286.7771	0.9931136	0.3584707	12.14792
69678	-4322.546	-4609.434	286.8878	0.9931136	0.374133	12.07346
69684	-4322.748	-4609.898	287.15	0.7309899	0.374133	12.07346
69690	-4305.787	-4593.185	287.3981	0.8216422	0.3628616	11.90867
69696	-4326.395	-4612.917	286.5214	0.8601531	0.4339021	12.27414
69702	-4309.706	-4596.994	287.288	0.8984976	0.3991694	11.88828
69708	-4314.72	-4601.141	286.4211	0.7552378	0.4189825	12.39541
69714	-4304.77	-4591.147	286.3769	0.7777574	0.3854171	12.44029
69720	-4311.451	-4598.393	286.9424	0.9253996	0.3645107	12.0905
69726	-4327.139	-4614.963	287.8234	0.8429247	0.4154337	11.62154
69732	-4312.452	-4599.511	287.0588	0.8378068	0.4261207	12.01298
69738	-4313.18	-4600.61	287.4305	0.8917737	0.4261207	11.79083
69744	-4307.991	-4593.99	285.9991	0.7937575	0.4261207	12.58825
69750	-4300.836	-4585.905	285.0694	0.694156	0.4236437	13.12611
69756	-4301.071	-4586.096	285.0242	0.715397	0.4367088	13.12611
69762	-4295.842	-4583.688	287.8458	0.8303794	0.4186328	11.61325
69768	-4299.01	-4582.854	283.8436	0.721512	0.4044514	13.76723
69774	-4338.36	-4624.586	286.2257	0.731089	0.3724006	12.55693
69780	-4320.873	-4607.599	286.7262	0.8231882	0.391876	12.22797
69786	-4304.936	-4592.389	287.4531	0.8231882	0.3956298	11.84499
69792	-4320.005	-4609.008	289.0031	0.9628109	0.3816345	10.97582
69798	-4313.302	-4602.355	289.0533	0.8714018	0.5374548	10.8535
69804	-4316.626	-4605.531	288.9045	0.8190844	0.426185	11.05801
69810	-4313.894	-4600.143	286.2485	0.9021561	0.3662572	12.46247
69816	-4310.408	-4597.042	286.6337	0.9316399	0.4084366	12.20303
69822	-4316.061	-4601.522	285.4608	0.8213244	0.4054047	12.8743
69828	-4316.097	-4601.872	285.7752	0.9576208	0.4054047	12.63974
69834	-4321.886	-4609.08	287.1948	0.8073526	0.286112	12.11109
69840	-4313.538	-4600.323	286.7859	0.9220056	0.4264949	12.11109
69846	-4302.36	-4589.082	286.7216	0.7805355	0.4042367	12.24018
69852	-4307.491	-4594.202	286.7109	0.7911605	0.4042367	12.24018
69858	-4304.377	-4588.17	283.7926	0.8261029	0.511158	13.64188
69864	-4304.194	-4588.663	284.4689	0.8168615	0.4367425	13.36188
69870	-4306.257	-4593.841	287.584	0.8432295	0.4267714	11.7354
69876	-4306.989	-4594.4	287.4109	0.8810691	0.4063076	11.82604
69882	-4309.9	-4597.203	287.3029	0.9018453	0.4516705	11.82803
69888	-4303.749	-4590.956	287.2076	0.9018453	0.4516705	11.87778
69894	-4304.528	-4593.058	288.5294	0.960605	0.4516705	11.1562
69900	-4310.283	-4596.651	286.3676	0.7848743	0.3693799	12.45821
69906	-4331.209	-4619.116	287.9069	0.9707761	0.3756741	11.55143
69912	-4326.364	-4613.135	286.771	0.9277318	0.4270586	12.11529
69918	-4331.785	-4619.739	287.9539	0.9139246	0.4824379	11.45377
69924	-4328.548	-4614.112	285.5639	0.8288395	0.4992172	12.73007
69930	-4317.39	-4606.112	288.722	0.8841466	0.4312875	11.11459
69936	-4315.889	-4605.319	289.4301	0.9600696	0.3032355	10.84149
69942	-4306.328	-4593.081	286.7527	0.8294715	0.4232643	12.17976
69948	-4315.162	-4602.757	287.5957	0.6394523	0.4232643	11.83909
69954	-4298.778	-4587.35	288.572	0.8896108	0.3486404	11.27524
69960	-4299.999	-4585.896	285.8964	0.78813	0.5121259	12.56714
69966	-4309.362	-4595.62	286.2586	0.7242596	0.5121259	12.41177
69972	-4308.591	-4597.165	288.5738	0.793285	0.3752487	11.29601
69978	-4311.697	-4597.417	285.72	0.7646981	0.4422435	12.73338
69984	-4313.049	-4600.958	287.9092	0.9106722	0.3272491	11.63488
69990	-4308.352	-4593.288	284.9352	0.8703898	0.3296797	13.20255
69996	-4317.077	-4605.753	288.6765	0.8409829	0.3510644	11.24334
70002	-4334.355	-4621.245	286.8901	0.8842501	0.3786498	12.12434
70008	-4337.341	-4623.834	286.4932	0.8362046	0.377046	12.35796
70014	-4323.837	-4611.01	287.1726	0.8742381	0.3732536	11.98784
70020	-4328.053	-4615.757	287.7037	0.9170818	0.40833	11.65234
70026	-4337.983	-4624.461	286.4777	0.7913617	0.4391978	12.32777
70032	-4343.507	-4632.501	288.9937	1.020375	0.326217	11.01134
70038	-4333.368	-4619.984	286.6154	0.91006	0.3615136	12.27225
70044	-4329.802	-4617.314	287.5118	0.925987	0.4780428	11.68238
70050	-4322.501	-4610.219	287.7178	0.9746512	0.5495188	11.48867
70056	-4329.101	-4613.449	284.3479	0.7760818	0.4470159	13.43631
70062	-4338.136	-4623.146	285.01	0.6465815	0.3906186	13.21443
70068	-4335.345	-4618.267	282.9224	0.6598906	0.4105309	14.27083
70074	-4335.925	-4619.089	283.1642	0.6598906	0.3625218	14.19461
70080	-4328.03	-4613.075	285.0452	0.7478523	0.3578822	13.17777
70086	-4334.626	-4620.16	285.5347	0.7026299	0.4329672	12.87084
70092	-4327.143	-4614.657	287.5133	0.723218	0.4053179	11.85598
70098	-4333.333	-4617.748	284.4152	0.7748331	0.3642995	13.48415
70104	-4337.649	-4626.021	288.3713	0.8243556	0.4349709	11.32592
70110	-4333.362	-4623.261	289.8988	1.007739	0.3769213	10.48744
70116	-4326.201	-4616.127	289.9268	0.9644543	0.365962	10.50711
70122	-4312.672	-4601.985	289.3134	0.9836178	0.4465878	10.7381
70128	-4327.637	-4610.734	283.0973	0.9771961	0.4465878	13.98134
70134	-4317.909	-4605.905	287.9956	0.8928199	0.4923195	11.43431
70140	-4321.01	-4608.167	287.1568	0.9067921	0.4376265	11.91485
70146	-4320.329	-4605.65	285.3212	0.8485798	0.3630466	12.97639
70152	-4333.986	-4617.871	283.8848	0.7466903	0.5001461	13.64461
70158	-4312.322	-4596.296	283.9733	0.7718897	0.434609	13.64461
70164	-4310	-4596.421	286.4208	0.7267648	0.434609	12.39539
70170	-4316.845	-4604.493	287.6481	0.7716012	0.3989973	11.76669
70176	-4316.651	-4606.063	289.4119	0.9074192	0.3223761	10.8559
70182	-4318.37	-4606.492	288.1217	0.9139323	0.5412941	11.31589
70188	-4318.519	-4605.84	287.321	0.7199255	0.3830867	11.98064
70194	-4317.912	-4607.285	289.3722	0.925182	0.438887	10.74515
70200	-4317.693	-4605.291	287.598	0.8253607	0.4465801	11.71861
70206	-4324.054	-4609.828	285.7736	0.7793476	0.4874506	12.65691
70212	-4312.32	-4598.46	286.1403	0.7159427	0.3422136	12.64193
70218	-4311.263	-4596.824	285.5615	0.8139012	0.3853628	12.84603
70224	-4306.645	-4590.152	283.5065	0.8464401	0.4427484	13.84046
70230	-4323.682	-4607.316	283.6341	0.7188601	0.4427484	13.84046
70236	-4327.438	-4613.246	285.8079	0.8127659	0.3779161	12.7261
70242	-4322.992	-4609.777	286.7849	0.690921	0.3950771	12.2631
70248	-4325.449	-4612.142	286.6932	0.8429411	0.3311148	12.30027
70254	-4329.012	-4615.338	286.3257	0.8121222	0.5493	12.30027
70260	-4332.461	-4620.639	288.1778	0.9238441	0.3924379	11.41698
70266	-4328.493	-4614.066	285.5722	0.7980445	0.4315102	12.80308
70272	-4339.037	-4624.786	285.7488	0.6608216	0.3382158	12.87884
70278	-4332.808	-4620.592	287.7836	0.8541018	0.2754245	11.79296
70284	-4327.363	-4615.869	288.506	0.8286281	0.5740683	11.13316
70290	-4345.81	-4635.599	289.7881	0.8812986	0.4608878	10.52947
70296	-4330.542	-4620.473	289.9312	0.8624652	0.3935363	10.52947
70302	-4330.373	-4620.224	289.8514	0.962686	0.4163477	10.49586
70308	-4343.932	-4633.85	289.9173	1.016059	0.3559633	10.49586
70314	-4337.932	-4620.789	282.857	0.7929058	0.5019167	14.15221
70320	-4328.386	-4614.421	286.0353	0.748726	0.3589098	12.66122
70326	-4339.988	-4627.193	287.2049	0.9373163	0.4075307	11.90299
70332	-4328.016	-4614.975	286.9595	0.790909	0.408547	12.1064
70338	-4326.393	-4615.286	288.8925	0.8182299	0.408547	11.08204
70344	-4337.511	-4629.144	291.6338	1.067146	0.3205002	9.605974
70350	-4315.231	-4602.935	287.7037	0.8166273	0.4789378	11.6385
70356	-4326.794	-4613.418	286.6234	0.8485777	0.4400662	12.22115
70362	-4337.402	-4625.075	287.6737	0.7317569	0.4007994	11.7723
70368	-4336.962	-4624.669	287.7071	0.8532169	0.3256353	11.7723
70374	-4339.422	-4628.038	288.6159	0.7843144	0.4405193	11.21361
70380	-4336.015	-4624.121	288.106	0.857857	0.5260327	11.36603
70386	-4343.859	-4633.386	289.5268	0.9240951	0.4915573	10.6166
70392	-4334.993	-4621.919	286.9265	0.8262093	0.452231	12.06342
70398	-4337.163	-4622.493	285.3295	0.8172262	0.4971974	12.85983
70404	-4344.923	-4631.005	286.0821	0.7085677	0.4207386	12.59458
70410	-4354.265	-4640.219	285.9537	0.7261972	0.4831571	12.59458
70416	-4335.866	-4622.012	286.1453	0.910149	0.3280313	12.55425
70422	-4330.545	-4620.358	289.8125	0.8629638	0.3262074	10.66469
70428	-4327.598	-4615.436	287.838	0.9022025	0.4084103	11.58984
70434	-4339.694	-4627.685	287.9909	0.8570709	0.306786	11.64423
70440	-4336.073	-4619.709	283.6359	0.7885348	0.3551275	13.89132
70446	-4335.601	-4618.491	282.8895	0.8108569	0.2724591	14.36389
70452	-4342.027	-4625.945	283.9183	0.8135094	0.2757525	13.825
70458	-4327.74	-4609.712	281.9715	0.7836922	0.4245138	14.68561
70464	-4350.571	-4635.656	285.0848	0.7905165	0.3324183	13.1632
70470	-4325.4	-4610.475	285.075	0.7721857	0.4008891	13.10498
70476	-4315.854	-4601.105	285.2516	0.7851045	0.3102658	13.10498
70482	-4326.542	-4611.68	285.1374	0.6785832	0.3642211	13.15907
70488	-4324.886	-4608.916	284.03	0.8293697	0.4499772	13.57099
70494	-4343.339	-4631.295	287.9555	0.9139775	0.5539794	11.39249
70500	-4343.045	-4630.714	287.669	0.8942616	0.3615012	11.73077
70506	-4342.13	-4628.399	286.2688	0.7475353	0.3539698	12.54562
70512	-4331.431	-4618.407	286.9755	0.8435734	0.4525617	12.02851
70518	-4333.263	-4621.508	288.2451	0.7838075	0.3454915	11.50498
70524	-4321.398	-4606.694	285.2961	0.7033669	0.3665717	13.06117
70530	-4330.252	-4618.246	287.9945	0.8022895	0.3665717	11.60336
70536	-4331.724	-4617.451	285.7272	0.7411865	0.3988789	12.78392
70542	-4316.676	-4603.196	286.5203	0.6781379	0.3526007	12.45227
70548	-4315.32	-4601.672	286.3518	0.6677723	0.406285	12.48958
70554	-4322.001	-4606.085	284.0841	0.69035	0.4453721	13.61933
70560	-4315.15	-4601.148	285.9982	0.7465709	0.4161652	12.62296
70566	-4322.771	-4605.913	283.1423	0.7534267	0.3640899	14.15585
70572	-4311.915	-4599.882	287.9669	0.8471006	0.3882334	11.57165
70578	-4307.02	-4595.529	288.5093	0.7819157	0.4430386	11.26827
70584	-4328.174	-4614.341	286.1672	0.7738432	0.361451	12.57677
70590	-4325.121	-4611.459	286.3377	0.7119766	0.3112778	12.57677
70596	-4327.033	-4613.396	286.3638	0.7932372	0.3883783	12.43601
70602	-4318.903	-4606.238	287.3351	0.8585305	0.2909464	12.00514
70608	-4316.703	-4603.149	286.4457	0.7719689	0.4761454	12.32066
70614	-4328.746	-4614.95	286.2047	0.6883364	0.3367645	12.62888
70620	-4323.225	-4608.288	285.0625	0.6792056	0.4020061	13.15869
70626	-4336.121	-4623.606	287.4856	0.8521317	0.3761036	11.83303
70632	-4322.823	-4608.221	285.3983	0.6303093	0.3613746	13.0516
70638	-4327.938	-4613.168	285.2297	0.6797872	0.4222483	13.0516
70644	-4327.739	-4614.134	286.3948	0.6588484	0.4620163	12.41889
70650	-4330.704	-4619.622	288.918	0.7205348	0.4379493	11.09128
70656	-4322.989	-4610.653	287.6639	0.6885751	0.4335424	11.76794
70662	-4319.249	-4607.584	288.3359	0.8822399	0.4005818	11.34784
70668	-4314.317	-4602.622	288.3055	0.6413495	0.3356168	11.55898
70674	-4325.892	-4612.761	286.8693	0.7449761	0.4314133	12.1552
70680	-4303.372	-4589.311	285.939	0.709842	0.4012999	12.6876
70686	-4302.852	-4588.697	285.8447	0.709842	0.3657295	12.77337
70692	-4324.229	-4608.798	284.5687	0.7738139	0.3657295	13.40346
70698	-4331.75	-4617.078	285.3283	0.7114008	0.4683837	12.94088
70704	-4321.688	-4610.641	288.9528	0.8048665	0.3516068	11.11703
70710	-4341.851	-4626.386	284.5352	0.6916425	0.3730202	13.45584
70716	-4334.896	-4623.118	288.222	0.7454703	0.4489963	11.43206
70722	-4339.247	-4624.562	285.3149	0.7000749	0.4362286	12.9834
70728	-4333.148	-4617.885	284.7367	0.79789	0.3498635	13.3208
70734	-4324.872	-4607.12	282.2474	0.7507266	0.446703	14.53896
70740	-4334.408	-4619.995	285.5873	0.7514863	0.342488	12.91091
70746	-4335.954	-4620.395	284.4415	0.6190226	0.4212541	13.49366
70752	-4331.703	-4614.766	283.0632	0.7300874	0.3069229	14.27321
70758	-4335.091	-4618.796	283.7051	0.6693423	0.426224	13.84497
70764	-4342.707	-4626.332	283.625	0.7223494	0.4066503	13.87805
70770	-4333.048	-4616.741	283.6937	0.7715973	0.5342533	13.70226
70776	-4321.032	-4605.355	284.3239	0.7583729	0.3801662	13.52347
70782	-4330.27	-4611.8	281.5298	0.6376457	0.447477	14.96818
70788	-4318.288	-4603.126	284.838	0.7491884	0.400474	13.24053
70794	-4322.955	-4611.546	288.5915	0.7747567	0.4447696	11.22737
70800	-4332.24	-4616.154	283.9144	0.7730729	0.343061	13.76809
70806	-4315.303	-4603.25	287.9468	0.9226054	0.3289593	11.60701
70812	-4304.962	-4592.93	287.9679	0.7656315	0.4036326	11.59809
70818	-4329.745	-4614.572	284.8272	0.8499291	0.4433716	13.15233
70824	-4335.088	-4623.111	288.0228	0.7824136	0.4613376	11.50547
70830	-4338.315	-4624.045	285.7298	0.7960599	0.4211762	12.73201
70836	-4308.097	-4592.56	284.463	0.7328215	0.4211762	13.4235
70842	-4322.01	-4609.305	287.2946	0.8207079	0.3552347	11.97142
70848	-4333.743	-4618.61	284.8674	0.8718208	0.3937876	13.16826
70854	-4321.338	-4605.003	283.6642	0.8126027	0.4372792	13.78133
70860	-4327.9	-4616.927	289.0271	1.009331	0.3166579	11.01081
70866	-4336.477	-4625.737	289.261	0.8942838	0.3480078	10.91274
70872	-4312.842	-4603.6	290.7577	0.9231587	0.3659306	10.09222
70878	-4316.388	-4607.447	291.0591	1.008528	0.3659306	9.888648
70884	-4321.691	-4606.306	284.6149	0.8745082	0.4702913	13.22523
70890	-4311.322	-4597.198	285.8753	0.6573522	0.4158684	12.73364
70896	-4304.469	-4591.197	286.7281	0.7323358	0.3808701	12.28568
70902	-4320.147	-4606.752	286.6044	0.8445892	0.3866181	12.28568
70908	-4315.109	-4601.742	286.6328	0.8180768	0.3897361	12.28152
70914	-4325.511	-4609.973	284.4629	0.7014103	0.4106077	13.45012
70920	-4319.027	-4603.786	284.7598	0.7434993	0.3295175	13.35976
70926	-4328.594	-4611.609	283.0146	0.8199523	0.3904677	14.16012
70932	-4324.142	-4608.591	284.4489	0.7886933	0.4487609	13.37572
70938	-4304.118	-4590.447	286.3298	0.7934636	0.4376444	12.40518
70944	-4305.749	-4592.137	286.3879	0.7093972	0.381175	12.47456
70950	-4316.129	-4600.838	284.7091	0.7559923	0.4830227	13.22658
70956	-4317.095	-4603.981	286.8862	0.793763	0.4866038	12.0704
70962	-4310.55	-4597.691	287.1409	0.6949909	0.3999667	12.0704
70968	-4316.996	-4604.635	287.6388	0.7747549	0.4201016	11.74897
70974	-4333.01	-4620.458	287.4486	0.7752653	0.5306337	11.74897
70980	-4329.502	-4614.28	284.7775	0.7789117	0.3730909	13.28455
70986	-4315.969	-4601.86	285.8911	0.7012148	0.3752248	12.74369
70992	-4310.581	-4598.512	287.9303	0.7735622	0.3632839	11.65542
70998	-4307.654	-4594.054	286.4001	0.9563625	0.387591	12.33294
71004	-4313.928	-4598.896	284.9682	0.7294008	0.3474837	13.23871
71010	-4318.782	-4603.455	284.6727	0.7472727	0.4960169	13.23871
71016	-4314.158	-4600.489	286.3318	0.7269916	0.3839805	12.49174
71022	-4330.09	-4617.74	287.6492	0.7953588	0.346959	11.80866
71028	-4328.565	-4613.759	285.1931	0.7767537	0.4143849	13.02785
71034	-4315.032	-4603.214	288.1817	0.870631	0.3295603	11.51073
71040	-4310.364	-4597.882	287.5181	0.8557233	0.4175316	11.77223
71046	-4326.461	-4616.699	290.2377	0.9989872	0.3764771	10.31449
71052	-4322.024	-4607.315	285.2903	0.8766925	0.3764771	12.96367
71058	-4324.203	-4612.458	288.2556	0.8875433	0.3764771	11.41182
71064	-4323.906	-4610.993	287.0868	0.8008728	0.4505198	11.9946
71070	-4323.31	-4607.249	283.9384	0.9897085	0.4750253	13.51256
71076	-4323.586	-4609.903	286.3169	0.849328	0.448227	12.37288
71082	-4325.407	-4611.739	286.3324	0.8952073	0.3752251	12.41288
71088	-4320.47	-4610.559	290.0895	1.043025	0.3575122	10.38958
71094	-4330.59	-4618.561	287.9715	0.8861492	0.5014079	11.44251
71100	-4325.557	-4610.354	284.7969	0.8725408	0.4589104	13.142
71106	-4327.173	-4613.639	286.4661	0.7022229	0.433336	12.38578
71112	-4339.864	-4625.181	285.3171	0.7104798	0.3749929	13.03771
71118	-4344.61	-4630.258	285.648	0.8442776	0.4287311	12.74224
71124	-4343.659	-4629.157	285.4978	0.7003553	0.401964	12.92139
71130	-4315.072	-4600.766	285.6941	0.8951084	0.2714102	12.8657
71136	-4319.085	-4603.577	284.4918	0.8313444	0.389598	13.3887
71142	-4336.31	-4624.662	288.3524	0.8298461	0.4756736	11.29533
71148	-4336.991	-4625.681	288.6897	0.8717554	0.3098017	11.2676
71154	-4342.219	-4627.858	285.6391	0.8259013	0.3596469	12.82647
71160	-4342.239	-4625.851	283.6125	0.7238455	0.3652791	13.92614
71166	-4348.109	-4631.234	283.1252	0.75488	0.4258234	14.1017
71172	-4328.059	-4615.974	287.915	0.8779501	0.3075921	11.67203
71178	-4318.349	-4604.209	285.8593	0.8684467	0.318501	12.73585
71184	-4314.344	-4599.102	284.7584	0.8128606	0.4441746	13.20659
71190	-4309.909	-4595.122	285.2127	0.7412308	0.3982725	13.0521
71196	-4311.318	-4596.066	284.748	0.646394	0.4786044	13.26722
71202	-4308.772	-4595.311	286.5392	0.8514293	0.4494186	12.25483
71208	-4302.216	-4587.103	284.8869	0.6590775	0.3874788	13.27511
71214	-4316.41	-4602.387	285.9763	0.7571443	0.2938808	12.76233
71220	-4317.61	-4601.846	284.2362	0.6581833	0.3857124	13.61528
71226	-4319.388	-4604.701	285.3133	0.7172582	0.3844507	13.02635
71232	-4322.385	-4607.874	285.4886	0.8777207	0.3427193	12.89632
71238	-4331.195	-4615.389	284.1935	0.680509	0.4558972	13.55791
71244	-4331.622	-4621.791	290.1691	0.7365914	0.4369792	10.42774
71250	-4320.402	-4606.561	286.1586	0.6936241	0.3872348	12.59596
71256	-4333.823	-4617.623	283.8	0.7714862	0.3748737	13.79407
71262	-4339.232	-4623.472	284.2401	0.7034577	0.406658	13.56866
71268	-4330.975	-4616.658	285.6829	0.8134882	0.4563132	12.71426
71274	-4326.502	-4609.691	283.1887	0.8134882	0.4215685	14.04248
71280	-4331.878	-4614.188	282.3097	0.8125223	0.3979119	14.52166
71286	-4342.466	-4627.057	284.5909	0.8421602	0.3031086	13.42715
71292	-4323.396	-4607.158	283.7614	0.7279192	0.426469	13.78511
71298	-4325.021	-4609.921	284.8995	0.6700862	0.370793	13.28013
71304	-4319.238	-4603.476	284.2378	0.7038153	0.370793	13.60627
71310	-4327.927	-4611.408	283.4804	0.7132329	0.3970422	13.96732
71316	-4327.672	-4614.432	286.7593	0.7238546	0.3316683	12.32726
71322	-4315.493	-4603.455	287.9618	0.806462	0.478258	11.50952
71328	-4324.306	-4612.868	288.5617	0.6509345	0.3976906	11.3536
71334	-4333.858	-4621.257	287.3987	0.8467191	0.3138999	11.95036
71340	-4318.908	-4610.128	291.2206	0.9000243	0.4059518	9.819056
71346	-4310.677	-4599.832	289.1548	0.8662188	0.4596616	10.87065
71352	-4310.437	-4599.6	289.1627	0.848918	0.4650744	10.87065
71358	-4302.843	-4591.952	289.1086	0.7455561	0.4573242	10.96026
71364	-4305.721	-4594.358	288.6366	0.8893697	0.3446973	11.24591
71370	-4298.418	-4588.034	289.6158	0.828046	0.3698026	10.73777
71376	-4301.968	-4589.285	287.3177	0.7987784	0.308331	12.02428
71382	-4309.075	-4592.565	283.4904	0.8187675	0.4451564	13.86097
71388	-4300.74	-4587.578	286.8387	0.916318	0.4734588	12.0429
71394	-4317.761	-4605.54	287.7784	0.7504876	0.3319569	11.78146
71400	-4324.695	-4614.039	289.3438	0.8378249	0.3066475	10.94667
71406	-4311.043	-4598.115	287.0713	0.8144761	0.3066475	12.1466
71412	-4317.822	-4602.949	285.1267	0.8020347	0.3646022	13.10008
71418	-4320.459	-4609.569	289.1097	0.8103014	0.3649391	11.0175
71424	-4312.099	-4601.457	289.358	0.8903461	0.3275998	10.88703
71430	-4302.676	-4587.693	285.017	0.7338352	0.3252923	13.23598
71436	-4294.876	-4582.086	287.2102	0.8278385	0.3252923	12.04527
71442	-4297.405	-4583.974	286.5696	0.8414359	0.4869859	12.21027
71448	-4304.404	-4590.927	286.5227	0.8697103	0.4004425	12.30113
71454	-4303.86	-4592.471	288.6108	0.8621485	0.4687975	11.14939
71460	-4308.166	-4596.724	288.5573	0.7589173	0.3713734	11.32666
71466	-4297.334	-4583.824	286.4902	0.7509763	0.3677587	12.41372
71472	-4309.131	-4595.1	285.9686	0.6757564	0.3800388	12.7116
71478	-4310.955	-4597.644	286.6888	0.8471865	0.3800388	12.24714
71484	-4319.683	-4607.558	287.8745	0.7219105	0.3728214	11.70141
71490	-4325.635	-4611.593	285.9576	0.7219105	0.414463	12.65856
71496	-4331.144	-4618.506	287.3621	0.6801714	0.3937488	11.96902
71502	-4312.213	-4597.838	285.6249	0.6828601	0.3684494	12.89889
71508	-4319.268	-4605.289	286.0205	0.8285561	0.4996723	12.49211
71514	-4328.438	-4613.428	284.9892	0.8120461	0.3619387	13.16919
71520	-4338.782	-4621.944	283.1618	0.812552	0.4026504	14.07541
71526	-4327.597	-4613.899	286.3027	0.9130182	0.3733535	12.42104
71532	-4326.675	-4612.525	285.8496	0.829926	0.2729957	12.8167
71538	-4321.334	-4605.35	284.0156	0.7672805	0.407119	13.65159
71544	-4318.92	-4604.352	285.4315	0.831831	0.3321592	12.96176
71550	-4316.144	-4603.309	287.1652	0.9690138	0.3321592	11.98724
71556	-4321.539	-4611.385	289.8456	0.865948	0.296904	10.68073
71562	-4310.339	-4596.468	286.1285	0.7412644	0.3558235	12.61995
71568	-4305.461	-4595.01	289.5484	0.7189512	0.365643	10.83476
71574	-4315.765	-4602.837	287.0721	0.7314654	0.3385316	12.1525
71580	-4323.322	-4610.475	287.1529	0.8055797	0.3203645	12.0925
71586	-4324.476	-4609.422	284.9466	0.8384278	0.3748381	13.16392
71592	-4314.487	-4603.158	288.6706	0.8868659	0.3919787	11.17902
71598	-4302.765	-4589.728	286.9622	0.8443254	0.3988179	12.08687
71604	-4307.318	-4594.664	287.3458	0.7414994	0.3187318	12.02719
71610	-4308.679	-4595.606	286.9272	0.8948593	0.3612234	12.11789
71616	-4306.945	-4591.361	284.4155	0.8040874	0.4167538	13.4154
71622	-4326.408	-4610.456	284.0481	0.6760528	0.4090264	13.68018
71628	-4320.721	-4610.085	289.3641	0.8526206	0.400524	10.825
71634	-4336.611	-4620.066	283.455	0.7542786	0.4817392	13.87968
71640	-4341.783	-4629.873	288.0897	0.8028402	0.3916794	11.52711
71646	-4326.42	-4614.287	287.8675	0.8549338	0.4854431	11.52711
71652	-4325.027	-4609.52	284.4935	0.8409483	0.5470151	13.24058
71658	-4319.483	-4603.562	284.0787	0.8653382	0.3633176	13.61291
71664	-4332.288	-4616.751	284.4625	0.7556878	0.3234652	13.51479
71670	-4308.69	-4596.55	287.8595	0.7875592	0.4050135	11.64188
71676	-4311.552	-4599.321	287.769	0.7686675	0.4650567	11.64188
71682	-4321.359	-4607.72	286.3613	0.6786025	0.3581499	12.52885
71688	-4316.214	-4604.277	288.0637	0.6973801	0.3837961	11.6039
71694	-4325.238	-4612.577	287.3392	0.7921927	0.4029967	11.91316
71700	-4305.693	-4592.318	286.6248	0.7286521	0.4854485	12.24167
71706	-4310.869	-4598.224	287.3543	0.7262225	0.446788	11.89743
71712	-4305.254	-4593.09	287.8357	0.8021902	0.4341325	11.6183
71718	-4305.393	-4597.341	291.9475	0.894681	0.3667531	9.479371
71724	-4303.163	-4591.532	288.3693	0.8762837	0.4383146	11.29659
71730	-4318.019	-4606.33	288.3115	0.8084316	0.4544214	11.34728
71736	-4318.629	-4605.73	287.1012	0.7401724	0.4485329	12.02059
71742	-4332.442	-4618.674	286.2321	0.8212891	0.4633778	12.41777
71748	-4336.372	-4624.342	287.9699	0.8685783	0.4078642	11.53902
71754	-4330.57	-4614.53	283.9606	0.7153672	0.4113666	13.70291
71760	-4328.858	-4612.718	283.8606	0.8153767	0.4113666	13.70291
71766	-4329.016	-4613.403	284.3871	0.7962181	0.344022	13.50965
71772	-4348.936	-4633.935	284.9986	0.7813916	0.4794252	13.0661
71778	-4331.764	-4616.861	285.0962	0.8003994	0.4142362	13.0661
71784	-4331.472	-4621.116	289.6441	0.8473287	0.4142362	10.66726
71790	-4317.313	-4606.685	289.3715	1.015262	0.3876445	10.74899
71796	-4324.987	-4614.171	289.1836	0.8459643	0.3485456	10.97799
71802	-4332.385	-4617.678	285.2927	0.9580488	0.5697265	12.74603
71808	-4329.416	-4615.162	285.7461	0.9229846	0.4840504	12.59945
71814	-4318.088	-4606.356	288.2683	0.8880553	0.3815622	11.39961
71820	-4306.786	-4595.887	289.1012	0.7861819	0.3815622	11.01704
71826	-4314.566	-4602.545	287.9792	0.9606	0.5118384	11.39059
71832	-4328.231	-4618.255	290.0238	1.041609	0.3433249	10.44053
71838	-4318.39	-4607.029	288.639	0.7753304	0.4551053	11.19261
71844	-4312.363	-4600.768	288.4053	0.8320408	0.4807568	11.262
71850	-4312.995	-4598.853	285.8575	0.7039813	0.4027346	12.73161
71856	-4313.522	-4600.449	286.9271	0.7790164	0.4027346	12.1353
71862	-4318.365	-4607.223	288.8579	0.8445968	0.4102803	11.08465
71868	-4309.263	-4599.497	290.2341	0.8445968	0.4245984	10.34879
71874	-4304.409	-4595.977	291.5679	0.9288346	0.4411601	9.586411
71880	-4304.166	-4589.193	285.0273	0.7391726	0.4211262	13.12705
71886	-4297.4	-4583.386	285.9859	0.7745683	0.4337039	12.59787
71892	-4280.471	-4567.029	286.5581	0.7765407	0.4809662	12.25542
71898	-4285.938	-4572.351	286.4134	0.8253172	0.3531355	12.43074
71904	-4287.907	-4576.737	288.8302	0.6824009	0.3560829	11.24036
71910	-4295.253	-4579.608	284.3547	0.7149883	0.3367437	13.57675
71916	-4287.961	-4578.405	290.4435	0.8510641	0.4292483	10.23084
71922	-4298.749	-4587.711	288.9626	0.780656	0.3801406	11.09399
71928	-4308.304	-4596.816	288.5126	0.7671183	0.4518643	11.26604
71934	-4297.907	-4588.083	290.176	0.8736439	0.4093252	10.3791
71940	-4312.765	-4602.523	289.7571	0.9272531	0.2819002	10.71373
71946	-4304.577	-4593.343	288.7661	0.8324562	0.3464272	11.20601
71952	-4309.456	-4597.871	288.4145	0.827859	0.4302129	11.30602
71958	-4325.601	-4613.988	288.3864	0.8789263	0.4177952	11.30602
71964	-4320.294	-4607.664	287.3698	0.8924743	0.3429272	11.90828
71970	-4313.572	-4601.031	287.4592	0.7612816	0.362841	11.90828
71976	-4315.135	-4603.561	288.426	0.8800787	0.3076845	11.40369
71982	-4315.382	-4603.701	288.3192	0.8715076	0.3607468	11.40369
71988	-4340.786	-4629.133	288.3467	0.8715076	0.4804715	11.27224
71994	-4330.914	-4620.115	289.2014	0.8584666	0.3531985	10.95701
72000	-4316.949	-4606.928	289.9794	0.9452915	0.499366	10.36101
72006	-4300.265	-4589.589	289.3239	0.8274699	0.3072878	10.96174
72012	-4309.07	-4599.115	290.0454	0.8174234	0.4408333	10.44662
72018	-4328.784	-4615.318	286.534	0.9510044	0.4726639	12.18441
72024	-4325.251	-4610.697	285.4461	0.8561024	0.3796456	12.89
72030	-4329.129	-4617.096	287.9661	0.8541974	0.5311188	11.4369
72036	-4327.267	-4615.447	288.1804	0.7668164	0.4291842	11.46136
72042	-4325.973	-4611.707	285.7343	0.7668164	0.4025904	12.76319
72048	-4317.698	-4603.342	285.6446	0.8700911	0.3955169	12.76319
72054	-4322.155	-4609.763	287.6073	0.868025	0.3774208	11.75982
72060	-4312.549	-4599.206	286.6566	0.6789869	0.3859156	12.34552
72066	-4321.218	-4608.096	286.8778	0.818801	0.4503789	12.09438
72072	-4328.962	-4616.217	287.2551	0.8232468	0.4465822	11.89874
72078	-4327.266	-4611.707	284.4417	0.7824377	0.3768217	13.45328
72084	-4316.298	-4605.062	288.7641	0.8591084	0.3817882	11.15512
72090	-4312.491	-4599.827	287.3356	0.6982822	0.4060514	11.961
72096	-4326.241	-4613.465	287.2248	0.7302624	0.448818	11.961
72102	-4324.175	-4611.216	287.0414	0.7687847	0.3767459	12.10761
72108	-4325.253	-4610.986	285.7336	0.8009089	0.4083297	12.7401
72114	-4321.439	-4605.86	284.4204	0.9114465	0.4725356	13.3051
72120	-4321.392	-4608.01	286.618	0.6874031	0.4188098	12.32834
72126	-4317.023	-4601.111	284.0882	0.7937182	0.4236814	13.58405
72132	-4324.162	-4608.148	283.9854	0.8375314	0.456299	13.58405
72138	-4329.278	-4614.699	285.421	0.8322203	0.3705729	12.92498
72144	-4326.63	-4615.477	288.8474	0.9489907	0.3762783	11.07021
72150	-4312.881	-4600.375	287.4933	0.9040185	0.5592785	11.63506
72156	-4335.806	-4622.73	286.9241	0.8403631	0.3798945	12.12817
72162	-4336.005	-4623.113	287.1081	0.9075915	0.3633643	12.01461
72168	-4331.35	-4619.114	287.7636	0.9297986	0.424433	11.59859
72174	-4344.959	-4629.532	284.5728	0.7408176	0.4276273	13.3561
72180	-4340.54	-4626.557	286.0169	0.8030135	0.464899	12.53802
72186	-4340.831	-4629.679	288.8483	0.8199588	0.3635232	11.15086
72192	-4322.529	-4610.169	287.6398	0.9568367	0.4856309	11.59266
72198	-4332.777	-4622.218	289.4415	0.8051034	0.4087735	10.80107
72204	-4335.651	-4625.677	290.0264	0.9076656	0.4069078	10.44223
72210	-4338.099	-4622.946	284.8476	0.8249129	0.4255259	13.17162
72216	-4340.727	-4622.886	282.1585	0.8219084	0.4255259	14.56806
72222	-4335.191	-4619.826	284.6348	0.8219084	0.378971	13.33025
72228	-4327.845	-4614.543	286.6987	0.8711141	0.4518665	12.15916
72234	-4325.777	-4609.516	283.7385	0.777623	0.4624196	13.73774
72240	-4329.315	-4614.5	285.185	0.7780554	0.3934339	13.05227
72246	-4320.173	-4604.532	284.3591	0.8402585	0.3863148	13.45633
72252	-4320.01	-4606.588	286.5777	0.7866323	0.4300448	12.28678
72258	-4326.518	-4614.344	287.8257	0.8838212	0.3852302	11.62935
72264	-4322.141	-4611.723	289.5826	1.051627	0.5060244	10.50782
72270	-4309.446	-4598.545	289.0985	0.9390535	0.4611307	10.86062
72276	-4306.421	-4594.633	288.2117	0.8660996	0.3359467	11.49016
72282	-4290.789	-4576.654	285.8645	0.7887772	0.4439385	12.64405
72288	-4298.381	-4586.157	287.7759	0.9264929	0.4324327	11.58621
72294	-4316.472	-4602.555	286.0834	0.9304857	0.4617445	12.43984
72300	-4318.873	-4604.419	285.5457	0.8976915	0.3704262	12.8262
72306	-4315.031	-4602.336	287.3046	0.8983827	0.4447838	11.83539
72312	-4313.668	-4600.759	287.091	0.7492284	0.3721025	12.09685
72318	-4323.415	-4613.157	289.7421	0.9359686	0.4184219	10.56521
72324	-4328.666	-4618.954	290.2878	0.9776014	0.3513403	10.32656
72330	-4326.256	-4608.839	282.5821	0.8056593	0.3187934	14.46931
72336	-4315.565	-4601.346	285.7813	0.8144051	0.3158494	12.80767
72342	-4325.624	-4615.608	289.9844	0.9662697	0.3453465	10.49848
72348	-4333.099	-4622.176	289.0775	0.8895093	0.3453465	11.0143
72354	-4318.383	-4604.342	285.9584	0.8556375	0.3995068	12.60336
72360	-4330.318	-4615.56	285.2426	0.8556375	0.3939478	12.98146
72366	-4327.438	-4614.556	287.1172	0.8556375	0.573208	11.84574
72372	-4343.543	-4627.722	284.1791	0.9313994	0.4762621	13.41676
72378	-4334.673	-4620.524	285.8512	0.8595905	0.5340159	12.53521
72384	-4339.972	-4627.334	287.3621	0.9051666	0.316776	11.93559
72390	-4334.366	-4621.302	286.9359	1.016635	0.4773486	11.93635
72396	-4333.052	-4621.547	288.4948	0.8813585	0.3071603	11.36767
72402	-4325.356	-4609.236	283.8802	0.8504113	0.3310316	13.75919
72408	-4325.574	-4611.889	286.3147	0.6965991	0.3737242	12.52711
72414	-4322.713	-4609.336	286.623	0.8709335	0.3399586	12.31228
72420	-4323.16	-4609.864	286.7043	0.7238765	0.3714946	12.31228
72426	-4319.938	-4607.071	287.1331	0.7285498	0.4805544	11.98096
72432	-4323.46	-4614.553	291.0925	0.9367719	0.3376259	9.94016
72438	-4319.4	-4605.445	286.0454	0.6993617	0.4065426	12.6324
72444	-4322.203	-4611.201	288.9981	0.9229168	0.484534	10.90064
72450	-4326.049	-4615.836	289.7867	0.9229168	0.3412725	10.6296
72456	-4323.135	-4610.605	287.4698	0.8439007	0.4478778	11.77468
72462	-4325.359	-4612.106	286.7479	0.7522127	0.4689131	12.17993
72468	-4321.175	-4605.283	284.1079	0.8442786	0.4786094	13.4969
72474	-4321.885	-4603.906	282.0205	0.8024546	0.4140858	14.66064
72480	-4320.472	-4603.973	283.5012	0.8024546	0.4375951	13.87089
72486	-4322.794	-4610.588	287.7937	0.7764386	0.3385777	11.75244
72492	-4315.498	-4602.27	286.7719	0.8646845	0.4778485	12.10075
72498	-4311.392	-4599.587	288.1952	0.9810526	0.3330631	11.44193
72504	-4305.378	-4590.7	285.3222	0.7804591	0.3416562	13.03465
72510	-4316.1	-4601.271	285.1716	0.7556349	0.4302684	13.03465
72516	-4335.673	-4623.746	288.073	0.950324	0.3511484	11.50165
72522	-4335.663	-4621.564	285.9008	0.717333	0.3785013	12.72683
72528	-4343.543	-4630.499	286.956	0.686807	0.3434598	12.23082
72534	-4330.345	-4618.28	287.935	0.8264711	0.3367227	11.65459
72540	-4331.176	-4616.334	285.1577	0.7837967	0.3469275	13.1126
72546	-4336.31	-4621.733	285.4231	0.76401	0.3758519	12.95383
72552	-4327.029	-4615.783	288.7537	0.8340405	0.4022579	11.15275
72558	-4331.738	-4620.709	288.9713	0.8171315	0.3856444	11.06458
72564	-4327.017	-4613.363	286.3467	0.8864061	0.4007696	12.38383
72570	-4330.012	-4619.177	289.1644	0.8596636	0.3360301	10.99487
72576	-4331.298	-4616.876	285.5778	1.073699	0.2549509	12.85498
72582	-4326.394	-4609.209	282.8158	0.8172198	0.4190551	14.23622
72588	-4325.587	-4612.49	286.903	0.8400311	0.4204034	12.09861
72594	-4321.641	-4607.134	285.493	0.7273349	0.3853223	12.92676
72600	-4319.239	-4603.54	284.301	0.9067619	0.4246034	13.41395
72606	-4316.318	-4601.661	285.3426	0.846708	0.3298146	13.0029
72612	-4318.018	-4599.33	281.312	0.7477488	0.4625519	15.01011
72618	-4325.352	-4609.376	284.0239	0.8783892	0.3254388	13.67648
72624	-4308.229	-4591.291	283.0621	0.7498589	0.360759	14.2028
72630	-4325.047	-4609.77	284.7237	0.8995785	0.512462	13.11899
72636	-4320.652	-4609.501	288.849	0.8315928	0.3559313	11.15264
72642	-4325.187	-4611.013	285.8257	0.8512666	0.3867126	12.68775
72648	-4330.554	-4614.39	283.8356	0.8048219	0.4110766	13.72165
72654	-4318.838	-4606.278	287.4399	0.7844822	0.3811822	11.8869
72660	-4316.062	-4599.912	283.8501	0.7817957	0.3942341	13.74285
72666	-4326.396	-4614.745	288.3493	0.8991289	0.3617424	11.37245
72672	-4325.466	-4609.628	284.1627	0.6827192	0.4204861	13.60608
72678	-4314.319	-4602.863	288.5442	0.8408518	0.3739043	11.28801
72684	-4312.962	-4597.622	284.6594	0.7542776	0.3991261	13.33204
72690	-4322.327	-4608.024	285.6976	0.8869599	0.3991261	12.72321
72696	-4315.888	-4601.645	285.7568	0.7923746	0.4177458	12.72321
72702	-4329.17	-4621.165	291.9954	1.020525	0.4177458	9.33503
72708	-4317.979	-4607.099	289.1203	0.8160229	0.3949173	10.97761
72714	-4343.098	-4630.483	287.3847	0.7585284	0.4022478	11.90775
72720	-4326.286	-4612.946	286.6595	0.9503987	0.5727121	12.03551
72726	-4322.56	-4609.761	287.2012	0.9664182	0.3028598	12.00415
72732	-4328.32	-4613.337	285.0163	0.7809898	0.3695548	13.16315
72738	-4332.4	-4621.17	288.7708	0.8205942	0.363624	11.19098
72744	-4342.671	-4628.529	285.8576	0.8205942	0.4105943	12.66305
72750	-4327.245	-4616.727	289.4818	0.9405162	0.3502597	10.77027
72756	-4315.878	-4604.966	289.0881	0.7953346	0.4120931	10.98807
72762	-4318.077	-4605.462	287.3856	0.6902362	0.3354787	12.01394
72768	-4331.972	-4616.833	284.8607	0.7179596	0.4451906	13.20181
72774	-4316.634	-4602.213	285.5785	0.8154878	0.3584298	12.86475
72780	-4318.542	-4607.298	288.7563	0.8530918	0.4217575	11.1221
72786	-4330.652	-4617.98	287.328	0.8530918	0.3337792	11.96093
72792	-4320.839	-4610.121	289.2818	0.7273924	0.3768648	10.95811
72798	-4304.584	-4592.178	287.5937	0.8219107	0.4482192	11.72114
72804	-4316.933	-4601.387	284.4547	0.8219107	0.4059327	13.39643
72810	-4310.353	-4596.612	286.2586	0.8219107	0.3485623	12.51817
72816	-4311.562	-4601.001	289.439	0.8376305	0.4114386	10.78269
72822	-4313.375	-4599.316	285.9406	0.7324022	0.377655	12.69917
72828	-4323.727	-4609.453	285.7251	0.7438733	0.3850514	12.79767
72834	-4325.155	-4613.39	288.2355	0.7746004	0.3551061	11.50427
72840	-4340.059	-4625.535	285.4763	0.7059507	0.4964356	12.84202
72846	-4340.488	-4623.049	282.5604	0.8205383	0.3200199	14.47145
72852	-4338.568	-4623.668	285.0992	0.7964427	0.396261	13.08443
72858	-4332.871	-4620.509	287.6382	0.7827994	0.4459041	11.72049
72864	-4336.006	-4618.603	282.5972	0.7655026	0.3133435	14.48868
72870	-4335.499	-4619.213	283.7134	0.8427881	0.4180181	13.75856
72876	-4338.024	-4620.378	282.3536	0.897065	0.4101996	14.44299
72882	-4329.118	-4615.667	286.5485	0.8049118	0.3410393	12.38433
72888	-4318.433	-4607.867	289.4343	0.8096647	0.4267297	10.78484
72894	-4321.727	-4609.987	288.2607	0.8440605	0.3565323	11.4532
72900	-4330.097	-4614.693	284.5964	0.85539	0.428302	13.28365
72906	-4321.857	-4606.782	284.9247	0.707885	0.4408029	13.1779
72912	-4344.013	-4629.382	285.3689	0.6992081	0.4626478	12.9313
72918	-4339.805	-4624.37	284.5651	0.7490745	0.4092333	13.37368
72924	-4332.196	-4618.94	286.7437	0.7362751	0.3819415	12.27437
72930	-4330.794	-4617.07	286.276	0.7719973	0.443994	12.43842
72936	-4331.274	-4618.713	287.4394	0.7623595	0.4158159	11.86376
72942	-4346.432	-4635.072	288.6401	0.8512955	0.3815974	11.2243
72948	-4335.432	-4622.536	287.1034	0.8142987	0.4396054	11.98914
72954	-4324.311	-4613.207	288.8951	0.8142987	0.402431	11.08888
72960	-4329.908	-4620.646	290.7387	0.8678397	0.3710843	10.12579
72966	-4324.152	-4612.617	288.4647	0.8892447	0.2960734	11.39275
72972	-4341.102	-4627.01	285.9079	0.7787991	0.3512084	12.72027
72978	-4344.683	-4631.586	286.9037	0.8158062	0.397642	12.13346
72984	-4327.91	-4614.732	286.8222	0.9901305	0.375452	12.10784
72990	-4341.1	-4628.546	287.4458	0.9398376	0.352016	11.83384
72996	-4339.161	-4624.064	284.9026	0.8226362	0.4046709	13.1646
73002	-4336.972	-4621.586	284.6148	0.8172536	0.3231785	13.40404
73008	-4336.373	-4623.445	287.0724	0.8839157	0.3765017	12.03167
73014	-4334.362	-4621.79	287.4278	0.8274974	0.3765017	11.87563
73020	-4345.72	-4632.261	286.5405	0.8682368	0.4588462	12.2367
73026	-4353.493	-4638.911	285.4179	0.7016682	0.3962445	12.96801
73032	-4335.778	-4622.215	286.4374	0.7518673	0.4855134	12.32717
73038	-4332.16	-4617.365	285.2057	0.8334887	0.3520364	13.05617
73044	-4337.385	-4624.593	287.2074	0.9197832	0.4815413	11.84148
73050	-4323.341	-4609.72	286.3794	0.9121007	0.4040681	12.3501
73056	-4325.772	-4610.653	284.8815	0.780148	0.4737738	13.13262
73062	-4324.73	-4613.557	288.8277	0.8618303	0.3649022	11.13821
73068	-4313.895	-4599.715	285.8194	0.738677	0.4183276	12.71804
73074	-4325.663	-4610.396	284.7331	0.7074213	0.3939245	13.32333
73080	-4316.755	-4603.317	286.5619	0.8617272	0.3939245	12.29146
73086	-4328.547	-4616.405	287.8579	0.9975159	0.4233991	11.51494
73092	-4334.36	-4622.647	288.2871	0.7613139	0.3745808	11.46335
73098	-4321.877	-4607.236	285.3585	0.772989	0.3462439	13.01455
73104	-4322.08	-4609.647	287.567	0.6870988	0.3355354	11.92086
73110	-4328.167	-4615.455	287.2875	0.8692838	0.3824487	11.92086
73116	-4326.651	-4612.07	285.4186	0.7565275	0.3899602	12.94549
73122	-4335.96	-4622.206	286.2464	0.8002549	0.3579894	12.52551
73128	-4327.127	-4617.308	290.1809	0.7814091	0.3501462	10.48703
73134	-4314.739	-4600.818	286.079	0.8436332	0.4027203	12.54361
73140	-4310.952	-4597.966	287.0143	0.7271411	0.3263264	12.19877
73146	-4318.628	-4602.72	284.0921	0.800616	0.3263264	13.68042
73152	-4316.976	-4599.178	282.2023	0.7485343	0.4479151	14.56235
73158	-4308.541	-4595.544	287.0035	0.7774921	0.4015531	12.09744
73164	-4303.636	-4589.012	285.3761	0.8582637	0.3996876	12.90487
73170	-4304.798	-4591.44	286.6422	0.8629849	0.4036226	12.23916
73176	-4310.356	-4595.657	285.3015	0.7628473	0.4645245	12.93154
73182	-4303.908	-4591.811	287.9028	0.7456693	0.3976578	11.64854
73188	-4317.805	-4604.629	286.8243	0.860046	0.3053538	12.2532
73194	-4310.895	-4596.912	286.0177	0.7982147	0.367612	12.63533
73200	-4314.065	-4599.524	285.4588	0.7526414	0.4422975	12.87552
73206	-4314.487	-4597.313	282.8261	0.6531889	0.3095046	14.43282
73212	-4313.601	-4599.935	286.3344	0.7804407	0.34825	12.50061
73218	-4316.822	-4605.549	288.7272	0.875217	0.3335457	11.21847
73224	-4315.627	-4601.764	286.1376	0.7539511	0.3769129	12.58613
73230	-4319.181	-4605.433	286.2521	0.6706873	0.3615577	12.58613
73236	-4307.387	-4593.531	286.1444	0.8407734	0.3321379	12.58613
73242	-4305.814	-4591.573	285.7593	0.7405624	0.3590292	12.80899
73248	-4318.434	-4604.662	286.2283	0.6895066	0.3590292	12.59147
73254	-4315.243	-4601.401	286.1579	0.6185484	0.4316783	12.59147
73260	-4318.611	-4605.913	287.3021	0.7187681	0.3889879	11.98502
73266	-4313.012	-4600.093	287.0804	0.9442944	0.3870926	11.98502
73272	-4319.04	-4605.513	286.4734	0.6920153	0.3787028	12.44167
73278	-4312.372	-4595.722	283.3505	0.8131766	0.3787028	14.00159
73284	-4317.654	-4603.99	286.3352	0.8653615	0.3732732	12.42901
73290	-4324.121	-4610.138	286.0165	0.7397854	0.4025227	12.63044
73296	-4310.471	-4597.687	287.2159	0.8262938	0.4034271	11.9593
73302	-4322.773	-4609.522	286.7495	0.8262938	0.3465605	12.26228
73308	-4317.523	-4603.593	286.07	0.8378744	0.3846487	12.56964
73314	-4312.998	-4599.08	286.0818	0.7966682	0.3996915	12.56964
73320	-4309.152	-4595.41	286.2583	0.7707669	0.4300503	12.4615
73326	-4313.84	-4601.017	287.1764	0.6960262	0.3502417	12.10357
73332	-4317.537	-4605.037	287.4999	0.8588857	0.3943859	11.80314
73338	-4308.474	-4594.511	286.0373	0.8472404	0.3968336	12.56933
73344	-4321.825	-4604.245	282.4196	0.8064379	0.4201775	14.44602
73350	-4327.428	-4612.52	285.0916	0.834151	0.493959	12.97755
73356	-4316.573	-4602.65	286.0774	0.7458443	0.4281712	12.57047
73362	-4328.082	-4615.159	287.0766	0.8026089	0.3748148	12.07366
73368	-4330.373	-4616.247	285.8749	0.9175183	0.3966884	12.61747
73374	-4328.66	-4615.857	287.1969	0.7817027	0.4367035	11.96009
73380	-4314.022	-4601.4	287.3782	0.7287558	0.3781496	11.95134
73386	-4313.831	-4596.845	283.0135	0.7005081	0.2927219	14.33143
73392	-4318.163	-4600.624	282.4605	0.7832203	0.3579929	14.50015
73398	-4325.274	-4607.576	282.3016	0.7518614	0.3023383	14.66184
73404	-4331.001	-4615.876	284.8754	0.8513682	0.4652005	13.10647
73410	-4317.625	-4606.309	288.6837	0.8547315	0.410139	11.17068
73416	-4330.148	-4617.407	287.2591	0.8215431	0.4391988	11.90451
73422	-4335.911	-4618.874	282.9633	0.7140764	0.3843209	14.24786
73428	-4340.436	-4624.452	284.0155	0.686005	0.3843209	13.71679
73434	-4340.745	-4626.903	286.1586	0.7645499	0.429109	12.51752
73440	-4331.519	-4612.567	281.0481	0.7676141	0.4060607	15.18959
73446	-4338.815	-4624.298	285.4821	0.7649994	0.4149348	12.88313
73452	-4334.792	-4619.74	284.9479	0.8512473	0.3853486	13.1457
73458	-4335.097	-4619.729	284.6328	0.8621227	0.318463	13.37685
73464	-4336.137	-4615.941	279.8038	0.7614226	0.4545454	15.78973
73470	-4362.682	-4646.302	283.6194	0.9052387	0.3271169	13.87051
73476	-4348.542	-4634.461	285.9191	0.9224942	0.5867254	12.42517
73482	-4346.71	-4634.411	287.7013	0.804877	0.4822914	11.64292
73488	-4338.869	-4625.135	286.2664	0.7877013	0.4276681	12.45074
73494	-4343.984	-4630.049	286.0647	0.8069099	0.4276681	12.54576
73500	-4343.83	-4631.795	287.9649	0.8069099	0.3870574	11.59493
73506	-4332.222	-4617.348	285.1268	0.7592171	0.3820716	13.10394
73512	-4332.659	-4618.25	285.5902	0.8652516	0.3820716	12.80776
73518	-4332.823	-4618.096	285.2729	0.6873508	0.490611	12.96254
73524	-4335.609	-4622.168	286.5584	0.8845585	0.3884727	12.28696
73530	-4329.131	-4614.067	284.9361	0.8453848	0.2983349	13.25191
73536	-4325.711	-4613.096	287.385	0.7681124	0.4610141	11.84642
73542	-4327.345	-4611.958	284.6137	0.7051549	0.4050585	13.37534
73548	-4317.487	-4604.669	287.1816	0.9015832	0.4050585	11.93626
73554	-4327.021	-4613.254	286.2328	0.8610398	0.3354502	12.5258
73560	-4329.105	-4616.029	286.9233	0.7118245	0.4035618	12.1715
73566	-4328.122	-4610.701	282.5785	0.6633832	0.4035618	14.45404
73572	-4327.971	-4618.036	290.0643	0.9495939	0.4035618	10.40362
73578	-4332.474	-4619.83	287.356	0.9367345	0.4297525	11.80276
73584	-4336.257	-4621.941	285.6834	0.8817471	0.4182887	12.71436
73590	-4324.746	-4607.02	282.2732	0.8700835	0.3970543	14.51159
73596	-4321.944	-4605.603	283.6586	0.651742	0.3141198	13.99668
73602	-4315.037	-4598.162	283.1252	0.8994248	0.4580075	13.99668
73608	-4327.828	-4609.236	281.4081	0.8981368	0.4580075	14.88672
73614	-4331.765	-4616.751	284.9867	0.9850078	0.3717926	13.07011
73620	-4335.062	-4623.161	288.0987	0.8018374	0.3732457	11.54204
73626	-4333.923	-4620.648	286.7249	0.75821	0.3786771	12.27615
73632	-4330.14	-4618.42	288.28	0.8611106	0.4960489	11.29888
73638	-4328.545	-4615.112	286.5665	0.76438	0.3902415	12.34357
73644	-4343.591	-4631.036	287.4456	0.7411286	0.4341113	11.85393
73650	-4337.458	-4621.82	284.3621	0.7721911	0.3445727	13.53454
73656	-4336.271	-4624.074	287.8022	0.8306522	0.3780161	11.67692
73662	-4335.838	-4623.284	287.4462	0.8065713	0.4092152	11.84362
73668	-4340.14	-4627.707	287.5667	0.7361751	0.3521885	11.87685
73674	-4335.052	-4621.802	286.7505	0.8501217	0.4161996	12.17698
73680	-4323.834	-4607.509	283.6751	0.7200209	0.3701724	13.89046
73686	-4337.731	-4624.33	286.5988	0.7468174	0.4952527	12.23719
73692	-4346.035	-4632.746	286.7107	0.8520083	0.3762365	12.23719
73698	-4338.224	-4621.365	283.1411	0.6587999	0.2594297	14.32935
73704	-4326.337	-4610.231	283.8941	0.7629596	0.3701985	13.75457
73710	-4335.499	-4620.677	285.1785	0.8727841	0.2805768	13.13371
73716	-4329.196	-4615.916	286.7202	0.8764713	0.3050965	12.2992
73722	-4343.108	-4627.443	284.3346	0.7531804	0.4481966	13.45404
73728	-4326.428	-4610.897	284.469	0.7760935	0.4526006	13.36826
73734	-4337.069	-4620.361	283.2924	0.7760935	0.3871728	14.0422
73740	-4337.202	-4621.586	284.3836	0.8168523	0.4835347	13.36361
73746	-4334.136	-4619.125	284.9888	0.9022642	0.4482846	13.03656
73752	-4341.038	-4622.733	281.6954	0.7347977	0.4227255	14.85553
73758	-4330.803	-4614.802	283.9993	0.7314124	0.3149163	13.77772
73764	-4333.152	-4620.071	286.9191	0.8462412	0.3925365	12.11471
73770	-4305.738	-4591.08	285.3417	0.8370862	0.4056393	12.92785
73776	-4320.516	-4606.603	286.0869	0.8919914	0.3755447	12.54211
73782	-4309.693	-4594.547	284.855	0.7815641	0.4405889	13.17603
73788	-4305.178	-4591.082	285.9047	0.8310219	0.5191544	12.53457
73794	-4312.847	-4596.009	283.1628	0.6822353	0.4053904	14.13973
73800	-4326.809	-4611.348	284.5394	0.8398663	0.4053904	13.34367
73806	-4322.52	-4613.337	290.8168	0.9128303	0.3954984	10.03554
73812	-4317.803	-4606.467	288.6634	0.9689473	0.465725	11.06875
73818	-4323.103	-4610.834	287.7306	0.8492359	0.465725	11.61926
73824	-4328.865	-4611.407	282.5417	0.7387636	0.332694	14.50898
73830	-4340.858	-4626.565	285.7079	0.8238503	0.332694	12.82151
73836	-4339.36	-4624.747	285.3864	0.7263389	0.4267994	12.94151
73842	-4336.482	-4622.02	285.5387	0.8402104	0.2982036	12.94151
73848	-4333.934	-4625.177	291.2429	0.9340518	0.3691284	9.827609
73854	-4330.749	-4616.339	285.5893	0.7373051	0.3691284	12.88836
73860	-4330.606	-4618.083	287.477	0.8134257	0.456809	11.77856
73866	-4325.913	-4613.774	287.8613	0.8089836	0.3398867	11.69865
73872	-4319.969	-4602.345	282.3761	0.8027424	0.3532956	14.53881
73878	-4324.505	-4612.087	287.5819	0.6831628	0.3658962	11.88178
73884	-4326.122	-4613.461	287.3393	0.818424	0.4949973	11.81375
73890	-4328.777	-4617.057	288.28	0.818424	0.4226779	11.38861
73896	-4320.506	-4608	287.4945	0.8534035	0.4226779	11.78076
73902	-4311.679	-4597.812	286.1334	0.796066	0.3426616	12.6033
73908	-4315.102	-4600.259	285.1566	0.7870039	0.5990575	12.88321
73914	-4305.465	-4591.181	285.7157	0.8230004	0.4740633	12.67618
73920	-4311.148	-4596.69	285.5421	0.7205197	0.3873721	12.90265
73926	-4294.425	-4581.747	287.3223	0.8963749	0.3693652	11.90227
73932	-4302.845	-4591.627	288.7824	0.8459544	0.5078708	11.03365
73938	-4303.689	-4588.65	284.9608	0.8208549	0.3440668	13.1988
73944	-4329.55	-4616.94	287.3901	0.7529186	0.3086476	12.01002
73950	-4311.988	-4598.633	286.645	0.8247686	0.485437	12.18103
73956	-4330.255	-4618.061	287.8061	0.900703	0.3450448	11.67379
73962	-4327.223	-4616.986	289.763	0.8585122	0.3530007	10.66277
73968	-4323.136	-4610.409	287.2732	0.9496391	0.4766127	11.79593
73974	-4325.641	-4614.221	288.5802	0.752254	0.3935815	11.29514
73980	-4327.698	-4615.171	287.4722	0.9040258	0.4064573	11.78194
73986	-4320.913	-4608.386	287.4734	0.7948776	0.3098426	11.94323
73992	-4317.911	-4604.415	286.5047	0.7703548	0.4937018	12.2753
73998	-4319.841	-4605.114	285.2728	0.8197449	0.4367744	12.94251
74004	-4305.925	-4588.283	282.3577	0.7991127	0.4360675	14.46671
74010	-4321.708	-4607.029	285.3212	0.70518	0.3896299	13.0232
74016	-4330.776	-4616.091	285.3147	0.7775377	0.3569921	13.0232
74022	-4324.294	-4612.711	288.4169	0.7476568	0.3722283	11.40509
74028	-4314.346	-4601.614	287.2673	0.7715371	0.3212135	12.04957
74034	-4306.988	-4597.568	290.5801	0.9085291	0.3988234	10.15896
74040	-4318.955	-4609.14	290.185	0.8361665	0.3931926	10.41037
74046	-4311.678	-4601.552	289.8745	0.871259	0.4228213	10.52538
74052	-4338.189	-4626.143	287.9535	0.9572509	0.3469396	11.56515
74058	-4337.69	-4625.625	287.935	0.8810653	0.3404859	11.62182
74064	-4345.121	-4632.051	286.9299	0.9662244	0.4246125	12.01472
74070	-4323.017	-4609.188	286.1703	0.8085348	0.3351716	12.58602
74076	-4332.117	-4617.712	285.5944	0.7691542	0.3255954	12.91711
74082	-4333.846	-4623.181	289.3345	1.031949	0.3856909	10.76166
74088	-4326.911	-4615.182	288.2709	0.9342109	0.3396749	11.41939
74094	-4327.83	-4614.157	286.3271	0.8000691	0.3145375	12.53255
74100	-4330.042	-4617.163	287.1218	0.9003151	0.3852924	11.98821
74106	-4321.544	-4606.01	284.466	0.7646071	0.3852924	13.44115
74112	-4326.978	-4614.119	287.141	0.8148738	0.3856288	12.02242
74118	-4318.769	-4607.339	288.5702	1.092903	0.3856288	11.13026
74124	-4349.027	-4634.72	285.6927	0.7272261	0.3685569	12.84043
74130	-4324.059	-4612.493	288.4349	0.9930545	0.4142969	11.22439
74136	-4319.49	-4608.133	288.6426	1.006753	0.3843527	11.13876
74142	-4321.511	-4604.929	283.4181	0.7708363	0.3754836	13.99181
74148	-4316.751	-4599.109	282.3583	0.9186374	0.4183195	14.42144
74154	-4321.545	-4607.961	286.4159	0.979985	0.3891186	12.3108
74160	-4318.232	-4601.964	283.7318	0.8933398	0.41948	13.72139
74166	-4311.374	-4597.595	286.2215	0.7987246	0.4689398	12.43
74172	-4304.019	-4591.758	287.7387	0.8590253	0.3452709	11.73055
74178	-4303.861	-4590.076	286.2154	0.8436241	0.3564117	12.52074
74184	-4316.039	-4602.532	286.4926	0.8478876	0.3280426	12.40577
74190	-4325.478	-4614.25	288.7722	0.9477918	0.3011354	11.1951
74196	-4324.881	-4610.469	285.5876	0.8851715	0.3940809	12.78649
74202	-4309.548	-4598.357	288.8091	0.934145	0.4118429	11.06177
74208	-4317.344	-4603.376	286.0324	0.8004735	0.4118429	12.58129
74214	-4315.649	-4602.066	286.4179	0.838032	0.4667957	12.30914
74220	-4326.436	-4612.886	286.4496	0.8713807	0.4442318	12.29595
74226	-4311.008	-4597.727	286.7193	0.7394605	0.3959444	12.27112
74232	-4331.383	-4617.872	286.4885	0.7345281	0.347078	12.44555
74238	-4312.017	-4598.787	286.77	0.823091	0.3792647	12.2182
74244	-4322.808	-4607.299	284.4917	0.7409603	0.5178736	13.31741
74250	-4311.499	-4598.546	287.047	0.9606332	0.5235068	11.86779
74256	-4307.392	-4593.742	286.3497	0.8836461	0.425335	12.35956
74262	-4307.952	-4594.095	286.143	0.8188027	0.4035688	12.52239
74268	-4298.633	-4589.398	290.7653	0.8916509	0.3228927	10.15304
74274	-4298.815	-4586.539	287.7239	0.8247468	0.5169844	11.59071
74280	-4296.229	-4584.379	288.1503	0.8217256	0.3744047	11.50347
74286	-4299.672	-4589.223	289.5511	0.8693482	0.4100025	10.70868
74292	-4303.065	-4593.244	290.179	0.9037709	0.4452234	10.32691
74298	-4308.309	-4592.834	284.5245	0.8395411	0.4179167	13.33927
74304	-4313.683	-4600.413	286.7305	0.9756831	0.3786678	12.15986
74310	-4302.231	-4589.224	286.9923	0.7951529	0.3394704	12.15986
74316	-4306.508	-4593.199	286.6909	0.8605009	0.4615288	12.15986
74322	-4315.403	-4598.936	283.5332	0.8225149	0.4995124	13.78824
74328	-4323.336	-4612.962	289.6258	0.9447769	0.4002517	10.63969
74334	-4316.181	-4605.302	289.1207	0.971498	0.4792446	10.81563
74340	-4313.006	-4603.486	290.4802	1.018416	0.4110376	10.14139
74346	-4315.89	-4606.343	290.4533	0.9871422	0.4110376	10.17198
74352	-4314.098	-4606.153	292.0543	0.9373527	0.4110376	9.354499
74358	-4312.558	-4603.455	290.8966	0.899164	0.4425828	9.954451
74364	-4328.561	-4617.481	288.9193	0.8777025	0.3516118	11.09643
74370	-4319.406	-4607.869	288.4633	0.8621673	0.4680007	11.2273
74376	-4310.691	-4598.769	288.0783	0.7529045	0.4208453	11.53008
74382	-4317.866	-4607.046	289.1804	0.9169768	0.4212708	10.86698
74388	-4326.661	-4615.135	288.4742	0.8209077	0.4148292	11.29339
74394	-4337.63	-4624.71	287.08	0.7265698	0.3862316	12.09967
74400	-4333.355	-4621.323	287.9674	0.8063094	0.3349137	11.65021
74406	-4335.822	-4621.487	285.6647	0.7775807	0.3078186	12.89696
74412	-4344.637	-4632.609	287.9715	0.6639895	0.3413399	11.71521
74418	-4344.256	-4629.254	284.9976	0.699314	0.3769658	13.20749
74424	-4320.499	-4603.136	282.6368	0.8072269	0.384832	14.36824
74430	-4310.124	-4594.419	284.295	0.8438709	0.4127102	13.46128
74436	-4314.057	-4598.464	284.4068	0.8062803	0.3746479	13.46128
74442	-4317.294	-4605.671	288.3771	0.7971541	0.4001221	11.37126
74448	-4327.586	-4616.473	288.8868	0.8957958	0.4432267	11.01086
74454	-4313.442	-4602.331	288.8891	0.9313583	0.4408727	10.99326
74460	-4322.334	-4610.369	288.0349	0.8858841	0.5283848	11.38661
74466	-4326.939	-4617.167	290.2283	0.8611794	0.3372161	10.43475
74472	-4333.073	-4622.87	289.7968	0.8404486	0.3818143	10.62366
74478	-4332.994	-4618.615	285.6206	0.8246469	0.4796837	12.71982
74484	-4328.269	-4615.152	286.8824	0.7881667	0.3416785	12.21834
74490	-4326.98	-4615.553	288.5739	0.8218071	0.3810845	11.2749
74496	-4335.903	-4624.341	288.4376	0.8525827	0.4366008	11.2749
74502	-4332.957	-4620.438	287.4809	0.8669557	0.2982328	11.91574
74508	-4336.405	-4619.273	282.8686	0.7998131	0.4269799	14.21029
74514	-4331.098	-4614.126	283.0281	0.7399184	0.3752298	14.21029
74520	-4328.371	-4615.619	287.2472	0.8206492	0.4030701	11.94625
74526	-4329.305	-4615.794	286.489	0.8279255	0.4504276	12.29231
74532	-4327.757	-4617.713	289.9558	0.9415615	0.2664102	10.62206
74538	-4324.264	-4609.889	285.6253	0.838336	0.446947	12.73994
74544	-4338.238	-4623.735	285.4971	0.8054066	0.4930154	12.7824
74550	-4330.923	-4619.476	288.5532	0.8640984	0.4048756	11.23933
74556	-4337.243	-4622.161	284.9179	0.8073395	0.3640637	13.20641
74562	-4330.514	-4616.412	285.8971	0.8295343	0.3411862	12.71058
74568	-4331.414	-4620.484	289.0699	0.8692534	0.4416523	10.93036
74574	-4319.789	-4607.805	288.0162	0.8110648	0.4308278	11.5225
74580	-4316.506	-4601.753	285.2467	0.7439278	0.4598278	12.97414
74586	-4320.536	-4608.093	287.5562	0.7864798	0.3828728	11.82338
74592	-4323.755	-4612.974	289.2195	0.8351727	0.4570823	10.85539
74598	-4329.434	-4620.859	291.4253	1.062328	0.3688405	9.66417
74604	-4325.233	-4610.985	285.7523	0.7985736	0.5038586	12.64375
74610	-4340.086	-4624.74	284.6541	0.7748171	0.5149167	13.21792
74616	-4337.623	-4623.594	285.9715	0.7433987	0.3850164	12.66973
74622	-4329.35	-4613.672	284.322	0.7508052	0.4756934	13.43685
74628	-4323.342	-4612.979	289.6363	0.8949457	0.4298452	10.63116
74634	-4314.918	-4601.432	286.5135	0.9383901	0.3457147	12.32779
74640	-4328.819	-4615.94	287.1208	0.7354818	0.4861587	11.97879
74646	-4346.257	-4630.629	284.3723	0.8791332	0.3604946	13.45633
74652	-4336.929	-4625.389	288.4609	0.882419	0.4181602	11.26486
74658	-4327.292	-4613.468	286.176	0.7773616	0.3919425	12.53847
74664	-4331.117	-4614.798	283.6813	0.8180003	0.4177241	13.78836
74670	-4315.78	-4603.474	287.6947	0.8278202	0.5069679	11.6129
74676	-4313.902	-4601.769	287.8675	0.844987	0.3998418	11.6129
74682	-4314.678	-4600.042	285.3634	0.844987	0.4374638	12.88162
74688	-4312.708	-4600.415	287.7071	0.6503461	0.4374638	11.76165
74694	-4311.094	-4598.658	287.5637	0.8317259	0.4144874	11.76396
74700	-4323.41	-4613.237	289.827	0.9870666	0.3787196	10.5341
74706	-4327.413	-4618.499	291.0855	0.9799889	0.3366899	9.922124
74712	-4318.286	-4604.854	286.5675	0.9089623	0.4102267	12.2476
74718	-4316.114	-4600.43	284.3155	0.8667832	0.4141498	13.43735
74724	-4315.215	-4605.03	289.8151	0.9119954	0.5165393	10.45005
74730	-4306.336	-4594.359	288.0229	0.9944628	0.335193	11.52257
74736	-4311.912	-4595.625	283.7126	0.7530784	0.4170849	13.80644
74742	-4321.605	-4608.747	287.1421	0.8212991	0.4170849	11.9869
74748	-4327.148	-4614.366	287.2179	1.010078	0.3742974	11.89222
74754	-4335.264	-4621.603	286.3387	0.9043242	0.4662828	12.31629
74760	-4338.698	-4623.958	285.2608	0.7964871	0.4321657	12.96527
74766	-4339.969	-4625.004	285.035	0.8454014	0.3722264	13.11713
74772	-4328.74	-4617.843	289.1032	0.949696	0.5654213	10.76366
74778	-4324.283	-4613.34	289.0572	1.002239	0.5611681	10.76366
74784	-4315.628	-4602.507	286.8789	0.8263519	0.380984	12.15794
74790	-4308.809	-4596.061	287.2525	0.8665767	0.379598	11.94348
74796	-4308.174	-4594.684	286.5103	0.8665767	0.3947361	12.31499
74802	-4315.26	-4601.135	285.8746	0.8158475	0.4239288	12.6437
74808	-4336.788	-4622.068	285.2802	0.9772151	0.4672713	12.82866
74814	-4331.279	-4616.929	285.6499	1.002581	0.4672713	12.62304
74820	-4333.228	-4617.84	284.6121	0.8645817	0.4298224	13.26926
74826	-4337.838	-4625.883	288.0449	1.010292	0.3899517	11.44384
74832	-4327.815	-4615.925	288.1103	0.9449011	0.3899517	11.44384
74838	-4332.535	-4620.468	287.9338	0.9349696	0.3951455	11.53598
74844	-4336.348	-4623.484	287.1359	0.8931042	0.4187824	11.95103
74850	-4330.497	-4618.343	287.8457	0.9810564	0.313635	11.64714
74856	-4321.42	-4610.916	289.4957	0.820738	0.4625737	10.71312
74862	-4323.688	-4611.704	288.0156	0.8434772	0.326262	11.61553
74868	-4323.016	-4607.841	284.8252	0.8659077	0.3424045	13.24772
74874	-4331.853	-4614.222	282.369	0.8906535	0.3628422	14.48671
74880	-4309.359	-4594.486	285.1276	0.919709	0.5547172	12.86375
74886	-4300.286	-4590.602	290.3166	0.8115823	0.4051658	10.34198
74892	-4306.917	-4591.987	285.0694	1.055857	0.4269183	12.93488
74898	-4317.39	-4608.429	291.0393	0.9427536	0.4269183	9.87136
74904	-4322.563	-4610.559	287.9957	0.6972613	0.3966938	11.62629
74910	-4317.751	-4602.225	284.4739	0.7722176	0.3102536	13.51571
74916	-4308.813	-4593.837	285.0246	0.9437579	0.4704543	12.97614
74922	-4306.759	-4595.133	288.3745	0.8771573	0.3966863	11.33422
74928	-4313.377	-4598.142	284.7653	0.7797041	0.4506223	13.21424
74934	-4320.847	-4608.187	287.3403	0.8293024	0.3417881	11.95793
74940	-4317.519	-4606.699	289.1799	0.8914642	0.3913986	10.91044
74946	-4318.476	-4607.685	289.2097	0.967537	0.3397328	10.91044
74952	-4313.608	-4602.407	288.799	0.8710862	0.4693672	11.04568
74958	-4306.903	-4595.322	288.4185	0.9279659	0.4611556	11.22254
74964	-4306.623	-4593.035	286.4118	0.8081713	0.4512132	12.3421
74970	-4314.405	-4600.982	286.577	0.8521233	0.404309	12.27817
74976	-4306.989	-4597.291	290.3023	0.76823	0.3451503	10.43581
74982	-4308.228	-4594.459	286.2308	0.8058123	0.3894415	12.49766
74988	-4313.932	-4601.438	287.5061	0.8167339	0.3796797	11.83704
74994	-4321.853	-4609.111	287.2578	0.9028967	0.4669531	11.83704
75000	-4308.428	-4596.097	287.6694	0.9427672	0.4688946	11.59948
75006	-4320.378	-4607.571	287.1931	0.9004151	0.5679678	11.78684
75012	-4314.837	-4602.985	288.1482	0.8474382	0.4498072	11.41654
75018	-4311.278	-4598.937	287.6588	0.8474382	0.3176878	11.80979
75024	-4321.241	-4608.019	286.7786	0.7964626	0.4332678	12.17385
75030	-4317.912	-4603.054	285.1412	0.7890862	0.3507628	13.11422
75036	-4321.332	-4607.677	286.3444	0.8618651	0.4400834	12.35962
75042	-4322.334	-4608.358	286.0237	0.9134842	0.5456746	12.40775
75048	-4324.944	-4612.024	287.08	0.9371937	0.4657406	11.91304
75054	-4329.828	-4614.696	284.8679	0.8291918	0.4804973	13.10823
75060	-4323.151	-4609.336	286.1851	0.9573061	0.42442	12.40782
75066	-4323.158	-4609.585	286.4274	0.8396538	0.5016094	12.27263
75072	-4323.551	-4609.933	286.3825	0.7856833	0.335401	12.48715
75078	-4319.49	-4607.627	288.1375	0.7716084	0.3993563	11.51062
75084	-4306.958	-4595.093	288.1355	0.7522134	0.4105972	11.51062
75090	-4310.091	-4596.757	286.6661	0.8481107	0.375854	12.26287
75096	-4310.222	-4595.525	285.3023	1.010361	0.4280968	12.83629
75102	-4326.436	-4614.722	288.2857	0.8472289	0.4145554	11.37846
75108	-4315.309	-4602.31	287.0002	0.744964	0.3565079	12.16312
75114	-4321.81	-4606.925	285.1149	0.7725039	0.4169663	13.06823
75120	-4327.202	-4613.419	286.2168	0.7887527	0.3605272	12.54416
75126	-4336.294	-4623.391	287.0971	0.8595273	0.5172265	11.89968
75132	-4337.251	-4624.077	286.8258	0.7077409	0.3833013	12.24507
75138	-4336.14	-4621.252	285.1113	0.8012441	0.4370147	13.03593
75144	-4326.777	-4614.129	287.3515	0.8307976	0.3250156	11.97032
75150	-4319.846	-4608.057	288.2105	0.7817902	0.4049489	11.46152
75156	-4324.877	-4610.979	286.102	0.8619679	0.5051945	12.42751
75162	-4320.317	-4608.419	288.1023	0.9230889	0.3388286	11.51431
75168	-4330.154	-4616.273	286.1189	0.9230889	0.3996097	12.48459
75174	-4318.417	-4604.123	285.7057	0.7989498	0.4132585	12.75078
75180	-4329.505	-4616.752	287.247	0.8886839	0.4132585	11.90074
75186	-4325.903	-4612.925	287.0228	0.8326848	0.4696507	11.9939
75192	-4320.999	-4607.095	286.0954	0.8690548	0.311988	12.6203
75198	-4334.524	-4620.244	285.7208	0.8431293	0.496546	12.64329
75204	-4337.136	-4621.532	284.3955	0.7203431	0.3798893	13.50632
75210	-4338.65	-4621.972	283.3224	0.7830935	0.325789	14.08937
75216	-4328.221	-4613.996	285.7751	0.9536089	0.3715544	12.67653
75222	-4333.131	-4619.573	286.4425	0.7504414	0.3296475	12.48076
75228	-4329.086	-4617.712	288.6256	0.8071044	0.2907903	11.35813
75234	-4333.919	-4622.352	288.4327	0.8261273	0.3700435	11.35813
75240	-4332.526	-4620.942	288.4163	0.8527898	0.3649981	11.35813
75246	-4328.816	-4616.687	287.8702	0.8179398	0.3137497	11.71939
75252	-4321.738	-4611.363	289.6254	0.9475942	0.2723594	10.78441
75258	-4320.55	-4610.346	289.7961	0.9429538	0.3666343	10.58628
75264	-4349.51	-4635.528	286.0181	0.8435567	0.4508962	12.52905
75270	-4341.18	-4628.754	287.5739	0.9226783	0.3435785	11.78523
75276	-4331.693	-4620.939	289.2458	0.8621948	0.4011815	10.88132
75282	-4331.814	-4619.192	287.378	0.8722481	0.533619	11.73269
75288	-4340.847	-4631.125	290.2777	1.088804	0.3953547	10.2267
75294	-4338.32	-4626.677	288.3572	0.8592407	0.368063	11.38238
75300	-4328.92	-4616.561	287.6409	0.8748357	0.4342551	11.68197
75306	-4318.478	-4608.993	290.5146	0.9883541	0.3205142	10.23681
75312	-4331.074	-4621.391	290.3174	1.111021	0.4672614	10.1248
75318	-4335.012	-4621.61	286.5983	0.9053135	0.4433131	12.20165
75324	-4327.281	-4614.543	287.2624	0.9055701	0.421266	11.87606
75330	-4341.597	-4628.413	286.8163	0.7724564	0.5104578	12.09734
75336	-4346.145	-4631.158	285.0124	0.8511968	0.325346	13.17736
75342	-4350.297	-4637.752	287.4551	0.8156294	0.4293016	11.81468
75348	-4338.768	-4622.062	283.2944	0.7316633	0.3848611	14.06659
75354	-4336.728	-4622.904	286.1761	0.7840425	0.3083467	12.62686
75360	-4338.881	-4626.604	287.7231	0.7113098	0.4137455	11.74431
75366	-4344.223	-4630.698	286.4754	0.8569697	0.4137455	12.31925
75372	-4333.61	-4619.35	285.7396	0.749296	0.3329721	12.8435
75378	-4335.951	-4623.645	287.6932	0.8187267	0.3609373	11.75818
75384	-4341.587	-4626.928	285.3416	0.8622711	0.4312209	12.8899
75390	-4331.558	-4616.611	285.0531	0.8069631	0.3419628	13.16042
75396	-4329.444	-4618.231	288.7867	0.9877937	0.4165883	11.0407
75402	-4321.293	-4609.896	288.6032	0.8109165	0.3837712	11.26245
75408	-4344.959	-4631.456	286.4968	0.763571	0.4801946	12.29479
75414	-4334.668	-4621.17	286.5012	1.005081	0.5086238	12.14192
75420	-4337.402	-4621.957	284.5558	0.7094959	0.4283514	13.38052
75426	-4331.932	-4615.31	283.3786	0.762655	0.4490642	13.94442
75432	-4341.466	-4627.907	286.4414	0.8018383	0.3255631	12.45925
75438	-4328.991	-4618.006	289.0151	0.9565227	0.452907	10.90276
75444	-4320.897	-4608.121	287.2235	0.8813376	0.3888552	11.94135
75450	-4318.261	-4604.532	286.2719	0.8162787	0.4085063	12.45166
75456	-4313.036	-4600.072	287.0367	0.8834714	0.4085063	12.01789
75462	-4313.5	-4602.038	288.5386	1.02629	0.4085063	11.15844
75468	-4331.368	-4614.168	282.8004	0.9323936	0.5931769	14.03574
75474	-4319.584	-4600.889	281.3056	0.8851934	0.4258518	14.97642
75480	-4325.304	-4610.977	285.6736	0.8342918	0.3722898	12.79072
75486	-4319.902	-4607.193	287.2911	0.8399652	0.4800422	11.84077
75492	-4344.025	-4631.276	287.251	0.8838424	0.3784659	11.93645
75498	-4337.783	-4622.029	284.2461	0.8432341	0.3930157	13.50663
75504	-4314.707	-4600.937	286.2297	0.8515844	0.4440444	12.42106
75510	-4312.453	-4596.769	284.3156	0.8124787	0.3571911	13.52395
75516	-4319.555	-4606.308	286.7535	0.6995588	0.4243975	12.24598
75522	-4320.647	-4606.946	286.2991	0.7705005	0.4026242	12.46715
75528	-4339.856	-4623.36	283.5039	0.7155079	0.3537895	13.99913
75534	-4325.805	-4610.353	284.5478	0.7228955	0.4398809	13.3668
75540	-4325.449	-4610.932	285.4833	0.9588901	0.3587798	12.83929
75546	-4323.476	-4610.518	287.0417	0.9663495	0.3903811	11.99032
75552	-4324.786	-4614.669	289.8827	0.8720528	0.3105116	10.64156
75558	-4311.675	-4598.546	286.8702	0.7719719	0.4010167	12.17035
75564	-4313.91	-4600.305	286.3941	0.6915151	0.3825288	12.47927
75570	-4323.05	-4611.033	287.9829	0.8711537	0.5010618	11.44465
75576	-4319.003	-4606.756	287.7526	0.8118078	0.3816042	11.70893
75582	-4318.531	-4603.327	284.7969	0.6863292	0.3022611	13.4021
75588	-4328.202	-4615.065	286.863	0.6863292	0.3208993	12.3052
75594	-4330.905	-4617.362	286.4568	0.8943934	0.3125623	12.41821
75600	-4322.632	-4606.181	283.5497	0.7389734	0.3553455	13.96152
75606	-4313.286	-4599.626	286.3406	0.772073	0.3061724	12.55003
75612	-4317.691	-4606.179	288.4881	0.8603021	0.4392931	11.24192
75618	-4324.221	-4610.184	285.9631	0.8515082	0.3291183	12.6784
75624	-4326.667	-4613.074	286.4068	0.8253999	0.4479341	12.3388
75630	-4302.81	-4587.22	284.409	0.7476007	0.4847185	13.38535
75636	-4312.177	-4600.344	288.1665	0.7633845	0.447491	11.4531
75642	-4304.662	-4589.218	284.556	0.786711	0.4385982	13.33057
75648	-4301.697	-4588.168	286.4715	0.8388717	0.3584154	12.38768
75654	-4311.217	-4598.23	287.0134	0.8889621	0.5059632	11.93756
75660	-4310.276	-4597.553	287.2762	0.8070388	0.4037688	11.93756
75666	-4297.259	-4582.887	285.6286	0.7826293	0.4409873	12.77281
75672	-4304.03	-4590.549	286.5193	0.8005846	0.3437755	12.39876
75678	-4307.245	-4594.032	286.7871	0.6820889	0.3990224	12.26256
75684	-4325.214	-4611.927	286.7132	0.7621462	0.3768593	12.28209
75690	-4319.103	-4605.673	286.5704	0.854901	0.3873253	12.29731
75696	-4308.114	-4593.993	285.8787	0.9216511	0.3826227	12.62769
75702	-4304.776	-4590.883	286.1063	0.9560846	0.4013175	12.47224
75708	-4286.861	-4571.233	284.3719	0.8451337	0.4013175	13.43197
75714	-4303.653	-4592.58	288.9266	0.9620507	0.5266282	10.88138
75720	-4295.243	-4583.069	287.8256	0.8540721	0.419044	11.611
75726	-4295.156	-4580.13	284.974	0.7471565	0.4220363	13.14969
75732	-4287.981	-4575.631	287.6504	0.8671933	0.3560964	11.76048
75738	-4292.734	-4582.406	289.6724	0.8689453	0.5302014	10.53606
75744	-4300.814	-4590.635	289.8208	0.8162476	0.4722965	10.53606
75750	-4282.249	-4570.618	288.3692	0.6945266	0.3936069	11.43564
75756	-4295.132	-4583.085	287.953	0.8668429	0.3936069	11.56309
75762	-4312.627	-4601.66	289.0336	0.8624252	0.3510433	11.04517
75768	-4299.111	-4583.813	284.7024	0.6397239	0.3583099	13.41163
75774	-4282.456	-4570.645	288.1884	0.6985433	0.4415636	11.4811
75780	-4294.67	-4582.552	287.882	0.7808944	0.4078607	11.63078
75786	-4288.891	-4574.543	285.6526	0.6609563	0.3860187	12.87751
75792	-4292.712	-4581.128	288.4156	0.6943566	0.3979626	11.40703
75798	-4300.189	-4587.745	287.5568	0.7335982	0.3979626	11.83522
75804	-4308.57	-4597.36	288.79	0.8553164	0.3977958	11.12708
75810	-4300.688	-4589.567	288.8788	0.7665971	0.3977958	11.12708
75816	-4297.891	-4583.058	285.1671	0.5852367	0.2892872	13.2782
75822	-4290.561	-4576.731	286.17	0.7141471	0.3256513	12.64615
75828	-4296.497	-4582.296	285.7996	0.6559337	0.3518745	12.83981
75834	-4288.637	-4575.69	287.0527	0.7561205	0.3518745	12.13498
75840	-4294.554	-4579.97	285.4151	0.6258413	0.3218767	13.08916
75846	-4291.304	-4573.955	282.6509	0.6573187	0.3373682	14.48936
75852	-4286.984	-4575.634	288.6498	0.8175278	0.500015	11.1247
75858	-4291.385	-4576.1	284.7144	0.6785296	0.3996548	13.34229
75864	-4283.289	-4568.475	285.1865	0.7977324	0.38622	13.0486
75870	-4296.461	-4581.708	285.2471	0.7128443	0.38622	13.06123
75876	-4305.067	-4592.595	287.5273	0.7543372	0.4019521	11.83583
75882	-4308.785	-4595.366	286.5811	0.6797898	0.4512093	12.32082
75888	-4306.771	-4594.517	287.746	0.6900311	0.3476722	11.81233
75894	-4297.522	-4583.337	285.815	0.7139297	0.3495945	12.80413
75900	-4296.52	-4580.17	283.6503	0.6185639	0.4141233	13.91141
75906	-4299.11	-4586.684	287.5741	0.8067362	0.4315767	11.75502
75912	-4305.193	-4592.997	287.804	0.729633	0.4109825	11.69522
75918	-4301.746	-4590.093	288.3464	0.7584845	0.3493062	11.46106
75924	-4295.681	-4583.776	288.0948	0.7941824	0.3656732	11.55614
75930	-4305.473	-4593.857	288.3838	0.689934	0.5282861	11.30673
75936	-4310.321	-4595.577	285.2559	0.8013906	0.4333187	12.96413
75942	-4303.443	-4590.881	287.4383	0.6837169	0.4520549	11.87089
75948	-4297.464	-4584.295	286.8313	0.6884791	0.3660985	12.27027
75954	-4303.776	-4590.999	287.223	0.6359963	0.3323104	12.13064
75960	-4312.103	-4597.827	285.7246	0.7770349	0.5165202	12.65868
75966	-4314.323	-4599.535	285.2127	0.7939854	0.3617669	13.06256
75972	-4301.887	-4588.194	286.3077	0.8888493	0.4246715	12.37941
75978	-4311.553	-4597.661	286.1074	0.8228963	0.370192	12.57306
75984	-4305.877	-4595.055	289.1782	0.7949943	0.375111	10.97885
75990	-4332.332	-4618.077	285.745	0.7472253	0.365845	12.80567
75996	-4331.782	-4618.465	286.6827	0.8056638	0.4033015	12.2483
76002	-4327.716	-4612.836	285.1199	0.7363164	0.3865713	13.11477
76008	-4318.684	-4604.412	285.7273	0.7805719	0.3865713	12.77585
76014	-4322.79	-4607.41	284.6202	0.7411315	0.3865713	13.37196
76020	-4327.243	-4612.962	285.7191	0.6508268	0.3848425	12.84942
76026	-4314.661	-4601.074	286.4123	0.7821866	0.3768388	12.42844
76032	-4317.207	-4601.551	284.3439	0.7019849	0.5136058	13.41803
76038	-4320.11	-4604.798	284.6885	0.7741846	0.3486153	13.35952
76044	-4326.774	-4611.339	284.5659	0.7741846	0.4512237	13.32016
76050	-4334.411	-4620.299	285.888	0.8183005	0.4151905	12.64393
76056	-4346.925	-4631.621	284.6964	0.7360075	0.4516195	13.27185
76062	-4333.426	-4622.11	288.6845	0.9568133	0.4512897	11.07731
76068	-4323.639	-4608.994	285.3558	0.7596159	0.4769502	12.89384
76074	-4334.75	-4619.759	285.0082	0.7647986	0.4315013	13.11368
76080	-4338.771	-4622.651	283.8797	0.8614217	0.4063606	13.67402
76086	-4344.591	-4626.91	282.319	0.762375	0.3752328	14.56599
76092	-4344.151	-4629.985	285.8343	0.8745567	0.5386431	12.53244
76098	-4326.869	-4612.1	285.2316	0.8221551	0.4289687	12.97011
76104	-4323.039	-4606.359	283.3202	0.7168518	0.4478646	13.99954
76110	-4321.713	-4604.967	283.2539	0.7910578	0.4434864	13.99954
76116	-4323.532	-4607.361	283.8288	0.7603031	0.3932829	13.76597
76122	-4320.18	-4605.797	285.6162	0.7179944	0.460009	12.79528
76128	-4322.633	-4606.844	284.211	0.7461545	0.4136792	13.55467
76134	-4335.16	-4620.789	285.6289	0.8423065	0.4636243	12.7207
76140	-4319.998	-4604.87	284.8715	0.7653109	0.5496991	13.08124
76146	-4325.387	-4607.529	282.1421	0.7321186	0.4279421	14.62076
76152	-4314.362	-4599.971	285.6087	0.9156038	0.308053	12.85401
76158	-4315.01	-4604.22	289.2105	0.82664	0.3561949	10.96561
76164	-4314.504	-4604.916	290.4123	0.9459028	0.3837744	10.243
76170	-4326.574	-4611.708	285.1346	0.6267907	0.449198	13.10313
76176	-4318.951	-4604.577	285.6265	0.7836242	0.449198	12.76572
76182	-4315.159	-4601.712	286.5536	0.7991719	0.3780015	12.34475
76188	-4314.213	-4598.645	284.4312	0.6786506	0.4528636	13.43826
76194	-4306.367	-4592.301	285.9333	0.7416743	0.4939652	12.58768
76200	-4319.354	-4607.269	287.9149	0.8807377	0.3491583	11.62283
76206	-4311.804	-4601.16	289.3563	0.8281852	0.3491583	10.89616
76212	-4316.983	-4602.808	285.8249	0.7405423	0.3506091	12.78405
76218	-4327.626	-4613.753	286.1273	0.9206509	0.4074343	12.47366
76224	-4317.194	-4602.544	285.35	0.6395251	0.3395113	13.09583
76230	-4323.813	-4608.073	284.2597	0.8177507	0.30932	13.60439
76236	-4325.968	-4611.896	285.9272	0.7179924	0.30932	12.7896
76242	-4331.585	-4617.055	285.4697	0.8375961	0.3700807	12.89737
76248	-4326.468	-4612.739	286.2713	0.7839132	0.4457355	12.43303
76254	-4320.176	-4607.035	286.8585	0.7336176	0.4521283	12.14727
76260	-4318.729	-4605.98	287.2513	0.8476289	0.4687277	11.8677
76266	-4329.057	-4614.951	285.8947	0.7592945	0.3758157	12.71096
76272	-4326.945	-4616.476	289.5308	0.8774332	0.6036845	10.54752
76278	-4330.789	-4615.699	284.9104	0.7539212	0.4146163	13.18646
76284	-4326.737	-4611.718	284.9801	0.7057954	0.4325957	13.15791
76290	-4322.509	-4605.911	283.4026	0.8804685	0.4488128	13.87107
76296	-4325.276	-4610.849	285.5729	0.745866	0.4488128	12.8136
76302	-4320.32	-4605.636	285.3161	0.7423426	0.468938	12.93064
76308	-4315.872	-4604.23	288.358	0.72465	0.4141002	11.40524
76314	-4333.28	-4622.084	288.8045	0.9435457	0.3473414	11.12677
76320	-4322.243	-4611.192	288.9492	0.8463891	0.4992165	10.95347
76326	-4323.258	-4612.576	289.3174	0.7800591	0.4177272	10.87038
76332	-4315.291	-4601.198	285.9071	0.8492063	0.391259	12.6418
76338	-4317.053	-4602.049	284.9956	0.6589553	0.3305306	13.28007
76344	-4311.636	-4597.375	285.7385	0.6560271	0.4236614	12.79795
76350	-4312.289	-4600.427	288.1375	0.8329215	0.3864931	11.49171
76356	-4328.342	-4620.149	291.8072	1.026272	0.3785274	9.471437
76362	-4316.081	-4600.493	284.4125	0.7943799	0.3882236	13.45049
76368	-4325.512	-4613.955	288.4424	0.8838919	0.3483788	11.34631
76374	-4311.294	-4600.831	289.5377	0.8664197	0.5007664	10.63313
76380	-4303.383	-4591.346	287.9632	0.7252106	0.5384921	11.49979
76386	-4298.853	-4585.31	286.4572	0.7133559	0.4250497	12.39255
76392	-4302.206	-4588.593	286.3864	0.8425616	0.3942608	12.39255
76398	-4298.825	-4585.272	286.4471	0.8315256	0.3692848	12.39255
76404	-4298.16	-4584.942	286.7814	0.7588345	0.4002666	12.22427
76410	-4307.154	-4594.562	287.4081	0.7588345	0.3807156	11.91737
76416	-4308.807	-4594.118	285.3106	0.7257011	0.3879538	13.01977
76422	-4323.429	-4611.138	287.7089	0.7488614	0.3866521	11.75939
76428	-4314.494	-4598.184	283.6894	0.7899693	0.4108204	13.80547
76434	-4326.57	-4610.271	283.7012	0.7781111	0.4108204	13.80547
76440	-4314.669	-4602.336	287.6671	0.7589053	0.4108204	11.75158
76446	-4312.531	-4600.168	287.6364	0.8584974	0.3755343	11.75158
76452	-4315.722	-4599.739	284.0171	0.6955672	0.3740714	13.72164
76458	-4307.98	-4594.964	286.9841	0.81815	0.3743994	12.11423
76464	-4315.986	-4602.954	286.9676	0.8328295	0.4735219	12.01916
76470	-4329.467	-4612.351	282.8842	0.8068692	0.4353699	14.19056
76476	-4324.989	-4610.001	285.012	0.8632938	0.408608	13.08268
76482	-4337.839	-4622.778	284.9396	0.7681446	0.5035383	13.08268
76488	-4323.93	-4608.89	284.9602	0.8925438	0.4206016	13.08268
76494	-4320.487	-4604.698	284.2114	0.7628977	0.3364531	13.62661
76500	-4320.14	-4606.231	286.0903	0.8388795	0.4857285	12.46251
76506	-4330.961	-4616.465	285.5039	0.8323571	0.3959155	12.85565
76512	-4319.75	-4605.095	285.3458	0.76484	0.4009651	12.9679
76518	-4318.514	-4603.193	284.6792	0.7620657	0.4409617	13.27713
76524	-4330.801	-4614.225	283.4244	0.7620657	0.3999221	13.96818
76530	-4323.179	-4609.645	286.4666	0.8860886	0.5902123	12.15612
76536	-4340.902	-4627.252	286.3498	0.8437561	0.3935837	12.41167
76542	-4338.449	-4621.786	283.3362	0.7428725	0.3594217	14.06578
76548	-4342.182	-4626.763	284.5817	0.680357	0.3984615	13.41144
76554	-4337.703	-4621.434	283.7311	0.5645627	0.4056336	13.90584
76560	-4330.232	-4614.514	284.2817	0.7615935	0.4056336	13.51788
76566	-4347.709	-4634.901	287.1918	0.6583218	0.3976714	12.06531
76572	-4327.147	-4613.953	286.8053	0.71381	0.3413347	12.29763
76578	-4336.709	-4620.479	283.77	0.6390921	0.4501353	13.80448
76584	-4344.807	-4630.985	286.1786	0.8736078	0.3983376	12.48054
76590	-4345.461	-4634.574	289.1131	0.845815	0.4292013	10.93187
76596	-4335.777	-4623.164	287.3866	0.8748318	0.4349667	11.8141
76602	-4347.74	-4632.393	284.6526	0.7210577	0.4587314	13.29587
76608	-4352.13	-4636.977	284.8471	0.7034288	0.3652918	13.29587
76614	-4351.512	-4634.5	282.9878	0.9080211	0.4075847	14.11125
76620	-4341.705	-4632.173	290.4688	1.047878	0.2934184	10.26227
76626	-4329.57	-4620.767	291.1967	1.02866	0.5190622	9.659556
76632	-4349.54	-4635.55	286.0101	0.7589079	0.4520004	12.5763
76638	-4342.018	-4628.373	286.3552	0.7761539	0.5073943	12.33842
76644	-4330.467	-4620.767	290.2997	1.036573	0.4687848	10.17186
76650	-4342.22	-4627.651	285.4308	0.9171184	0.3942141	12.85131
76656	-4331.625	-4617.664	286.0389	0.8468318	0.3942141	12.5714
76662	-4341.88	-4629.649	287.7688	0.8069993	0.5979126	11.51166
76668	-4344.352	-4631.443	287.0911	0.8315087	0.4155317	12.00972
76674	-4333.2	-4620.678	287.4782	0.9534353	0.3441477	11.81853
76680	-4317.709	-4608.414	290.7043	1.003257	0.4563331	9.987997
76686	-4323.525	-4610.187	286.6615	0.8223176	0.540903	12.12674
76692	-4312.396	-4598.053	285.6567	0.773784	0.39475	12.8078
76698	-4323.555	-4610.07	286.515	0.7891091	0.3633208	12.38563
76704	-4323.127	-4609.512	286.3843	0.8275688	0.4100621	12.38563
76710	-4349.834	-4636.018	286.184	0.7356527	0.2500716	12.72207
76716	-4349.71	-4635.577	285.8672	0.8555538	0.3327421	12.72207
76722	-4341.454	-4626.192	284.7378	0.7977254	0.3308194	13.34155
76728	-4335.835	-4622.241	286.4061	0.8319843	0.3151885	12.47401
76734	-4325.604	-4612.091	286.4876	0.9404317	0.4249201	12.25851
76740	-4328.078	-4614.873	286.7949	0.8194171	0.4249201	12.16138
76746	-4315.693	-4602.287	286.5936	0.7978327	0.4778563	12.22856
76752	-4308.673	-4593.88	285.2075	0.8323125	0.4025874	13.00313
76758	-4305.186	-4591.282	286.096	0.8317435	0.412958	12.53082
76764	-4312.098	-4598.969	286.8706	0.755422	0.3821845	12.19799
76770	-4301.438	-4586.415	284.9775	0.7419761	0.4457174	13.12815
76776	-4301.691	-4587.734	286.0424	0.7438765	0.4053006	12.61203
76782	-4304.78	-4588.323	283.5439	0.8073117	0.3342977	13.95231
76788	-4308.499	-4596.208	287.7095	0.8375702	0.4108663	11.68832
76794	-4306.21	-4592.763	286.553	0.9134896	0.4696578	12.19677
76800	-4315.975	-4602.005	286.0296	0.7756774	0.4966056	12.51754
76806	-4323.839	-4610.374	286.5342	0.8381045	0.4288743	12.28376
76812	-4324.29	-4612.846	288.5562	0.815177	0.376834	11.29206
76818	-4332.714	-4617.645	284.9311	0.7827888	0.5246851	13.06165
76824	-4336.231	-4621.179	284.9477	0.794778	0.3499916	13.21263
76830	-4321.023	-4604.531	283.5087	0.7334205	0.4062061	13.93304
76836	-4322.935	-4609.726	286.7911	0.7794046	0.3344376	12.27863
76842	-4313.215	-4598.78	285.5643	0.7403889	0.4233585	12.845
76848	-4303.66	-4589.151	285.4915	0.7950128	0.4233585	12.85445
76854	-4311.506	-4600.289	288.7826	0.8011497	0.3662303	11.19216
76860	-4312.09	-4598.049	285.9586	0.8400534	0.5051407	12.51366
76866	-4310.626	-4596.818	286.1921	0.8309565	0.3424802	12.55481
76872	-4321.242	-4609.563	288.3218	0.8411229	0.3820623	11.39563
76878	-4327.929	-4616.47	288.541	0.7989393	0.3490863	11.3384
76884	-4316.407	-4604.865	288.4579	0.9009972	0.3711302	11.30459
76890	-4322.291	-4611.363	289.0715	0.859268	0.4218133	10.95374
76896	-4324.681	-4612.833	288.1523	0.856151	0.3807681	11.47777
76902	-4313.334	-4601.227	287.8929	0.8584814	0.4066308	11.58578
76908	-4316.243	-4602.66	286.417	0.8972803	0.4684899	12.27721
76914	-4333.62	-4618.054	284.4336	0.8629591	0.5483547	13.25917
76920	-4319.815	-4605.637	285.8217	0.8308685	0.4092518	12.67775
76926	-4324.787	-4614.084	289.297	0.9381885	0.4092518	10.80655
76932	-4324.758	-4616.291	291.5322	0.9381885	0.4092518	9.631413
76938	-4332.24	-4620.663	288.4228	0.8785147	0.4321488	11.27331
76944	-4318.882	-4610.489	291.607	1.014414	0.3815053	9.580203
76950	-4324.922	-4616.149	291.2276	0.9859517	0.5861035	9.611265
76956	-4327.939	-4618.255	290.3154	1.000665	0.3950778	10.25349
76962	-4326.486	-4612.343	285.8568	0.8927605	0.3389536	12.70113
76968	-4313.799	-4599.91	286.1114	0.9135048	0.410297	12.48282
76974	-4319.225	-4603.916	284.6904	0.8291129	0.4887487	13.19329
76980	-4313.437	-4601.228	287.7912	0.8050659	0.3863333	11.68739
76986	-4320.726	-4606.493	285.767	0.8050659	0.4090072	12.71989
76992	-4313.182	-4601.681	288.4982	0.9924797	0.3154082	11.29798
76998	-4318.107	-4607.449	289.3416	0.9141314	0.4526318	10.75411
77004	-4319.065	-4606.021	286.9559	0.9394694	0.3671739	12.0733
77010	-4319.212	-4603.747	284.5349	0.7849242	0.3636912	13.41742
77016	-4316.962	-4603.577	286.6149	0.9454761	0.3788713	12.23567
77022	-4306.054	-4594.435	288.3813	0.8938862	0.2763233	11.45876
77028	-4306.945	-4591.939	284.9938	0.7821525	0.3305231	13.21698
77034	-4314.538	-4600.892	286.3538	0.7780744	0.3542725	12.48513
77040	-4320.453	-4607.932	287.4787	0.9471903	0.3370412	11.82948
77046	-4314.266	-4600.009	285.7424	0.927744	0.4150594	12.66288
77052	-4336.259	-4620.375	284.116	0.9194007	0.3916553	13.53601
77058	-4332.258	-4620.621	288.3634	0.8261459	0.4570366	11.30845
77064	-4334.734	-4615.861	281.1263	0.6666945	0.4182848	15.18939
77070	-4318.683	-4603.031	284.3478	0.8098453	0.5419528	13.33655
77076	-4325.412	-4607.266	281.8544	0.8367257	0.4086377	14.73419
77082	-4320.25	-4603.372	283.1225	0.8700806	0.2785355	14.20475
77088	-4310.364	-4593.638	283.2744	0.8283169	0.4351226	13.97743
77094	-4324.157	-4610.273	286.1162	0.7573983	0.4259233	12.54641
77100	-4353.133	-4636.067	282.934	0.7259862	0.4283892	14.21332
77106	-4341.222	-4627.945	286.723	0.8726046	0.4485252	12.14879
77112	-4324.141	-4612.899	288.758	0.941047	0.4061438	11.09055
77118	-4328.557	-4616.513	287.9569	0.9645599	0.4061438	11.49738
77124	-4330.791	-4617.125	286.3341	0.7629765	0.4966798	12.36548
77130	-4333.499	-4620.183	286.6835	0.778883	0.3319143	12.33783
77136	-4336.329	-4619.337	283.0084	0.8462037	0.3855626	14.15474
77142	-4315.635	-4605.063	289.4283	0.8885081	0.4819459	10.69545
77148	-4326.521	-4616.424	289.9031	1.120781	0.4861772	10.32048
77154	-4327.993	-4617.429	289.4362	0.851321	0.3226375	10.87224
77160	-4316.677	-4604.936	288.2586	0.7830209	0.45765	11.38524
77166	-4318.797	-4609.219	290.4227	0.8681845	0.3641431	10.29917
77172	-4321.113	-4611.876	290.7629	0.828272	0.3344094	10.1743
77178	-4319.838	-4606.369	286.5308	0.8310302	0.3966263	12.32096
77184	-4325.192	-4611.718	286.5255	0.7890659	0.4214745	12.32096
77190	-4321.766	-4606.041	284.2747	0.6908834	0.3663308	13.59853
77196	-4315.167	-4603.443	288.2756	0.8016942	0.3982488	11.42384
77202	-4320.091	-4608.581	288.4901	0.7292786	0.4120702	11.33571
77208	-4307.477	-4591.979	284.502	0.7420557	0.4265307	13.39325
77214	-4313.902	-4596.857	282.9556	0.7559981	0.4019064	14.21235
77220	-4302.278	-4588.701	286.423	0.8598025	0.32898	12.43471
77226	-4316.891	-4603.809	286.9175	0.8207297	0.4490818	12.07391
77232	-4324.015	-4614.443	290.428	0.9049467	0.4408222	10.19959
77238	-4328.534	-4618.73	290.1961	1.136826	0.4408222	10.19959
77244	-4311.197	-4596.342	285.1446	0.809761	0.3325102	13.122
77250	-4303.63	-4590.567	286.9367	0.7812171	0.4169674	12.11506
77256	-4307.39	-4594.961	287.5708	0.9092265	0.4169674	11.71735
77262	-4320.132	-4609.276	289.1441	0.870757	0.4524267	10.8806
77268	-4326.132	-4612.461	286.3288	0.885151	0.4248232	12.37018
77274	-4344.792	-4629.214	284.4217	0.7995607	0.4646192	13.36967
77280	-4347.244	-4629.636	282.3923	0.8807406	0.3777738	14.46409
77286	-4336.544	-4619.084	282.5405	0.7177964	0.3771593	14.47235
77292	-4332.612	-4619.148	286.5367	0.7423482	0.4600161	12.30322
77298	-4328.992	-4612.338	283.3459	0.7514599	0.3813468	14.03326
77304	-4338.672	-4627.657	288.9851	0.9313058	0.4363747	10.94724
77310	-4341.924	-4632.043	290.1187	0.8446091	0.446666	10.38833
77316	-4340.18	-4627.406	287.2262	0.877425	0.4168007	11.914
77322	-4338.257	-4622.521	284.2635	0.7113541	0.5134786	13.45501
77328	-4334.888	-4620.677	285.7889	0.7544454	0.4895655	12.66007
77334	-4325.896	-4613.869	287.9728	0.7764491	0.3957268	11.59788
77340	-4327.597	-4615.075	287.4775	0.8687361	0.3787205	11.82582
77346	-4320.603	-4608.028	287.4247	0.9642439	0.3577944	11.82582
77352	-4317.782	-4605.152	287.3708	0.7851254	0.365927	11.93867
77358	-4316.489	-4603.088	286.5993	0.7942754	0.4131443	12.28792
77364	-4317.735	-4602.915	285.1797	0.8013016	0.4534461	12.98502
77370	-4356.406	-4644.683	288.2775	0.8021994	0.3482801	11.47538
77376	-4351.721	-4642.084	290.3621	0.7939988	0.3507463	10.38462
77382	-4339.138	-4628.405	289.2669	0.930638	0.400895	10.8347
77388	-4340.845	-4626.559	285.7137	0.7812164	0.3284555	12.8455
77394	-4342.323	-4627.715	285.3914	0.7920994	0.3896731	12.94142
77400	-4336.722	-4622.239	285.5177	0.9332796	0.5018862	12.69746
77406	-4327.498	-4615.847	288.3494	0.9660176	0.3713991	11.32709
77412	-4340.285	-4625.445	285.1597	0.7939695	0.3813163	13.06952
77418	-4337.924	-4621.182	283.2573	0.747044	0.4105907	14.05202
77424	-4344.42	-4629.934	285.5148	0.6375016	0.4105907	12.93669
77430	-4352.132	-4638.3	286.1683	0.8269413	0.4679135	12.44392
77436	-4349.079	-4637.621	288.5416	0.8154788	0.3439156	11.33517
77442	-4350.274	-4639.956	289.6828	0.9977023	0.4382343	10.5448
77448	-4329.899	-4618.364	288.4643	0.9081292	0.3960172	11.2717
77454	-4335.939	-4619.27	283.3307	0.7448956	0.4184674	14.00741
77460	-4333.633	-4619.54	285.9072	0.9639804	0.3825163	12.59093
77466	-4341.738	-4627.862	286.1235	0.921736	0.3157314	12.57381
77472	-4345.845	-4630.395	284.5498	0.781297	0.3756817	13.39891
77478	-4342.995	-4629.63	286.6349	0.7212844	0.3599486	12.36212
77484	-4343.818	-4631.299	287.4818	0.8202664	0.4890177	11.74358
77490	-4339.018	-4623.213	284.1943	0.8048717	0.4075276	13.53893
77496	-4314.339	-4601.905	287.5658	0.9355873	0.4075276	11.7155
77502	-4314.497	-4604.464	289.9664	0.9794639	0.330498	10.51784
77508	-4308.513	-4590.337	281.8234	0.7186625	0.4338395	14.78707
77514	-4310.677	-4595.204	284.527	0.8179314	0.4656779	13.30445
77520	-4316.908	-4601.574	284.6654	0.9080771	0.3614369	13.28805
77526	-4325.354	-4611.842	286.4885	0.7835685	0.3728673	12.39218
77532	-4312.282	-4597.386	285.1045	0.9614887	0.4666726	12.92877
77538	-4316.45	-4601.76	285.3099	0.8677078	0.4052909	12.92877
77544	-4337.095	-4621.653	284.5579	0.8525381	0.4824718	13.25544
77550	-4341.411	-4626.184	284.7722	0.7754528	0.3586036	13.30454
77556	-4335.787	-4620.508	284.721	0.6895192	0.4375412	13.29633
77562	-4326.272	-4610.867	284.5955	0.840248	0.3757856	13.34442
77568	-4320.046	-4606.323	286.2775	0.8655214	0.4247838	12.40714
77574	-4333.623	-4619.448	285.8246	0.8739054	0.4273361	12.63623
77580	-4331.859	-4620.549	288.6903	0.8322444	0.3857219	11.20374
77586	-4322.174	-4607.358	285.1837	0.8160246	0.3857219	13.04103
77592	-4320.75	-4608.828	288.0773	0.9950686	0.4005757	11.42407
77598	-4322.8	-4610.95	288.1504	0.8832721	0.4210148	11.42407
77604	-4308.827	-4592.936	284.109	0.8321474	0.5405327	13.45015
77610	-4309.096	-4594.037	284.9407	0.8321474	0.3015573	13.25252
77616	-4311.129	-4596.011	284.8826	0.723135	0.3792575	13.25252
77622	-4306.944	-4595.873	288.9295	0.8513165	0.3792575	11.07523
77628	-4312.873	-4601.605	288.7328	0.7618317	0.4200913	11.18383
77634	-4321.742	-4611.69	289.9479	0.9102288	0.4730579	10.41928
77640	-4327.446	-4614.489	287.0437	0.9140667	0.5531344	11.86955
77646	-4325.024	-4612.295	287.2705	0.7018877	0.3969279	12.00225
77652	-4323.589	-4613.394	289.8048	0.8639625	0.4345983	10.55443
77658	-4313.074	-4598.617	285.5431	0.9217109	0.3793167	12.80578
77664	-4329.245	-4613.249	284.0048	0.8444898	0.3640426	13.66132
77670	-4325.629	-4611.262	285.6332	0.8297602	0.4240896	12.76194
77676	-4322.901	-4607.022	284.1217	0.794256	0.3832164	13.60664
77682	-4313.698	-4598.796	285.0983	0.8427548	0.4742653	12.98693
77688	-4325.502	-4613.3	287.7984	0.8055196	0.3885594	11.68111
77694	-4311.488	-4593.734	282.246	0.7323687	0.4362429	14.55895
77700	-4306.037	-4594.215	288.1779	0.9319474	0.4046932	11.40031
77706	-4315.286	-4597.17	281.8836	0.8323853	0.3817635	14.74835
77712	-4305.059	-4591.764	286.7046	1.003078	0.48842	12.05434
77718	-4319.666	-4606.769	287.1034	0.8126958	0.4456168	11.98431
77724	-4329.665	-4615.351	285.6861	0.8753002	0.4160422	12.71852
77730	-4318.196	-4605.797	287.6006	0.8856655	0.4115606	11.71939
77736	-4320.926	-4608.647	287.7215	0.8408676	0.3726289	11.71939
77742	-4317.072	-4603.424	286.3522	0.7587864	0.4535992	12.39669
77748	-4332.461	-4619.619	287.1581	0.7223674	0.4237401	12.02372
77754	-4308.116	-4598.275	290.1584	0.9573932	0.3601741	10.39546
77760	-4305.793	-4595.869	290.076	0.8927093	0.3482726	10.48579
77766	-4316.328	-4605.846	289.5173	1.032673	0.4674739	10.58612
77772	-4317.011	-4605.317	288.3062	0.810798	0.3798869	11.42193
77778	-4322.294	-4609.793	287.4995	0.810798	0.3927197	11.83015
77784	-4304.528	-4591.416	286.8883	0.839115	0.3927197	12.13429
77790	-4305.35	-4595.519	290.1694	0.8993654	0.4756623	10.30626
77796	-4322.028	-4612.03	290.0023	0.9998725	0.3325578	10.4859
77802	-4318.906	-4606.93	288.0234	0.8842056	0.371972	11.53971
77808	-4311.387	-4599.745	288.358	0.7696829	0.3359037	11.4641
77814	-4318.311	-4602.78	284.469	0.9005913	0.2888836	13.47746
77820	-4311.809	-4597.973	286.1632	0.7269585	0.4381044	12.5262
77826	-4321.137	-4603.941	282.8031	0.6767101	0.329234	14.40964
77832	-4311.851	-4600.463	288.6122	0.9560935	0.4168995	11.1484
77838	-4319.92	-4604.833	284.9126	0.9650757	0.4982753	12.99884
77844	-4311.58	-4600.378	288.7987	1.085938	0.4537197	10.9476
77850	-4305.154	-4590.855	285.701	0.8471495	0.4873384	12.6595
77856	-4311.865	-4601.051	289.186	1.086355	0.3870869	10.80953
77862	-4301.831	-4589.246	287.4148	0.9119102	0.3870869	11.82736
77868	-4302.834	-4592.503	289.6691	0.9684657	0.39566	10.60919
77874	-4309.952	-4598.246	288.2935	0.8194383	0.39566	11.4078
77880	-4311.662	-4598.585	286.9232	0.9572949	0.39566	12.05148
77886	-4316.755	-4603.275	286.5198	0.9171903	0.340994	12.34083
77892	-4317.027	-4606.268	289.2411	0.8337393	0.4760835	10.82757
77898	-4319.662	-4607.728	288.066	0.8591371	0.4304374	11.47173
77904	-4312.622	-4597.988	285.3654	0.7680051	0.3661101	12.99204
77910	-4316.444	-4599.991	283.5469	0.873675	0.5044236	13.75041
77916	-4314.592	-4601.462	286.8697	0.8708182	0.4055926	12.11452
77922	-4349.086	-4633.943	284.8567	0.9368438	0.3420475	13.19486
77928	-4347.285	-4630.973	283.6873	1.017359	0.3429548	13.75928
77934	-4320.907	-4606.189	285.2818	0.7704454	0.3322686	13.07141
77940	-4321.71	-4604.488	282.7787	0.7807399	0.4673134	14.22941
77946	-4310.767	-4595.044	284.2774	0.797644	0.5160267	13.40084
77952	-4324.301	-4607.426	283.1248	0.8181549	0.432115	14.06312
77958	-4341.806	-4624.39	282.5837	0.90637	0.2958302	14.44364
77964	-4335.39	-4622.534	287.1439	0.9376526	0.3590438	11.9849
77970	-4330.211	-4614.936	284.7258	0.8385176	0.3554784	13.29923
77976	-4341.596	-4627.527	285.9315	0.7378404	0.3350444	12.74724
77982	-4328.545	-4616.245	287.6998	0.8781155	0.4436605	11.64064
77988	-4332.612	-4617.083	284.4711	0.7176629	0.3877007	13.46042
77994	-4334.232	-4621.048	286.8161	0.8821065	0.4083899	12.13379
78000	-4329.758	-4614.019	284.2608	0.7653699	0.3984183	13.53397
78006	-4324.592	-4609.027	284.4351	0.7690486	0.3132605	13.53397
78012	-4338.691	-4624.682	285.9915	0.8915049	0.5496344	12.43277
78018	-4319.898	-4606.283	286.3853	0.8200705	0.4469522	12.35366
78024	-4319.119	-4606.622	287.5034	0.7909511	0.4469522	11.78562
78030	-4327.377	-4612.36	284.9831	0.8881778	0.3816492	13.11203
78036	-4330.896	-4621.197	290.301	0.9088306	0.3248177	10.38576
78042	-4346.404	-4631.234	284.8306	0.6649795	0.4000088	13.2886
78048	-4346.617	-4632.316	285.6983	0.7257778	0.4048668	12.80098
78054	-4337.382	-4621.992	284.6102	0.6615249	0.3598632	13.4465
78060	-4334.695	-4622.265	287.5705	0.8981208	0.3853412	11.75507
78066	-4331.742	-4619.648	287.9064	0.8769919	0.4352046	11.54124
78072	-4334.72	-4617.439	282.7189	0.7099885	0.4556308	14.30762
78078	-4338.492	-4621.108	282.6159	0.6888095	0.4372248	14.38904
78084	-4336.04	-4618.458	282.4185	1.010895	0.3142746	14.45301
78090	-4319.929	-4604.051	284.1213	0.6974291	0.4673339	13.57625
78096	-4328.21	-4613.816	285.6063	0.7159096	0.4673339	12.79488
78102	-4334.674	-4620.906	286.2314	0.7654182	0.3675765	12.54118
78108	-4326.443	-4609.703	283.2604	0.8916391	0.3391929	14.05008
78114	-4329.596	-4620.47	290.8742	0.932801	0.3579624	10.03448
78120	-4310.114	-4598.065	287.9513	0.840024	0.3283204	11.64855
78126	-4306.644	-4592.898	286.2547	0.8787123	0.380203	12.45677
78132	-4304.909	-4595.149	290.2402	0.9192066	0.3941223	10.33676
78138	-4317.577	-4606.739	289.1619	0.884005	0.4669954	10.85094
78144	-4330.035	-4617.437	287.4021	0.8140916	0.416371	11.8557
78150	-4327.13	-4613.814	286.684	0.8545934	0.4687761	12.16
78156	-4313.513	-4600.695	287.1828	0.8545934	0.3514561	12.01619
78162	-4338.124	-4623.784	285.6599	0.6794538	0.4646072	12.7884
78168	-4339.883	-4627.156	287.2726	0.8413473	0.5128185	11.8213
78174	-4340.621	-4626.335	285.7144	0.7989514	0.359138	12.80187
78180	-4330.666	-4615.265	284.5984	0.7908416	0.415121	13.32887
78186	-4321.681	-4605.639	283.9583	0.6629925	0.450509	13.69405
78192	-4314.27	-4601.447	287.1778	0.7845146	0.2989299	12.11602
78198	-4325.21	-4608.954	283.7441	0.7079689	0.4572564	13.77568
78204	-4331.107	-4616.266	285.1586	0.710928	0.3383703	13.15949
78210	-4333.74	-4617.693	283.9527	0.8616472	0.43988	13.60374
78216	-4326.84	-4610.899	284.0591	0.755201	0.43988	13.60374
78222	-4331.688	-4615.27	283.5822	0.8634642	0.3873536	13.84644
78228	-4320.166	-4607.563	287.3966	0.8582718	0.3819293	11.87019
78234	-4309.541	-4596.094	286.5526	0.852584	0.3819293	12.31335
78240	-4314.471	-4599.819	285.3478	0.8220424	0.3995711	12.93856
78246	-4332.773	-4617.956	285.1834	0.9217973	0.505653	12.87414
78252	-4351.336	-4638.152	286.8155	0.9613086	0.3938067	12.10744
78258	-4353.039	-4640.367	287.3274	0.8992336	0.3507404	11.91825
78264	-4334.377	-4619.194	284.8164	0.6476109	0.395253	13.30976
78270	-4324.858	-4609.728	284.8698	0.6476109	0.4617539	13.21839
78276	-4333.353	-4616.661	283.3082	0.7428765	0.3849656	14.05353
78282	-4309.968	-4593.744	283.7767	0.6220041	0.3839148	13.87434
78288	-4325.335	-4611.174	285.8393	0.7638573	0.4195406	12.69339
78294	-4319.831	-4603.645	283.8142	0.7785779	0.4117343	13.74573
78300	-4323.516	-4607.44	283.9236	0.6935709	0.3989484	13.74573
78306	-4316.051	-4602.159	286.1083	0.8556078	0.435977	12.48977
78312	-4320.748	-4605.969	285.221	0.6620838	0.4353661	13.05278
78318	-4317.7	-4602.811	285.1114	0.6770532	0.3046485	13.24067
78324	-4315.415	-4598.446	283.0308	0.7190876	0.4298048	14.16537
78330	-4316.563	-4601.042	284.4787	0.6976687	0.3887381	13.46578
78336	-4321.183	-4605.969	284.7862	0.7365988	0.4041544	13.2703
78342	-4314.643	-4598.357	283.7134	0.783046	0.3260069	13.88638
78348	-4327.949	-4612.154	284.2051	0.7616206	0.3789324	13.58472
78354	-4317.399	-4600.927	283.5283	0.6563901	0.3789324	13.99046
78360	-4319.249	-4606.412	287.1631	0.7931433	0.422723	11.98515
78366	-4330.018	-4618.155	288.1374	0.8076616	0.4056438	11.48552
78372	-4319.963	-4605.348	285.3854	0.7842675	0.3049435	13.04216
78378	-4319.652	-4609.679	290.0263	0.7839801	0.4365701	10.47823
78384	-4319.018	-4606.428	287.4095	0.7621004	0.4099143	11.88533
78390	-4330.002	-4615.9	285.8984	0.9262397	0.3644664	12.63413
78396	-4326.429	-4614.591	288.1624	0.7795402	0.436448	11.45717
78402	-4324.243	-4610.154	285.9109	0.7589254	0.3087888	12.77741
78408	-4319.672	-4606.374	286.7017	0.7952405	0.3609899	12.28765
78414	-4320.33	-4609.446	289.1162	0.895851	0.4253459	10.90775
78420	-4323.167	-4611.092	287.9253	0.9508691	0.3104682	11.62509
78426	-4321.956	-4609.297	287.3407	0.8519355	0.3829046	11.90169
78432	-4322.808	-4610.772	287.9646	0.8145682	0.4111604	11.56676
78438	-4319.359	-4604.016	284.6571	0.7930333	0.33868	13.37703
78444	-4311.762	-4602.737	290.9748	0.9456887	0.4227183	9.907868
78450	-4309.153	-4598.171	289.018	0.8163744	0.386945	11.03921
78456	-4314.094	-4602.895	288.8014	0.9534837	0.3505515	11.11964
78462	-4319.339	-4608.025	288.6856	0.7946527	0.3505515	11.26334
78468	-4317.711	-4603.548	285.8375	0.7860174	0.4182893	12.68398
78474	-4318.911	-4602.962	284.0508	0.7831408	0.3437126	13.69137
78480	-4318.599	-4603.628	285.0283	0.8851428	0.3960343	13.07539
78486	-4316.381	-4602.701	286.3199	0.8003862	0.3880019	12.45558
78492	-4318.062	-4606.435	288.3728	0.7910845	0.3557865	11.42312
78498	-4316.766	-4605.81	289.0443	0.9125157	0.4710067	10.89397
78504	-4301.309	-4589.657	288.3472	0.8340727	0.3300326	11.44277
78510	-4306.795	-4595.589	288.7932	0.9080787	0.3717581	11.12477
78516	-4316.832	-4608.188	291.3556	0.9578171	0.3506132	9.775908
78522	-4324.944	-4613.687	288.7433	0.9827465	0.5133091	10.97781
78528	-4317.26	-4602.858	285.5972	0.9161054	0.393537	12.76594
78534	-4317.557	-4604.231	286.6738	0.694622	0.3957168	12.31843
78540	-4317.568	-4602.959	285.3902	0.9661268	0.29075	12.96238
78546	-4322.334	-4608.417	286.0832	0.8885675	0.2935034	12.63876
78552	-4320.195	-4603.603	283.4088	0.8178863	0.457785	13.89212
78558	-4318.898	-4605.02	286.1216	0.8766482	0.3332711	12.57806
78564	-4308.022	-4595.382	287.36	0.7202913	0.3471223	11.99859
78570	-4325.839	-4613.079	287.2397	0.8277674	0.3532107	11.99859
78576	-4321.805	-4607.218	285.4132	0.8347206	0.3574025	12.94181
78582	-4322.016	-4607.207	285.191	0.7859472	0.2924126	13.1576
78588	-4318.841	-4606.657	287.8153	0.9186009	0.3955403	11.60607
78594	-4317.799	-4605.645	287.8455	0.7890809	0.3879994	11.66566
78600	-4317.38	-4600.516	283.1357	0.7950244	0.5291606	13.98378
78606	-4314.083	-4597.741	283.6585	0.7979658	0.3614049	13.86798
78612	-4313.714	-4600.992	287.2782	0.7764198	0.3090132	12.05573
78618	-4327.29	-4614.256	286.9664	0.9248476	0.3860188	12.05573
78624	-4328.196	-4612.899	284.7032	0.8526234	0.4902326	13.17311
78630	-4329.408	-4617.183	287.7749	0.9112793	0.3662193	11.66152
78636	-4330.86	-4613.653	282.7937	0.8143033	0.4479293	14.2219
78642	-4329.103	-4611.64	282.5369	0.7975861	0.3378664	14.4752
78648	-4337.939	-4624.888	286.9484	0.9781593	0.4720563	11.95466
78654	-4316.499	-4601.639	285.1397	0.6927932	0.3452392	13.17109
78660	-4338.472	-4625.668	287.1966	0.8424717	0.390693	11.9738
78666	-4325.076	-4613.583	288.507	0.8645578	0.3621438	11.30759
78672	-4315.295	-4603.242	287.9465	0.8814951	0.4481088	11.50577
78678	-4319.581	-4608.72	289.1393	0.8683308	0.3618851	10.97492
78684	-4308.818	-4597.623	288.8056	0.8197594	0.4401026	11.09616
78690	-4314.154	-4603.034	288.8797	0.9234555	0.4401026	11.00303
78696	-4314.997	-4602.472	287.4746	0.7864184	0.3741333	11.87513
78702	-4301.059	-4588.381	287.3223	0.7671893	0.4397233	11.8994
78708	-4313.771	-4599.988	286.217	0.7671893	0.427002	12.48779
78714	-4312.593	-4600.984	288.3906	0.7521247	0.3740829	11.41455
78720	-4321.341	-4609.468	288.1274	0.8980064	0.4721703	11.38053
78726	-4316.681	-4605.208	288.5269	0.8890681	0.5171154	11.137
78732	-4325.559	-4612.156	286.5972	0.8221935	0.4471536	12.24193
78738	-4323.913	-4609.601	285.6879	0.8816384	0.4176987	12.71265
78744	-4324.471	-4610.337	285.8661	0.8683988	0.5366739	12.52066
78750	-4313.531	-4598.283	284.7513	0.7853998	0.4590052	13.21091
78756	-4322.657	-4609.669	287.0121	0.8961656	0.4074096	12.02521
78762	-4323.365	-4611.066	287.7008	1.003093	0.4074096	11.60983
78768	-4323.691	-4611.603	287.9115	0.8676448	0.448604	11.53083
78774	-4319.39	-4603.58	284.1902	0.7272054	0.4284641	13.56102
78780	-4312.352	-4599.711	287.3584	0.7056319	0.3080354	12.05196
78786	-4322.156	-4608.53	286.3743	0.7145428	0.3402637	12.52302
78792	-4325.707	-4614.052	288.3451	0.8059016	0.3575857	11.42788
78798	-4331.011	-4617.61	286.5988	0.8674931	0.3434453	12.32282
78804	-4319.913	-4606.938	287.0246	0.8142315	0.4273264	12.04197
78810	-4319.362	-4608.953	289.5915	0.8882599	0.4594204	10.63035
78816	-4325.148	-4612.49	287.3428	0.8687042	0.3751422	11.89994
78822	-4315.321	-4603.019	287.6983	0.8638732	0.3877245	11.70377
78828	-4329.344	-4618.89	289.5455	0.8638732	0.4798635	10.64871
78834	-4336.854	-4625.315	288.461	0.7600268	0.3736567	11.37407
78840	-4334.917	-4619.955	285.0378	0.7769337	0.3884932	13.13437
78846	-4323.963	-4612.643	288.6804	0.9288138	0.3504452	11.19598
78852	-4319.12	-4605.191	286.0713	0.7901553	0.5173008	12.47064
78858	-4332.841	-4616.691	283.8506	0.7628115	0.4110353	13.7357
78864	-4333.745	-4622.964	289.2186	0.9649864	0.4581218	10.78686
78870	-4322.322	-4609.094	286.7723	0.9508689	0.3481354	12.18373
78876	-4323.79	-4607.499	283.7081	0.8528515	0.3506526	13.82537
78882	-4310.074	-4595.417	285.3429	0.7971295	0.3506526	13.00527
78888	-4308.736	-4594.176	285.4395	0.7393972	0.4543656	12.88122
78894	-4306.638	-4594.348	287.7102	0.7551299	0.4268133	11.71546
78900	-4304.368	-4592.537	288.169	0.9352958	0.4512379	11.35839
