Iteration	Posterior	Likelihood	Prior	rate_log_sd	rate_neo	tree_length
0	-4324.262	-4609.348	285.0864	0.779752	0.4553805	13.04296
6	-4321.464	-4610.328	288.8635	0.9341581	0.3864007	11.05901
12	-4316.481	-4603.168	286.6871	0.9341581	0.4301935	12.15271
18	-4318.825	-4605.847	287.0214	0.729075	0.3635843	12.15271
24	-4329.21	-4618.161	288.9516	0.8629931	0.3926187	11.04372
30	-4318.585	-4606.962	288.3774	0.9176392	0.322914	11.39151
36	-4314.01	-4598.695	284.6854	0.8201588	0.3916074	13.29189
42	-4321.325	-4608.505	287.1807	0.8958657	0.53333	11.82364
48	-4327.953	-4614.524	286.5705	0.9914715	0.4876537	12.13099
54	-4326.973	-4608.456	281.4829	0.7126993	0.482048	14.92245
60	-4328.73	-4613.635	284.9059	0.7921803	0.482048	13.10635
66	-4317.259	-4600.147	282.8879	0.8209529	0.3913154	14.22441
72	-4337.152	-4624.522	287.3694	0.9103019	0.3883264	11.85064
78	-4332.968	-4620.189	287.22	0.8621166	0.4326421	11.90992
84	-4333.082	-4620.183	287.1014	0.8183984	0.3246741	12.10766
90	-4332.934	-4619.419	286.4854	0.8257542	0.4376072	12.30733
96	-4319.445	-4605.279	285.8336	0.7462727	0.4149521	12.70994
102	-4325.582	-4611.12	285.5378	0.9082845	0.4903904	12.70994
108	-4331.789	-4620.254	288.4647	0.9186857	0.4424946	11.22056
114	-4321.362	-4606.881	285.5191	0.7638763	0.4855469	12.79908
120	-4328.186	-4614.014	285.8284	0.725402	0.3424454	12.79908
126	-4331.207	-4618.468	287.2609	0.7404696	0.3424454	12.04494
132	-4335.28	-4624.034	288.7546	0.8118986	0.38017	11.18648
138	-4336.318	-4624.734	288.4155	0.8494649	0.38017	11.34424
144	-4341.563	-4626.64	285.0771	0.7070764	0.4152995	13.12352
150	-4329.999	-4616.063	286.0637	0.7119583	0.4102842	12.61264
156	-4332.334	-4620.288	287.9536	0.7720264	0.459103	11.54909
162	-4330.903	-4617.389	286.4854	0.754299	0.459797	12.32394
168	-4326.503	-4610.296	283.7928	0.7432273	0.3831389	13.80386
174	-4329.2	-4615.678	286.4783	0.7789745	0.5371195	12.24794
180	-4336.473	-4624.468	287.995	0.8180831	0.3967263	11.56349
186	-4329.412	-4619.791	290.3793	0.8127491	0.3647506	10.35043
192	-4324.272	-4611.535	287.2636	0.7695831	0.4243339	11.94345
198	-4325.772	-4613.85	288.0771	0.8212404	0.5155916	11.40911
204	-4320.099	-4608.641	288.5425	0.8496336	0.4242315	11.23344
210	-4321.772	-4607.487	285.7148	0.8953053	0.4119414	12.69719
216	-4325.213	-4613.8	288.5874	0.8341889	0.5099918	11.14006
222	-4317.342	-4604.101	286.7588	0.7841218	0.4267301	12.19689
228	-4317.004	-4600.504	283.4996	0.7602313	0.4267301	13.90389
234	-4310.148	-4594.805	284.6574	0.7638306	0.4117662	13.31555
240	-4330.285	-4614.967	284.6824	0.7368247	0.4357502	13.29351
246	-4322.475	-4607.621	285.1456	0.696288	0.4357502	13.07382
252	-4329.792	-4616.874	287.0816	0.668266	0.4052441	12.10998
258	-4336.291	-4625.866	289.5755	0.812658	0.365277	10.7718
264	-4326.657	-4613.442	286.7845	0.6822532	0.3853956	12.27769
270	-4318.215	-4604.838	286.6233	0.8127295	0.4011807	12.27769
276	-4326.366	-4613.213	286.8469	0.7910866	0.3892229	12.18452
282	-4322.229	-4610.071	287.8425	0.8046849	0.4347141	11.61289
288	-4325.212	-4613.173	287.9613	0.733076	0.4093392	11.61289
294	-4324.761	-4610.097	285.3359	0.7146604	0.4754666	12.92891
300	-4329.804	-4615.362	285.5585	0.8055197	0.3108588	12.93407
306	-4343.293	-4629.554	286.2607	0.8664406	0.5760492	12.28463
312	-4335.92	-4622.82	286.9003	1.040131	0.4756045	11.94426
318	-4332.273	-4620.705	288.4314	0.8100513	0.4170094	11.31931
324	-4335.544	-4623.716	288.1726	0.8064206	0.4582318	11.41743
330	-4321.057	-4611.901	290.8445	1.006434	0.3394217	10.03199
336	-4322.122	-4608.864	286.7418	0.8418185	0.4943524	12.11385
342	-4323.388	-4611.565	288.1766	0.9304284	0.3450618	11.46466
348	-4321.727	-4605.485	283.7582	0.7654738	0.3864703	13.80688
354	-4319.991	-4607.823	287.8317	0.9584976	0.5208257	11.46122
360	-4330.641	-4619.804	289.1626	0.933256	0.3454669	10.9467
366	-4330.188	-4613.67	283.4822	0.7987413	0.4445655	13.87613
372	-4315.203	-4604.667	289.4648	0.8501905	0.3543069	10.8221
378	-4304.859	-4592.256	287.3971	0.8418225	0.351538	11.91092
384	-4320.741	-4606.684	285.9426	0.7489493	0.330995	12.74029
390	-4330.266	-4618.447	288.1809	0.9666379	0.512319	11.28151
396	-4324.171	-4608.742	284.5703	0.9086666	0.3459024	13.35406
402	-4324.628	-4610.294	285.6656	0.7983448	0.4859246	12.70457
408	-4322.594	-4612.555	289.9605	0.8528814	0.3715662	10.542
414	-4334.824	-4623.841	289.0172	0.8676794	0.3830557	11.01678
420	-4328.616	-4618.699	290.0832	0.9342117	0.5007568	10.31111
426	-4324.008	-4610.866	286.8583	0.8276481	0.3807706	12.16823
432	-4317.422	-4604.247	286.8244	0.816375	0.4039007	12.16823
438	-4314.075	-4604.016	289.9405	1.00499	0.4022118	10.44093
444	-4311.49	-4601.768	290.2778	1.00499	0.576577	10.10893
450	-4308.277	-4594.533	286.2565	0.9184209	0.3691511	12.44672
456	-4309.671	-4595.413	285.7418	0.8213263	0.3486595	12.78738
462	-4320.269	-4610.076	289.8077	0.9695105	0.296373	10.64695
468	-4318.736	-4604.441	285.7046	0.9421249	0.3300066	12.76475
474	-4314.31	-4600.068	285.7575	0.9088931	0.4090385	12.67076
480	-4297.27	-4586.155	288.885	0.8419722	0.398158	11.08399
486	-4294.619	-4584.8	290.1813	0.8658849	0.4058403	10.38386
492	-4293.945	-4584.033	290.0885	0.8771257	0.4703161	10.3653
498	-4299.522	-4586.1	286.5784	0.9018291	0.4792632	12.18101
504	-4303.195	-4592.207	289.0117	0.8151155	0.3969432	11.03292
510	-4302.664	-4593.392	290.7286	0.9337479	0.3969432	10.06945
516	-4292.461	-4581.375	288.9143	0.8387037	0.4596452	11.01111
522	-4291.19	-4577.532	286.3416	0.7895988	0.4058701	12.43186
528	-4293.698	-4582.054	288.3565	0.7721487	0.3764777	11.4194
534	-4299.775	-4587.214	287.4385	0.800351	0.3764777	11.88427
540	-4296.859	-4586.46	289.6006	0.7003523	0.3481144	10.83626
546	-4301.084	-4589.382	288.2977	0.8750302	0.414377	11.35785
552	-4297.425	-4583.298	285.8736	0.9024778	0.4863934	12.54168
558	-4306.695	-4592.565	285.8698	0.860066	0.4470847	12.60126
564	-4299.234	-4588.574	289.34	0.8701124	0.3361134	10.89733
570	-4308.565	-4595.082	286.5169	0.83782	0.4298813	12.29198
576	-4303.926	-4590.03	286.1044	0.8532662	0.4477377	12.48201
582	-4316.84	-4604.033	287.1922	0.7777528	0.4477377	11.95425
588	-4306.455	-4593.648	287.1922	0.7777528	0.4477377	11.95425
594	-4303.655	-4594.402	290.7468	0.7852123	0.4241902	10.11089
600	-4322.098	-4608.493	286.3945	0.7542413	0.4773883	12.35549
606	-4310.127	-4598.157	288.0301	0.7725185	0.4773883	11.49234
612	-4346.493	-4631.104	284.6105	0.7105076	0.3726413	13.40731
618	-4337.798	-4623.319	285.521	0.8212114	0.3726413	12.87653
624	-4295.173	-4582.483	287.3107	0.8413542	0.4010654	11.90434
630	-4312.085	-4600.365	288.2797	0.8319793	0.4568243	11.34938
636	-4305.29	-4591.532	286.2419	0.8085851	0.3466834	12.53585
642	-4304.55	-4587.824	283.2736	0.8664055	0.4889026	13.90934
648	-4297.45	-4582.623	285.1731	0.7456659	0.465825	13.0061
654	-4293.621	-4582.852	289.2305	0.9342317	0.4007827	10.85199
660	-4289.251	-4578.381	289.1304	1.034345	0.4007827	10.85199
666	-4279.891	-4568.81	288.9187	0.9525311	0.3971918	11.00941
672	-4287.491	-4574.354	286.863	0.7426699	0.4250372	12.16577
678	-4288.428	-4575.993	287.5653	0.7320726	0.4263057	11.80363
684	-4287.287	-4575.478	288.1908	0.7870967	0.3735647	11.50127
690	-4302.824	-4592.885	290.0617	0.8888321	0.4693554	10.37412
696	-4305.902	-4596.935	291.0332	0.9412984	0.3281172	9.979876
702	-4294.013	-4582.292	288.2784	0.9196249	0.3760742	11.38354
708	-4302.242	-4589.466	287.2241	0.7967379	0.5531853	11.83656
714	-4312.235	-4598.468	286.2337	0.7347331	0.375588	12.54751
720	-4304.927	-4589.031	284.1042	0.8231702	0.3913471	13.59242
726	-4312.697	-4597.077	284.3801	0.7513381	0.531206	13.35894
732	-4303.372	-4589.278	285.9064	0.8685115	0.5068925	12.52454
738	-4306.778	-4593.382	286.6045	0.8549039	0.3497775	12.3194
744	-4287.257	-4574.647	287.3899	0.8970899	0.4069405	11.82804
750	-4302.468	-4589.514	287.0452	0.8101765	0.4436171	12.01786
756	-4297.74	-4586.497	288.7571	0.9301882	0.367348	11.13679
762	-4294.923	-4584.163	289.2399	0.9706025	0.3694388	10.86049
768	-4300.541	-4586.78	286.2394	0.9318285	0.4900824	12.33256
774	-4288.222	-4575.666	287.4441	0.831056	0.4034909	11.83766
780	-4296.131	-4580.453	284.322	0.8587245	0.5239678	13.3393
786	-4307.942	-4592.347	284.4057	0.9575897	0.5143329	13.25254
792	-4292.386	-4582.273	289.8866	0.9408227	0.4078785	10.49723
798	-4297.87	-4585.879	288.0086	0.772953	0.4603318	11.51877
804	-4297.766	-4585.326	287.5601	0.7403593	0.29644	11.94265
810	-4298.821	-4591.507	292.6865	0.9786693	0.3643922	9.046966
816	-4301.475	-4589.858	288.3833	0.9790541	0.3848329	11.28846
822	-4316.22	-4605.901	289.6814	1.000034	0.3493025	10.63541
828	-4313.447	-4600.145	286.6982	0.8054565	0.3535499	12.29221
834	-4309.302	-4595.787	286.4846	0.8794072	0.4245607	12.29221
840	-4312.146	-4596.788	284.6417	0.8202892	0.4245607	13.28195
846	-4310.016	-4592.652	282.6357	0.6986321	0.4064702	14.4033
852	-4301.571	-4589.175	287.6043	0.8088116	0.394923	11.77424
858	-4302.856	-4589.956	287.1003	0.7792828	0.3603638	12.08883
864	-4309.895	-4594.137	284.2415	0.8667501	0.3858857	13.50406
870	-4297.223	-4582.355	285.1321	0.8548378	0.3804715	13.05311
876	-4296.877	-4581.793	284.9163	0.8973736	0.4743022	13.05311
882	-4298.124	-4584.908	286.7839	0.7933111	0.4066264	12.19865
888	-4323.865	-4608.917	285.0519	0.7597788	0.3741437	13.15082
894	-4316.577	-4600.581	284.0041	0.7038226	0.3952066	13.7024
900	-4321.462	-4606.473	285.0111	0.7694447	0.3726221	13.16862
906	-4305.809	-4593.826	288.0176	0.7697546	0.3726221	11.60187
912	-4299.192	-4584.299	285.1076	0.7156566	0.4309556	13.08807
918	-4308.139	-4593.449	285.3099	0.7640725	0.4309556	12.95773
924	-4308.028	-4596.312	288.2843	0.7882105	0.3714207	11.4541
930	-4294.548	-4583.851	289.3022	0.8452733	0.4347843	10.82766
936	-4304.163	-4594.466	290.303	1.021196	0.3894793	10.25496
942	-4300.581	-4589.561	288.9798	1.021196	0.4515232	10.88865
948	-4296.839	-4585.302	288.4627	0.8327391	0.4515232	11.25814
954	-4306.401	-4594.921	288.5201	0.7753708	0.4515232	11.25814
960	-4312.677	-4598.529	285.8522	0.712654	0.385456	12.74735
966	-4304.33	-4591.667	287.3375	0.9168513	0.3919265	11.8602
972	-4298.286	-4588.412	290.1266	0.8470704	0.3620188	10.46813
978	-4302.547	-4592.45	289.9029	0.8161415	0.3722462	10.59082
984	-4297.742	-4586.1	288.3579	0.8047355	0.4126327	11.36485
990	-4294.28	-4586.666	292.3858	1.002918	0.3479177	9.211354
996	-4300.477	-4589.883	289.406	0.973366	0.3686978	10.77277
1002	-4298.636	-4585.944	287.3081	0.8846559	0.4481577	11.83759
1008	-4321.231	-4612.759	291.5278	0.8400973	0.3827468	9.712549
1014	-4305.758	-4592.932	287.1734	0.8338058	0.4268931	11.95454
1020	-4294.873	-4582.276	287.4027	0.8581082	0.4268931	11.82216
1026	-4296.164	-4583.612	287.4485	0.8123766	0.4268931	11.82216
1032	-4301.347	-4587.824	286.4778	0.8003943	0.3366772	12.42842
1038	-4310.972	-4595.621	284.6486	0.7687131	0.3524076	13.37893
1044	-4305.593	-4591.533	285.9396	0.8260935	0.3560208	12.67392
1050	-4309.488	-4595.317	285.8284	0.9550372	0.3876998	12.6313
1056	-4304.736	-4588.955	284.219	0.7761035	0.3876998	13.56097
1062	-4306.321	-4590.546	284.2256	0.7910246	0.3768594	13.56097
1068	-4307.977	-4596.763	288.7859	0.8712504	0.5110082	11.01585
1074	-4306.595	-4594.294	287.6988	0.8231032	0.5380078	11.58721
1080	-4313.982	-4601.952	287.9696	0.8400239	0.3942013	11.56784
1086	-4308.194	-4593.599	285.4047	0.756869	0.4797515	12.86734
1092	-4331.72	-4617.068	285.3482	0.6425904	0.4698224	12.96505
1098	-4312.143	-4601.322	289.1784	0.8277704	0.3626143	10.97489
1104	-4313.202	-4600.091	286.8893	0.6675244	0.4371535	12.17965
1110	-4320.086	-4607.124	287.0382	0.6447353	0.3713543	12.17965
1116	-4314.676	-4603.106	288.4294	0.9365234	0.3713543	11.3007
1122	-4311.896	-4600.231	288.3354	0.9264215	0.4386014	11.28782
1128	-4326.412	-4614.735	288.3228	0.8350464	0.3450643	11.43807
1134	-4314.622	-4603.576	288.9535	0.8703749	0.4114892	11.0199
1140	-4327.466	-4611.228	283.7622	0.8710408	0.4500592	13.68828
1146	-4323.016	-4605.659	282.6433	0.9245061	0.3662281	14.32349
1152	-4328.125	-4612.453	284.3274	0.8966633	0.4405697	13.39033
1158	-4330.334	-4617.373	287.0394	0.9260855	0.3792829	12.02399
1164	-4329.431	-4618.375	288.9443	1.026927	0.3282127	11.03152
1170	-4324.435	-4612.075	287.6399	0.821439	0.4504861	11.69513
1176	-4327.708	-4616.107	288.399	0.9602174	0.382332	11.2927
1182	-4333.386	-4620.476	287.0901	0.8446976	0.430887	11.98851
1188	-4321.822	-4608.657	286.8346	0.8012492	0.3749833	12.20037
1194	-4331.771	-4617.192	285.4213	0.8888883	0.4058495	12.85924
1200	-4329.021	-4619.577	290.5565	1.024438	0.2707025	10.25745
1206	-4336.485	-4625.504	289.0191	0.8167491	0.4592041	10.96812
1212	-4344.721	-4633.727	289.0058	0.8037837	0.360715	11.0799
1218	-4351.727	-4637.659	285.932	0.6706394	0.3516332	12.76354
1224	-4330.854	-4617.015	286.1611	0.942062	0.3279315	12.52951
1230	-4319.405	-4606	286.5951	0.9490673	0.491867	12.13661
1236	-4308.817	-4598.798	289.9803	0.9556436	0.2901905	10.57128
1242	-4343.806	-4631.12	287.3138	0.8603748	0.3976767	11.89619
1248	-4331.799	-4619.998	288.1984	0.7453193	0.3976767	11.49424
1254	-4321.906	-4610.987	289.0803	0.8310807	0.3976767	10.9879
1260	-4315.388	-4602.386	286.9986	0.926949	0.4706089	11.95651
1266	-4327.756	-4615.868	288.112	0.856191	0.3816831	11.49787
1272	-4311.366	-4599.662	288.2961	0.8570274	0.445963	11.33779
1278	-4307.392	-4595.509	288.1169	0.8765917	0.445963	11.42126
1284	-4313.519	-4598.998	285.479	0.7821015	0.3693961	12.92212
1290	-4310.919	-4596.823	285.9048	0.9137984	0.3378908	12.66639
1296	-4302	-4588.072	286.072	0.8445879	0.3409802	12.61191
1302	-4306.659	-4591.388	284.7291	1.016921	0.5845116	12.9971
1308	-4315.248	-4600.202	284.9546	0.8500297	0.5492269	12.99438
1314	-4314.455	-4599.735	285.2798	0.7618313	0.4104536	12.99438
1320	-4318.433	-4603.673	285.2391	0.8448529	0.4383565	12.9455
1326	-4324.388	-4608.488	284.1	1.043216	0.3781632	13.49391
1332	-4317.676	-4603.154	285.4773	0.8760463	0.4130589	12.82968
1338	-4311.548	-4597.139	285.5915	0.76184	0.4130589	12.82968
1344	-4312.097	-4599.596	287.4982	0.9290394	0.381694	11.78047
1350	-4312.174	-4599.474	287.2996	0.929992	0.381694	11.88364
1356	-4320.136	-4610.217	290.0813	0.8703796	0.3653514	10.47605
1362	-4320.761	-4606.041	285.2798	0.7663983	0.3913128	13.01118
1368	-4306.345	-4595.312	288.9669	0.8260945	0.3913128	11.05636
1374	-4300.016	-4587.478	287.4622	0.9703771	0.3661192	11.79407
1380	-4312.694	-4600.247	287.5537	0.8788808	0.3661192	11.79407
1386	-4309.411	-4597.241	287.8299	0.7980631	0.4042077	11.65266
1392	-4306.921	-4591.822	284.9007	0.8339577	0.3657107	13.19975
1398	-4312.718	-4597.617	284.8991	0.7790625	0.3939899	13.19975
1404	-4310.532	-4598.169	287.6365	0.8812206	0.5394452	11.58817
1410	-4318.097	-4602.061	283.9645	0.8578903	0.4584398	13.58241
1416	-4303.794	-4589.03	285.2364	0.8856014	0.5008336	12.86954
1422	-4300.623	-4590.116	289.4926	1.024172	0.3993144	10.6689
1428	-4313.755	-4600.584	286.8288	0.9469631	0.3084817	12.20179
1434	-4318.816	-4606.71	287.8942	0.8180551	0.4283743	11.58494
1440	-4319.93	-4607.52	287.5901	0.8030079	0.3299566	11.8546
1446	-4313.492	-4600.129	286.6372	0.8026037	0.3682594	12.30965
1452	-4318.209	-4604.541	286.3321	0.9680862	0.443581	12.30742
1458	-4316.005	-4602.444	286.4394	0.8628561	0.4424046	12.30742
1464	-4305.962	-4591.927	285.9646	0.9231176	0.4469095	12.51921
1470	-4298.605	-4583.922	285.3167	0.8478764	0.3654724	12.97651
1476	-4309.045	-4593.521	284.4754	0.7041614	0.3400738	13.51603
1482	-4311.368	-4595.314	283.9455	0.8709454	0.3400738	13.70452
1488	-4313.743	-4601.039	287.2956	0.8298466	0.3850843	11.9345
1494	-4318.762	-4607.333	288.5711	0.8612206	0.281612	11.36984
1500	-4312.881	-4601.15	288.2687	0.8360235	0.4387804	11.36984
1506	-4311.375	-4600.367	288.9915	0.7842085	0.4387804	11.01867
1512	-4294.99	-4581.706	286.7158	0.8909059	0.4218016	12.16837
1518	-4300.701	-4589.271	288.57	1.045949	0.4218016	11.11866
1524	-4326.344	-4617.354	291.0097	0.9929453	0.5811473	9.72635
1530	-4303.086	-4592.43	289.3442	0.8915897	0.3659712	10.85094
1536	-4326.044	-4613.431	287.3861	0.6678939	0.4470878	11.911
1542	-4320.345	-4606.768	286.423	0.7347929	0.369006	12.45583
1548	-4310.911	-4597.043	286.1319	0.7347929	0.44258	12.53419
1554	-4297.498	-4587.187	289.6891	0.9480838	0.4222753	10.58289
1560	-4294.113	-4581.981	287.8677	0.8532612	0.4340868	11.57494
1566	-4295.889	-4583.069	287.1795	0.8482478	0.3407933	12.03302
1572	-4304.819	-4592.017	287.1983	0.8008142	0.3422575	12.04635
1578	-4305.011	-4597.467	292.4559	0.9955307	0.3691383	9.154898
1584	-4317.371	-4602.833	285.4617	0.7503457	0.361019	12.95657
1590	-4296.817	-4586.521	289.7041	0.9745688	0.5312138	10.46317
1596	-4302.609	-4591.662	289.0532	1.026292	0.6352079	10.69653
1602	-4304.752	-4591.988	287.2365	0.7230268	0.4468489	11.96053
1608	-4306.54	-4591.941	285.4006	0.7761761	0.4587214	12.87837
1614	-4306.476	-4595.58	289.1043	0.868518	0.3501442	11.00594
1620	-4309.451	-4598.602	289.1509	0.7264401	0.3974444	11.00594
1626	-4318.894	-4607.489	288.5947	0.8226102	0.4649589	11.18202
1632	-4318.282	-4604.793	286.5104	0.8040154	0.4506786	12.29338
1638	-4319.508	-4603.753	284.2447	0.6566446	0.4506786	13.54856
1644	-4304.082	-4590.868	286.7857	0.7767428	0.4177031	12.19542
1650	-4301.105	-4585.359	284.2544	0.6717558	0.500495	13.49132
1656	-4311.266	-4597.175	285.9096	0.6387904	0.3849654	12.75643
1662	-4303.829	-4591.956	288.1264	0.7514049	0.3998632	11.52648
1668	-4303.533	-4591.176	287.6428	0.6698648	0.3868024	11.83498
1674	-4308.51	-4593.574	285.0637	0.8011358	0.3868024	13.11007
1680	-4310.918	-4598.199	287.2809	0.728504	0.3888872	11.99112
1686	-4309.167	-4595.766	286.5985	0.8109302	0.3605656	12.33372
1692	-4336.551	-4622.66	286.1089	0.9011715	0.3763143	12.52505
1698	-4333.433	-4622.687	289.254	0.8616706	0.370118	10.90946
1704	-4322.983	-4610.801	287.8184	0.868169	0.4292497	11.59752
1710	-4339.414	-4624.862	285.4475	0.8310181	0.4238242	12.85814
1716	-4318.416	-4605.36	286.9447	1.004826	0.4406088	11.9716
1722	-4319.894	-4607.084	287.1894	0.9609893	0.3385299	11.9716
1728	-4324.356	-4610.552	286.1962	0.712724	0.4662369	12.49042
1734	-4334.559	-4618.456	283.897	0.9226925	0.3845261	13.65526
1740	-4329.715	-4616.772	287.0572	0.8090095	0.4370859	12.0184
1746	-4333.383	-4620.113	286.7304	0.7041784	0.3967364	12.2829
1752	-4347.012	-4631.561	284.5489	0.8112771	0.4649613	13.29718
1758	-4347.946	-4633.845	285.899	0.8887347	0.4358466	12.58166
1764	-4338.666	-4623.808	285.1422	0.8414617	0.3561888	13.08053
1770	-4323.366	-4608.013	284.6478	0.7590964	0.3881173	13.34669
1776	-4317.222	-4602.474	285.252	0.691144	0.4133225	13.04276
1782	-4300.447	-4587.41	286.9631	0.8219917	0.4133225	12.08362
1788	-4312.516	-4599.51	286.9946	0.8376338	0.3888315	12.08362
1794	-4314.638	-4601.638	287	0.9539148	0.3301081	12.08362
1800	-4316.037	-4603.82	287.7837	0.9511505	0.3825982	11.61885
1806	-4330.562	-4618.07	287.5077	0.946348	0.3170237	11.83779
1812	-4327.454	-4612.944	285.4896	0.8737522	0.3446039	12.8958
1818	-4331.955	-4619.189	287.2333	0.8548858	0.4584551	11.88264
1824	-4323.126	-4608.007	284.8811	0.8980291	0.3401935	13.20443
1830	-4309.128	-4594.852	285.7233	0.8672862	0.5560543	12.57994
1836	-4308.957	-4597.818	288.8613	0.811573	0.42985	11.08106
1842	-4310.899	-4599.376	288.4769	0.8152011	0.3710225	11.33969
1848	-4314.548	-4603.919	289.3706	0.8511921	0.5017328	10.72789
1854	-4315.718	-4601.959	286.241	0.8597495	0.3552053	12.50032
1860	-4313.111	-4598.379	285.2685	0.88354	0.4341382	12.91408
1866	-4313.476	-4599.085	285.6085	0.7249855	0.342131	12.91408
1872	-4319.534	-4604.529	284.9952	0.8761933	0.3858905	13.10759
1878	-4321.839	-4607.703	285.8639	0.9751616	0.4059708	12.58388
1884	-4317.635	-4602.79	285.1547	0.9165306	0.4444347	12.94641
1890	-4319.091	-4603.887	284.7959	0.7447061	0.4602835	13.20768
1896	-4327.885	-4611.788	283.9022	0.853478	0.2980436	13.78489
1902	-4311.768	-4601.978	290.2099	0.8418384	0.5131402	10.28239
1908	-4314.393	-4599.344	284.9505	0.8010042	0.4012337	13.15437
1914	-4312.69	-4601.884	289.1942	0.8258662	0.4012337	10.92735
1920	-4306.834	-4597.724	290.8902	0.8895229	0.3865672	10.01836
1926	-4296.828	-4583.004	286.1753	0.9818901	0.3603632	12.46537
1932	-4293.887	-4579.927	286.0402	0.9965061	0.4092683	12.4777
1938	-4296.006	-4585.443	289.4377	0.993442	0.4014003	10.71167
1944	-4303.665	-4589.096	285.431	0.8049212	0.4014003	12.90234
1950	-4310.433	-4594.159	283.7261	0.7989883	0.4044962	13.78796
1956	-4317.347	-4599.686	282.339	0.8065985	0.3538442	14.55543
1962	-4308.046	-4590.351	282.3046	0.808171	0.3697563	14.55543
1968	-4314.403	-4598.659	284.2566	0.7371711	0.4661306	13.48644
1974	-4309.161	-4597.71	288.5492	0.9358895	0.38285	11.22628
1980	-4306.894	-4599.254	292.3606	0.9873291	0.5389554	9.049852
1986	-4302.608	-4590.138	287.5299	0.9804154	0.4683283	11.65324
1992	-4313.389	-4600.753	287.3639	0.8851903	0.4683283	11.78968
1998	-4332.202	-4619.027	286.8255	0.8851903	0.5077013	12.03611
2004	-4322.311	-4609.08	286.7684	0.919303	0.4259894	12.1221
2010	-4322.519	-4609.501	286.9818	0.8798268	0.4147223	12.04232
2016	-4302.789	-4590.005	287.2169	0.7866072	0.3555838	12.02938
2022	-4310.351	-4598.257	287.906	0.8211183	0.4756934	11.5333
2028	-4314.498	-4600.684	286.1861	0.8142352	0.4756934	12.43434
2034	-4309.485	-4598.09	288.6046	0.7661996	0.3875401	11.28126
2040	-4309.206	-4595.853	286.6468	0.8171343	0.3353613	12.33313
2046	-4316.981	-4603.943	286.9615	0.9374621	0.3006357	12.147
2052	-4326.353	-4609.19	282.837	0.7571893	0.3771801	14.29837
2058	-4329.78	-4614.73	284.95	0.7986866	0.3985062	13.15857
2064	-4347.263	-4633.428	286.1648	0.8895375	0.3167942	12.56786
2070	-4317.867	-4603.05	285.1834	0.7723474	0.419474	13.03021
2076	-4315.885	-4602.345	286.4604	0.7081721	0.419474	12.39897
2082	-4312.486	-4596.378	283.8927	0.7855486	0.3928629	13.72018
2088	-4329.45	-4615.34	285.8898	0.7286127	0.3928629	12.71193
2094	-4323.213	-4611.046	287.8333	0.8056153	0.3928629	11.6584
2100	-4319.346	-4606.917	287.5707	0.7574308	0.4203479	11.79337
2106	-4312.336	-4600.336	288.0001	0.7498546	0.4129296	11.58029
2112	-4303.947	-4593.224	289.2766	0.8806136	0.4455581	10.81239
2118	-4302.977	-4590.36	287.3829	0.800526	0.4455581	11.84489
2124	-4302.956	-4588.16	285.2043	0.6650525	0.3581209	13.13788
2130	-4304.761	-4591.032	286.2714	0.7596841	0.4300207	12.46043
2136	-4301.185	-4587.714	286.5298	0.7053394	0.3733948	12.41089
2142	-4297.486	-4587.603	290.117	0.8951528	0.3528666	10.45786
2148	-4289.851	-4580.462	290.6106	0.9797298	0.3528666	10.15403
2154	-4298.851	-4587.475	288.6234	0.9702692	0.3890169	11.16311
2160	-4305.377	-4595.991	290.6144	0.9999584	0.3855462	10.10644
2166	-4302.983	-4589.412	286.4287	0.6910995	0.3855462	12.45834
2172	-4312.591	-4598.921	286.3304	0.789408	0.3855462	12.45834
2178	-4303.209	-4590.94	287.7308	0.8513251	0.3855462	11.6956
2184	-4308.708	-4597.787	289.0796	0.839783	0.4027702	10.97855
2190	-4312.576	-4601.604	289.028	0.9184628	0.4732482	10.89737
2196	-4305.596	-4592.522	286.9265	0.926594	0.4048675	12.05651
2202	-4297.111	-4586.028	288.9174	0.9554607	0.4499116	10.95732
2208	-4312.796	-4599.495	286.6985	0.9959455	0.3350042	12.21336
2214	-4303.702	-4590.653	286.9506	0.7920185	0.4504144	12.07039
2220	-4315.188	-4604.923	289.7346	0.9561382	0.5358658	10.45292
2226	-4323.931	-4610.746	286.8145	0.8291871	0.3272584	12.24867
2232	-4316.691	-4603.899	287.2081	0.8502766	0.4442156	11.91138
2238	-4315.73	-4602.855	287.1245	0.7288275	0.3414997	12.12322
2244	-4323.84	-4609.124	285.2839	0.7524144	0.3873138	13.02038
2250	-4322.513	-4608.489	285.9763	0.8726848	0.4172477	12.56761
2256	-4328.08	-4613.944	285.8643	0.8658907	0.4434245	12.60445
2262	-4327.501	-4616.251	288.7491	0.9567309	0.4886174	11.00979
2268	-4336.333	-4625.075	288.7417	1.007832	0.4886174	10.98686
2274	-4320.687	-4607.603	286.9164	1.154823	0.392314	11.95537
2280	-4313.794	-4599.485	285.6913	0.9087804	0.392314	12.72204
2286	-4326.572	-4614.872	288.3007	0.7392732	0.3626521	11.48045
2292	-4316.49	-4600.63	284.1405	0.8674711	0.4210349	13.52115
2298	-4328.784	-4611.334	282.5497	0.7248483	0.3871731	14.45361
2304	-4331.872	-4616.579	284.7072	0.8414399	0.4404946	13.22181
2310	-4332.659	-4620.766	288.1071	0.8417291	0.4132931	11.47598
2316	-4323.165	-4609.487	286.3219	0.8842683	0.3822746	12.41674
2322	-4331.26	-4620.137	288.8767	0.748424	0.346846	11.19164
2328	-4337.317	-4625.944	288.6268	0.8798265	0.3155168	11.28947
2334	-4328.65	-4617.562	288.911	0.8668474	0.3840053	11.07182
2340	-4329.25	-4617.024	287.7741	0.8884292	0.3853078	11.65383
2346	-4322.937	-4609.52	286.5829	0.7157233	0.3730816	12.37815
2352	-4322.07	-4606.907	284.8374	0.6305426	0.3872422	13.31587
2358	-4331.001	-4619.688	288.6869	0.7599362	0.358628	11.27202
2364	-4319.82	-4608.799	288.979	0.9249371	0.3681868	11.02244
2370	-4319.505	-4606.851	287.3458	0.8729446	0.3960989	11.87456
2376	-4320.131	-4606.177	286.0457	0.8901473	0.3663605	12.57422
2382	-4318.383	-4608.124	289.7407	0.8749613	0.3293936	10.69236
2388	-4320.165	-4607.973	287.8086	0.9032977	0.5235823	11.49983
2394	-4319.047	-4605.982	286.9344	0.7140825	0.3947161	12.17345
2400	-4317.518	-4602.412	284.8945	0.821056	0.4697203	13.10822
2406	-4313.286	-4601.258	287.9717	1.01026	0.369074	11.50393
2412	-4322.257	-4609.937	287.6803	0.848762	0.4337983	11.67547
2418	-4316.554	-4604.471	287.9172	0.9890829	0.3556346	11.55794
2424	-4305.115	-4590.691	285.5766	0.9206544	0.5245941	12.65421
2430	-4300.185	-4585.008	284.8225	0.7921763	0.4367675	13.191
2436	-4320.56	-4609.287	288.7268	0.865815	0.3983499	11.15414
2442	-4311.956	-4600.612	288.6564	0.9130663	0.4353053	11.12996
2448	-4319.336	-4608.049	288.7135	0.84355	0.2865163	11.29841
2454	-4329.65	-4612.536	282.8864	0.9548406	0.4944732	14.05942
2460	-4337.182	-4617.888	280.7052	0.8377166	0.4054592	15.3312
2466	-4337.363	-4622.266	284.9027	0.8435684	0.349706	13.21102
2472	-4335.364	-4622.869	287.5052	0.8482002	0.4937369	11.71267
2478	-4326.416	-4615.893	289.4762	0.9334244	0.4047466	10.71959
2484	-4323.138	-4606.244	283.1062	1.021884	0.4047466	13.99362
2490	-4327.637	-4612.529	284.8916	0.8740972	0.3637445	13.18572
2496	-4315.674	-4601.471	285.7972	0.8459912	0.4076104	12.68424
2502	-4306.389	-4592.822	286.4334	0.7835612	0.4148745	12.37827
2508	-4309.284	-4594.057	284.7733	0.7027291	0.3819938	13.31709
2514	-4320.882	-4607.476	286.5943	0.7904634	0.3819938	12.32397
2520	-4317.292	-4603.469	286.1768	0.7902813	0.4051471	12.51806
2526	-4320.648	-4606.643	285.9955	0.7718365	0.2705443	12.77417
2532	-4310.617	-4596.998	286.3814	0.7741988	0.3551554	12.4718
2538	-4323.347	-4608.128	284.7804	0.7110298	0.3866317	13.30428
2544	-4311.652	-4595.967	284.3154	0.8408611	0.3866317	13.47838
2550	-4307.582	-4594.159	286.5772	0.8718548	0.3866317	12.28563
2556	-4319.042	-4606.16	287.1172	0.8704343	0.4736545	11.92135
2562	-4311.097	-4596.597	285.4999	0.8773854	0.5096222	12.72921
2568	-4321.304	-4608.483	287.1792	0.762339	0.399576	12.01571
2574	-4317.399	-4604.6	287.201	0.8579792	0.3417207	12.01571
2580	-4298.855	-4584.955	286.0997	0.8099689	0.3347718	12.6225
2586	-4305.467	-4594.6	289.1329	0.7722224	0.3797578	11.00961
2592	-4312.015	-4601.084	289.0695	0.8356485	0.3797578	11.00961
2598	-4315.283	-4602.819	287.5365	0.7557948	0.427303	11.80536
2604	-4313.245	-4600.043	286.7981	0.8060936	0.3697637	12.22238
2610	-4306.911	-4598.188	291.2764	0.8022143	0.3697637	9.878713
2616	-4296.606	-4587.361	290.7548	0.9209122	0.3058622	10.16342
2622	-4305.126	-4592.96	287.834	0.8625759	0.4311507	11.5905
2628	-4309.991	-4599.971	289.9804	0.8297878	0.3893496	10.52507
2634	-4311.141	-4599.476	288.3354	0.9260647	0.3130283	11.42067
2640	-4314.128	-4602.754	288.6259	0.6892031	0.313826	11.39168
2646	-4315.414	-4601.448	286.0337	0.7803623	0.4050847	12.59779
2652	-4314.729	-4600.66	285.9308	0.7975973	0.4516401	12.59779
2658	-4302.24	-4590.194	287.9539	0.887707	0.3679257	11.57849
2664	-4311.455	-4597.763	286.308	0.7419404	0.3679257	12.51314
2670	-4313.722	-4604.102	290.3801	0.9292596	0.3532243	10.30135
2676	-4318.63	-4609.075	290.4449	0.9484379	0.3146024	10.30135
2682	-4309.576	-4599.904	290.3276	0.9594905	0.4182709	10.24545
2688	-4309.463	-4597.366	287.903	0.8999477	0.4046735	11.56079
2694	-4338.458	-4625.236	286.7778	0.8332378	0.4636978	12.12681
2700	-4301.394	-4589.099	287.7051	0.8753705	0.4083273	11.67338
2706	-4305.212	-4593.763	288.5504	0.959699	0.3760506	11.22028
2712	-4309.515	-4597.827	288.3115	0.9770682	0.3740802	11.33831
2718	-4318.593	-4607.161	288.5683	0.8914805	0.3800686	11.24242
2724	-4313.488	-4600.997	287.5091	0.9618849	0.5257858	11.62389
2730	-4316.389	-4604.246	287.8569	0.9187109	0.3577896	11.62389
2736	-4302.589	-4588.602	286.0123	0.7906639	0.4500874	12.56038
2742	-4298.791	-4584.659	285.8684	0.7857193	0.4002673	12.68588
2748	-4299.522	-4588.021	288.4997	0.878263	0.3547528	11.31228
2754	-4301.984	-4590.825	288.8406	0.9087008	0.2718713	11.2165
2760	-4307.155	-4591.307	284.1516	0.8251664	0.2718713	13.70287
2766	-4302.128	-4588.814	286.6865	0.8236315	0.3706241	12.27052
2772	-4320.766	-4603.862	283.0957	0.7394735	0.3394428	14.21405
2778	-4344.831	-4631.604	286.7732	0.882117	0.3664237	12.19927
2784	-4327.576	-4611	283.4244	0.8051242	0.4187668	13.92731
2790	-4337.443	-4623.465	286.022	0.7668953	0.2825836	12.74755
2796	-4334.614	-4621.619	287.0049	0.7636918	0.4022739	12.10316
2802	-4313.187	-4598.8	285.613	0.8195033	0.4010304	12.80041
2808	-4314.679	-4600.392	285.713	0.7355226	0.3927976	12.80041
2814	-4311.224	-4596.906	285.6814	0.7671219	0.3927976	12.80041
2820	-4318.057	-4602.945	284.8881	0.7724369	0.4062515	13.19667
2826	-4308.861	-4594.997	286.1358	0.8626537	0.4336012	12.47404
2832	-4326.257	-4615.595	289.3374	0.8442189	0.3647033	10.88071
2838	-4328.125	-4617.105	288.9802	0.8749198	0.4043326	11.01066
2844	-4320.358	-4606.064	285.7054	0.8394443	0.5173254	12.6355
2850	-4330.826	-4614.643	283.8169	0.8251673	0.3888433	13.74301
2856	-4337.847	-4625.086	287.2392	0.8320824	0.3888433	11.9589
2862	-4340.911	-4626.419	285.5073	0.8078819	0.332034	12.93495
2868	-4325.811	-4613.88	288.0697	0.9519177	0.4434223	11.40893
2874	-4334.516	-4617.814	283.298	0.9812015	0.3490442	13.97326
2880	-4334.629	-4621.7	287.072	0.7865272	0.386477	12.07232
2886	-4318.894	-4605.921	287.0264	0.8321397	0.386477	12.07232
2892	-4315.444	-4601.858	286.4148	0.7701873	0.386477	12.4234
2898	-4322.731	-4612.146	289.415	0.8184213	0.3616324	10.85686
2904	-4335.194	-4624.846	289.6522	0.7893135	0.3616324	10.74776
2910	-4328.577	-4613.088	284.5109	0.7320432	0.420848	13.39935
2916	-4317.696	-4603.627	285.9305	0.8877942	0.3899792	12.61083
2922	-4320.046	-4608.131	288.0849	0.8342563	0.4001764	11.50454
2928	-4320.276	-4603.988	283.7121	0.6996457	0.4406568	13.81191
2934	-4317.273	-4604.463	287.1903	0.809807	0.4406568	11.94513
2940	-4306.822	-4595.536	288.7145	0.7646464	0.3718027	11.24102
2946	-4301.456	-4589.106	287.6504	0.8269647	0.3718027	11.76462
2952	-4310.654	-4599.95	289.2955	0.8268122	0.3276502	10.953
2958	-4310.205	-4597.878	287.6732	1.003795	0.4061215	11.62514
2964	-4310.344	-4598.108	287.7639	0.7940091	0.3108906	11.79083
2970	-4317.613	-4604.966	287.353	0.8517511	0.3108906	11.97517
2976	-4315.35	-4599.853	284.5036	0.7827495	0.3947926	13.40254
2982	-4324.351	-4608.757	284.4056	0.8483069	0.4116973	13.40254
2988	-4309.321	-4594.565	285.2437	0.869575	0.3922239	12.97538
2994	-4322.596	-4611.182	288.5866	1.020522	0.3903717	11.15464
3000	-4308.711	-4592.632	283.9211	0.8619569	0.3886223	13.6701
3006	-4297.554	-4581.66	284.1054	0.6867296	0.3840301	13.6701
3012	-4294.35	-4585.448	291.0972	0.8944747	0.3840301	9.909459
3018	-4296.632	-4582.107	285.4742	0.7055674	0.4160211	12.9171
3024	-4293.925	-4579.252	285.3268	0.8529905	0.4160211	12.9171
3030	-4310.156	-4598.309	288.1537	0.9074757	0.4160211	11.41456
3036	-4321.398	-4608.362	286.9637	0.6959362	0.3838419	12.17875
3042	-4321.514	-4609.148	287.6339	0.7559843	0.4091024	11.77217
3048	-4328.959	-4615.995	287.0365	0.8939428	0.291153	12.14218
3054	-4313.416	-4601.041	287.6243	0.8997854	0.2926381	11.83058
3060	-4331.602	-4615.716	284.1147	0.7410078	0.3999083	13.62098
3066	-4340.066	-4622.193	282.1269	0.830909	0.4080635	14.59671
3072	-4307.773	-4595.845	288.0717	0.7899564	0.3896948	11.54524
3078	-4311.47	-4595.838	284.3684	0.8619351	0.3527059	13.47575
3084	-4301.091	-4588.218	287.1272	0.8786482	0.4001662	11.98154
3090	-4304.666	-4591.014	286.3475	0.8651852	0.4413344	12.3551
3096	-4317.771	-4602.194	284.4227	0.7501628	0.4703369	13.38966
3102	-4312.689	-4600.329	287.64	0.8033159	0.3537221	11.80184
3108	-4317.59	-4599.826	282.236	0.5792244	0.3708228	14.70836
3114	-4320.078	-4605.35	285.2715	0.7340713	0.3773612	13.04666
3120	-4326.484	-4612.977	286.4937	0.722538	0.3580995	12.43706
3126	-4325.362	-4609.712	284.3501	0.8588286	0.3421288	13.49846
3132	-4326.495	-4611.027	284.5322	0.6767732	0.3421288	13.49846
3138	-4336.682	-4621.165	284.4826	0.7775967	0.3187423	13.49846
3144	-4327.002	-4610.648	283.6461	0.8235014	0.5140166	13.71685
3150	-4331.538	-4616.326	284.788	0.829888	0.4370539	13.18905
3156	-4325.327	-4610.373	285.0453	0.7735011	0.4402178	13.08162
3162	-4338.944	-4625.931	286.987	0.8416538	0.3772649	12.09743
3168	-4332.847	-4620.543	287.6956	0.8950632	0.3800852	11.69678
3174	-4339.065	-4623.393	284.3288	0.7106191	0.3515575	13.57613
3180	-4317.943	-4605.079	287.1359	0.7627534	0.3861251	12.05174
3186	-4323.957	-4612.074	288.1163	0.8496338	0.3714429	11.50978
3192	-4318.907	-4604.68	285.7728	0.6970602	0.3650521	12.81817
3198	-4313.212	-4600.972	287.7599	0.77961	0.4440163	11.66035
3204	-4316.688	-4602.672	285.9846	0.7588938	0.4440163	12.597
3210	-4324.198	-4609.436	285.2383	0.7738067	0.4269327	12.99373
3216	-4327.786	-4613.104	285.3178	0.8296089	0.3577337	12.99373
3222	-4315.313	-4603.044	287.7305	0.793351	0.4163594	11.69505
3228	-4327.762	-4615.6	287.8377	0.793351	0.3618193	11.69505
3234	-4328.573	-4617.326	288.7527	0.9698641	0.3331477	11.15606
3240	-4345.903	-4634.403	288.5003	0.9082673	0.4066899	11.24205
3246	-4349.751	-4640.348	290.5972	0.8907487	0.3110409	10.25591
3252	-4312.154	-4594.229	282.0751	0.8610252	0.4153421	14.60083
3258	-4321.807	-4607.755	285.9478	0.695068	0.3793761	12.71307
3264	-4323.586	-4613.602	290.0156	0.7774035	0.4186821	10.5046
3270	-4321.418	-4611.645	290.2269	1.015948	0.4315037	10.25583
3276	-4344.402	-4636.348	291.9467	1.085529	0.2939872	9.463319
3282	-4338.674	-4624.72	286.0455	0.7414736	0.3280688	12.69399
3288	-4346.961	-4633.857	286.8958	0.8819217	0.2549407	12.26854
3294	-4328.049	-4612.942	284.8931	0.7730745	0.5010394	13.1064
3300	-4346.219	-4633.913	287.6943	0.8200179	0.3941541	11.72219
3306	-4343.474	-4628.161	284.6871	0.8647357	0.3460727	13.316
3312	-4327.402	-4617.237	289.8349	0.8962931	0.331977	10.62879
3318	-4325.106	-4611.002	285.896	0.8526324	0.4480115	12.59062
3324	-4306.599	-4593.413	286.814	0.8695042	0.446369	12.10497
3330	-4303.322	-4587.787	284.4657	0.9220928	0.4299845	13.3153
3336	-4297.202	-4583.697	286.495	0.832149	0.4251645	12.31087
3342	-4317.327	-4604.046	286.7194	0.775894	0.3676207	12.28144
3348	-4309.788	-4596.191	286.4032	0.8836657	0.4796784	12.28144
3354	-4308.554	-4594.789	286.2354	0.7645115	0.4354003	12.47159
3360	-4312.186	-4595.464	283.2776	0.7570134	0.4088872	14.038
3366	-4318.054	-4605.473	287.4191	0.877757	0.3669858	11.864
3372	-4329.828	-4613.478	283.6503	0.7372409	0.3517982	13.91409
3378	-4334.365	-4617.295	282.9308	0.6946728	0.4363828	14.22364
3384	-4340.922	-4627.854	286.9314	0.8920361	0.4686976	12.01147
3390	-4316.293	-4604.291	287.9975	0.659492	0.4371596	11.60545
3396	-4314.747	-4602.362	287.6155	0.8159497	0.4255535	11.73436
3402	-4313.925	-4599.299	285.3731	0.7871118	0.454546	12.89081
3408	-4295.829	-4584.466	288.6372	0.7751223	0.3582218	11.29052
3414	-4302.052	-4589.913	287.8608	0.7875795	0.4151429	11.63117
3420	-4326.339	-4612.73	286.3914	0.9011775	0.4100158	12.34366
3426	-4317.804	-4601.763	283.9583	0.8400062	0.4100158	13.64075
3432	-4313.529	-4598.946	285.4171	0.8314492	0.4100158	12.8872
3438	-4310.979	-4594.82	283.8403	0.8185717	0.4115542	13.71161
3444	-4308.026	-4595.995	287.969	0.8519148	0.3775697	11.57911
3450	-4318.816	-4607.61	288.7939	0.8423235	0.4313357	11.09883
3456	-4318.748	-4607.554	288.8065	0.8672429	0.4269899	11.08333
3462	-4308.357	-4596.478	288.1204	0.8116287	0.4555558	11.44448
3468	-4303.635	-4594.231	290.5964	0.8891274	0.4555558	10.10553
3474	-4301.784	-4589.189	287.4044	0.7594838	0.3585382	11.94245
3480	-4295.679	-4582.856	287.1774	0.7941949	0.4929844	11.91265
3486	-4306.527	-4593.358	286.8308	0.6397511	0.3189127	12.34853
3492	-4311.31	-4597.649	286.3389	0.7513447	0.3628809	12.49753
3498	-4303.789	-4589.66	285.8717	0.7383129	0.4429911	12.66743
3504	-4302.09	-4588.772	286.6825	0.6392458	0.3689442	12.37044
3510	-4311.343	-4599.345	288.0015	0.8368021	0.3689442	11.57915
3516	-4323.888	-4613.655	289.7665	0.9070912	0.4072808	10.5786
3522	-4335.104	-4619.664	284.5599	0.7392728	0.4050972	13.38552
3528	-4336.172	-4623.369	287.1976	0.9208227	0.5132263	11.81861
3534	-4307.999	-4595.011	287.0119	0.8813162	0.36446	12.07731
3540	-4318.962	-4604.537	285.5748	0.8377122	0.3205234	12.89749
3546	-4310.608	-4592.352	281.7437	0.7052679	0.3177612	14.95645
3552	-4322.933	-4608.65	285.717	0.8327959	0.3910746	12.74945
3558	-4320.963	-4606.245	285.2816	0.9787675	0.5071105	12.79222
3564	-4327.706	-4615.087	287.3807	0.8996802	0.4232716	11.81543
3570	-4335.116	-4619.504	284.3884	0.8861223	0.3987065	13.40471
3576	-4332.381	-4616.57	284.1897	0.8509228	0.4632944	13.46471
3582	-4321.232	-4604.988	283.7564	0.7636774	0.348211	13.84924
3588	-4316.075	-4601.94	285.8643	0.7390001	0.4553859	12.65945
3594	-4320.246	-4605.242	284.9965	0.8040652	0.3487557	13.18382
3600	-4324.514	-4609.173	284.6589	0.8260738	0.3487557	13.3478
3606	-4320.629	-4605.172	284.5435	0.8139959	0.4126574	13.3478
3612	-4329.636	-4615.091	285.4556	0.7473675	0.3652292	12.9568
3618	-4336.259	-4619.331	283.0711	0.6434785	0.4401925	14.17386
3624	-4326.532	-4612.162	285.6302	0.8281042	0.4915637	12.70255
3630	-4304.464	-4594.14	289.6754	0.8990095	0.3946514	10.6434
3636	-4312.633	-4597.544	284.9105	0.9234341	0.4138507	13.09902
3642	-4306.073	-4593.251	287.1775	0.9447207	0.4936473	11.83342
3648	-4316.163	-4602.611	286.4482	0.8932137	0.4095626	12.31863
3654	-4324.848	-4613.149	288.3003	0.8875188	0.3929106	11.37148
3660	-4326.37	-4613.259	286.8891	0.791383	0.3991829	12.15222
3666	-4318.168	-4606.614	288.4454	0.7911719	0.384712	11.35436
3672	-4316.847	-4603.053	286.2061	0.7248621	0.3962326	12.54581
3678	-4316.896	-4605.584	288.688	0.9210603	0.3480396	11.19872
3684	-4312.825	-4602.304	289.4789	0.8559647	0.4214067	10.74232
3690	-4311.661	-4598.431	286.7708	0.8497714	0.3686445	12.21505
3696	-4309.529	-4595.208	285.6784	0.7684583	0.3355236	12.86247
3702	-4309.815	-4601.352	291.5371	0.9045152	0.357158	9.701134
3708	-4317.738	-4607.995	290.2568	0.9045152	0.4570843	10.27457
3714	-4316.617	-4607.571	290.9543	0.7521871	0.3591495	10.08605
3720	-4332.1	-4621.283	289.1823	0.8486532	0.3242749	11.00479
3726	-4325.221	-4612.607	287.3857	0.8861879	0.4336018	11.80997
3732	-4318.615	-4600.186	281.5702	0.7151374	0.3572857	14.99691
3738	-4323.069	-4607.071	284.0022	0.7468449	0.4626618	13.61661
3744	-4319.737	-4604.963	285.2256	0.8126358	0.3917345	13.0149
3750	-4319.779	-4605.771	285.992	0.8277426	0.3327601	12.67159
3756	-4305.573	-4591.864	286.2916	0.7558793	0.4362363	12.44602
3762	-4303.007	-4589.087	286.0803	0.8728872	0.4902543	12.44602
3768	-4312.912	-4597.851	284.9388	0.8009536	0.4496578	13.11394
3774	-4309.822	-4595.481	285.6597	0.8948275	0.4496578	12.69011
3780	-4315.049	-4602.983	287.9348	0.797583	0.392998	11.60947
3786	-4312.647	-4596.501	283.8539	0.7165868	0.3715479	13.79808
3792	-4326.907	-4614.158	287.2517	0.7242176	0.4499921	11.94906
3798	-4313.41	-4599.418	286.0085	0.7223403	0.4499921	12.59803
3804	-4326.303	-4613.839	287.5361	0.7417187	0.3466562	11.89601
3810	-4311.833	-4596.829	284.9954	0.7623416	0.3338206	13.22268
3816	-4296.368	-4580.194	283.8262	0.7401498	0.4247994	13.74675
3822	-4299.98	-4582.75	282.77	0.7026184	0.4247994	14.31382
3828	-4312.074	-4600.108	288.0338	0.8969791	0.3368272	11.56598
3834	-4306.149	-4592.959	286.8103	0.8969791	0.3783893	12.15956
3840	-4304.367	-4591.169	286.8029	0.7209792	0.4451256	12.18934
3846	-4322.358	-4609.179	286.821	0.8045947	0.3943481	12.18574
3852	-4310.799	-4597.674	286.8746	0.8055828	0.3669653	12.18574
3858	-4302.824	-4585.251	282.4272	0.70108	0.4243931	14.49256
3864	-4307.769	-4592.21	284.4407	0.7669691	0.4350652	13.40407
3870	-4305.564	-4593.835	288.2709	0.9586473	0.4350652	11.3081
3876	-4302.381	-4591.191	288.8095	0.8663925	0.4110406	11.09782
3882	-4310.987	-4599.47	288.4835	0.9519349	0.5521836	11.09782
3888	-4308.702	-4593.202	284.4993	0.8030966	0.4394395	13.35075
3894	-4300.517	-4588.171	287.6537	0.8852319	0.4715675	11.63534
3900	-4305.951	-4590.876	284.9252	0.8011258	0.4715675	13.10096
3906	-4304.136	-4588.576	284.441	0.7928696	0.4290678	13.39615
3912	-4306.239	-4591.951	285.712	0.8440528	0.4290678	12.70868
3918	-4306.131	-4592.039	285.9085	0.9271399	0.4290678	12.56315
3924	-4303.368	-4588.624	285.2557	0.7706634	0.3873404	13.02555
3930	-4317.4	-4600.397	282.9971	0.7040677	0.374433	14.24579
3936	-4315.652	-4597.721	282.0689	0.666967	0.3869772	14.73272
3942	-4314.276	-4601.212	286.9359	0.8900185	0.3987027	12.07687
3948	-4326.727	-4611.887	285.1601	0.6888809	0.4040846	13.10088
3954	-4323.665	-4609.469	285.8035	0.7864625	0.4202935	12.69949
3960	-4307.513	-4594.16	286.6463	0.7846291	0.3410086	12.34398
3966	-4315.275	-4599.858	284.5836	0.8784076	0.5211062	13.19555
3972	-4315.153	-4600.01	284.8565	0.822037	0.4998539	13.10102
3978	-4317.838	-4602.87	285.0318	0.7879986	0.3311865	13.19346
3984	-4319.384	-4607.968	288.5838	0.8318709	0.4110781	11.23401
3990	-4311.283	-4595.229	283.9462	0.680068	0.4016939	13.73824
3996	-4298.295	-4585.47	287.1742	0.8541286	0.3446413	12.02844
4002	-4302.677	-4589.922	287.2456	0.7924544	0.3401077	12.02844
4008	-4304.916	-4592.023	287.1072	0.8089932	0.4185448	12.0101
4014	-4302.178	-4589.444	287.2659	0.8188753	0.4185448	11.92213
4020	-4309.815	-4599.873	290.0585	0.7792739	0.3584575	10.54329
4026	-4305.284	-4593.3	288.0153	0.8212553	0.4293014	11.51908
4032	-4318.187	-4606.018	287.8318	0.8212553	0.3531055	11.69298
4038	-4318.978	-4604.393	285.4147	0.8696717	0.3531055	12.92752
4044	-4313.591	-4600.883	287.2915	0.9028274	0.4893795	11.79953
4050	-4300.731	-4588.975	288.2437	0.943068	0.3963537	11.3685
4056	-4311.008	-4599.121	288.1135	1.002481	0.3742958	11.42833
4062	-4326.259	-4610.997	284.7379	0.984795	0.6973713	12.92772
4068	-4343.938	-4631.547	287.6089	0.8766402	0.3653483	11.76725
4074	-4317.697	-4603.753	286.0563	0.9766904	0.3849295	12.50418
4080	-4314.11	-4600.348	286.2376	0.8221311	0.4278796	12.44758
4086	-4306.502	-4593.566	287.0645	0.7755223	0.4278796	12.04083
4092	-4316.825	-4604.464	287.6394	0.9764789	0.3823378	11.68129
4098	-4302.414	-4585.226	282.8124	0.7960363	0.4700267	14.2016
4104	-4305.873	-4590.764	284.8906	0.7047399	0.4700267	13.17043
4110	-4305.474	-4592.617	287.1425	0.8515041	0.3576979	12.03201
4116	-4315.993	-4604.293	288.2998	0.8020235	0.3827897	11.42682
4122	-4315.247	-4604.507	289.2596	0.8419837	0.4174113	10.86853
4128	-4312.796	-4601.129	288.3332	0.7372392	0.4174113	11.40834
4134	-4316.683	-4602.998	286.3152	0.7372392	0.4174113	12.46152
4140	-4321.265	-4608.367	287.1023	0.7569333	0.4406999	12.01863
4146	-4312.915	-4599.735	286.8199	0.840568	0.4602464	12.10418
4152	-4308.902	-4595.851	286.9493	0.7669125	0.4602464	12.07507
4158	-4314.974	-4601.842	286.8681	0.9439036	0.3915903	12.09134
4164	-4310.418	-4597.713	287.2947	0.8403519	0.4693008	11.8483
4170	-4315.012	-4599.269	284.2571	0.8017962	0.3461257	13.57195
4176	-4323.8	-4610.308	286.5085	0.8161641	0.4112786	12.32567
4182	-4327.67	-4619.302	291.6324	0.9341006	0.3923954	9.597856
4188	-4318.231	-4605.153	286.9216	0.9440746	0.3343635	12.12479
4194	-4322.497	-4608.989	286.4926	0.8903206	0.291292	12.42738
4200	-4321.297	-4609.799	288.5022	0.8341918	0.411758	11.27481
4206	-4326.564	-4612.36	285.7967	0.7769071	0.3417968	12.78954
4212	-4322.636	-4608.729	286.0932	0.811642	0.3759256	12.58029
4218	-4318.868	-4608.155	289.2876	0.8246171	0.3223473	10.96446
4224	-4306.771	-4596.409	289.6382	0.9993641	0.5292695	10.48635
4230	-4317.715	-4603.85	286.1344	0.7733102	0.4850399	12.47428
4236	-4323.792	-4611.894	288.1019	0.9094516	0.3613625	11.49683
4242	-4318.645	-4609.158	290.5131	0.8590044	0.4056407	10.21331
4248	-4304.523	-4593.781	289.2573	0.768934	0.4074181	10.91794
4254	-4300.153	-4585.22	285.0674	0.7543738	0.437466	13.08266
4260	-4297.172	-4582.178	285.0052	0.8554022	0.416418	13.08266
4266	-4296.588	-4581.729	285.1413	0.7193786	0.416418	13.08266
4272	-4311.95	-4596.436	284.4864	0.8278742	0.3846779	13.39834
4278	-4301.294	-4588.815	287.5215	0.8112273	0.3947093	11.81645
4284	-4314.914	-4600.078	285.1635	0.8208713	0.4793268	12.95992
4290	-4331.612	-4617.289	285.6769	0.7350202	0.5041039	12.71589
4296	-4329.457	-4617.941	288.4849	0.8295078	0.404138	11.2939
4302	-4338.692	-4623.327	284.6345	0.8754595	0.4526784	13.23056
4308	-4333.462	-4619.725	286.2624	0.7861154	0.3574613	12.52509
4314	-4326.045	-4613.555	287.5096	0.8002029	0.3994992	11.82357
4320	-4322.66	-4609.05	286.3892	0.7435338	0.4554788	12.38362
4326	-4324.986	-4612.29	287.3043	0.7704099	0.4554788	11.89239
4332	-4334.988	-4621.64	286.6528	0.8226493	0.4966543	12.16825
4338	-4321.671	-4606.983	285.3116	0.7589814	0.4963946	12.90015
4344	-4325.135	-4608.712	283.5765	0.7302103	0.4963946	13.81638
4350	-4313.137	-4597.183	284.0454	0.821095	0.4487961	13.56837
4356	-4304.215	-4590.354	286.1391	0.7866289	0.4729322	12.47564
4362	-4303.473	-4589.576	286.1034	0.8690454	0.4463256	12.47564
4368	-4318.141	-4603.287	285.1468	0.8839402	0.6106189	12.82922
4374	-4330.158	-4617.234	287.076	0.7870826	0.5088287	11.95561
4380	-4331.651	-4619.593	287.9427	0.9675007	0.3216052	11.5942
4386	-4317.738	-4604.927	287.1894	0.8713573	0.3886498	11.96459
4392	-4316.652	-4605.09	288.4373	0.8772351	0.4835134	11.21912
4398	-4310.718	-4598.154	287.4357	0.9070783	0.4095106	11.79633
4404	-4315.626	-4602.601	286.975	1.003572	0.4095106	11.98645
4410	-4322.653	-4609.448	286.7957	1.017437	0.3173666	12.17177
4416	-4319.699	-4606.474	286.7745	0.866876	0.4000405	12.17177
4422	-4324.2	-4613.553	289.3531	0.9306112	0.4152785	10.77516
4428	-4324.871	-4611.019	286.1485	0.9761971	0.3959561	12.44519
4434	-4314.838	-4599.449	284.6116	0.8090755	0.3803534	13.34751
4440	-4314.926	-4605.814	290.888	1.025753	0.3818209	9.952761
4446	-4321.085	-4612.764	291.6793	1.069742	0.3693147	9.525778
4452	-4314.653	-4601.756	287.1028	0.9494669	0.3450478	12.01552
4458	-4328.826	-4617.584	288.7578	1.018268	0.3844358	11.07234
4464	-4320.132	-4608.368	288.2364	0.9139892	0.36688	11.41818
4470	-4315.085	-4603.21	288.125	0.9674255	0.3960212	11.41818
4476	-4312.087	-4599.758	287.6712	0.946687	0.3960212	11.6662
4482	-4330.278	-4620.389	290.1111	1.076787	0.3594822	10.35836
4488	-4324.118	-4614.875	290.7572	0.9933447	0.5180184	9.910634
4494	-4309.579	-4599.887	290.3082	1.05314	0.44836	10.17754
4500	-4311.511	-4601.868	290.3563	0.8488918	0.336879	10.37436
4506	-4315.016	-4603.478	288.4622	0.9532701	0.4026355	11.24253
4512	-4316.529	-4604.664	288.1356	0.8581141	0.4080841	11.45768
4518	-4304.924	-4593.03	288.1061	0.9142584	0.3942451	11.45768
4524	-4303.851	-4591.542	287.6914	0.8426574	0.4873647	11.62387
4530	-4302.203	-4590.007	287.8047	0.9465509	0.3739692	11.61931
4536	-4304.976	-4589.956	284.9802	0.8416501	0.2806304	13.25291
4542	-4303.542	-4591.448	287.9064	0.7654714	0.338588	11.69926
4548	-4315.715	-4604.043	288.3278	0.7776564	0.3419315	11.46894
4554	-4311.063	-4600.431	289.368	0.8881351	0.3419315	10.86664
4560	-4310.152	-4598.375	288.2234	1.024178	0.3852311	11.34807
4566	-4313.901	-4600.659	286.7573	0.8454595	0.4529512	12.14099
4572	-4319.008	-4607.739	288.7309	0.904942	0.4529512	11.07866
4578	-4301.769	-4587.983	286.2141	0.7585567	0.4013094	12.51897
4584	-4304.896	-4589.257	284.3614	0.7461382	0.4213251	13.46919
4590	-4300.326	-4584.799	284.4725	0.7285893	0.3730306	13.46919
4596	-4303.137	-4588.558	285.4209	0.907705	0.3971111	12.8584
4602	-4296.773	-4584.588	287.8148	0.8425059	0.388814	11.65293
4608	-4306.311	-4595.584	289.2729	0.7992925	0.3913073	10.91012
4614	-4311.398	-4599.191	287.7926	0.8868334	0.4784989	11.55574
4620	-4302.782	-4589.699	286.9172	0.8276819	0.3318195	12.1907
4626	-4318.579	-4605.238	286.6594	0.7786514	0.3271192	12.35596
4632	-4314.22	-4604.06	289.8396	0.8732048	0.419792	10.54563
4638	-4320.508	-4605.842	285.3335	0.801297	0.3920976	12.96429
4644	-4312.374	-4601.87	289.4957	0.8140463	0.3637292	10.8146
4650	-4306.705	-4594.267	287.5624	0.780503	0.4702721	11.7389
4656	-4306.832	-4594.291	287.4584	0.80811	0.4250819	11.82094
4662	-4317.722	-4604.491	286.7682	0.7927379	0.4182522	12.19569
4668	-4314.483	-4603.81	289.3268	0.968203	0.4186257	10.76597
4674	-4312.48	-4599.321	286.8411	0.8193455	0.4186257	12.14341
4680	-4313.333	-4603.617	290.2843	0.9490427	0.4314777	10.26085
4686	-4315.937	-4599.653	283.7159	0.7810384	0.4211559	13.78627
4692	-4325.787	-4611.237	285.4494	0.8754185	0.392043	12.86552
4698	-4308.626	-4593.84	285.2131	0.7907169	0.4055587	13.0189
4704	-4319.027	-4608.473	289.4456	0.929281	0.3837168	10.75928
4710	-4319.596	-4608.416	288.8195	0.8605183	0.3837168	11.12336
4716	-4324.827	-4611.514	286.6871	0.7885689	0.3837168	12.27481
4722	-4330.261	-4615.794	285.5327	0.8557368	0.3681041	12.85726
4728	-4329.471	-4616.403	286.9326	0.9196942	0.3485693	12.11594
4734	-4330.164	-4617.887	287.7229	0.8818983	0.4563459	11.61479
4740	-4333.37	-4619.354	285.9846	0.7319012	0.4442224	12.61088
4746	-4328.762	-4614.337	285.5751	0.6749576	0.3386454	12.96132
4752	-4328.203	-4613.654	285.4513	0.7736885	0.3729512	12.93718
4758	-4324.94	-4608.521	283.5808	0.7329117	0.3729512	13.92976
4764	-4319.565	-4607.481	287.9161	0.8145523	0.3702146	11.63402
4770	-4313.314	-4598.895	285.5812	0.7230828	0.3527979	12.9175
4776	-4310.081	-4595.567	285.4852	0.717309	0.403631	12.9175
4782	-4316.478	-4601.878	285.3999	0.7491122	0.4322186	12.9175
4788	-4333.532	-4619.46	285.9278	0.7593327	0.3896534	12.67944
4794	-4320.801	-4607.029	286.2275	0.8782072	0.5060784	12.3529
4800	-4319.008	-4607.385	288.3766	0.9067988	0.3227042	11.39785
4806	-4322.101	-4608.433	286.3318	0.9119627	0.4761563	12.30704
4812	-4351.407	-4634.781	283.3738	0.7603378	0.3081904	14.09506
4818	-4340.86	-4631.085	290.2248	0.8758982	0.4084819	10.35313
4824	-4335.067	-4622.79	287.7228	0.8555944	0.4743583	11.61224
4830	-4338.185	-4624.366	286.181	0.8922418	0.3138838	12.56141
4836	-4330.127	-4614.931	284.804	0.8499252	0.4215115	13.18518
4842	-4318.671	-4606.767	288.0965	0.792228	0.3662304	11.55568
4848	-4314.343	-4602.734	288.3911	0.8324841	0.4053763	11.34017
4854	-4303.967	-4591.234	287.2671	0.8349027	0.3887571	11.94297
4860	-4323.442	-4606.203	282.7609	0.8384451	0.3951265	14.27732
4866	-4321.287	-4606.951	285.664	0.837985	0.3290794	12.84114
4872	-4317.822	-4606.352	288.5291	0.840471	0.4097474	11.25942
4878	-4323.988	-4613.812	289.8236	0.7717923	0.3355859	10.69595
4884	-4309.473	-4594.359	284.8864	0.6671441	0.3220683	13.3422
4890	-4304.778	-4589.523	284.7447	0.6920544	0.3774242	13.3422
4896	-4310.191	-4596.647	286.4562	0.827586	0.3709769	12.38811
4902	-4313.135	-4595.657	282.5221	0.8410332	0.4061847	14.38866
4908	-4319.235	-4600.712	281.4773	0.7945803	0.4061847	14.95355
4914	-4338.041	-4625.425	287.3837	0.7850144	0.4922037	11.8104
4920	-4329.377	-4617.235	287.8579	0.7830961	0.3997327	11.65036
4926	-4320.428	-4605.146	284.7178	0.7788691	0.4735243	13.2186
4932	-4321.222	-4606.797	285.5747	0.7731612	0.4344484	12.81192
4938	-4332.501	-4618.891	286.3899	0.7714738	0.4162749	12.40587
4944	-4330.103	-4617.741	287.6382	0.6955056	0.3573125	11.85518
4950	-4325.032	-4608.522	283.4898	0.8225453	0.3949484	13.90787
4956	-4334.241	-4619.068	284.8267	0.8408572	0.3793516	13.22028
4962	-4333.28	-4618.129	284.8496	0.8249159	0.3758671	13.22028
4968	-4317.048	-4602.093	285.0451	0.6898061	0.3466108	13.22028
4974	-4302.339	-4587.327	284.9879	0.6870806	0.3756744	13.22028
4980	-4299.224	-4586.187	286.9635	0.6964294	0.3840309	12.1784
4986	-4312.237	-4595.539	283.3015	0.7537461	0.3678222	14.06919
4992	-4311.917	-4595.907	283.99	0.7037428	0.3678222	13.73806
4998	-4299.678	-4585.037	285.3586	0.7769448	0.5690651	12.8065
5004	-4304.994	-4593.186	288.1919	0.7800315	0.3357056	11.54573
5010	-4314.847	-4602.737	287.8901	0.7790136	0.412428	11.62304
5016	-4332.318	-4618.911	286.5927	0.7690068	0.3275806	12.39525
5022	-4322.569	-4607.737	285.1679	0.7112777	0.3524035	13.13896
5028	-4322.169	-4609.429	287.2598	0.9184146	0.4223614	11.86965
5034	-4332.706	-4622.445	289.7399	0.9016883	0.58255	10.44129
5040	-4340.377	-4629.963	289.5856	0.8476421	0.3633141	10.75031
5046	-4330.863	-4616.795	285.9314	0.8383911	0.3736774	12.65294
5052	-4329.694	-4616.89	287.1963	0.7447872	0.3304975	12.08987
5058	-4325.435	-4613.801	288.3667	0.8447626	0.5005166	11.25821
5064	-4334.528	-4623.64	289.1116	0.8615932	0.3307206	11.02756
5070	-4336.056	-4620.505	284.4488	0.7391768	0.3643657	13.48514
5076	-4326.709	-4613.482	286.7728	0.6992105	0.3716266	12.2893
5082	-4335.322	-4622.886	287.5639	0.7670359	0.4047896	11.80721
5088	-4323.603	-4608.674	285.0715	0.8447929	0.3802197	13.09011
5094	-4313.462	-4597.891	284.4299	0.7724249	0.3802197	13.46107
5100	-4326.148	-4610.546	284.3978	0.8045258	0.3802197	13.46107
5106	-4324.612	-4608.864	284.2522	0.7731679	0.4671846	13.46909
5112	-4338.084	-4624.795	286.7105	0.8392659	0.3545273	12.2671
5118	-4339.744	-4623.098	283.3541	0.6200376	0.4024585	14.07572
5124	-4335.738	-4623.441	287.7034	0.9189448	0.3920536	11.6679
5130	-4334.966	-4618.123	283.1576	0.7706315	0.3976018	14.10439
5136	-4333.986	-4618.298	284.3123	0.7815029	0.3755773	13.52222
5142	-4350.491	-4636.858	286.3665	0.7770657	0.347186	12.48684
5148	-4343.108	-4631.546	288.4387	0.8655701	0.3231335	11.38642
5154	-4343.895	-4629.206	285.3104	0.8206792	0.2978157	13.07084
5160	-4344.163	-4631.5	287.337	0.7866681	0.417821	11.90258
5166	-4333.754	-4620.889	287.1353	0.8071566	0.390354	12.02456
5172	-4354.633	-4642.46	287.8267	0.8971669	0.3537203	11.65533
5178	-4345.943	-4631.619	285.676	0.8310744	0.3945804	12.76814
5184	-4350.42	-4634.077	283.6573	0.7458248	0.3739914	13.88231
5190	-4360.211	-4642.459	282.2484	0.7280161	0.3936632	14.60144
5196	-4343.538	-4626.923	283.3855	0.7430595	0.412444	13.98582
5202	-4361.77	-4644.745	282.9749	0.9751308	0.3490219	14.14394
5208	-4347.602	-4636.147	288.5451	0.9401403	0.3564997	11.25425
5214	-4347.459	-4634.469	287.0102	0.9219545	0.4125226	12.0077
5220	-4334.67	-4618.275	283.605	0.6559388	0.4367923	13.89379
5226	-4343.025	-4631.886	288.8607	0.773169	0.4618893	11.07146
5232	-4340.875	-4624.642	283.767	0.8026958	0.41268	13.75675
5238	-4342.839	-4631.486	288.6467	0.9028802	0.4271742	11.14818
5244	-4356.466	-4641.821	285.3551	0.7855929	0.4122796	12.9411
5250	-4343.882	-4631.588	287.706	0.8739905	0.4442809	11.63896
5256	-4324.059	-4611.242	287.1828	0.6589222	0.3889051	12.07857
5262	-4334.583	-4621.844	287.2614	0.6988165	0.331652	12.07857
5268	-4334.102	-4622.807	288.7044	0.8371608	0.404845	11.17431
5274	-4335.741	-4624.477	288.736	0.8927247	0.3999561	11.13358
5280	-4329.541	-4617.651	288.1103	0.8212765	0.4379639	11.46116
5286	-4329.777	-4617.944	288.1663	0.7613624	0.4401242	11.46116
5292	-4337.935	-4626.846	288.9114	0.9572251	0.438296	10.97048
5298	-4331.033	-4618.682	287.6482	0.9397166	0.4743264	11.60731
5304	-4323.703	-4611.014	287.3116	0.8458121	0.4425994	11.86124
5310	-4328.263	-4615.607	287.3442	0.7563196	0.4112029	11.92116
5316	-4325.805	-4612.275	286.4703	0.7563196	0.3825849	12.40572
5322	-4341.661	-4627.403	285.7425	0.6766247	0.4581723	12.75275
5328	-4350.17	-4634.1	283.93	0.7420456	0.3109451	13.81283
5334	-4353.2	-4641.767	288.567	1.037338	0.4236941	11.12286
5340	-4323.504	-4612.558	289.0537	0.8892943	0.4586793	10.91247
5346	-4322.056	-4608.063	286.0069	0.7508047	0.4586793	12.57605
5352	-4318.829	-4603.177	284.3483	0.817467	0.4362569	13.42466
5358	-4313.994	-4599.873	285.8787	0.7385345	0.4194241	12.68614
5364	-4303.091	-4591.015	287.9237	0.7859022	0.4636144	11.55336
5370	-4307.589	-4593.913	286.3232	0.7480247	0.4107245	12.45827
5376	-4306.057	-4590.806	284.7488	0.7502376	0.3715725	13.31599
5382	-4304.143	-4590.408	286.2659	0.8430905	0.4232429	12.4264
5388	-4304.692	-4591.192	286.5	0.6885066	0.381793	12.4264
5394	-4304.769	-4590.954	286.1854	0.8024501	0.3822317	12.53046
5400	-4313.589	-4599.671	286.081	0.741811	0.4715695	12.53046
5406	-4312.319	-4599.876	287.5567	0.7325849	0.3875377	11.84647
5412	-4301.688	-4587.468	285.7807	0.8321342	0.4282553	12.67993
5418	-4303.725	-4591.759	288.0335	0.8097277	0.3591721	11.58702
5424	-4301.622	-4589.578	287.956	0.7451932	0.4322189	11.58702
5430	-4300.153	-4585.419	285.266	0.7238065	0.40569	13.02605
5436	-4304.024	-4590.701	286.6776	0.8025776	0.3496714	12.30872
5442	-4293.327	-4579.857	286.53	0.7455462	0.4560094	12.30872
5448	-4300.128	-4586.025	285.8967	0.6872509	0.4556374	12.66931
5454	-4303.195	-4588.963	285.7674	0.7166529	0.4159119	12.7589
5460	-4298.638	-4585.007	286.3688	0.628857	0.387802	12.51961
5466	-4291.8	-4577.875	286.075	0.7958331	0.3490079	12.62681
5472	-4301.381	-4591.294	289.9128	1.004402	0.510321	10.35552
5478	-4293.857	-4582.764	288.9072	0.9558997	0.3934793	11.01746
5484	-4303.59	-4590.625	287.0354	0.7278805	0.4793454	12.03335
5490	-4311.284	-4600.178	288.8938	0.7970423	0.3363275	11.16903
5496	-4291.196	-4578.062	286.866	0.8067036	0.4292259	12.12681
5502	-4301.26	-4587.729	286.4689	0.7729391	0.4181162	12.36215
5508	-4296.797	-4583.194	286.3969	0.7840178	0.451542	12.36215
5514	-4307.096	-4598.687	291.5912	0.880245	0.4176691	9.622493
5520	-4311.611	-4597.672	286.0612	0.9401637	0.4044774	12.50085
5526	-4300.488	-4585.312	284.8238	0.7433494	0.4126975	13.23886
5532	-4310.291	-4596.295	286.004	0.7559807	0.507459	12.53185
5538	-4307.61	-4593.065	285.455	0.9047166	0.6455699	12.63237
5544	-4310.266	-4595.353	285.0864	0.6709842	0.4000326	13.15252
5550	-4313.419	-4600.948	287.5296	0.8279409	0.4319845	11.76678
5556	-4310.003	-4599.585	289.5818	0.92324	0.5129144	10.5697
5562	-4302.376	-4590.869	288.4927	0.7525807	0.3657367	11.36981
5568	-4315.541	-4603.804	288.2632	0.9080137	0.4153973	11.35762
5574	-4331.026	-4621.235	290.2092	0.9090837	0.3370212	10.41985
5580	-4336.161	-4627.289	291.1274	0.7402395	0.5025643	9.862255
5586	-4327.831	-4615.122	287.2912	0.8713427	0.5189043	11.79075
5592	-4330.448	-4615.612	285.1636	0.8069698	0.360465	13.08275
5598	-4321.702	-4606.964	285.2616	0.762093	0.3353579	13.08275
5604	-4319.867	-4605.773	285.9065	0.7889355	0.3527508	12.71405
5610	-4327.813	-4613.798	285.9848	0.7834683	0.3978286	12.62887
5616	-4328.855	-4614.653	285.7976	0.8865014	0.4429782	12.62887
5622	-4316.76	-4603.934	287.174	0.7952933	0.5016717	11.9063
5628	-4322.741	-4610.818	288.0768	0.8071233	0.3226075	11.60678
5634	-4325.843	-4610.351	284.5076	0.7618118	0.3861938	13.42005
5640	-4324.623	-4611.808	287.185	0.8229727	0.3241323	12.06229
5646	-4324.049	-4610.632	286.583	0.8183715	0.3823084	12.31499
5652	-4325.262	-4614.256	288.9942	0.9115224	0.4557439	10.93469
5658	-4317.111	-4603.254	286.1429	0.7718904	0.4142416	12.53628
5664	-4324.771	-4609.897	285.126	0.7134228	0.3671512	13.14377
5670	-4322.239	-4605.736	283.4974	0.7043097	0.3760727	13.9846
5676	-4315.746	-4599.256	283.5091	0.7650429	0.3587802	13.96533
5682	-4320.605	-4608.271	287.6655	0.9134773	0.3981869	11.68433
5688	-4319.239	-4604.587	285.3482	0.8513971	0.4705083	12.8558
5694	-4319.412	-4605.267	285.8556	0.8581336	0.464036	12.59404
5700	-4326.47	-4615.405	288.9351	0.8202542	0.3866172	11.08093
5706	-4328.685	-4619.904	291.2195	1.018308	0.3842697	9.779535
5712	-4330.93	-4618.155	287.2247	1.041032	0.3557282	11.89237
5718	-4338.698	-4628.104	289.4052	0.9627595	0.3415795	10.80844
5724	-4336.23	-4623.04	286.8098	0.8130386	0.6102572	11.99997
5730	-4325.338	-4612.917	287.5792	0.9036624	0.3657574	11.76821
5736	-4333.918	-4625.232	291.3144	0.9361813	0.3657574	9.792448
5742	-4321.063	-4609.996	288.933	0.8168317	0.3603829	11.11155
5748	-4336.763	-4623.747	286.9843	0.7437434	0.3603829	12.16783
5754	-4323.976	-4609.968	285.9923	0.8401239	0.3603829	12.63447
5760	-4351.246	-4634.808	283.5615	0.7065729	0.4103227	13.91554
5766	-4341.557	-4627.004	285.4472	0.849252	0.4378764	12.83542
5772	-4347.495	-4631.154	283.6589	0.808212	0.3457389	13.87944
5778	-4355.837	-4640.49	284.6527	0.7611056	0.3830081	13.34833
5784	-4327.567	-4613.752	286.185	0.9078391	0.340065	12.52115
5790	-4329.072	-4616.46	287.3878	0.777279	0.37343	11.92598
5796	-4338.822	-4624.699	285.8769	0.7246182	0.3543716	12.76117
5802	-4337.473	-4620.72	283.2472	0.788775	0.3543716	14.0936
5808	-4334.885	-4618.151	283.2659	0.808072	0.4076073	14.01885
5814	-4335.283	-4621.989	286.7058	0.7996912	0.4059835	12.23667
5820	-4334.953	-4622.89	287.9373	0.9130635	0.3775622	11.56374
5826	-4342.677	-4628.828	286.1512	0.7517495	0.3321908	12.6289
5832	-4334.875	-4619.843	284.968	0.871285	0.2640829	13.26513
5838	-4343.865	-4630.058	286.1934	0.8781234	0.3806394	12.48853
5844	-4357.791	-4643.864	286.0732	0.9302219	0.4462904	12.45949
5850	-4361.78	-4646.397	284.6161	0.8365954	0.4106444	13.3003
5856	-4364.17	-4648.315	284.1447	0.8683405	0.5254839	13.42517
5862	-4350.735	-4637.733	286.9979	0.7840659	0.3304657	12.17289
5868	-4336.443	-4621.114	284.6709	0.7050338	0.4798435	13.27573
5874	-4352.066	-4636.529	284.4629	0.7284192	0.4491795	13.39933
5880	-4329.207	-4616.081	286.8738	0.7105105	0.2769077	12.34055
5886	-4333.152	-4620.6	287.4481	0.7482157	0.3022675	11.9899
5892	-4325.667	-4615.431	289.7639	0.7765084	0.3835569	10.67263
5898	-4315.813	-4602.396	286.5833	0.8117775	0.3407789	12.3629
5904	-4326.017	-4612.642	286.6243	0.7380336	0.3387806	12.38219
5910	-4335.65	-4620.596	284.9453	0.7972063	0.3977671	13.16251
5916	-4334.787	-4619.683	284.8968	0.8935515	0.3735879	13.16251
5922	-4344.628	-4630.815	286.1871	0.7350872	0.3720477	12.5753
5928	-4315.513	-4599.456	283.9427	0.7350872	0.4433991	13.67134
5934	-4323.787	-4608.2	284.4129	0.6834003	0.3944741	13.50154
5940	-4339.598	-4620.799	281.2015	0.7132218	0.4884122	15.0622
5946	-4337.779	-4624.688	286.9086	1.027517	0.4884122	11.93516
5952	-4344.112	-4628.58	284.4673	0.6912198	0.3673555	13.49727
5958	-4341.665	-4626.863	285.1981	0.6740604	0.3486554	13.1467
5964	-4329.195	-4612.666	283.4714	0.7515547	0.3916484	13.95759
5970	-4333.184	-4615.026	281.8418	0.711298	0.3959505	14.81824
5976	-4337.357	-4624.367	287.0102	0.8217781	0.3959505	12.07648
5982	-4332.478	-4617.519	285.0407	0.7038691	0.3529904	13.20829
5988	-4329.031	-4613.07	284.0389	0.83729	0.4793808	13.53568
5994	-4334.447	-4616.308	281.8611	0.7292014	0.4226623	14.77273
6000	-4342.204	-4624.761	282.5571	0.8653558	0.393573	14.3705
6006	-4338.28	-4620.431	282.1506	0.6205294	0.3503485	14.7531
6012	-4327.608	-4610.582	282.9741	0.7936648	0.4060034	14.1792
6018	-4339.09	-4626.933	287.8432	0.9292768	0.4323516	11.54966
6024	-4337.56	-4624.495	286.9354	0.8374396	0.3658815	12.13858
6030	-4340.415	-4628.903	288.4873	0.8695349	0.3127287	11.37112
6036	-4333.522	-4622.024	288.5023	0.8108142	0.3323969	11.37112
6042	-4341.118	-4628.545	287.4269	0.8653228	0.4393322	11.79389
6048	-4334.534	-4624.436	289.9023	0.7875282	0.3462702	10.63435
6054	-4337.362	-4626.656	289.2934	0.7475759	0.4436548	10.8751
6060	-4342.77	-4629.854	287.0835	0.8036207	0.4436548	12.00127
6066	-4335.831	-4624.716	288.8843	0.8029929	0.4515035	11.05305
6072	-4329.656	-4617.037	287.3817	0.8921259	0.4031244	11.83873
6078	-4320.598	-4607.624	287.0261	0.9294454	0.4031244	12.00481
6084	-4341.65	-4628.331	286.6808	0.8296529	0.5208501	12.12941
6090	-4323.411	-4608.115	284.7041	0.7524702	0.4059364	13.30293
6096	-4328.602	-4614.791	286.1891	0.690433	0.3297321	12.64388
6102	-4339.199	-4624.11	284.9105	0.7925474	0.3773462	13.20393
6108	-4337.464	-4621.144	283.6797	0.7665348	0.4108516	13.82263
6114	-4315.588	-4600.582	284.9934	0.7668237	0.3957061	13.15539
6120	-4333.332	-4614.706	281.3741	0.7544303	0.3992154	15.03461
6126	-4321.301	-4605.893	284.5919	0.8308345	0.3357055	13.39463
6132	-4330.255	-4618.077	287.8217	0.8029459	0.3351197	11.72788
6138	-4336.071	-4621.673	285.602	0.8557777	0.3317548	12.86106
6144	-4336.062	-4621.377	285.315	0.7864288	0.5235035	12.86106
6150	-4325.524	-4611.226	285.7026	0.7309987	0.3543839	12.84853
6156	-4324.135	-4611.782	287.6477	0.7908377	0.3543839	11.80363
6162	-4328.862	-4611.995	283.1329	0.7851202	0.4041242	14.10315
6168	-4338.056	-4619.889	281.8327	0.7644545	0.4041242	14.78728
6174	-4337.345	-4624.927	287.5816	0.9652341	0.4485883	11.65223
6180	-4329.996	-4617.788	287.7923	0.9319525	0.3563841	11.65223
6186	-4330.465	-4616.343	285.8778	0.8464252	0.467659	12.58535
6192	-4331.619	-4617.462	285.843	0.8822729	0.4670182	12.58535
6198	-4318.28	-4605.27	286.9904	0.8510938	0.3806578	12.08719
6204	-4324.01	-4607.387	283.377	0.9772363	0.499063	13.78943
6210	-4331.33	-4616.634	285.3037	0.8343152	0.5114831	12.85214
6216	-4334.107	-4617.195	283.0882	0.7748469	0.3730682	14.16333
6222	-4322.867	-4608.425	285.5581	0.803934	0.4376813	12.80151
6228	-4330.341	-4617.727	287.386	0.8624876	0.4615652	11.79611
6234	-4333.139	-4622.659	289.5201	1.035109	0.482524	10.56986
6240	-4332.548	-4621.808	289.2594	0.9631343	0.5202616	10.71171
6246	-4329.737	-4616.585	286.8489	0.8367234	0.4945214	12.06051
6252	-4328.755	-4615.076	286.3205	0.8181792	0.3506874	12.4855
6258	-4320.692	-4605.49	284.7984	0.7882969	0.3532304	13.29008
6264	-4321.297	-4606.087	284.7899	0.7423397	0.379849	13.29008
6270	-4327.289	-4611.945	284.6557	0.8532168	0.391668	13.29008
6276	-4321.476	-4606.094	284.6182	0.7541231	0.422446	13.3306
6282	-4324.937	-4611.714	286.7777	0.7866674	0.422446	12.18983
6288	-4326.234	-4615.704	289.4702	0.7536346	0.4063328	10.81542
6294	-4325.574	-4613.872	288.2985	0.7888319	0.3952728	11.4216
6300	-4323.415	-4610.881	287.4662	0.9083504	0.3952728	11.79405
6306	-4328.728	-4615.872	287.1439	0.7684138	0.3288371	12.1068
6312	-4326.84	-4612.679	285.839	0.731354	0.354244	12.77751
6318	-4317.394	-4602.37	284.9756	0.7684889	0.354244	13.20718
6324	-4316.013	-4605.489	289.4763	1.026422	0.5437514	10.54515
6330	-4310.577	-4597.437	286.8603	0.9034621	0.3816745	12.12668
6336	-4314.99	-4602.515	287.5251	0.9109611	0.3837715	11.77367
6342	-4324.226	-4612.408	288.182	0.8511057	0.4152378	11.42999
6348	-4320.131	-4606.065	285.9347	0.7883857	0.3942957	12.656
6354	-4334.113	-4622.835	288.7223	0.9836652	0.4475903	11.04693
6360	-4324.507	-4612.234	287.7267	0.7852956	0.4475903	11.67138
6366	-4335.268	-4624.68	289.4122	0.789379	0.3402234	10.89717
6372	-4333.311	-4615.001	281.6899	0.7720573	0.3367674	14.92806
6378	-4325.062	-4607.789	282.7278	0.7379934	0.310034	14.43915
6384	-4329.453	-4616.898	287.4452	0.9173808	0.4146028	11.78099
6390	-4327.134	-4614.677	287.5426	0.8688054	0.3512379	11.82122
6396	-4338.1	-4625.529	287.4285	0.9178742	0.3831165	11.82122
6402	-4326.329	-4615.653	289.3233	0.9247228	0.3674276	10.84295
6408	-4325.97	-4611.905	285.9359	0.8671047	0.4142083	12.59453
6414	-4308.384	-4593.302	284.9178	0.8096692	0.4795119	13.09333
6420	-4330.105	-4616.25	286.1453	0.779097	0.6052493	12.36793
6426	-4314.879	-4600.235	285.3554	0.8348197	0.3295583	13.00274
6432	-4324.632	-4610.344	285.7111	0.7116968	0.4083232	12.7982
6438	-4325.388	-4609.645	284.2565	0.7388683	0.4071048	13.5413
6444	-4326.811	-4611.466	284.6551	0.7954488	0.3632077	13.35005
6450	-4326.606	-4613.048	286.4419	0.689268	0.3457416	12.49488
6456	-4336.48	-4623.244	286.7634	0.7792779	0.3999434	12.22331
6462	-4333.387	-4620.277	286.8894	0.7296681	0.3616275	12.22331
6468	-4337.403	-4626.167	288.7635	0.7200213	0.4387979	11.17162
6474	-4337.381	-4618.887	281.5062	0.9471158	0.3708468	14.89563
6480	-4329.524	-4617.91	288.3861	0.9249678	0.3918124	11.3081
6486	-4337.098	-4623.263	286.1656	0.9629854	0.6023179	12.26373
6492	-4319.057	-4605.869	286.8116	0.7318391	0.4045941	12.21825
6498	-4335.289	-4619.577	284.2879	0.7475229	0.4453451	13.48384
6504	-4356.684	-4640.938	284.2534	0.9551114	0.3593277	13.47989
6510	-4335.81	-4617.607	281.7975	0.831903	0.3593277	14.81673
6516	-4335.295	-4622.302	287.007	0.9969188	0.5561008	11.84306
6522	-4336.871	-4619.86	282.9886	0.8882072	0.4273765	14.1019
6528	-4355.282	-4640.595	285.3131	0.7932126	0.392454	12.97878
6534	-4334.884	-4622.254	287.3697	0.8579689	0.3418774	11.92753
6540	-4339.235	-4627.02	287.7847	0.9028082	0.5226706	11.51334
6546	-4329.646	-4612.402	282.756	0.8004717	0.5226706	14.18315
6552	-4320.551	-4607.259	286.7075	0.8280364	0.3713914	12.25646
6558	-4319.426	-4605.505	286.0785	0.9387451	0.3749809	12.52271
6564	-4342.252	-4623.969	281.7163	0.7328533	0.4933844	14.78139
6570	-4322.876	-4608.011	285.1352	0.8605237	0.3309652	13.10227
6576	-4321.635	-4610.855	289.2203	0.921805	0.4126721	10.852
6582	-4329.922	-4616.872	286.9495	0.7064255	0.4823875	12.08665
6588	-4330.772	-4614.827	284.0556	0.8480345	0.3909793	13.60512
6594	-4343.866	-4627.622	283.7562	0.8102227	0.3351235	13.83975
6600	-4342.369	-4628.635	286.2659	0.7866119	0.4213095	12.45768
6606	-4353.627	-4637.89	284.2636	0.7363716	0.3757293	13.57081
6612	-4337.61	-4621.216	283.6062	0.8325348	0.3702367	13.86778
6618	-4333.397	-4615.801	282.4042	0.7180396	0.4605109	14.46202
6624	-4328.113	-4611.701	283.5878	0.7706099	0.4605109	13.82127
6630	-4326.323	-4612.985	286.6619	0.8551911	0.3729896	12.26437
6636	-4337.99	-4627.681	289.691	0.9278878	0.3759444	10.63943
6642	-4326.907	-4616.466	289.5593	0.9495744	0.460378	10.61419
6648	-4327.275	-4616.9	289.6253	0.9226927	0.4383646	10.61419
6654	-4314.982	-4603.337	288.3555	0.770899	0.400075	11.3963
6660	-4320.437	-4606.236	285.7988	0.7645569	0.3867519	12.74682
6666	-4317.781	-4605.517	287.7356	0.7346721	0.4035069	11.73574
6672	-4327.872	-4615.074	287.2015	0.8443415	0.4004255	11.9604
6678	-4321.191	-4605.744	284.553	0.8018418	0.383975	13.37796
6684	-4325.176	-4613.654	288.4781	0.8325473	0.383975	11.31638
6690	-4328.411	-4616.631	288.2194	0.902197	0.46589	11.33588
6696	-4313.898	-4598.796	284.898	0.9384098	0.3693514	13.143
6702	-4315.649	-4600.436	284.7869	0.8073978	0.5405907	13.11071
6708	-4315.931	-4600.323	284.3925	0.8820372	0.4738143	13.33374
6714	-4317.755	-4601.449	283.6943	0.7663773	0.3366011	13.89296
6720	-4319.91	-4605.121	285.2117	0.7671097	0.3936519	13.04384
6726	-4321.821	-4604.089	282.2688	0.8482234	0.3859121	14.53652
6732	-4335.035	-4620.27	285.2346	0.7382652	0.3206089	13.12601
6738	-4327.672	-4613.21	285.5384	0.7825935	0.4389308	12.82168
6744	-4327.062	-4612.054	284.9912	0.8699856	0.2539639	13.2672
6750	-4336.109	-4620.957	284.8485	0.7856729	0.3656124	13.25207
6756	-4320.054	-4604.965	284.9103	0.8154479	0.3226649	13.25207
6762	-4320.345	-4605.234	284.8895	0.8359249	0.3228317	13.25207
6768	-4313.493	-4598.196	284.703	0.7618494	0.4548202	13.25207
6774	-4334.262	-4621.428	287.1665	0.921402	0.4269535	11.91236
6780	-4329.897	-4613.961	284.0632	0.7412501	0.4797923	13.57258
6786	-4333.057	-4617.122	284.0657	0.9466231	0.3679504	13.57258
6792	-4331.575	-4614.493	282.9177	0.7134794	0.4600006	14.19882
6798	-4318.916	-4602.877	283.9606	0.7544297	0.3822042	13.71194
6804	-4344.765	-4629.809	285.044	0.8794175	0.4710833	12.99892
6810	-4337.967	-4623.286	285.3183	0.7417804	0.3962857	12.99892
6816	-4331.599	-4617.825	286.2253	0.7386549	0.3512877	12.57586
6822	-4345.837	-4631.223	285.3859	0.8282929	0.4924402	12.82886
6828	-4335.114	-4620.732	285.6181	0.8445771	0.3585684	12.82886
6834	-4327.97	-4613.76	285.7898	0.7461647	0.324354	12.82886
6840	-4323.77	-4609.428	285.6585	0.7580572	0.4779138	12.73632
6846	-4320.029	-4604.997	284.9681	0.7580572	0.4403278	13.12971
6852	-4331.475	-4618.259	286.784	0.7886864	0.4779952	12.13396
6858	-4330.999	-4617.371	286.3717	0.714038	0.3447472	12.51962
6864	-4332.972	-4618.768	285.7964	0.7780422	0.3829585	12.74497
6870	-4334.765	-4621.288	286.5226	0.8220782	0.4478101	12.28029
6876	-4329.859	-4612.215	282.3556	0.7669812	0.5040271	14.42361
6882	-4340.114	-4627.839	287.725	0.8342274	0.4358723	11.65777
6888	-4339.57	-4624.183	284.6125	0.8494629	0.3545761	13.35342
6894	-4334.83	-4619.616	284.786	0.7457464	0.4480882	13.22347
6900	-4322.97	-4608.284	285.3136	0.7481612	0.4242584	12.97047
6906	-4326.762	-4611.95	285.1878	0.8739681	0.4242584	12.97047
6912	-4335.14	-4620.899	285.76	0.8263036	0.2781237	12.85862
6918	-4339.958	-4624.49	284.5318	0.9705685	0.3789835	13.30651
6924	-4340.927	-4624.27	283.3439	0.7083931	0.4339821	14.00466
6930	-4331.574	-4618.608	287.0336	0.7670183	0.3883939	12.10054
6936	-4324.969	-4612.57	287.601	0.8757004	0.4909297	11.65069
6942	-4317.891	-4605.922	288.0309	0.8422761	0.4248011	11.50428
6948	-4331.59	-4619.359	287.7691	1.005325	0.4304761	11.55044
6954	-4329.658	-4618.096	288.4377	0.7500145	0.3544659	11.41207
6960	-4337.082	-4624.073	286.9909	0.8634827	0.318448	12.149
6966	-4325.617	-4615.221	289.604	0.8734091	0.4167947	10.67209
6972	-4340.752	-4629.579	288.8277	0.9062339	0.4165634	11.062
6978	-4320.947	-4606.035	285.0877	0.8059386	0.4697101	13.01568
6984	-4314.1	-4602.672	288.5718	0.9127384	0.4235495	11.18574
6990	-4316.128	-4604.564	288.4361	0.8281893	0.3459197	11.38148
6996	-4318.163	-4602.91	284.7468	0.818079	0.3735231	13.27973
7002	-4316.901	-4603.536	286.6349	0.7460493	0.3735231	12.3348
7008	-4311.698	-4599.904	288.2058	0.8599014	0.4885385	11.34491
7014	-4319.086	-4605.419	286.3332	0.7518982	0.3783637	12.48384
7020	-4313.874	-4599.574	285.7003	0.7687508	0.3650823	12.81854
7026	-4325.382	-4609.616	284.2341	0.8546061	0.4501187	13.45175
7032	-4318.27	-4604.734	286.4634	0.8467452	0.5401237	12.21792
7038	-4317.855	-4602.524	284.6697	0.7244577	0.3866605	13.3548
7044	-4325.038	-4609.664	284.6251	0.7313172	0.4061029	13.3548
7050	-4318.816	-4605.855	287.0381	0.7721797	0.3908763	12.09299
7056	-4319.259	-4607.493	288.2341	0.7797231	0.358321	11.49882
7062	-4317.701	-4606.192	288.4908	0.767253	0.4064675	11.32104
7068	-4320.268	-4605.996	285.7282	0.786992	0.508149	12.65871
7074	-4324.269	-4610.76	286.4917	0.8153987	0.3411734	12.40832
7080	-4324.721	-4612.154	287.433	0.780858	0.3962467	11.87696
7086	-4323.5	-4610.071	286.5709	0.8155646	0.3962467	12.30846
7092	-4323.957	-4609.666	285.709	0.8781491	0.4096151	12.71144
7098	-4332.765	-4614.717	281.9515	0.8146843	0.4019663	14.70192
7104	-4328.811	-4611.331	282.5202	0.8384132	0.346162	14.45353
7110	-4334.179	-4621.009	286.8299	0.8186773	0.4018598	12.16619
7116	-4326.492	-4611.07	284.5782	0.8173782	0.3379085	13.40624
7122	-4326.869	-4611.14	284.2712	1.034999	0.3810929	13.40624
7128	-4315.77	-4601.543	285.7727	0.86463	0.3267811	12.77334
7134	-4307.587	-4593.274	285.6869	0.7923534	0.4038236	12.77334
7140	-4324.705	-4607	282.2957	0.7408862	0.3842422	14.57985
7146	-4313.379	-4599.771	286.3913	0.6925662	0.3540074	12.51044
7152	-4323.942	-4607.657	283.715	0.7908352	0.4619207	13.74352
7158	-4327.679	-4611.669	283.9897	0.7460762	0.4168581	13.66652
7164	-4325.502	-4613.255	287.7536	0.9219275	0.5835953	11.47056
7170	-4318.865	-4605.109	286.2442	0.8687462	0.3927426	12.45455
7176	-4325.816	-4614.142	288.3261	0.9285428	0.6149617	11.14371
7182	-4333.804	-4620.822	287.0188	0.9221306	0.3741083	12.04219
7188	-4323.502	-4610.586	287.0837	0.8571948	0.3741083	12.04219
7194	-4327.836	-4616.899	289.0632	1.002541	0.5950852	10.73379
7200	-4334.934	-4626.47	291.5363	0.997777	0.3177867	9.697171
7206	-4347.983	-4636.951	288.9679	0.9947762	0.3001279	11.06926
7212	-4324.979	-4614.884	289.9048	0.9840467	0.4375811	10.43601
7218	-4322.383	-4613.136	290.7534	0.988639	0.4375811	9.987438
7224	-4334.138	-4620.988	286.8502	0.8197032	0.4375811	12.12031
7230	-4336.485	-4624.201	287.7164	0.8122373	0.3990455	11.70975
7236	-4336.913	-4619.189	282.2764	0.8299	0.4603442	14.47046
7242	-4326.287	-4613.817	287.5305	0.7891308	0.4007674	11.81716
7248	-4317.619	-4603.923	286.3036	0.7318931	0.3392588	12.55192
7254	-4321.947	-4607.459	285.5123	0.732704	0.5107937	12.79707
7260	-4332.934	-4619.669	286.7353	0.6074545	0.3933677	12.33418
7266	-4342.252	-4626.614	284.3618	0.7763483	0.4740732	13.40437
7272	-4330.391	-4613.969	283.5776	0.79513	0.3527246	13.92075
7278	-4337.53	-4622.388	284.8583	0.7832235	0.3947019	13.21808
7284	-4337.059	-4623.475	286.416	0.8318252	0.3947019	12.38229
7290	-4322.969	-4611.041	288.0715	0.7029018	0.3743926	11.60676
7296	-4322.726	-4610.409	287.683	0.7029018	0.3780725	11.8058
7302	-4323.096	-4610.675	287.5794	0.7633802	0.4000664	11.8058
7308	-4329.238	-4615.733	286.4949	0.8492167	0.4439559	12.28415
7314	-4319.969	-4605.442	285.4727	0.7524769	0.513044	12.80548
7320	-4320.863	-4608.111	287.2483	0.7486348	0.4310447	11.95589
7326	-4315.71	-4602.798	287.0884	0.9085557	0.4310447	11.95589
7332	-4322.316	-4608.782	286.4665	0.7036118	0.364243	12.45446
7338	-4314.255	-4600.656	286.4005	0.7140138	0.3920024	12.45446
7344	-4328.572	-4615.022	286.4497	0.6816856	0.3985077	12.43909
7350	-4351.346	-4634.636	283.2897	0.7929814	0.3952318	14.02671
7356	-4350.965	-4634.789	283.8241	0.7057039	0.4017907	13.7882
7362	-4335.793	-4620.261	284.468	0.7479387	0.4017907	13.43206
7368	-4342.21	-4629.733	287.5235	0.8777654	0.541854	11.64708
7374	-4339.316	-4622.227	282.9113	0.6557176	0.3792226	14.31028
7380	-4344.594	-4626.699	282.1056	0.771559	0.5226135	14.5351
7386	-4346.654	-4633.465	286.8104	0.9666735	0.6534085	11.88792
7392	-4350.102	-4636.481	286.3793	0.7284724	0.3444937	12.50846
7398	-4338.414	-4626.797	288.3837	0.7057918	0.3626516	11.45454
7404	-4328.631	-4616.763	288.1325	0.6880356	0.3509153	11.6079
7410	-4348.967	-4634.016	285.0498	0.8962379	0.3248617	13.13504
7416	-4339.211	-4624.292	285.0812	0.6822404	0.4144832	13.13504
7422	-4337.109	-4622.912	285.8036	0.7371455	0.4144832	12.73077
7428	-4338.365	-4622.118	283.7533	0.7724686	0.43788	13.75539
7434	-4350.173	-4635.431	285.2584	0.7874114	0.4319749	12.97137
7440	-4347.027	-4632.337	285.3105	0.9249976	0.3364638	12.97137
7446	-4354.623	-4636.517	281.894	0.7571747	0.447738	14.71761
7452	-4335.903	-4618.579	282.6757	0.752745	0.4112589	14.34982
7458	-4334.832	-4621.414	286.582	0.7353328	0.461881	12.28157
7464	-4332.901	-4618.012	285.1111	0.7997624	0.4450567	13.02925
7470	-4334.342	-4617.988	283.6463	0.7143985	0.3522585	13.92752
7476	-4331.649	-4613.121	281.4714	0.7915542	0.4405632	14.92516
7482	-4320.027	-4604.822	284.795	0.7786535	0.4006694	13.24737
7488	-4327.177	-4608.98	281.8027	0.7949238	0.4517547	14.74165
7494	-4327.087	-4610.335	283.2479	0.6019286	0.3752455	14.16787
7500	-4336.669	-4624.508	287.8396	0.8284321	0.4057951	11.63018
7506	-4349.703	-4633.286	283.5833	0.7694268	0.4057951	13.87612
7512	-4336.656	-4622.673	286.0171	0.6850784	0.3737064	12.6881
7518	-4337.518	-4624.368	286.8507	0.7277524	0.378488	12.22663
7524	-4340.572	-4628.637	288.065	0.8389896	0.378488	11.53475
7530	-4327.973	-4611.061	283.0882	0.7762149	0.4042761	14.1308
7536	-4331.382	-4618.253	286.8719	0.6966367	0.3958068	12.214
7542	-4335.693	-4621.844	286.1508	0.765765	0.3271708	12.62754
7548	-4329.176	-4613.329	284.1527	0.7358149	0.5338809	13.48288
7554	-4337.575	-4622.959	285.3844	0.835865	0.3755113	12.93692
7560	-4350.377	-4632.262	281.885	0.6820934	0.4835502	14.72894
7566	-4337.364	-4625.785	288.4211	0.8175609	0.3631088	11.37606
7572	-4334.154	-4617.059	282.9055	0.717261	0.4518316	14.21065
7578	-4340.171	-4630.175	290.0047	0.892559	0.4146081	10.45391
7584	-4326.798	-4615.055	288.2569	0.9250892	0.4177527	11.34966
7590	-4327.225	-4615.334	288.11	0.8225622	0.3665235	11.53247
7596	-4316.995	-4607.718	290.7228	0.8349912	0.3665235	10.15632
7602	-4323.876	-4610.236	286.3595	0.8945413	0.4444561	12.33065
7608	-4313.818	-4603.526	289.7079	0.884649	0.3889812	10.63965
7614	-4322.062	-4610.274	288.2122	0.757531	0.4773673	11.40497
7620	-4323.199	-4606.241	283.0421	0.8521621	0.3800902	14.13983
7626	-4321.478	-4609.261	287.7826	0.8613863	0.3800902	11.66892
7632	-4325.483	-4615.597	290.1144	0.9564766	0.3307556	10.45192
7638	-4327.082	-4618.299	291.2168	1.135667	0.3174707	9.793302
7644	-4338.046	-4626.431	288.3851	0.9134474	0.522639	11.19381
7650	-4322.294	-4607.964	285.6704	0.6682541	0.4455482	12.8063
7656	-4328.808	-4614.171	285.3631	0.9138109	0.4455482	12.83843
7662	-4340.087	-4629.216	289.1291	0.8578671	0.5069401	10.84654
7668	-4348.372	-4635.165	286.7935	0.8578671	0.4440708	12.12386
7674	-4348.267	-4634.798	286.5313	1.034461	0.4168889	12.1945
7680	-4357.773	-4641.166	283.3938	0.8348436	0.5425595	13.81831
7686	-4343.631	-4632.569	288.9381	0.8830759	0.4842899	10.95315
7692	-4330.691	-4613.307	282.6158	0.7757891	0.4138218	14.3664
7698	-4341.958	-4627.071	285.1122	0.6882125	0.3775329	13.15315
7704	-4337.595	-4620.873	283.2784	0.7295273	0.4622533	14.00147
7710	-4326.913	-4611.988	285.0746	0.7464662	0.4712067	13.05206
7716	-4316.06	-4601.049	284.9898	0.8209013	0.4772548	13.05206
7722	-4329.733	-4614.242	284.5084	0.7044916	0.4772548	13.3627
7728	-4321.211	-4609.46	288.2495	0.939442	0.4608951	11.30524
7734	-4309.238	-4597.164	287.9258	0.9473948	0.3514251	11.57985
7740	-4317.378	-4606.374	288.9958	0.9019998	0.3642815	11.02987
7746	-4318.186	-4603.469	285.2829	0.7475247	0.3881826	13.02258
7752	-4319.501	-4608.503	289.0016	0.8763347	0.4398975	10.96406
7758	-4312.791	-4599.778	286.9863	0.6638036	0.3926858	12.17468
7764	-4313.863	-4601.804	287.9414	0.9703952	0.5132147	11.40406
7770	-4315.338	-4604.016	288.6776	1.014871	0.4648762	11.03803
7776	-4310.749	-4599.119	288.3695	0.7885158	0.3423244	11.44106
7782	-4310.272	-4595.894	285.6211	0.710766	0.4115386	12.84238
7788	-4322.2	-4607.789	285.5889	0.6922302	0.4389624	12.84238
7794	-4327.709	-4613.304	285.595	0.752583	0.4389624	12.80783
7800	-4334.81	-4617.631	282.8205	0.7806868	0.3615712	14.31116
7806	-4328.55	-4613.834	285.284	0.7862167	0.3388808	13.05458
7812	-4331.618	-4617.973	286.3542	0.8945167	0.3190774	12.46391
7818	-4320.167	-4609.097	288.93	0.8796686	0.4156947	11.02316
7824	-4328.007	-4612.839	284.8317	0.8796686	0.4156947	13.16097
7830	-4335.515	-4622.345	286.8301	0.8359084	0.3846367	12.17459
7836	-4339.678	-4627.321	287.643	0.8616029	0.5673456	11.5726
7842	-4310.385	-4594.808	284.4228	0.7660396	0.3639915	13.4851
7848	-4321.164	-4606.264	285.0997	0.6986686	0.4428703	13.0898
7854	-4338.659	-4625.5	286.8406	0.7360272	0.3498388	12.25824
7860	-4331.816	-4619.944	288.1277	0.8098561	0.2895741	11.61848
7866	-4326.493	-4611.179	284.6855	0.8043423	0.3092457	13.39033
7872	-4313.582	-4600.643	287.0603	0.7846234	0.3417491	12.12733
7878	-4332.772	-4620.644	287.8719	0.7804693	0.3407422	11.70705
7884	-4326.768	-4617.631	290.8628	1.025168	0.3441786	10.00714
7890	-4320.428	-4606.688	286.26	0.7825888	0.3702343	12.51453
7896	-4323.431	-4609.541	286.1095	0.877649	0.4294563	12.4839
7902	-4333.725	-4623.134	289.4093	0.9709653	0.4614435	10.68064
7908	-4317.515	-4606.635	289.1206	0.9118717	0.4257673	10.89662
7914	-4323.67	-4610.382	286.7119	0.8653703	0.3836945	12.22187
7920	-4329.253	-4616.551	287.298	0.7714623	0.3836945	11.96513
7926	-4327.077	-4612.494	285.4176	0.8328515	0.4295641	12.86726
7932	-4324.033	-4609.256	285.2235	0.8727562	0.5193211	12.86726
7938	-4331.804	-4619.994	288.1897	0.8639803	0.4096308	11.4248
7944	-4337.26	-4625.268	288.0087	0.9278539	0.4746107	11.4248
7950	-4322.389	-4610.694	288.3044	0.9527562	0.3581886	11.37173
7956	-4329.332	-4614.127	284.7945	0.7968362	0.3395907	13.3027
7962	-4323.201	-4606.656	283.4548	0.6178818	0.4591643	13.97072
7968	-4315.961	-4604.446	288.4852	0.756752	0.4402137	11.29674
7974	-4315.537	-4602.068	286.531	0.8715592	0.4816899	12.21939
7980	-4317.482	-4607.277	289.7955	0.8968827	0.3484244	10.63064
7986	-4309.306	-4596.247	286.9404	0.956473	0.3398444	12.10237
7992	-4312.017	-4599.446	287.4289	0.9284954	0.4319162	11.76693
7998	-4302.915	-4591.771	288.8567	0.7787864	0.4506843	11.08091
8004	-4303.703	-4589.666	285.9629	0.8217879	0.3700422	12.649
8010	-4303.665	-4592.662	288.9968	0.8415961	0.375874	11.04861
8016	-4303.905	-4591.658	287.7521	0.8739984	0.4014457	11.6564
8022	-4304.669	-4591.874	287.2048	0.88986	0.4138168	11.92163
8028	-4309.866	-4596.809	286.9431	0.8010481	0.3169564	12.20825
8034	-4304.027	-4590.838	286.8109	0.9340681	0.3847918	12.13329
8040	-4310.21	-4596.056	285.8463	0.8865046	0.4157918	12.62954
8046	-4315.053	-4601.27	286.2167	0.7049306	0.3676058	12.5803
8052	-4319.518	-4605.454	285.9362	0.7049306	0.3676058	12.72629
8058	-4307.792	-4593.964	286.1723	0.8261045	0.3559563	12.55281
8064	-4321.69	-4607.597	285.907	0.871507	0.3937247	12.62773
8070	-4325.928	-4610.857	284.9287	1.072721	0.2812686	13.15878
8076	-4327.447	-4613.147	285.6998	0.8808066	0.3469096	12.78022
8082	-4326.63	-4615.503	288.8734	0.9349461	0.3675282	11.07319
8088	-4313.601	-4601.295	287.694	0.9098322	0.5085657	11.56902
8094	-4323.783	-4614.598	290.8155	0.9982611	0.39642	9.990349
8100	-4313.034	-4602.648	289.6137	0.9506269	0.3969329	10.64633
8106	-4319.316	-4609.114	289.7981	0.7984175	0.3750354	10.65212
8112	-4334.493	-4619.17	284.6771	0.8122977	0.3357293	13.35994
8118	-4326.148	-4609.188	283.0397	0.7375844	0.3466006	14.23614
8124	-4321.911	-4607.155	285.2446	0.8827814	0.3564009	13.0056
8130	-4329.814	-4617.098	287.2834	0.8617464	0.3881291	11.92108
8136	-4313.695	-4601.087	287.3914	0.8365399	0.3475214	11.92108
8142	-4319.614	-4606.297	286.683	0.9612357	0.2526307	12.34121
8148	-4315.358	-4600.902	285.5442	0.7755991	0.4082422	12.85189
8154	-4315.614	-4600.561	284.9466	0.8572317	0.3453954	13.18582
8160	-4323.092	-4610.546	287.4542	0.7668638	0.3783025	11.8916
8166	-4326.214	-4614.232	288.0184	0.8376809	0.337381	11.60441
8172	-4329.793	-4614.981	285.1877	0.7514996	0.3559652	13.10391
8178	-4336.439	-4624.741	288.3022	0.7822453	0.4395576	11.37972
8184	-4315.789	-4601.982	286.1928	0.8488578	0.4651323	12.4223
8190	-4315.87	-4602.772	286.9014	0.8359727	0.4809715	12.04542
8196	-4306.579	-4592.05	285.4712	0.7512502	0.3533164	12.95948
8202	-4307.611	-4594.74	287.1291	0.8104599	0.3325834	12.08831
8208	-4316.238	-4602.231	285.9933	0.8052093	0.3816572	12.62966
8214	-4305.091	-4589.85	284.7591	0.7382945	0.3816572	13.30633
8220	-4311.654	-4599.08	287.4267	0.8212853	0.3816572	11.87409
8226	-4315.044	-4599.825	284.7808	0.7265944	0.4327914	13.25049
8232	-4335.504	-4622.369	286.8655	0.7402715	0.3547062	12.23774
8238	-4333.224	-4621.826	288.6014	0.8960223	0.3256507	11.28249
8244	-4339.47	-4624.433	284.9637	0.7503751	0.4144529	13.16076
8250	-4348.301	-4631.186	282.8856	0.7561264	0.4991002	14.15886
8256	-4343.132	-4626.008	282.8752	0.7406314	0.4671222	14.20037
8262	-4337.943	-4624.38	286.4371	0.881925	0.3631232	12.37809
8268	-4322.731	-4608.934	286.2027	0.7746858	0.3631232	12.55607
8274	-4340.226	-4624.34	284.114	0.8179162	0.3892646	13.59215
8280	-4338.146	-4625.78	287.6343	0.7657649	0.325856	11.85569
8286	-4325.193	-4612.712	287.5185	0.9000442	0.4122857	11.75402
8292	-4322.063	-4608.105	286.0427	0.6548962	0.3720241	12.69226
8298	-4321.829	-4610.995	289.1662	0.7934044	0.3389727	11.02535
8304	-4337.477	-4624.892	287.4151	0.6083913	0.4316561	11.94148
8310	-4328.588	-4618.007	289.4188	0.7436827	0.3231729	10.93712
8316	-4317.282	-4606.042	288.7602	0.8346629	0.4526304	11.10038
8322	-4323.507	-4610.916	287.4087	0.7497919	0.3604005	11.94326
8328	-4326.557	-4614.372	287.8147	0.7084127	0.3715777	11.74099
8334	-4338.471	-4624.545	286.0743	0.7538206	0.3949547	12.60061
8340	-4332.225	-4620.119	287.894	0.8200186	0.368602	11.64442
8346	-4322.659	-4611.566	288.9072	0.7987615	0.414565	11.0786
8352	-4319.301	-4604.004	284.7026	0.7724578	0.415729	13.28372
8358	-4321.143	-4610.248	289.1057	0.8720356	0.3440934	11.01008
8364	-4304.861	-4591.407	286.5463	0.7567322	0.459505	12.29118
8370	-4308.495	-4594.611	286.1162	0.7979585	0.4365412	12.51518
8376	-4316.71	-4601.232	284.5215	0.6870056	0.4696513	13.37177
8382	-4312.96	-4598.379	285.4189	0.6561771	0.4782495	12.91367
8388	-4326.349	-4611.832	285.4832	0.72269	0.408097	12.91128
8394	-4322.778	-4607.618	284.8399	0.9083011	0.3653638	13.19308
8400	-4309.811	-4595.673	285.8623	0.7832993	0.3598896	12.73222
8406	-4313.327	-4601.198	287.8716	0.8771637	0.4207898	11.57323
8412	-4314.573	-4599.777	285.2042	0.7661022	0.4665695	12.97862
8418	-4317.259	-4602.61	285.3504	0.8072595	0.3668758	12.97862
8424	-4322.531	-4609.368	286.8363	0.8078922	0.4713835	12.10257
8430	-4309.948	-4597.443	287.4949	0.8590534	0.3943599	11.80569
8436	-4314.94	-4603.281	288.3416	0.8450181	0.3799175	11.38548
8442	-4323.987	-4613.618	289.6311	0.7941571	0.3799175	10.73681
8448	-4333.895	-4623.228	289.3324	0.8684025	0.2911935	10.95553
8454	-4333.132	-4620.793	287.6615	0.8177306	0.378761	11.75635
8460	-4329.211	-4621.021	291.8105	1.030064	0.5060192	9.346069
8466	-4327.608	-4617.803	290.195	0.8961157	0.3794145	10.38788
8472	-4316.417	-4603.306	286.8895	0.7915702	0.3682213	12.18393
8478	-4310.794	-4597.291	286.4972	0.8872628	0.4995024	12.21327
8484	-4321.89	-4607.646	285.7552	0.7479751	0.5180109	12.6566
8490	-4323.811	-4609.152	285.3414	0.8639576	0.3568323	12.96459
8496	-4322.046	-4608.516	286.4701	0.7569434	0.4523978	12.33732
8502	-4331.297	-4615.726	284.4285	0.7986675	0.5248601	13.31443
8508	-4325.49	-4610.025	284.5345	0.7863083	0.3332838	13.45028
8514	-4314.988	-4601.031	286.0436	0.7961582	0.4321729	12.55806
8520	-4319.941	-4604.859	284.9188	0.7961582	0.3302105	13.24904
8526	-4317.798	-4602.672	284.8745	0.8069271	0.4440336	13.14949
8532	-4319.177	-4606.417	287.2403	0.7774609	0.4060537	11.96943
8538	-4321.45	-4610.062	288.6119	0.7858727	0.4576106	11.19894
8544	-4328.047	-4617.334	289.2867	0.7695262	0.4455452	10.8653
8550	-4327.574	-4614.796	287.2217	0.7555525	0.3451498	12.05454
8556	-4309.853	-4598.418	288.5659	0.8843416	0.3451498	11.28507
8562	-4300.141	-4588.53	288.389	0.8843416	0.4351521	11.28507
8568	-4313.01	-4598.553	285.5436	0.7322343	0.3789404	12.90445
8574	-4317.435	-4603.921	286.4853	0.8122417	0.3489955	12.4046
8580	-4308.475	-4591.778	283.3027	0.8998683	0.3435311	14.01908
8586	-4307.749	-4593.738	285.9894	0.8407754	0.429008	12.56606
8592	-4302.893	-4589.079	286.1856	0.7690324	0.364838	12.56606
8598	-4317.541	-4604.357	286.8161	0.8050173	0.3623133	12.22151
8604	-4318.885	-4603.892	285.0065	0.7229686	0.390477	13.17667
8610	-4327.354	-4613.804	286.4501	0.7446314	0.3824404	12.4225
8616	-4333.064	-4618.865	285.8015	0.7644312	0.4416403	12.69165
8622	-4331.57	-4622.145	290.5747	0.909371	0.4109148	10.14915
8628	-4332.313	-4618.595	286.2826	0.8263815	0.4147973	12.43459
8634	-4329.806	-4620.625	290.8197	0.9909075	0.3909919	9.997556
8640	-4323.929	-4610.297	286.3677	0.7114833	0.3289846	12.54077
8646	-4314.232	-4601.748	287.5157	0.7885198	0.4815051	11.7491
8652	-4318.626	-4605.696	287.07	0.8084016	0.4418437	12.00754
8658	-4322.696	-4608.602	285.9063	0.7894934	0.389681	12.67489
8664	-4348.062	-4634.058	285.9951	0.9048534	0.4624558	12.4985
8670	-4329.904	-4618.75	288.8461	0.8301542	0.375096	11.13437
8676	-4334.749	-4622.394	287.6457	0.9158367	0.3035379	11.79776
8682	-4344.754	-4628.368	283.6134	0.7926064	0.3863901	13.868
8688	-4350.914	-4636.361	285.4472	0.8365985	0.3863901	12.89265
8694	-4330.891	-4616.342	285.4519	0.7549895	0.4267007	12.89265
8700	-4316.26	-4601.912	285.6518	0.8650634	0.5114372	12.65503
8706	-4325.132	-4609.4	284.2681	0.8172903	0.3892717	13.51246
8712	-4318.502	-4604.795	286.2924	0.806081	0.4311922	12.42422
8718	-4317.94	-4605.462	287.522	0.7930952	0.4311922	11.78972
8724	-4317.737	-4606.258	288.5213	0.9537842	0.4704243	11.14679
8730	-4331.309	-4619.921	288.6119	0.9483097	0.422885	11.14679
8736	-4320.479	-4605.361	284.882	0.7954878	0.3546003	13.24139
8742	-4339.851	-4624.964	285.1135	0.846134	0.3959896	13.05145
8748	-4348.05	-4633.856	285.8059	0.7186683	0.4621072	12.69432
8754	-4324.288	-4612.95	288.6617	0.7983432	0.3391871	11.28659
8760	-4311.612	-4597.984	286.3719	0.8478111	0.4104274	12.38123
8766	-4338.698	-4625.279	286.5807	0.8567916	0.3058618	12.38123
8772	-4332.552	-4620.451	287.8985	0.8346851	0.3932235	11.60879
8778	-4323.938	-4608.996	285.0579	0.7291029	0.4240402	13.11354
8784	-4330.122	-4616.351	286.2293	0.8251004	0.3421336	12.53884
8790	-4335.027	-4623.318	288.291	0.7906823	0.3421166	11.48117
8796	-4325.764	-4612.02	286.2569	0.7906823	0.4044705	12.47678
8802	-4331.948	-4618.261	286.3126	0.7649458	0.4973106	12.37509
8808	-4321.759	-4606.252	284.4921	0.7199384	0.4790014	13.36158
8814	-4334.164	-4618.126	283.9613	0.7595219	0.5465488	13.55967
8820	-4328.613	-4613.103	284.4893	0.7595219	0.4952103	13.32832
8826	-4318.894	-4604.304	285.4107	0.6456825	0.4078238	12.9893
8832	-4328.211	-4614.935	286.7243	0.8191686	0.4166081	12.20637
8838	-4320.765	-4608.071	287.3062	0.746293	0.4254153	11.93231
8844	-4329.299	-4617.987	288.6885	0.746293	0.4502982	11.18637
8850	-4316.666	-4602.604	285.9384	0.6849335	0.3004702	12.81164
8856	-4317.5	-4604.675	287.1752	0.753322	0.3508384	12.07369
8862	-4308.04	-4594.743	286.7038	0.7684582	0.3508384	12.31158
8868	-4317.266	-4605.277	288.0106	0.8495595	0.4215794	11.51424
8874	-4345.674	-4633.925	288.2505	0.8719088	0.4015066	11.39696
8880	-4334.51	-4622.285	287.7748	0.8135383	0.349495	11.73074
8886	-4333.889	-4620.363	286.4739	0.7556162	0.3638294	12.42396
8892	-4332.294	-4619.17	286.8758	0.7431556	0.3979237	12.18557
8898	-4334.505	-4618.256	283.7514	0.8374966	0.5048456	13.66272
8904	-4343.631	-4629.296	285.6647	0.7851739	0.4723735	12.72391
8910	-4316.556	-4603.803	287.2471	0.810032	0.4806867	11.87879
8916	-4315.618	-4599.738	284.1201	0.8549676	0.3098288	13.65691
8922	-4319.291	-4605.671	286.3807	0.8769616	0.4769263	12.29912
8928	-4331.325	-4615.98	284.6543	0.7715419	0.4725136	13.2563
8934	-4327.041	-4611.948	284.9064	0.7123583	0.4723937	13.15615
8940	-4320.952	-4604.485	283.5335	0.7123583	0.366917	13.97133
8946	-4330.287	-4614.985	284.6979	0.8530484	0.4085365	13.25135
8952	-4329.267	-4618.413	289.1462	0.8916298	0.3962864	10.92303
8958	-4332.532	-4619.549	287.0176	0.8954499	0.3342158	12.10027
8964	-4321.92	-4609.519	287.5987	0.8893943	0.469542	11.66375
8970	-4323.384	-4611.278	287.8949	0.9430113	0.4033927	11.54379
8976	-4317.282	-4607.724	290.4426	0.9734089	0.5109	10.09276
8982	-4321.213	-4608.257	287.0436	0.7556266	0.5109	11.98717
8988	-4304.712	-4591.941	287.2296	0.7250181	0.421545	11.98717
8994	-4308.102	-4598.91	290.8074	0.8519856	0.421545	10.04646
9000	-4309.663	-4599.106	289.4431	1.01534	0.5407203	10.57089
9006	-4313.022	-4597.917	284.8952	0.8249115	0.4488219	13.12493
9012	-4313.758	-4603.308	289.5497	1.056047	0.4569895	10.56646
9018	-4310.596	-4597.838	287.242	0.7332646	0.4557805	11.94406
9024	-4319.149	-4605.012	285.8624	0.8583728	0.3525348	12.70108
9030	-4319.019	-4603.215	284.1952	0.8583728	0.4207166	13.49777
9036	-4319.225	-4603.077	283.8515	0.7560294	0.3657927	13.78491
9042	-4320.438	-4607.248	286.8102	0.7769556	0.4565133	12.14583
9048	-4320.769	-4608.377	287.608	0.9504373	0.333171	11.76466
9054	-4326.389	-4615.268	288.8794	1.044317	0.3221795	11.06338
9060	-4321.576	-4604.775	283.1987	0.6464535	0.5724919	13.99343
9066	-4315.01	-4599.317	284.3063	0.8573518	0.4233963	13.43805
9072	-4303.47	-4588.604	285.1338	0.9021474	0.4383972	12.97047
9078	-4319.966	-4609.165	289.1996	0.9229065	0.3426927	10.93583
9084	-4339.862	-4629.075	289.2127	0.9638815	0.3179896	10.93583
9090	-4325.415	-4612.404	286.9899	0.8007261	0.3697927	12.12514
9096	-4334.232	-4618.765	284.5327	0.9717728	0.4011676	13.28279
9102	-4335.097	-4623.718	288.6211	0.955566	0.4366709	11.12493
9108	-4322.716	-4608.14	285.4237	0.8104683	0.3362046	12.97236
9114	-4337.73	-4623.767	286.0371	0.7955825	0.4455956	12.54907
9120	-4323.418	-4607.528	284.1103	0.6945916	0.3839441	13.66352
9126	-4323.947	-4607.663	283.7161	0.8259147	0.3839441	13.79994
9132	-4323.594	-4613.237	289.6425	0.891695	0.4600245	10.60122
9138	-4324.697	-4615.05	290.3532	0.8248627	0.4663758	10.25727
9144	-4318.313	-4606.838	288.5258	0.8153693	0.3922646	11.2919
9150	-4338.945	-4623.719	284.7736	0.8807863	0.3418945	13.26733
9156	-4335.826	-4620.023	284.1969	0.6228897	0.3110582	13.73601
9162	-4337.237	-4619.757	282.5198	0.6742023	0.3058414	14.5849
9168	-4329.894	-4613.991	284.0964	0.65796	0.3812693	13.69252
9174	-4307.589	-4592.438	284.849	0.8695116	0.4846064	13.09348
9180	-4319.809	-4606.433	286.624	0.820151	0.4493721	12.22696
9186	-4315.021	-4601.461	286.4398	0.7685969	0.4205571	12.37718
9192	-4313.128	-4599.857	286.7283	1.020283	0.3804589	12.13588
9198	-4301.734	-4589.854	288.1195	0.9455786	0.4101812	11.41826
9204	-4309.528	-4595.099	285.5704	0.778593	0.4225681	12.82272
9210	-4326.892	-4610.499	283.6065	0.7803227	0.2716715	14.00914
9216	-4324.485	-4611.015	286.5301	0.848911	0.2716715	12.45424
9222	-4332.417	-4617.985	285.5673	0.7697613	0.3804281	12.87107
9228	-4323.838	-4611.135	287.2972	0.7830991	0.4043467	11.93847
9234	-4314.931	-4601.697	286.7653	0.9197541	0.439037	12.11103
9240	-4315.02	-4601.766	286.7459	0.8604302	0.4089089	12.1812
9246	-4337.271	-4624.979	287.7074	0.9059002	0.5654863	11.51725
9252	-4319.394	-4603.488	284.0932	0.7689691	0.3400063	13.68085
9258	-4321.681	-4613.438	291.7573	0.909918	0.3577206	9.581505
9264	-4322.684	-4613.308	290.6242	0.87769	0.3577206	10.19522
9270	-4317.044	-4604.911	287.8671	0.8768504	0.3941471	11.60222
9276	-4325.404	-4614.992	289.5886	0.8996733	0.3858403	10.69761
9282	-4320.985	-4607.8	286.8151	0.7712426	0.3670822	12.23453
9288	-4314.071	-4601.608	287.537	0.7287291	0.3157965	11.93752
9294	-4314.527	-4603.3	288.7731	0.8214181	0.3015054	11.26031
9300	-4319.091	-4603.956	284.8657	0.7460698	0.342629	13.28871
9306	-4313.265	-4597.5	284.2349	0.8624759	0.3347895	13.56458
9312	-4306.692	-4594.596	287.9039	0.8016825	0.4220341	11.59454
9318	-4318.62	-4608.131	289.5109	0.9014686	0.3889088	10.73424
9324	-4313.656	-4600.296	286.6403	0.8384049	0.3889088	12.26787
9330	-4318.954	-4604.531	285.577	0.8292916	0.4698184	12.74886
9336	-4312.795	-4598.334	285.5386	0.9093615	0.408563	12.78491
9342	-4308.587	-4594.326	285.7389	0.8401189	0.408563	12.71668
9348	-4310.673	-4598.292	287.619	0.8470543	0.4240673	11.71774
9354	-4303.499	-4590.847	287.3488	0.7458214	0.3784579	11.95745
9360	-4306.725	-4594.023	287.2979	0.7967017	0.3784579	11.95745
9366	-4324.844	-4613.444	288.6	0.8006983	0.308582	11.35317
9372	-4323.169	-4608.468	285.2988	0.6952204	0.3893864	13.04027
9378	-4312.076	-4598.76	286.6838	0.7966965	0.3880776	12.26778
9384	-4325.16	-4610.579	285.4186	0.7074035	0.4245497	12.93677
9390	-4318.015	-4602.478	284.4632	0.5919717	0.3790077	13.53873
9396	-4298.876	-4584.578	285.7024	0.7046995	0.4366549	12.77899
9402	-4304.532	-4590.569	286.0368	0.7230829	0.4811018	12.55475
9408	-4305.89	-4594.545	288.6547	0.766964	0.4062721	11.23562
9414	-4304.363	-4593.425	289.0623	0.8896766	0.5445717	10.83339
9420	-4306.462	-4592.748	286.2868	0.7868524	0.3981532	12.46952
9426	-4312.882	-4599.92	287.0376	0.7925284	0.3981532	12.07523
9432	-4321.295	-4607.954	286.6586	0.8711684	0.327848	12.30735
9438	-4316.325	-4605.129	288.8047	0.910224	0.3764284	11.11268
9444	-4314.189	-4600.319	286.1295	0.9367383	0.34964	12.52439
9450	-4337.608	-4622.866	285.2582	0.7988798	0.415214	12.98169
9456	-4326.181	-4613.818	287.6369	0.7738647	0.4533813	11.71889
9462	-4305.422	-4593.496	288.0735	0.917371	0.3009469	11.57662
9468	-4308.96	-4594.945	285.985	0.8395023	0.4009497	12.59649
9474	-4313.89	-4602.289	288.3989	0.8356148	0.3916125	11.34837
9480	-4314.553	-4601.293	286.7401	0.7222358	0.4349776	12.231
9486	-4314.761	-4602.809	288.0484	0.7824811	0.4349776	11.51665
9492	-4318.828	-4603.223	284.3948	0.786427	0.3025407	13.55862
9498	-4324.136	-4612.455	288.3187	0.8335859	0.4358451	11.34775
9504	-4345.63	-4631.946	286.3164	0.7290381	0.4366165	12.4467
9510	-4332.12	-4619.41	287.2902	0.6677303	0.3879301	12.01899
9516	-4331.582	-4620.259	288.6771	0.6943976	0.362171	11.30762
9522	-4323.874	-4610.442	286.5679	0.661018	0.4618706	12.32769
9528	-4325.648	-4610.918	285.2706	0.7399235	0.3881383	13.03295
9534	-4316.551	-4601.623	285.0724	0.7891365	0.376569	13.12236
9540	-4307.357	-4592.451	285.0941	0.6718762	0.4262647	13.12236
9546	-4297.594	-4586.738	289.1445	0.9044834	0.3659374	10.94887
9552	-4312.766	-4601.783	289.0176	1.037734	0.3659374	10.94554
9558	-4316.645	-4608.211	291.5667	1.113427	0.457721	9.474062
9564	-4312.131	-4601.476	289.3447	0.8358665	0.301346	10.95363
9570	-4307.451	-4593.304	285.8529	0.9040135	0.4490739	12.58531
9576	-4296.2	-4583.812	287.6117	0.7175646	0.4372395	11.77653
9582	-4304.168	-4593.406	289.2378	0.8081326	0.4285142	10.8869
9588	-4296.903	-4584.109	287.2063	0.6995333	0.3705491	12.06426
9594	-4303.275	-4589.836	286.5607	0.8489399	0.3632745	12.33072
9600	-4308.879	-4598.361	289.4819	0.8419281	0.3303192	10.84432
9606	-4307.766	-4595.117	287.3507	0.8006185	0.4276571	11.87858
9612	-4309.716	-4593.248	283.5321	0.8953981	0.3718226	13.87194
9618	-4307.326	-4593.956	286.6301	0.8288323	0.4976722	12.17601
9624	-4334.442	-4621.92	287.4781	0.8251776	0.5205327	11.71592
9630	-4331.59	-4621.513	289.9232	0.9146579	0.4155471	10.48415
9636	-4322.756	-4610.636	287.8805	0.7889515	0.3439269	11.69459
9642	-4320.169	-4608.03	287.8608	0.8086258	0.3439269	11.69459
9648	-4329.426	-4615.499	286.0738	0.7569683	0.270512	12.74118
9654	-4318.467	-4605.005	286.5382	0.7487231	0.3376102	12.4228
9660	-4322.493	-4609.425	286.932	0.6418466	0.38207	12.22534
9666	-4325.625	-4611.137	285.5117	0.8372067	0.4185447	12.82666
9672	-4330.987	-4616.777	285.7902	0.7459839	0.4359499	12.71248
9678	-4319.042	-4602.788	283.7458	0.8368327	0.5322237	13.64306
9684	-4309.716	-4597.958	288.2422	0.8107278	0.3809366	11.45435
9690	-4316.626	-4604.792	288.1659	0.8557185	0.3968652	11.45435
9696	-4312.251	-4600.335	288.0841	0.9100665	0.4111824	11.45435
9702	-4318.34	-4601.447	283.1075	0.7250411	0.4373721	14.11537
9708	-4318.393	-4602.073	283.68	0.7711635	0.3680265	13.86369
9714	-4320.585	-4605.708	285.123	0.7579045	0.3896203	13.09883
9720	-4306.837	-4597.317	290.4799	0.9973372	0.3747262	10.18991
9726	-4306.31	-4596.713	290.4031	0.92648	0.4530028	10.18991
9732	-4312.095	-4598.724	286.629	0.856381	0.5191278	12.14392
9738	-4303.941	-4590.835	286.8947	0.856381	0.326156	12.19395
9744	-4308.747	-4593.028	284.2811	0.9597136	0.3798836	13.44145
9750	-4299.218	-4584.491	285.2734	0.8014797	0.3798836	13.00802
9756	-4308.625	-4590.82	282.1958	0.8510963	0.4704723	14.49209
9762	-4307.761	-4592.536	284.775	0.8160552	0.4202543	13.21904
9768	-4310.558	-4597.895	287.3367	0.7811929	0.4199394	11.90352
9774	-4301.453	-4589.799	288.3463	0.8655322	0.5202694	11.24119
9780	-4294.545	-4583.458	288.9127	0.8584865	0.383972	11.07535
9786	-4309.354	-4594.142	284.7884	0.8157313	0.5540222	13.09476
9792	-4311.044	-4598.515	287.4708	0.9326958	0.453028	11.72299
9798	-4310.706	-4597.203	286.4973	0.9298495	0.3177884	12.3725
9804	-4324.683	-4611.754	287.0707	0.7640113	0.4076483	12.06333
9810	-4320.38	-4605.548	285.1686	0.885494	0.4076483	12.99067
9816	-4325.35	-4610.355	285.0051	0.6449335	0.4149373	13.19355
9822	-4322.325	-4607.99	285.6645	0.7317482	0.4379251	12.78348
9828	-4323.584	-4614.944	291.3606	0.8773046	0.3516586	9.814521
9834	-4317.014	-4605.135	288.1209	0.7663528	0.4544576	11.46889
9840	-4315.332	-4602.307	286.9749	0.7921985	0.4991498	12.01402
9846	-4319.308	-4607.699	288.391	0.8949365	0.4991498	11.22043
9852	-4321.508	-4607.789	286.2813	0.817272	0.420855	12.4341
9858	-4326.851	-4611.021	284.1701	0.8412635	0.4393146	13.502
9864	-4326.568	-4611.792	285.2237	0.8614735	0.3408966	13.04459
9870	-4330.237	-4613.793	283.556	0.8672601	0.3317356	13.91783
9876	-4330.849	-4615.711	284.862	0.8888614	0.3303487	13.23022
9882	-4315.902	-4603.672	287.7695	0.8234032	0.3597323	11.71721
9888	-4321.731	-4608.391	286.6597	0.8327174	0.3201458	12.33571
9894	-4327.869	-4615.362	287.4932	0.9068815	0.3779914	11.79852
9900	-4322.309	-4606.41	284.1017	0.6953675	0.4642837	13.59024
9906	-4323.145	-4610.183	287.0379	0.821286	0.4642837	11.99682
9912	-4320.231	-4605.102	284.8703	0.8162321	0.3864415	13.20309
9918	-4329.158	-4618.553	289.3954	0.8607479	0.3864415	10.81872
9924	-4317.47	-4608.125	290.6553	0.9651691	0.4224041	10.06608
9930	-4330.779	-4619.779	288.9999	0.80473	0.4544065	10.9889
9936	-4329.505	-4615.163	285.6576	0.7586432	0.4446517	12.76673
9942	-4321.612	-4608.879	287.2669	0.888605	0.3886862	11.91507
9948	-4314.004	-4600.805	286.8019	0.9440819	0.3841117	12.13347
9954	-4322.098	-4608.963	286.8659	0.7653788	0.3644242	12.21396
9960	-4324.653	-4613.204	288.5506	0.8269664	0.4138398	11.25119
9966	-4319.054	-4604.838	285.7839	0.8397919	0.4761496	12.63008
9972	-4302.301	-4588.336	286.0356	0.8322985	0.3474307	12.63008
9978	-4303.06	-4589.229	286.1691	0.8852433	0.3064343	12.58008
9984	-4308.118	-4594.5	286.3819	0.8437948	0.3873008	12.40135
9990	-4306.516	-4596.098	289.5824	0.8880916	0.350782	10.74443
9996	-4316.295	-4604.37	288.0751	0.7961633	0.3553756	11.57653
10002	-4310.421	-4598.481	288.0599	0.7828236	0.399551	11.54513
10008	-4320.248	-4611.738	291.4897	0.8826304	0.3615966	9.732815
10014	-4316.451	-4605.155	288.704	0.9765826	0.4442908	11.06329
10020	-4305.263	-4593.462	288.1995	0.9003925	0.4753264	11.33874
10026	-4320.864	-4610.913	290.0488	0.9856193	0.2985536	10.50925
10032	-4317.963	-4601.149	283.1867	0.7893031	0.3902438	14.08703
10038	-4327.927	-4615.811	287.8844	0.9380677	0.4056483	11.5496
10044	-4317.664	-4607.346	289.6812	0.9333398	0.4411164	10.57668
10050	-4325.507	-4616.224	290.7178	1.018054	0.3754335	10.05315
10056	-4318.319	-4606.264	287.9454	0.7947736	0.4030352	11.59521
10062	-4322.215	-4609.153	286.9378	0.7434635	0.3524818	12.20078
10068	-4317.597	-4604.239	286.6425	0.8117291	0.3393889	12.33366
10074	-4308.997	-4596.495	287.4986	0.7976827	0.3710241	11.86003
10080	-4313.442	-4600.729	287.2871	0.8404735	0.3881664	11.93021
10086	-4324.262	-4612.021	287.759	0.997087	0.5606783	11.44643
10092	-4359.806	-4643.99	284.1845	0.9247213	0.5677121	13.34113
10098	-4346.101	-4629.615	283.5135	0.8275766	0.411739	13.8763
10104	-4318.382	-4605.952	287.57	0.770102	0.3439831	11.86648
10110	-4308.81	-4597.518	288.7087	0.8160142	0.3401147	11.25169
10116	-4308.648	-4595.177	286.5286	0.727849	0.363996	12.40973
10122	-4308.354	-4597.786	289.4318	0.9389617	0.3152254	10.83734
10128	-4317.623	-4604.266	286.643	0.8128592	0.5163505	12.16168
10134	-4309.162	-4596.381	287.219	0.8252883	0.3499902	12.01422
10140	-4306.167	-4593.117	286.95	0.8631169	0.4853585	12.002
10146	-4307.235	-4592.391	285.156	0.6917584	0.3858325	13.11995
10152	-4308.234	-4594.065	285.831	0.7724055	0.4613042	12.65399
10158	-4322.238	-4608.344	286.1062	0.8302259	0.3739644	12.56586
10164	-4317.67	-4603.626	285.9555	0.7586393	0.3816135	12.67364
10170	-4321.787	-4609.034	287.2475	0.7301536	0.3095902	12.09516
10176	-4304.704	-4591.094	286.3903	0.8500824	0.4684377	12.31573
10182	-4311.389	-4598.738	287.3498	0.829414	0.3623754	11.93034
10188	-4315.701	-4602.971	287.2703	0.6997221	0.4738664	11.93034
10194	-4311.202	-4598.252	287.0501	0.9872751	0.4357289	11.93034
10200	-4337.619	-4621.396	283.7767	0.7946799	0.5804664	13.61045
10206	-4339.582	-4625.25	285.6679	0.7771491	0.4219354	12.77334
10212	-4321.516	-4609.135	287.6196	0.808337	0.4590118	11.70475
10218	-4308.145	-4598.689	290.5437	1.014484	0.4000228	10.12115
10224	-4311.301	-4598.084	286.783	0.8248744	0.3987959	12.19048
10230	-4303.945	-4593.29	289.3456	0.8996477	0.3987959	10.81177
10236	-4298.056	-4589.092	291.0366	1.03464	0.4714152	9.78261
10242	-4307.167	-4597.047	289.8804	0.9239359	0.3536759	10.56608
10248	-4302.391	-4589.641	287.2502	0.7145539	0.3722161	12.03178
10254	-4316.756	-4603.172	286.4162	0.848084	0.4402879	12.32919
10260	-4321.427	-4609.36	287.9336	0.9358717	0.484243	11.45131
10266	-4318.364	-4603.969	285.6046	0.8440422	0.4137512	12.77943
10272	-4326.053	-4614.298	288.2447	0.9578247	0.4137512	11.34284
10278	-4319.018	-4609.369	290.3512	0.9578247	0.3329394	10.32433
10284	-4316.476	-4605.384	288.9082	0.9827828	0.3700744	11.02725
10290	-4315.682	-4605.811	290.1293	0.9840979	0.4162959	10.3387
10296	-4320.216	-4608.305	288.0894	0.8934818	0.3611614	11.51189
10302	-4326.524	-4608.336	281.8113	1.003549	0.4197714	14.6593
10308	-4314.519	-4600.007	285.4878	0.7058418	0.5118201	12.8229
10314	-4335.078	-4621.767	286.689	0.820487	0.4074533	12.23315
10320	-4320.865	-4606.476	285.6113	0.8940822	0.343702	12.8229
10326	-4308.484	-4594.068	285.5837	0.8515731	0.3776242	12.8229
10332	-4320.341	-4607.909	287.5678	0.9312855	0.3985684	11.72566
10338	-4328.769	-4613.12	284.3513	0.8208352	0.4469735	13.41134
10344	-4328.896	-4614.582	285.6863	0.782804	0.4461009	12.7379
10350	-4313.966	-4599.71	285.7437	0.782804	0.4147656	12.7379
10356	-4310.89	-4600.894	290.0033	0.9848253	0.4147656	10.40598
10362	-4314.67	-4600.826	286.1553	0.7258936	0.3518454	12.61834
10368	-4317.571	-4605.462	287.8906	0.8211432	0.3908915	11.62236
10374	-4307.657	-4593.077	285.4197	0.7743799	0.4631296	12.86533
10380	-4310.268	-4596.881	286.6134	0.8593661	0.401511	12.2582
10386	-4310.755	-4596.804	286.0497	0.8765577	0.401511	12.54292
10392	-4318.839	-4607.266	288.4271	1.017504	0.401511	11.22838
10398	-4306.745	-4595.602	288.8572	0.7944252	0.401511	11.12003
10404	-4310.314	-4597.574	287.2604	0.7942735	0.3642555	11.99332
10410	-4307.672	-4594.748	287.0755	0.793788	0.4052011	12.04776
10416	-4317.354	-4604.474	287.1199	0.793788	0.3823749	12.04776
10422	-4321.215	-4608.58	287.3653	0.8677335	0.3564039	11.90868
10428	-4339.656	-4627.469	287.8136	0.8066571	0.3976558	11.66329
10434	-4305.652	-4593.586	287.9338	0.8380417	0.3596864	11.62379
10440	-4302.271	-4586.549	284.2773	0.7193511	0.3801944	13.56789
10446	-4301.101	-4585.239	284.1378	0.7286702	0.3801944	13.63545
10452	-4310.701	-4599.76	289.0594	0.8407835	0.3801944	11.01174
10458	-4322.916	-4609.036	286.1204	0.6904395	0.3836705	12.62114
10464	-4320.739	-4609.113	288.374	0.8702286	0.3897655	11.34514
10470	-4322.512	-4608.844	286.3316	0.7743259	0.3529631	12.50006
10476	-4322.014	-4607.312	285.2978	0.7427219	0.3933471	13.01204
10482	-4326.02	-4613.857	287.8366	0.837779	0.3947878	11.63792
10488	-4327.02	-4612.412	285.392	0.8272344	0.3486789	12.96625
10494	-4317.712	-4605.787	288.0743	0.8652682	0.3766792	11.51804
10500	-4331.53	-4620.285	288.7542	0.7918688	0.4152905	11.16159
10506	-4333.793	-4618.207	284.4137	0.8016337	0.5327649	13.31404
10512	-4338.951	-4629.604	290.6531	1.038949	0.5288674	9.932273
10518	-4328.284	-4618.904	290.6201	1.083527	0.3863082	10.05868
10524	-4319.333	-4608.194	288.8613	1.080176	0.3927535	10.97715
10530	-4316.005	-4602.971	286.9661	0.9302005	0.4272054	12.0121
10536	-4323.754	-4610.544	286.7898	0.8822047	0.3534708	12.20457
10542	-4332.047	-4614.963	282.9158	0.8114774	0.4077895	14.19839
10548	-4327.558	-4613.104	285.5455	0.8942571	0.3105344	12.89504
10554	-4336.124	-4621.301	285.1769	0.8269907	0.4446172	12.98126
10560	-4326.581	-4611.655	285.0742	0.9575099	0.4293075	12.98126
10566	-4333.209	-4617.159	283.9504	0.8067717	0.3909574	13.68112
10572	-4308.566	-4596.315	287.7484	0.9115385	0.4010528	11.63916
10578	-4306.148	-4595.435	289.2865	0.9230356	0.4134525	10.81585
10584	-4297.088	-4585.881	288.7932	0.9348283	0.3813008	11.10073
10590	-4307.332	-4593.561	286.2289	0.801361	0.3277763	12.56767
10596	-4305.632	-4594.036	288.4048	0.958522	0.4285434	11.24436
10602	-4297.099	-4585.608	288.5096	0.9162987	0.3953985	11.24436
10608	-4300.297	-4584.602	284.3046	0.7145904	0.4455866	13.49204
10614	-4303.463	-4593.142	289.6787	0.9700934	0.4455866	10.5545
10620	-4302.628	-4591.467	288.8388	0.7643721	0.4455866	11.10263
10626	-4316.797	-4603.842	287.0454	0.789007	0.3768404	12.09489
10632	-4313.327	-4604.412	291.0849	1.147909	0.3768404	9.79
10638	-4307.403	-4599.857	292.4537	1.142865	0.4483652	8.998349
10644	-4302.212	-4591.642	289.4299	0.8666922	0.382581	10.80153
10650	-4297.059	-4586.019	288.9606	0.8151006	0.4099921	11.04658
10656	-4303.284	-4590.241	286.957	0.8221141	0.3676407	12.13341
10662	-4314.458	-4604.765	290.3073	0.8152432	0.3509999	10.40197
10668	-4309.367	-4596.354	286.9871	0.7975099	0.3509999	12.14852
10674	-4311.036	-4597.957	286.9216	0.8796293	0.3431848	12.14852
10680	-4308.754	-4595.746	286.9924	0.8173354	0.5049634	11.98676
10686	-4309.966	-4596.604	286.6384	0.8405962	0.3837676	12.27303
10692	-4310.857	-4598.388	287.531	0.9434265	0.5245155	11.62318
10698	-4311.659	-4599.918	288.2593	0.8431341	0.3943035	11.41467
10704	-4316.322	-4604.493	288.1716	0.9224261	0.398659	11.41467
10710	-4306.469	-4592.207	285.7381	0.8079171	0.4754341	12.67112
10716	-4298.059	-4586.605	288.5468	0.849897	0.3477719	11.31012
10722	-4304.557	-4589.639	285.0817	0.9167513	0.4469945	12.98188
10728	-4313.992	-4599.107	285.115	0.8835086	0.4469945	12.98188
10734	-4323.661	-4611.311	287.6507	0.8486761	0.3143309	11.81733
10740	-4302.467	-4589.963	287.4964	0.8452377	0.3921395	11.81438
10746	-4306.723	-4594.057	287.3335	0.9290273	0.4803475	11.77187
10752	-4306.18	-4591.61	285.4301	0.8143046	0.3362555	12.96697
10758	-4304.173	-4590.711	286.5387	0.8866393	0.400227	12.28423
10764	-4314.064	-4600.96	286.8959	1.005907	0.4031693	12.03281
10770	-4310.426	-4593.333	282.9072	0.8234495	0.4501555	14.15631
10776	-4322.207	-4609.317	287.1104	0.7849662	0.4236647	12.01603
10782	-4321.621	-4608.58	286.9593	0.9360078	0.4236647	12.01603
10788	-4323.09	-4608.298	285.207	0.946214	0.3425973	13.00728
10794	-4325.792	-4612.597	286.8049	0.7247527	0.3971936	12.23291
10800	-4327.785	-4615.095	287.31	0.8724999	0.4164285	11.87319
10806	-4332.192	-4621.048	288.8555	0.8546733	0.4086121	11.08229
10812	-4330.964	-4619.617	288.6526	0.8718522	0.3989567	11.18921
10818	-4332.931	-4620.094	287.163	0.8658636	0.3997421	11.96995
10824	-4333.929	-4619.361	285.4319	0.8168357	0.3807159	12.9167
10830	-4336.198	-4622.58	286.3812	0.9527783	0.3450764	12.38996
10836	-4330.001	-4615.339	285.3371	0.8396364	0.4777824	12.8612
10842	-4321.926	-4606.219	284.2925	0.8400542	0.3668558	13.5113
10848	-4314.04	-4600.545	286.5045	0.8517706	0.459488	12.26347
10854	-4331.578	-4618.638	287.0602	0.8769536	0.3854263	12.03238
10860	-4332.975	-4619.248	286.2738	0.9183518	0.3770858	12.42939
10866	-4326.622	-4612.008	285.386	0.9026793	0.269916	13.02393
10872	-4325.059	-4612.491	287.4324	0.9172797	0.2385268	11.99284
10878	-4317.569	-4604.369	286.7996	0.8307234	0.4412317	12.13749
10884	-4318.111	-4607.097	288.9862	0.8141539	0.3491595	11.09737
10890	-4312.08	-4598.373	286.2934	0.8584598	0.4940304	12.33921
10896	-4328.045	-4617.714	289.6694	0.9860446	0.4940304	10.50709
10902	-4327.604	-4613.974	286.3702	0.7524187	0.3711095	12.4719
10908	-4324.211	-4612.914	288.7025	0.9931092	0.5424498	10.96947
10914	-4322.361	-4610.528	288.1675	0.7781456	0.427195	11.46412
10920	-4328.126	-4614.436	286.3106	0.7748639	0.4055689	12.45596
10926	-4332.589	-4621.923	289.3341	0.8194223	0.2951296	10.97545
10932	-4339.459	-4629.236	289.7765	0.9885142	0.3961978	10.54177
10938	-4328.57	-4615.611	287.0406	0.8883757	0.4276851	11.99458
10944	-4335.052	-4624.575	289.523	0.9758223	0.4085546	10.66903
10950	-4334.661	-4618.364	283.7024	0.8884375	0.4141163	13.74439
10956	-4325.519	-4614.389	288.87	0.887006	0.3448222	11.12486
10962	-4314.744	-4602.421	287.6775	0.8327414	0.4211969	11.69745
10968	-4317.248	-4605.337	288.0887	0.7943286	0.4211969	11.50262
10974	-4316.964	-4606.152	289.1883	1.031994	0.4571482	10.76851
10980	-4303.459	-4593.737	290.2775	0.9433857	0.4367186	10.26238
10986	-4311.547	-4598.575	287.028	0.8991143	0.4216174	12.00142
10992	-4308.61	-4598.194	289.5843	0.8991143	0.3782058	10.70814
10998	-4298.739	-4584.294	285.5545	0.6889093	0.402522	12.89733
11004	-4308.729	-4598.301	289.5719	0.8752907	0.4398853	10.66564
11010	-4306.333	-4592.839	286.5054	0.8512967	0.4825479	12.24251
11016	-4299.027	-4587.536	288.5093	0.8592431	0.4660273	11.20658
11022	-4298.965	-4586.659	287.6948	0.9080881	0.4857787	11.58929
11028	-4311.606	-4601.649	290.0425	0.8630948	0.4000672	10.46402
11034	-4321.658	-4611.911	290.2527	0.8614785	0.413	10.34156
11040	-4320.547	-4607.911	287.3639	0.7832272	0.4229624	11.88532
11046	-4309.843	-4596.993	287.1501	0.8069731	0.3684667	12.03975
11052	-4306.542	-4593.834	287.2919	0.8176502	0.3192002	12.01501
11058	-4308.857	-4593.333	284.4757	0.8220399	0.4955551	13.30263
11064	-4309.803	-4595.202	285.3993	0.8528123	0.431111	12.86489
11070	-4311.369	-4600.745	289.3758	0.8227855	0.4895997	10.75067
11076	-4311.688	-4598.431	286.7431	0.7225419	0.3859716	12.27767
11082	-4319.532	-4605.342	285.8108	0.7117343	0.3859716	12.76887
11088	-4315.196	-4601.522	286.3261	0.7117343	0.3859716	12.5006
11094	-4327.891	-4613.329	285.4374	0.7535821	0.3906716	12.93655
11100	-4314.506	-4599.105	284.5985	0.6750052	0.4790761	13.32962
11106	-4321.417	-4606.243	284.8263	0.8683175	0.3914695	13.19376
11112	-4328.62	-4612.202	283.5823	1.017988	0.3914695	13.76203
11118	-4320.305	-4606.641	286.3366	0.9240062	0.420671	12.34987
11124	-4332.1	-4617.943	285.8434	0.8546056	0.566038	12.51609
11130	-4320.237	-4608.817	288.5802	0.9317978	0.4171544	11.1776
11136	-4311.74	-4600.216	288.4755	1.04764	0.444233	11.14579
11142	-4324.81	-4617.949	293.1385	1.084771	0.4541985	8.660686
11148	-4323.662	-4615.494	291.8322	0.9346178	0.3977355	9.486644
11154	-4323.119	-4613.731	290.6119	0.9231023	0.4446026	10.08976
11160	-4310.506	-4596.672	286.1668	0.7249279	0.3650609	12.59856
11166	-4323.714	-4608.744	285.0293	0.7627302	0.3819268	13.15295
11172	-4318.792	-4603.502	284.71	0.7498066	0.4072729	13.29996
11178	-4305.393	-4590.417	285.0236	0.7849516	0.5470707	12.99408
11184	-4313.426	-4600.578	287.1521	0.7068034	0.3694659	12.0899
11190	-4304.635	-4591.262	286.6271	0.7701944	0.4399416	12.26019
11196	-4301.12	-4591.265	290.1445	0.8634351	0.4432999	10.36807
11202	-4313.327	-4602.118	288.7913	0.7875457	0.3668915	11.19402
11208	-4323.139	-4607.16	284.021	0.8159753	0.3643473	13.6674
11214	-4315.822	-4601	285.1783	0.8726214	0.5560486	12.86081
11220	-4318.494	-4603.728	285.2341	0.8754848	0.4347068	12.93564
11226	-4323.619	-4608.579	284.9605	0.9983571	0.304903	13.15182
11232	-4322.027	-4604.682	282.6545	0.8110368	0.4394136	14.30367
11238	-4320.214	-4606.441	286.2272	0.8462276	0.4727774	12.39885
11244	-4317.617	-4606.466	288.8491	0.858596	0.4344126	11.05842
11250	-4329.071	-4613.26	284.1886	0.8205987	0.4034315	13.53779
11256	-4333.726	-4617.94	284.2141	0.7950797	0.4034315	13.53779
11262	-4330.84	-4616.876	286.036	0.7786143	0.4632516	12.54225
11268	-4330.575	-4616.221	285.646	0.8053925	0.4977246	12.70082
11274	-4331.259	-4618.395	287.1356	0.805611	0.4977246	11.92439
11280	-4324.886	-4613.014	288.1284	0.7679582	0.4106905	11.50597
11286	-4334.161	-4623.363	289.2027	0.7105504	0.3997672	10.98481
11292	-4325.042	-4609.723	284.6809	0.8065204	0.458244	13.23717
11298	-4333.664	-4619.396	285.7328	0.6418934	0.3730008	12.85928
11304	-4322.161	-4607.45	285.2886	0.7182323	0.4214853	13.00171
11310	-4328.749	-4615.556	286.8071	0.7182323	0.4214853	12.21109
11316	-4328.26	-4616.867	288.6071	0.9182714	0.4362125	11.15222
11322	-4322.799	-4611.426	288.6268	0.7645311	0.4339104	11.22455
11328	-4328.717	-4613.868	285.1509	0.7645311	0.5331826	12.94982
11334	-4325.601	-4613.72	288.1184	0.8777916	0.4792761	11.38947
11340	-4327.649	-4614.358	286.7087	0.9103067	0.4329323	12.15124
11346	-4323.329	-4605.963	282.6345	0.6950226	0.5220517	14.30125
11352	-4320.488	-4603.957	283.4683	0.6755918	0.4863962	13.90949
11358	-4311.142	-4598.389	287.247	0.8773782	0.4863962	11.83866
11364	-4323.877	-4606.813	282.936	0.6720855	0.3545586	14.31513
11370	-4318.352	-4603.329	284.9772	0.6892088	0.4192789	13.18085
11376	-4324.049	-4608.81	284.7609	0.9055104	0.4192789	13.18085
11382	-4327.771	-4613.372	285.6006	0.7254352	0.4003602	12.8565
11388	-4322.804	-4609.716	286.912	0.8244858	0.4389323	12.0843
11394	-4310.519	-4598.013	287.4946	0.8077486	0.3984667	11.82849
11400	-4313.439	-4601.83	288.3903	0.8065813	0.4287357	11.33121
11406	-4309.924	-4592.602	282.6777	0.7604188	0.4717699	14.2883
11412	-4328.959	-4614.714	285.7543	0.6952699	0.3193679	12.87956
11418	-4331.293	-4616.914	285.6213	0.7310084	0.3648241	12.87956
11424	-4333.113	-4619.664	286.5509	0.71277	0.345479	12.42615
11430	-4329.475	-4615.737	286.2627	0.7412551	0.4827411	12.42615
11436	-4334.726	-4622.865	288.1387	0.7412551	0.4700315	11.45852
11442	-4317.303	-4603.703	286.4001	0.658595	0.4580404	12.41985
11448	-4326.678	-4611.824	285.1462	0.7150504	0.3361782	13.16625
11454	-4325.639	-4611.695	286.056	0.8314884	0.3909703	12.57374
11460	-4314.809	-4601.497	286.6878	0.8298302	0.3909703	12.24549
11466	-4319.689	-4604.896	285.2073	0.7594619	0.3909703	13.05284
11472	-4311.698	-4597.765	286.067	0.7594619	0.3601308	12.63782
11478	-4327.8	-4615.424	287.624	0.8201712	0.3230334	11.83596
11484	-4323.555	-4608.661	285.106	0.768754	0.398689	13.09287
11490	-4325.331	-4611.047	285.7161	0.6604776	0.4057007	12.82486
11496	-4324.693	-4610.266	285.5728	0.780446	0.4302563	12.8131
11502	-4336.558	-4621.001	284.4435	0.673075	0.3009494	13.59408
11508	-4328.013	-4612.73	284.7171	0.7034581	0.3488489	13.38116
11514	-4323.695	-4606.188	282.4925	0.7202643	0.2779383	14.60946
11520	-4331.74	-4619.026	287.2857	0.8293123	0.6269261	11.73071
11526	-4326.025	-4613.533	287.5075	0.8105869	0.4941507	11.73071
11532	-4328.915	-4613.915	285.0005	0.8287868	0.3564426	13.16054
11538	-4334.825	-4621.695	286.8701	0.6454316	0.4471304	12.19183
11544	-4323.568	-4611.67	288.1021	0.8289807	0.4173223	11.4813
11550	-4316.185	-4604.034	287.8488	0.7504218	0.3459693	11.72898
11556	-4318.947	-4600.865	281.9185	0.7330058	0.4304043	14.73369
11562	-4303.826	-4588.758	284.9319	0.718442	0.3714354	13.23749
11568	-4313.299	-4597.628	284.3292	0.6880179	0.3714354	13.56635
11574	-4313.008	-4598.482	285.4739	0.9077132	0.4204073	12.80781
11580	-4306.842	-4595.883	289.0415	0.9473407	0.3446169	11.00368
11586	-4303.01	-4584.992	281.982	0.8594811	0.4667427	14.60177
11592	-4317.242	-4601.424	284.1811	0.8448572	0.3010474	13.64099
11598	-4323.423	-4609.457	286.0343	0.7701501	0.4444174	12.56491
11604	-4318.521	-4605.174	286.6528	0.8353021	0.3252949	12.33202
11610	-4326.545	-4609.391	282.8465	0.6842097	0.4922793	14.22226
11616	-4331.808	-4617.977	286.1688	0.8614278	0.4473241	12.44456
11622	-4330.315	-4615.225	284.9104	0.6091298	0.355335	13.32264
11628	-4340.55	-4627.808	287.2578	0.7535653	0.3352489	12.04784
11634	-4330.924	-4617.267	286.3432	0.7878229	0.4785027	12.36371
11640	-4319.535	-4606.054	286.5189	0.7144854	0.4210073	12.36371
11646	-4324.841	-4612.667	287.8267	0.9015134	0.4210073	11.58375
11652	-4329.712	-4618.791	289.0788	0.8742272	0.4393396	10.92525
11658	-4330.736	-4618.429	287.6929	0.8426254	0.4525434	11.65447
11664	-4319.436	-4605.086	285.65	0.7781543	0.4196441	12.78434
11670	-4328.207	-4614.136	285.9293	0.6845803	0.3278333	12.78434
11676	-4311.372	-4599.043	287.671	0.8642197	0.3667571	11.7398
11682	-4324.607	-4611.607	287.0004	0.8547488	0.4260899	12.03464
11688	-4323.588	-4611.648	288.0599	0.7289868	0.3813713	11.59189
11694	-4325.887	-4611.205	285.3179	0.8079821	0.4499055	12.9129
11700	-4329.868	-4617.299	287.4311	0.8712888	0.344939	11.88509
11706	-4324.692	-4608.266	283.5732	0.6950508	0.3582883	13.96891
11712	-4335.363	-4621.136	285.7728	0.7475922	0.4592955	12.69902
11718	-4326.266	-4611.638	285.3721	0.8833853	0.3875525	12.90619
11724	-4341.617	-4628.496	286.879	0.8567984	0.4118504	12.11077
11730	-4326.065	-4610.928	284.8634	0.862031	0.506553	13.07091
11736	-4331.189	-4619.132	287.9425	0.7527926	0.3644495	11.65863
11742	-4339.328	-4623.687	284.3588	0.919944	0.3380036	13.4668
11748	-4330.336	-4617.181	286.8447	0.8440623	0.4074595	12.13966
11754	-4326.985	-4612.459	285.4748	0.7502731	0.365126	12.94543
11760	-4336.198	-4621.433	285.2348	0.7010077	0.3916785	13.06822
11766	-4331.759	-4615.124	283.365	0.7137625	0.4162642	14.00791
11772	-4334.631	-4621.253	286.6224	0.9218839	0.442318	12.18136
11778	-4337.761	-4623.738	285.9766	0.8330748	0.3769852	12.62869
11784	-4327.362	-4614.169	286.8076	0.7592864	0.3698732	12.2417
11790	-4330.269	-4616.443	286.1736	0.7229047	0.3711934	12.5896
11796	-4327.894	-4614.193	286.2989	0.8601318	0.4054441	12.41777
11802	-4333.163	-4617.56	284.3969	0.8136707	0.4027661	13.43386
11808	-4317.735	-4605.199	287.4643	0.8660944	0.455982	11.75848
11814	-4332.202	-4618.192	285.9901	0.7601016	0.5706637	12.48523
11820	-4331.247	-4617.426	286.1794	0.8057941	0.4320391	12.48243
11826	-4326.602	-4614.726	288.1242	0.7791359	0.3450567	11.57112
11832	-4310.453	-4595.786	285.333	0.7600728	0.4319276	12.94685
11838	-4319.36	-4603.409	284.0489	0.6546167	0.4586809	13.64387
11844	-4307.601	-4591.115	283.5138	0.8073105	0.463424	13.83799
11850	-4296.019	-4583.897	287.8773	0.8496174	0.463424	11.5445
11856	-4303.303	-4586.804	283.5005	0.7632938	0.4031212	13.92486
11862	-4302.574	-4588.655	286.0813	0.8002243	0.3435893	12.62726
11868	-4320.757	-4605.613	284.8557	0.6596914	0.3509983	13.32953
11874	-4313.823	-4600.748	286.9251	0.8609048	0.2767309	12.23566
11880	-4328.582	-4611.786	283.2046	0.8975513	0.3382955	14.07697
11886	-4334.287	-4622.801	288.5143	0.9443916	0.3382955	11.28828
11892	-4344.883	-4630.212	285.3294	0.7024839	0.5165232	12.90311
11898	-4342.747	-4630.327	287.5803	0.970478	0.4133213	11.68395
11904	-4320.91	-4604.921	284.0114	0.7464291	0.3482638	13.72586
11910	-4320.711	-4606.355	285.6444	0.7501023	0.5216187	12.71016
11916	-4322.115	-4608.051	285.9362	0.8194523	0.3281844	12.71016
11922	-4327.435	-4613.954	286.5185	0.8946264	0.3237161	12.37288
11928	-4322.745	-4607.565	284.8205	0.9701158	0.4851457	13.0555
11934	-4315.669	-4599.835	284.1667	0.6286365	0.3950038	13.65722
11940	-4321.265	-4605.418	284.1532	0.7339331	0.3496421	13.65722
11946	-4316.905	-4603.848	286.943	0.8068001	0.4717694	12.04716
11952	-4337.335	-4624.062	286.7271	0.909836	0.5405299	12.04716
11958	-4333.021	-4621.824	288.8032	0.8000202	0.6136119	10.96215
11964	-4329.218	-4618.315	289.0967	0.8653539	0.4339062	10.92572
11970	-4331.733	-4618.907	287.1742	0.9152167	0.5926733	11.76977
11976	-4331.962	-4617.26	285.2986	0.689087	0.4969397	12.94279
11982	-4330.199	-4614.392	284.1933	0.7552709	0.4944509	13.4849
11988	-4326.874	-4613.977	287.1035	0.824904	0.3985353	12.02361
11994	-4321.725	-4610.287	288.5613	0.866256	0.4438873	11.19615
12000	-4320.835	-4608.779	287.9446	0.7641522	0.3872335	11.62767
12006	-4323.52	-4611.046	287.526	0.7676934	0.4584274	11.77538
12012	-4321.632	-4607.772	286.1407	0.7858145	0.3777866	12.56703
12018	-4329.899	-4613.263	283.3639	0.8570083	0.3691479	13.98189
12024	-4330.937	-4614.226	283.2893	0.8492124	0.4111737	13.98189
12030	-4311.537	-4597.514	285.9775	0.719109	0.3741577	12.69054
12036	-4314.584	-4603.355	288.7715	0.8284884	0.3195552	11.23589
12042	-4311.504	-4597.659	286.1555	0.7735594	0.4238448	12.51954
12048	-4300.254	-4586.042	285.7886	0.8622156	0.4273716	12.661
12054	-4293.966	-4579.655	285.6895	0.7684937	0.470763	12.72115
12060	-4296.433	-4582.529	286.0953	0.8465288	0.470763	12.46919
12066	-4302.273	-4589.441	287.1675	0.9238042	0.470763	11.86983
12072	-4315.575	-4604.56	288.9847	0.9164069	0.5046421	10.89352
12078	-4318.134	-4606.924	288.7907	0.929553	0.3729034	11.1136
12084	-4315.764	-4602.468	286.7039	0.9641571	0.4003658	12.15756
12090	-4321.563	-4609.455	287.892	0.8059763	0.4627216	11.56024
12096	-4317.317	-4604.237	286.9203	0.8154316	0.4681512	12.05773
12102	-4302.947	-4589.084	286.1371	0.7604106	0.4337082	12.5265
12108	-4304.534	-4590.246	285.7119	0.7721785	0.4581058	12.71903
12114	-4308.877	-4594.075	285.1984	0.7803647	0.4543453	12.98536
12120	-4293.905	-4580.738	286.8334	0.7803182	0.4543453	12.13394
12126	-4289.024	-4575.795	286.7705	0.817381	0.4828307	12.12171
12132	-4317.01	-4605.646	288.6363	0.8137372	0.4828307	11.1488
12138	-4308.126	-4596.078	287.9516	0.7419035	0.3359277	11.69097
12144	-4299.979	-4585.879	285.9002	0.7825901	0.3661284	12.70622
12150	-4297.627	-4587.153	289.5257	0.9240839	0.4255917	10.678
12156	-4309.282	-4595.493	286.211	0.9897365	0.6182265	12.21421
12162	-4299.656	-4585.56	285.9033	0.7178379	0.3801418	12.72357
12168	-4304.412	-4589.085	284.6731	0.727948	0.3891343	13.34871
12174	-4305.291	-4590.107	284.8159	0.7453001	0.3602526	13.2957
12180	-4303.183	-4590.974	287.7906	0.8180231	0.3933253	11.67378
12186	-4310.802	-4598.331	287.5294	0.8243684	0.535236	11.67732
12192	-4301.163	-4586.141	284.9776	0.8816354	0.443529	13.05753
12198	-4313.237	-4600.265	287.0285	0.9756622	0.3489776	12.03626
12204	-4298.292	-4583.963	285.6714	0.7787927	0.3489776	12.84578
12210	-4303.166	-4588.848	285.6822	0.83894	0.3164175	12.84578
12216	-4308.819	-4592.929	284.1095	0.6738395	0.4395133	13.62017
12222	-4308.714	-4596.444	287.7299	0.7910167	0.4395133	11.67431
12228	-4318.68	-4604.004	285.3243	0.6434554	0.4395133	13.00483
12234	-4340.411	-4627.57	287.1588	0.6880012	0.4444679	12.02154
12240	-4331.8	-4615.354	283.5541	0.7121542	0.3310221	14.00008
12246	-4327.39	-4611.633	284.2426	0.8171906	0.4145653	13.50056
12252	-4326.092	-4612.219	286.1269	0.8475934	0.4000847	12.51926
12258	-4333.116	-4618.91	285.7934	0.8720736	0.3773062	12.70345
12264	-4339.461	-4626.275	286.8141	0.8837141	0.4558664	12.08868
12270	-4343.288	-4631.723	288.4353	0.9668676	0.4669058	11.18815
12276	-4327.639	-4616.376	288.7377	0.9646419	0.3964452	11.0986
12282	-4317.193	-4603.002	285.8092	0.8599539	0.3905269	12.68786
12288	-4335.409	-4621.432	286.0231	0.8207208	0.4586823	12.53118
12294	-4316.856	-4607.495	290.6383	0.9499742	0.4688266	10.03926
12300	-4312.352	-4598.236	285.8847	0.9143139	0.3708379	12.64073
12306	-4309.686	-4598.567	288.8805	0.913809	0.4878449	10.96409
12312	-4319.109	-4608.251	289.1424	0.8861154	0.3617569	10.96409
12318	-4303.62	-4586.558	282.9381	0.7737032	0.3827935	14.23162
12324	-4318.878	-4603.881	285.0036	0.8049741	0.4455746	13.08195
12330	-4320.519	-4607.495	286.9764	0.8835994	0.4023152	12.05547
12336	-4325.317	-4612.396	287.079	0.9761768	0.3089644	12.05547
12342	-4332.681	-4620.592	287.9112	0.7799447	0.2928764	11.74305
12348	-4324.883	-4610.994	286.1114	0.7615642	0.4473793	12.52643
12354	-4322.575	-4609.666	287.0913	0.700108	0.3521452	12.14372
12360	-4344.135	-4631.322	287.1871	0.8041539	0.3971227	11.99221
12366	-4342.937	-4630.277	287.34	0.6735657	0.3856972	11.99221
12372	-4332.619	-4618.797	286.1783	0.6706991	0.3749532	12.61035
12378	-4347.604	-4633.767	286.1632	0.9140943	0.4123175	12.45355
12384	-4334.549	-4619.824	285.2745	0.8685701	0.3831993	12.96912
12390	-4339.619	-4623.901	284.282	0.6713873	0.3213364	13.6547
12396	-4331.943	-4618.006	286.0635	0.7238298	0.4012773	12.61549
12402	-4350.05	-4640.212	290.1618	0.8904853	0.3332001	10.45885
12408	-4346.466	-4636.082	289.6163	1.006952	0.5513208	10.47571
12414	-4338.786	-4627.272	288.4865	0.7567338	0.5513208	11.19915
12420	-4329.231	-4616.844	287.6128	0.8071236	0.6002897	11.59133
12426	-4334.437	-4619.459	285.0228	0.675367	0.3354558	13.25182
12432	-4329.552	-4615.941	286.3885	0.7102264	0.3533473	12.5034
12438	-4348.612	-4635.18	286.568	0.7685511	0.4005012	12.33018
12444	-4336.25	-4623.573	287.3224	0.8967982	0.4891493	11.78674
12450	-4327.416	-4616.528	289.1119	0.8831625	0.4733292	10.87183
12456	-4331.975	-4617.414	285.4393	0.8054233	0.4840737	12.8203
12462	-4341.719	-4627.163	285.4442	0.8004513	0.4840737	12.8203
12468	-4331.849	-4617.153	285.3037	0.8753035	0.4100381	12.92336
12474	-4328.964	-4612.558	283.5943	0.7596898	0.4365306	13.84575
12480	-4316.714	-4600.14	283.4261	0.8033272	0.5089077	13.84575
12486	-4325.666	-4608.32	282.6539	0.7752941	0.4472219	14.3152
12492	-4313.834	-4600.59	286.7559	0.8688275	0.4696226	12.11432
12498	-4323.393	-4609.224	285.8313	0.8029604	0.3790304	12.71786
12504	-4320.858	-4606.662	285.8041	0.7720496	0.4088956	12.71786
12510	-4328.047	-4612.949	284.9015	0.9304713	0.5068367	13.01528
12516	-4333.208	-4621.399	288.1904	0.9547404	0.5049594	11.2891
12522	-4332.136	-4619.683	287.5474	0.7349934	0.3239502	11.91935
12528	-4323.115	-4610.345	287.23	0.8993263	0.3979266	11.91935
12534	-4329.745	-4616.478	286.7327	0.8755428	0.4611202	12.13058
12540	-4325.333	-4614.926	289.5927	0.8173294	0.3676271	10.75784
12546	-4322.936	-4613.57	290.6342	0.9493682	0.5161509	10.0001
12552	-4320.898	-4612.103	291.2046	1.094168	0.3593844	9.773959
12558	-4310.387	-4599.308	288.9207	0.8623179	0.3593844	11.09522
12564	-4304.431	-4591.828	287.3975	0.9350031	0.4916409	11.72539
12570	-4315.248	-4601.145	285.8971	0.7330285	0.499048	12.60665
12576	-4324.772	-4607.028	282.2567	0.6366383	0.3987882	14.63927
12582	-4316.527	-4603.258	286.7307	0.9501412	0.515426	12.04509
12588	-4310.759	-4595.775	285.0161	0.8082072	0.4808801	13.04174
12594	-4313.732	-4601.057	287.3256	0.7817018	0.4113474	11.91747
12600	-4321.027	-4606.901	285.874	1.001148	0.3642758	12.60802
12606	-4329.724	-4618.208	288.4838	1.028854	0.4905307	11.10925
12612	-4317.809	-4606.118	288.3084	0.9110072	0.3754945	11.37299
12618	-4320.366	-4605.619	285.2532	0.9159235	0.3492567	12.99167
12624	-4317.051	-4605.223	288.1719	0.7354217	0.4882981	11.42794
12630	-4313.694	-4599.402	285.7079	0.6387897	0.3656322	12.88163
12636	-4306.123	-4591.019	284.8959	0.7949637	0.4140025	13.17324
12642	-4308.041	-4594.753	286.7119	0.8333182	0.2785372	12.35884
12648	-4308.397	-4597.31	288.9131	1.014712	0.5521719	10.83986
12654	-4323.748	-4610.513	286.7651	0.8441451	0.4252882	12.16367
12660	-4320.732	-4609.909	289.1763	0.7911403	0.3761536	10.98073
12666	-4308.555	-4594.614	286.0588	0.7911403	0.466935	12.5205
12672	-4321.013	-4609.228	288.2154	0.835231	0.38397	11.4524
12678	-4320.933	-4606.83	285.897	0.8803801	0.3720097	12.65073
12684	-4324.465	-4609.932	285.4671	0.9507056	0.5804333	12.65073
12690	-4317.811	-4608.33	290.5191	0.8760341	0.4649986	10.14437
12696	-4305.317	-4592.054	286.7366	0.7564044	0.328144	12.32619
12702	-4310.553	-4596.504	285.9513	0.7944135	0.3744309	12.66467
12708	-4310.953	-4597.886	286.9334	0.8448437	0.418867	12.08175
12714	-4315.354	-4602.352	286.9978	0.7097644	0.4579248	12.08175
12720	-4311.376	-4598.392	287.0163	0.9733456	0.4738323	11.92016
12726	-4318.056	-4605.262	287.206	0.872828	0.4237632	11.92016
12732	-4309.375	-4596.954	287.5788	0.7701567	0.4474288	11.75667
12738	-4317.826	-4604.419	286.5925	0.7147758	0.3502429	12.39819
12744	-4327.826	-4616.46	288.6333	0.8885756	0.3545725	11.23715
12750	-4322.168	-4608.824	286.6555	0.8724569	0.3814676	12.24988
12756	-4327.544	-4611.908	284.3646	0.8935051	0.3814676	13.43079
12762	-4313.191	-4604.316	291.1245	1.112303	0.3353061	9.833465
12768	-4310.48	-4601.557	291.0763	1.054519	0.386598	9.833465
12774	-4325.292	-4612.555	287.2636	0.9091052	0.3451489	11.95254
12780	-4326.746	-4612.903	286.1575	0.7742546	0.448083	12.49515
12786	-4311.126	-4597.517	286.3905	0.7436454	0.3441031	12.49515
12792	-4314.343	-4602.306	287.9636	0.8517476	0.3441031	11.61818
12798	-4317.281	-4605.118	287.8371	0.7422012	0.4672193	11.61818
12804	-4318.886	-4605.694	286.8083	0.8465579	0.4289805	12.13637
12810	-4313.645	-4603.467	289.8216	0.9053533	0.4171228	10.5408
12816	-4318.806	-4601.471	282.6652	0.8523861	0.4008845	14.31389
12822	-4320.841	-4608.983	288.1421	0.8114478	0.4008845	11.48587
12828	-4304.616	-4590.546	285.9298	0.748294	0.4703827	12.60691
12834	-4320.039	-4607.118	287.0791	0.748294	0.3451628	12.13267
12840	-4310.727	-4597.687	286.9598	0.7183204	0.4152999	12.13745
12846	-4315.243	-4602.139	286.8963	0.8421299	0.3840569	12.13745
12852	-4314.141	-4599.691	285.5497	0.714673	0.3659723	12.92406
12858	-4312.516	-4600.796	288.2804	0.9198588	0.4386217	11.32003
12864	-4300.439	-4589.227	288.7883	0.9828626	0.3524615	11.10899
12870	-4315.232	-4604.28	289.0479	0.847114	0.5603095	10.85054
12876	-4320.969	-4610.263	289.2939	0.8391176	0.4189938	10.85054
12882	-4322.666	-4609.436	286.7708	0.8863862	0.3668865	12.19779
12888	-4335.047	-4617.472	282.425	0.7956536	0.267268	14.61903
12894	-4318.105	-4603.795	285.6899	0.7956536	0.5220385	12.6624
12900	-4317.652	-4603.772	286.1197	0.7956536	0.3767049	12.574
12906	-4304.317	-4590.287	285.9705	0.8149659	0.4452537	12.574
12912	-4305.981	-4596.621	290.6397	0.9765151	0.3078834	10.19224
12918	-4300.749	-4586.469	285.72	0.7757597	0.3656352	12.80404
12924	-4312.568	-4599.005	286.4367	0.805129	0.32651	12.45891
12930	-4307.871	-4593.718	285.8471	0.9095879	0.4075082	12.62523
12936	-4314.6	-4602.124	287.5236	0.8242838	0.3741313	11.82977
12942	-4324.03	-4609.753	285.7226	0.7832034	0.3819422	12.78171
12948	-4317	-4603.607	286.6063	0.8118166	0.3819422	12.30661
12954	-4319.563	-4608.782	289.2184	0.86538	0.3111261	10.99255
12960	-4326.74	-4614.296	287.556	0.8527886	0.3522861	11.82146
12966	-4327.873	-4610.561	282.6876	0.742765	0.4254372	14.33513
12972	-4323.156	-4605.411	282.255	0.7440788	0.4070918	14.57632
12978	-4334.71	-4622.341	287.6307	0.9112818	0.3507931	11.75355
12984	-4319.25	-4607.088	287.8381	0.8355468	0.2918133	11.75355
12990	-4324.719	-4611.318	286.5991	1.088822	0.3929578	12.15465
12996	-4329.519	-4616.995	287.4764	0.8137768	0.4308889	11.80303
13002	-4323.073	-4609.472	286.3983	0.8505207	0.5232975	12.26376
13008	-4320.173	-4606.51	286.3374	0.8998123	0.5232975	12.26982
13014	-4308.199	-4594.43	286.231	0.9328127	0.3322671	12.49298
13020	-4317.131	-4602.411	285.2797	0.75992	0.5041748	12.90956
13026	-4326.217	-4615.082	288.8646	0.8373687	0.336002	11.16357
13032	-4326.072	-4615.094	289.0229	0.7110026	0.4138032	11.06471
13038	-4334.506	-4625.966	291.4602	0.9249647	0.4376338	9.648593
13044	-4306.747	-4592.006	285.259	0.7377809	0.4470721	12.98267
13050	-4309.356	-4597.2	287.8434	0.6718216	0.4099614	11.70587
13056	-4319.498	-4607.205	287.7073	0.9999696	0.3735942	11.64267
13062	-4320.69	-4607	286.3097	0.8582909	0.3735942	12.44567
13068	-4324.723	-4609.682	284.9584	0.9003012	0.3990341	13.10086
13074	-4329.833	-4618.028	288.1952	0.8704519	0.4611311	11.36949
13080	-4315.955	-4598.136	282.1805	0.7350084	0.4999335	14.53435
13086	-4306.726	-4595.224	288.4984	0.9013248	0.442847	11.21168
13092	-4297.641	-4584.611	286.9701	0.8068216	0.442847	12.05952
13098	-4293.698	-4581.154	287.4559	0.9092245	0.4015952	11.79255
13104	-4303.19	-4590.866	287.6758	0.9125986	0.3695074	11.70909
13110	-4325.556	-4612.561	287.0048	0.8540779	0.4655951	11.99579
13116	-4319.492	-4606.806	287.314	0.849301	0.3472499	11.95515
13122	-4323.766	-4607.796	284.0303	0.7846916	0.4800968	13.56683
13128	-4319.578	-4607.943	288.3644	0.7995128	0.3739775	11.40359
13134	-4308.126	-4593.555	285.4284	0.8167085	0.4531699	12.8479
13140	-4305.186	-4590.567	285.3805	0.8286399	0.4738097	12.8479
13146	-4326.229	-4611.574	285.345	0.8359113	0.3691164	12.96415
13152	-4327.486	-4614.545	287.0588	0.7909323	0.3627275	12.10186
13158	-4329.678	-4613.196	283.518	0.8126036	0.3758416	13.91802
13164	-4319.688	-4602.697	283.0099	0.8001562	0.4213654	14.14224
13170	-4308.9	-4597.954	289.0542	0.8866615	0.481377	10.89306
13176	-4328.835	-4617.935	289.0994	0.9918682	0.3428887	10.95197
13182	-4311.765	-4600.584	288.8194	0.8979465	0.4102066	11.07697
13188	-4317.211	-4602.475	285.264	0.8588236	0.356612	13.00774
13194	-4306.797	-4592.173	285.3757	0.7471021	0.356612	13.00774
13200	-4309.95	-4597.443	287.4925	0.7981733	0.356612	11.8784
13206	-4308.891	-4597.78	288.8886	0.8315119	0.5242628	10.97167
13212	-4310.935	-4598.652	287.7166	0.9325053	0.3206624	11.73167
13218	-4317.441	-4605.85	288.4091	0.8858671	0.3206624	11.39416
13224	-4308.24	-4592.987	284.7471	0.7469253	0.4417213	13.24905
13230	-4313.692	-4599.928	286.236	0.8342782	0.4008914	12.46855
13236	-4322.667	-4609.887	287.2201	0.8623075	0.3615213	11.98179
13242	-4352.692	-4637.072	284.3797	0.839634	0.4449568	13.38869
13248	-4336.828	-4621.802	284.9733	0.839634	0.3358433	13.19174
13254	-4331.711	-4618.864	287.1523	0.7942841	0.4300294	11.98314
13260	-4322.013	-4610.084	288.0714	0.8816055	0.3545161	11.53472
13266	-4318.796	-4606.665	287.8688	0.9136195	0.4426522	11.53472
13272	-4314.247	-4598.011	283.7648	0.7902742	0.4471919	13.7315
13278	-4306.691	-4592.224	285.5337	0.7245601	0.4057189	12.88641
13284	-4294.257	-4579.985	285.7278	0.7738677	0.3934409	12.77207
13290	-4302.587	-4586.21	283.6233	0.7432329	0.4334407	13.84218
13296	-4301.502	-4588.5	286.9977	0.8764002	0.4946356	11.96207
13302	-4299.413	-4586.329	286.9158	0.8331779	0.4053465	12.11035
13308	-4318.351	-4602.224	283.8723	0.8250221	0.4268906	13.67678
13314	-4316.16	-4599.498	283.3384	0.7445548	0.4261233	13.99623
13320	-4308.25	-4592.783	284.5326	0.8837425	0.4165284	13.31345
13326	-4304.634	-4590.566	285.9322	0.8441886	0.5030813	12.52704
13332	-4304.67	-4588.057	283.3863	0.797064	0.4559427	13.91625
13338	-4317.393	-4602.679	285.2868	0.8558287	0.4646244	12.89074
13344	-4312.767	-4598.027	285.2596	0.8830036	0.4646244	12.89074
13350	-4315.362	-4600.804	285.442	0.8058517	0.4068341	12.89074
13356	-4317.153	-4601.655	284.502	0.8537268	0.3626751	13.39983
13362	-4315.367	-4603.071	287.7043	0.8005572	0.382703	11.73887
13368	-4305.87	-4591.922	286.0522	0.6069725	0.3625152	12.72235
13374	-4337.933	-4620.539	282.6061	0.7889851	0.4470567	14.33304
13380	-4313.145	-4600.63	287.4846	0.8055899	0.4172298	11.81621
13386	-4313.228	-4600.765	287.5365	0.7822551	0.4021526	11.81621
13392	-4326.66	-4614.09	287.4302	0.7692263	0.4305597	11.85068
13398	-4334.515	-4620.895	286.3802	0.792318	0.3908101	12.42549
13404	-4345.58	-4627.132	281.5519	0.7000118	0.4252824	14.94532
13410	-4329.941	-4615.558	285.617	0.7673418	0.4551069	12.77366
13416	-4331.224	-4616.238	285.0141	0.7673418	0.4392893	13.10193
13422	-4331.942	-4615.925	283.9832	0.7576399	0.3837463	13.69701
13428	-4322.162	-4610.326	288.164	0.7576399	0.3837463	11.52002
13434	-4320.848	-4606.044	285.1964	0.7260393	0.4392893	13.02862
13440	-4336.505	-4626.684	290.1786	1.010319	0.549977	10.17961
13446	-4315.898	-4606.267	290.3688	1.051716	0.4139104	10.17961
13452	-4332.557	-4620.403	287.846	0.734328	0.3550334	11.72886
13458	-4315.634	-4603.986	288.3519	0.7308239	0.4122545	11.407
13464	-4314.059	-4603.3	289.2405	0.7050554	0.39768	10.96997
13470	-4320.511	-4605.212	284.7002	0.8165667	0.4005634	13.27703
13476	-4311.424	-4596.179	284.7546	0.8165667	0.4942769	13.16161
13482	-4329.182	-4618.362	289.18	0.8370788	0.4260841	10.90436
13488	-4307.675	-4593.756	286.0818	0.9377965	0.4118423	12.48407
13494	-4311.864	-4598.747	286.883	0.8751265	0.3901386	12.12094
13500	-4313.703	-4600.597	286.8942	0.8641871	0.3900106	12.12094
13506	-4311.699	-4600.649	288.9498	0.8919192	0.4042108	11.01777
13512	-4323.936	-4613.328	289.3916	0.8863976	0.40996	10.78341
13518	-4334.064	-4623.474	289.4098	0.8604082	0.3170379	10.88786
13524	-4324.169	-4611.691	287.5217	0.9135698	0.42486	11.73306
13530	-4322.13	-4612.958	290.8278	0.9650787	0.4862569	9.915904
13536	-4306.132	-4596.321	290.1885	0.9278061	0.48546	10.27253
13542	-4322.916	-4613.184	290.2679	0.8849314	0.4641497	10.27253
13548	-4321.472	-4611.069	289.5966	0.9848675	0.3769701	10.65802
13554	-4325.96	-4609.572	283.6121	0.7276297	0.4343583	13.85521
13560	-4318.951	-4604.445	285.4943	0.8142649	0.4624122	12.80641
13566	-4311.447	-4598.03	286.5823	0.8172695	0.3977836	12.30007
13572	-4304.533	-4591.02	286.487	0.7997774	0.3977836	12.35887
13578	-4299.771	-4585.714	285.9435	0.6816801	0.4089587	12.69228
13584	-4318.064	-4602.72	284.6563	0.7337169	0.3779465	13.36595
13590	-4308.759	-4595.933	287.1739	0.789878	0.3568631	12.04868
13596	-4330.586	-4617.504	286.9186	0.8146307	0.4796894	12.04868
13602	-4308.152	-4595.094	286.9424	0.8019855	0.4997946	12.02531
13608	-4315.071	-4599.132	284.0602	0.8707597	0.5667717	13.43442
13614	-4312.292	-4600.205	287.9132	1.028704	0.3274957	11.57079
13620	-4308.34	-4596.115	287.7748	0.9505854	0.4360005	11.57079
13626	-4318.625	-4607.056	288.4312	0.9905246	0.4661713	11.17862
13632	-4328.955	-4617.769	288.8137	0.8981637	0.3184833	11.17862
13638	-4327.697	-4616.182	288.4845	0.9443492	0.4620332	11.17862
13644	-4323.937	-4610.47	286.5325	0.8028268	0.4966485	12.24132
13650	-4328.655	-4613.624	284.9696	0.8504943	0.3940414	13.12594
13656	-4331.179	-4618.362	287.1834	0.8014728	0.3364212	12.06033
13662	-4332.05	-4617.804	285.7543	0.8532643	0.3913683	12.71908
13668	-4318.787	-4604.688	285.9009	0.7179997	0.3855817	12.71908
13674	-4336.012	-4624.452	288.4401	1.025708	0.3532449	11.26794
13680	-4326.308	-4614.88	288.5714	0.8581649	0.3708704	11.26794
13686	-4324.057	-4609.879	285.8221	0.8203252	0.3950954	12.69714
13692	-4324.484	-4610.179	285.6953	0.8702212	0.4360492	12.69714
13698	-4327.937	-4615.717	287.7804	0.9797474	0.5511811	11.45196
13704	-4326.877	-4614.98	288.1038	0.9749686	0.3703496	11.45196
13710	-4343.709	-4631.699	287.9894	0.9749686	0.4296193	11.45196
13716	-4333.829	-4619.905	286.0755	0.9444166	0.3812682	12.5148
13722	-4318.813	-4606.611	287.7978	0.8126051	0.3849893	11.68138
13728	-4300.779	-4586.985	286.206	0.7408774	0.3468233	12.58963
13734	-4310.787	-4597.669	286.8819	0.8057686	0.4267778	12.12132
13740	-4302.282	-4590.818	288.5358	0.795236	0.4267778	11.26295
13746	-4300.089	-4586.869	286.7797	0.9005471	0.525117	12.03728
13752	-4303.981	-4589.599	285.6179	0.7610038	0.4681261	12.76465
13758	-4300.998	-4589.186	288.1879	0.8521946	0.4564276	11.38718
13764	-4313.785	-4603.098	289.3127	0.97283	0.615587	10.60295
13770	-4310.718	-4601.035	290.3175	0.8945511	0.3935479	10.30972
13776	-4317.7	-4603.984	286.2842	0.79601	0.4578117	12.40886
13782	-4314.113	-4599.614	285.5008	0.6942418	0.3282233	13.00176
13788	-4315.489	-4601.741	286.252	0.7401569	0.3624262	12.54912
13794	-4327.451	-4616.099	288.6472	0.7645053	0.3682737	11.28003
13800	-4330.066	-4619.671	289.6045	0.8609719	0.4937143	10.60706
13806	-4334.296	-4621.291	286.9947	0.7342432	0.4311662	12.09563
13812	-4339.8	-4622.792	282.9925	0.88568	0.3228732	14.21053
13818	-4321.639	-4604.439	282.8001	0.8713428	0.4250728	14.21053
13824	-4321.189	-4609.674	288.4854	0.8435715	0.4025281	11.28791
13830	-4327.08	-4612.653	285.5732	0.7943238	0.4534724	12.78395
13836	-4326.092	-4612.536	286.4441	0.814414	0.4460278	12.32682
13842	-4327.059	-4611.922	284.8628	0.7669575	0.4025548	13.21633
13848	-4331.566	-4619.924	288.3585	0.9505006	0.3929706	11.30799
13854	-4340.789	-4625.629	284.8408	0.7578745	0.4286355	13.20704
13860	-4328.06	-4614.185	286.125	0.76997	0.4262153	12.53501
13866	-4334.539	-4618.922	284.3834	0.8519958	0.4544354	13.3716
13872	-4346.809	-4630.88	284.0713	0.8671094	0.4853554	13.49813
13878	-4334.772	-4618.84	284.068	0.8496664	0.4977069	13.49813
13884	-4347.769	-4633.033	285.2643	0.833959	0.4647218	12.91374
13890	-4326.512	-4612.472	285.9606	0.8595415	0.4704049	12.53289
13896	-4322.746	-4609.657	286.911	0.8865502	0.4524304	12.03985
13902	-4319.797	-4605.987	286.1901	0.8110217	0.4336009	12.47263
13908	-4326.686	-4611.047	284.3609	0.6824819	0.40469	13.51876
13914	-4327.732	-4612.525	284.7926	0.7154307	0.40469	13.27745
13920	-4320.081	-4603.073	282.9916	0.6901592	0.428695	14.20172
13926	-4321.812	-4610.952	289.141	1.003647	0.4626681	10.80312
13932	-4323.053	-4609.986	286.9329	0.9244876	0.6112237	11.87685
13938	-4323.27	-4609.294	286.0238	0.8516164	0.5460574	12.43966
13944	-4326.707	-4613.509	286.8012	0.8301386	0.3849562	12.19234
13950	-4337.338	-4623.082	285.7442	0.8775324	0.4342361	12.66957
13956	-4322.684	-4609.805	287.1212	0.8810859	0.3966386	11.98695
13962	-4337.706	-4628.914	291.2082	1.082366	0.4934898	9.64725
13968	-4349.197	-4640.466	291.2692	1.148571	0.4212576	9.64725
13974	-4334.688	-4624.2	289.5126	0.9879599	0.4250189	10.6519
13980	-4344.049	-4628.903	284.854	0.9538391	0.5822977	12.96663
13986	-4335.532	-4620.792	285.2601	0.889747	0.3487099	13.00232
13992	-4335.696	-4624.183	288.4876	0.9156024	0.384075	11.26786
13998	-4312.744	-4601.669	288.9249	0.9380488	0.3779601	11.0336
14004	-4328.46	-4612.848	284.3875	0.718667	0.4579845	13.4355
14010	-4326.199	-4611.001	284.8018	0.7764403	0.3381437	13.31109
14016	-4324.708	-4609.754	285.0466	0.8436817	0.5288656	12.96644
14022	-4338.908	-4623.127	284.2192	0.7279414	0.3648559	13.60966
14028	-4336.165	-4621.374	285.2095	0.8999278	0.551361	12.83412
14034	-4331.181	-4613.932	282.7513	0.7272856	0.4540796	14.28333
14040	-4326.598	-4609.233	282.6352	0.875833	0.4695306	14.2525
14046	-4319.72	-4602.586	282.866	0.7113329	0.4322407	14.2525
14052	-4311.928	-4595.888	283.9594	0.8277895	0.4322407	13.62505
14058	-4305.64	-4589.722	284.0815	0.7795031	0.3931329	13.62505
14064	-4317.64	-4605.461	287.8211	0.8149083	0.3625017	11.69172
14070	-4316.71	-4604.381	287.6717	0.8719962	0.441538	11.66052
14076	-4319.912	-4606.628	286.7152	0.7960293	0.4002951	12.23937
14082	-4321.317	-4604.773	283.4558	0.7437983	0.5158185	13.8554
14088	-4322.324	-4608.41	286.0859	0.7446159	0.4423655	12.55321
14094	-4332.649	-4619.008	286.3591	0.8164589	0.4411259	12.37466
14100	-4321.262	-4609.977	288.7148	0.8269309	0.3723582	11.20763
14106	-4339.216	-4629.379	290.1628	0.890556	0.3947746	10.39182
14112	-4332.449	-4619.029	286.5798	0.8508972	0.5225328	12.16961
14118	-4325.018	-4609.963	284.9455	0.9924326	0.3121254	13.15409
14124	-4341.351	-4625.504	284.1523	0.6872101	0.361048	13.66958
14130	-4335.761	-4624.279	288.5178	0.8253701	0.361048	11.32365
14136	-4329.411	-4619.321	289.9098	1.044147	0.3902101	10.44872
14142	-4323.695	-4611.536	287.8409	0.9318502	0.4262282	11.55542
14148	-4321.522	-4609.37	287.8482	0.9783252	0.4262282	11.52732
14154	-4320.787	-4609.103	288.3164	0.910241	0.4484274	11.29701
14160	-4313.872	-4603.767	289.8952	0.9660071	0.282836	10.61979
14166	-4317.249	-4605.941	288.6919	0.8303176	0.3735448	11.21663
14172	-4317.114	-4604.464	287.3509	0.8611512	0.4584462	11.81798
14178	-4328.51	-4617.062	288.5514	0.7513614	0.3903973	11.31392
14184	-4326.788	-4613.926	287.1376	0.7513355	0.3636431	12.08041
14190	-4335.677	-4622.053	286.3767	0.704225	0.3687792	12.49612
14196	-4335.062	-4620.137	285.0751	0.7293517	0.5268974	13.01272
14202	-4333.764	-4618.857	285.0934	0.814661	0.3800931	13.0945
14208	-4325.808	-4610.089	284.2814	0.654467	0.3892679	13.59011
14214	-4335.393	-4619.448	284.0554	0.7607104	0.3626409	13.68005
14220	-4331.642	-4617.486	285.8441	0.8267174	0.3443289	12.73611
14226	-4341.77	-4627.014	285.2445	0.9199966	0.3443289	12.99951
14232	-4331.777	-4617.321	285.5441	0.8044249	0.4127571	12.83248
14238	-4328.037	-4613.458	285.4216	0.825895	0.4687483	12.83248
14244	-4333.948	-4619.655	285.7073	0.7913947	0.3382321	12.83248
14250	-4334.438	-4621.017	286.5789	0.8035527	0.4608462	12.24858
14256	-4334.359	-4621.263	286.9043	1.011886	0.4608462	11.97024
14262	-4322.587	-4607.515	284.9277	0.8943785	0.4867195	13.03778
14268	-4317.222	-4603.009	285.7871	0.8331196	0.4867195	12.62253
14274	-4320.862	-4609.213	288.3501	0.7514996	0.4776086	11.33579
14280	-4315.045	-4597.901	282.8559	0.893812	0.4776086	14.12159
14286	-4314.839	-4600.297	285.4581	0.8848298	0.4422782	12.80713
14292	-4308.862	-4594.346	285.4839	0.7883665	0.4827069	12.80713
14298	-4297.138	-4585.392	288.2535	0.8351023	0.4051935	11.41094
14304	-4307.925	-4594.733	286.8088	0.9091269	0.4051935	12.12671
14310	-4306.035	-4591.469	285.4336	0.7673332	0.4421714	12.88106
14316	-4298.864	-4585.785	286.9212	0.7801135	0.4177554	12.12297
14322	-4299.6	-4588.948	289.3479	0.9795826	0.4435113	10.72501
14328	-4300.946	-4589.863	288.9173	0.884939	0.558129	10.90091
14334	-4311.118	-4596.145	285.0273	0.8096423	0.4410448	13.07145
14340	-4315.577	-4603.043	287.4659	0.8778464	0.3956725	11.80973
14346	-4317.752	-4604.508	286.7555	0.8717502	0.5987842	12.00635
14352	-4309.22	-4598.511	289.2909	0.8717502	0.5987842	10.68012
14358	-4325.88	-4614.987	289.1076	1.05228	0.5987842	10.6816
14364	-4317.054	-4602.962	285.9086	0.7921338	0.3800456	12.68223
14370	-4308.885	-4596.307	287.4217	0.8143373	0.3800456	11.88197
14376	-4298.79	-4586.464	287.6749	0.8173709	0.3800456	11.74822
14382	-4306.702	-4594.496	287.7944	0.8775802	0.4598936	11.57644
14388	-4309.512	-4598.335	288.8235	0.8085016	0.3765418	11.15599
14394	-4307.752	-4592.69	284.9376	0.8596248	0.5504471	12.99728
14400	-4318.031	-4602.724	284.693	0.75322	0.4151499	13.29928
14406	-4314.721	-4601.766	287.0452	0.8007552	0.4151499	12.0501
14412	-4312.515	-4597.917	285.4021	0.8624793	0.4552179	12.83588
14418	-4305.706	-4594.1	288.3942	0.8957149	0.5839647	11.14887
14424	-4319.584	-4607.894	288.3101	0.8504344	0.4225817	11.35618
14430	-4314.52	-4602.118	287.5989	0.7988721	0.3445117	11.83578
14436	-4320.391	-4607.445	287.0547	0.9215083	0.3466512	12.05339
14442	-4316.56	-4606.033	289.4738	1.019677	0.3466512	10.73694
14448	-4308.446	-4594.819	286.3734	0.7565586	0.4089639	12.42944
14454	-4302.032	-4590.284	288.2523	0.8403266	0.4265872	11.38784
14460	-4299.8	-4587.434	287.6342	0.8325532	0.3580897	11.78488
14466	-4309.923	-4598.907	288.9846	0.7585441	0.379509	11.09469
14472	-4327.628	-4614.619	286.9911	0.8939303	0.4009306	12.04382
14478	-4325.861	-4615.068	289.2071	0.9161025	0.4009306	10.87362
14484	-4309.819	-4594.715	284.8964	0.8391189	0.4455091	13.11996
14490	-4301.15	-4589.106	287.9564	1.001929	0.4751644	11.4129
14496	-4301.646	-4589.789	288.1425	0.8475803	0.4729903	11.39828
14502	-4311.63	-4599.683	288.053	0.8413741	0.5310095	11.39828
14508	-4310.102	-4594.422	284.3206	0.8147255	0.3848889	13.49104
14514	-4309.441	-4593.631	284.1904	0.8627664	0.4279355	13.49104
14520	-4313.271	-4604.864	291.5926	1.064482	0.4873994	9.459278
14526	-4313.278	-4604.062	290.7841	0.9411933	0.4873994	9.950492
14532	-4312.208	-4596.52	284.3125	0.8816937	0.5937763	13.27683
14538	-4310.128	-4594.267	284.1392	0.7706859	0.4175196	13.5755
14544	-4307.849	-4596.509	288.6601	0.7979013	0.4175196	11.20551
14550	-4311.019	-4595.951	284.9313	0.9447465	0.4494809	13.04324
14556	-4312.79	-4594.118	281.3279	0.7361355	0.4488097	15.02043
14562	-4326.578	-4614.364	287.7857	0.759727	0.4358121	11.665
14568	-4317.395	-4603.208	285.8135	0.7450697	0.4358121	12.70096
14574	-4325.232	-4608.97	283.738	0.7065358	0.4952137	13.74586
14580	-4319.25	-4604.487	285.2364	0.7240514	0.5068897	12.9484
14586	-4325.21	-4610.367	285.1573	0.6903902	0.3799119	13.12607
14592	-4320.292	-4608.759	288.4668	0.6919789	0.4665253	11.31589
14598	-4326.07	-4613.79	287.7204	0.8736872	0.5141599	11.56936
14604	-4324.932	-4611.405	286.4726	0.8766214	0.4445328	12.28097
14610	-4306.172	-4590.287	284.1146	0.7923519	0.4228821	13.57183
14616	-4322.217	-4608.823	286.6058	0.848652	0.4228821	12.2467
14622	-4326.617	-4613.144	286.5264	0.848652	0.46717	12.2467
14628	-4317.955	-4604.243	286.2887	0.719617	0.4495673	12.45393
14634	-4313.513	-4600.695	287.1817	0.852481	0.3846443	11.98257
14640	-4309.089	-4595.168	286.079	0.9498872	0.4387683	12.45329
14646	-4319.005	-4603.408	284.4029	0.7244734	0.4394956	13.44159
14652	-4324.099	-4606.478	282.3795	0.7084693	0.3626368	14.57584
14658	-4330.467	-4615.746	285.2783	0.7866324	0.4031734	12.98949
14664	-4331.777	-4616.886	285.1087	0.884414	0.4418154	12.98949
14670	-4315.502	-4604.096	288.5946	0.8596958	0.5405611	11.0974
14676	-4318.441	-4605.977	287.5364	0.7959404	0.3420832	11.87265
14682	-4313.911	-4599.307	285.3955	0.857305	0.3714029	12.92433
14688	-4318.231	-4604.647	286.4156	0.7722876	0.4685097	12.34303
14694	-4319.921	-4604.748	284.8276	0.7941816	0.4533153	13.17188
14700	-4312.823	-4600.182	287.3585	0.8966443	0.3716967	11.88079
14706	-4315.777	-4602.296	286.5185	0.8966443	0.3491703	12.34313
14712	-4306.43	-4591.502	285.0716	0.7732769	0.3491703	13.16033
14718	-4309.952	-4596.445	286.4932	0.7732769	0.4041954	12.36302
14724	-4321.366	-4608.089	286.7224	0.8576482	0.3304081	12.27819
14730	-4325.705	-4613.191	287.486	0.8411851	0.3603307	11.8553
14736	-4333.812	-4622.967	289.1552	0.8391915	0.2824701	11.07458
14742	-4318.467	-4605.692	287.2247	0.8165781	0.3797447	11.98392
14748	-4306.028	-4594.594	288.5663	0.9106965	0.4611236	11.15429
14754	-4319.676	-4610.825	291.1487	1.005286	0.3725683	9.836057
14760	-4322.051	-4611.101	289.0503	0.9742457	0.2224553	11.14062
14766	-4317.989	-4604.817	286.8271	0.9475924	0.43536	12.06775
14772	-4336.894	-4622.899	286.0049	0.6989303	0.4060838	12.65419
14778	-4331.592	-4617.72	286.1275	0.8726475	0.4460464	12.46145
14784	-4324.134	-4609.455	285.3214	0.7939226	0.4460464	12.92201
14790	-4315.557	-4600.481	284.9233	0.8137923	0.4022394	13.16086
14796	-4324.495	-4611.748	287.2527	0.9275986	0.5127787	11.78669
14802	-4329.88	-4617.499	287.619	0.8901277	0.4928014	11.63209
14808	-4321.729	-4608.326	286.5971	0.7851782	0.3850169	12.32213
14814	-4345.998	-4633.004	287.0065	0.7334335	0.438333	12.08308
14820	-4333.541	-4616.107	282.5654	0.7238069	0.3331335	14.50397
14826	-4317.743	-4604.149	286.4061	0.801747	0.4326619	12.36582
14832	-4330.933	-4616.569	285.6361	0.6913668	0.4933806	12.76907
14838	-4317.327	-4601.276	283.9496	0.7418984	0.5144567	13.6013
14844	-4322.966	-4608.908	285.9413	0.8114487	0.3591357	12.67727
14850	-4315.976	-4601.923	285.9479	0.8480624	0.3500924	12.66463
14856	-4308.767	-4596.394	287.6267	0.7656636	0.4079098	11.77207
14862	-4322.339	-4610.658	288.319	0.9314624	0.3441157	11.39067
14868	-4314.615	-4600.661	286.0464	0.764058	0.4278532	12.57744
14874	-4302.455	-4588.797	286.3419	0.7856357	0.4604306	12.38183
14880	-4304.782	-4589.199	284.4174	0.7154332	0.4604306	13.41938
14886	-4307.873	-4594.517	286.6436	0.8634355	0.4501368	12.19346
14892	-4312.34	-4597.962	285.6217	0.7174702	0.4268489	12.82368
14898	-4308.556	-4597.524	288.9675	0.8397121	0.401087	11.03898
14904	-4308.825	-4594.28	285.4554	0.7973769	0.4456141	12.85092
14910	-4303.797	-4589.753	285.9566	0.7609223	0.4456141	12.60905
14916	-4297.888	-4583.604	285.7159	0.7921928	0.457983	12.70661
14922	-4295.108	-4585.169	290.0609	0.955225	0.457983	10.35006
14928	-4302.812	-4593.037	290.225	1.023109	0.5093465	10.18243
14934	-4307.714	-4596.742	289.0285	0.8155522	0.3349697	11.0904
14940	-4299.04	-4585.005	285.9651	0.7044424	0.4104322	12.66774
14946	-4318.823	-4605.6	286.777	0.8082403	0.4015575	12.1995
14952	-4312.898	-4597.542	284.6446	0.6713873	0.3681335	13.41471
14958	-4318.032	-4602.239	284.2066	0.6926752	0.4422485	13.55743
14964	-4315.859	-4599.914	284.055	0.6226305	0.4422485	13.67247
14970	-4316.305	-4600.155	283.85	0.718872	0.505597	13.67247
14976	-4309.878	-4596.462	286.5847	0.7845873	0.366943	12.34783
14982	-4306.041	-4592.783	286.7419	0.7695134	0.4093739	12.23024
14988	-4302.215	-4590.18	287.9655	0.8113154	0.424265	11.55517
14994	-4299.692	-4588.233	288.5408	0.812144	0.5412644	11.14989
15000	-4303.619	-4591.059	287.4397	0.8242773	0.4886109	11.76383
15006	-4298.937	-4588.483	289.5461	0.8481319	0.3132583	10.82733
15012	-4301.148	-4590.615	289.4666	0.820353	0.3629853	10.82733
15018	-4312.398	-4598.512	286.1141	0.746516	0.4035221	12.57512
15024	-4307.538	-4595.807	288.2688	0.817344	0.3466273	11.4738
15030	-4299.52	-4586.809	287.2885	0.8959008	0.3952363	11.89334
15036	-4304.272	-4592.302	288.0296	1.053353	0.3817896	11.43776
15042	-4312.068	-4600.801	288.733	0.9100591	0.2883257	11.25112
15048	-4299.5	-4586.69	287.19	0.8718016	0.3247053	12.03357
15054	-4309.259	-4595.64	286.3814	0.9638272	0.3592352	12.36863
15060	-4297.607	-4585.187	287.5802	0.8577558	0.3939983	11.76223
15066	-4294.963	-4582.423	287.4599	0.8289349	0.4757361	11.76223
15072	-4309.08	-4596.034	286.9538	0.8119688	0.3995356	12.10741
15078	-4311.715	-4598.511	286.7969	0.8129294	0.4861229	12.10741
15084	-4316.896	-4603.746	286.85	0.7870305	0.4701294	12.10741
15090	-4310.366	-4594.035	283.6696	0.6767486	0.3464088	13.94137
15096	-4304.769	-4590.899	286.1302	0.7530017	0.5387824	12.4415
15102	-4311.294	-4594.601	283.3073	0.7780925	0.5387824	13.89569
15108	-4311.265	-4599.09	287.825	0.8393086	0.3103308	11.73594
15114	-4294.398	-4583.056	288.6577	0.802425	0.4838813	11.14262
15120	-4313.337	-4600.114	286.7764	0.7638224	0.2813604	12.35783
15126	-4309.879	-4598.38	288.5014	0.8371319	0.4019592	11.28346
15132	-4305.036	-4590.746	285.7099	0.7795768	0.3818623	12.79027
15138	-4307.345	-4594.395	287.05	0.7824829	0.3920489	12.0802
15144	-4314.512	-4605.079	290.5668	0.8868637	0.4139816	10.16214
15150	-4329.057	-4616.649	287.5926	0.8693629	0.279102	11.88001
15156	-4327.454	-4613.905	286.4506	0.8279498	0.3439314	12.4201
15162	-4326.415	-4612.84	286.4248	0.7796976	0.3798735	12.4201
15168	-4325.542	-4610.519	284.9771	0.7899034	0.3700838	13.1783
15174	-4318.773	-4604.77	285.997	0.7801819	0.406561	12.61554
15180	-4318.056	-4605.147	287.0914	0.7381302	0.3937411	12.08001
15186	-4310.005	-4597.105	287.0997	0.8179531	0.3502434	12.08001
15192	-4323.352	-4611.793	288.4412	0.8693316	0.3502434	11.35248
15198	-4321.107	-4607.384	286.2768	0.7486292	0.3982829	12.49451
15204	-4320.057	-4607.209	287.1516	0.791043	0.357581	12.05896
15210	-4310.487	-4594.639	284.1517	0.723637	0.403562	13.60715
15216	-4312.666	-4598.302	285.6358	0.7447076	0.3434445	12.88815
15222	-4324.746	-4609.055	284.3091	0.8988048	0.389057	13.44908
15228	-4315.845	-4601.05	285.2052	1.000744	0.3808318	12.93888
15234	-4321.044	-4605.656	284.6116	0.8124515	0.4216372	13.30447
15240	-4342.064	-4629.793	287.7291	0.9184689	0.4211834	11.62573
15246	-4338.264	-4625.574	287.3106	0.7858997	0.3332748	12.00566
15252	-4323.185	-4609.208	286.023	0.7860515	0.4532372	12.55432
15258	-4316.725	-4601.032	284.3077	0.8489975	0.4239063	13.44116
15264	-4302.309	-4590.892	288.583	0.7678069	0.4187153	11.26043
15270	-4298.18	-4586.433	288.2527	0.7822926	0.4182859	11.42601
15276	-4286.178	-4574.238	288.0599	0.8564257	0.4708843	11.43874
15282	-4290.122	-4577.278	287.1558	0.8147498	0.3939262	12.00626
15288	-4290.594	-4576.092	285.4977	0.7632938	0.4383369	12.85346
15294	-4302.905	-4589.324	286.4192	0.7953737	0.4128598	12.38147
15300	-4300.263	-4590.616	290.3529	0.9132354	0.4128598	10.26182
15306	-4294.16	-4582.646	288.4852	0.9845547	0.4509363	11.16744
15312	-4304.805	-4592.969	288.1638	0.8523088	0.3390424	11.51889
15318	-4306.477	-4594.46	287.9826	0.8094364	0.4542304	11.51889
15324	-4322.739	-4607.043	284.3044	0.7200628	0.5060587	13.43556
15330	-4323.153	-4607.427	284.2738	0.6742771	0.3390835	13.63727
15336	-4297.922	-4583.697	285.7747	0.742914	0.3390835	12.82167
15342	-4294.799	-4582.893	288.0944	0.7177981	0.3931743	11.56758
15348	-4304.584	-4589.869	285.2854	0.6969461	0.2929463	13.15415
15354	-4309.333	-4599.097	289.764	0.8407618	0.3787826	10.64385
15360	-4305.88	-4593.975	288.0956	0.8351069	0.3787826	11.52045
15366	-4302.485	-4589.866	287.3804	0.8124344	0.3856186	11.89874
15372	-4299.174	-4588.534	289.3603	0.8529228	0.3856186	10.84207
15378	-4298.356	-4587.606	289.2497	0.8100496	0.5147106	10.80175
15384	-4296.263	-4581.58	285.3167	0.6976385	0.3493142	13.07208
15390	-4309.746	-4594.292	284.546	0.8642038	0.3627531	13.37146
15396	-4304.34	-4589.197	284.8574	0.7656653	0.4560417	13.1687
15402	-4312.485	-4598.656	286.1709	0.7709005	0.4777245	12.463
15408	-4310.331	-4597.252	286.9211	0.7309749	0.3646827	12.20282
15414	-4317.968	-4607.708	289.7403	0.7781152	0.3544812	10.71519
15420	-4319.986	-4610.055	290.0685	0.8212342	0.3066432	10.57535
15426	-4314.64	-4601.304	286.6637	0.6593914	0.3880123	12.34989
15432	-4314.104	-4600.998	286.8934	0.8001889	0.3424791	12.2054
15438	-4309.326	-4596.204	286.878	0.7036944	0.3975616	12.2054
15444	-4311.558	-4596.895	285.3368	0.6432919	0.4445161	12.99378
15450	-4311.047	-4594.221	283.1746	0.653848	0.2977502	14.26599
15456	-4315.514	-4598.451	282.9368	0.7794103	0.3482438	14.26599
15462	-4313.108	-4598.199	285.0913	0.7227941	0.5085732	13.02309
15468	-4325.241	-4610.391	285.1505	0.7402384	0.4631282	13.02309
15474	-4319.733	-4604.888	285.1551	0.8743418	0.4198021	12.9916
15480	-4314.267	-4599.016	284.7488	0.6973302	0.4198021	13.29478
15486	-4318.224	-4603.769	285.5454	0.9417	0.4022285	12.77084
15492	-4322.654	-4606.767	284.1131	0.8267361	0.3404901	13.63997
15498	-4311.822	-4596.219	284.3967	0.8732332	0.3506561	13.45741
15504	-4317.57	-4603.512	285.9417	0.7857602	0.4154646	12.63262
15510	-4330.997	-4618.88	287.8832	0.8693721	0.35271	11.64143
15516	-4323.627	-4608.521	284.8942	0.8323233	0.4602864	13.11108
15522	-4317.226	-4603.377	286.1509	0.7941489	0.4602864	12.477
15528	-4320.467	-4607.69	287.2228	0.8622608	0.5142261	11.83519
15534	-4327.567	-4616.271	288.7037	0.8927435	0.3134131	11.24498
15540	-4321.016	-4609.793	288.7771	0.8457708	0.4559525	11.08263
15546	-4330.188	-4619.196	289.0078	0.8583002	0.3582639	11.05294
15552	-4327.872	-4613.333	285.4606	0.930609	0.4671604	12.75913
15558	-4331.863	-4616.503	284.6399	0.7847575	0.4068844	13.31857
15564	-4330.795	-4617.344	286.5487	0.8960541	0.4108598	12.2635
15570	-4328.615	-4611.322	282.7067	0.8535599	0.4396077	14.2544
15576	-4330.81	-4617.043	286.2329	0.901855	0.3838804	12.45227
15582	-4333.974	-4623.94	289.966	1.007436	0.3774777	10.45172
15588	-4341.489	-4627.317	285.8282	0.8470918	0.4110287	12.66415
15594	-4328.43	-4614.042	285.6123	0.8272915	0.3764828	12.82185
15600	-4327.624	-4613.811	286.1874	0.8601871	0.3733905	12.5086
15606	-4322.124	-4608.815	286.6912	0.7533094	0.3733905	12.30182
15612	-4321.972	-4606.5	284.5282	0.7266754	0.4207174	13.39324
15618	-4319.378	-4602.466	283.088	0.9232293	0.3572793	14.10324
15624	-4307.304	-4593.603	286.2996	0.8713389	0.3384971	12.48222
15630	-4329.772	-4613.866	284.0939	0.8447836	0.3285781	13.654
15636	-4327.322	-4614.784	287.4622	0.7936387	0.3381128	11.917
15642	-4328.909	-4615.77	286.8619	0.6985634	0.380781	12.23363
15648	-4323.634	-4613.092	289.4578	0.8071429	0.4852262	10.71974
15654	-4314.384	-4602.994	288.6096	0.9078466	0.5003456	11.09821
15660	-4323.558	-4613.149	289.5916	0.8061542	0.3729839	10.75856
15666	-4318.442	-4603.994	285.5515	0.7705081	0.4036107	12.85535
15672	-4325.485	-4611.976	286.4912	0.924039	0.426657	12.26351
15678	-4333.51	-4618.989	285.4789	0.9075105	0.3049197	12.9295
15684	-4323.29	-4610.442	287.1518	0.7616929	0.3220094	12.11404
15690	-4326.198	-4613.197	286.9997	0.7806416	0.3855426	12.11404
15696	-4324.2	-4610.598	286.3979	0.9244306	0.4611443	12.27963
15702	-4333.061	-4621.977	288.9166	1.057894	0.3834714	10.96939
15708	-4320.472	-4604.364	283.8925	0.9134761	0.3834714	13.66346
15714	-4322.959	-4607.104	284.145	0.6796563	0.3507392	13.68846
15720	-4345.612	-4633.266	287.6541	0.7728461	0.2921169	11.88197
15726	-4329.55	-4613.916	284.3657	0.903591	0.2994926	13.51653
15732	-4309.149	-4596.269	287.1201	0.9399751	0.4162157	11.93733
15738	-4316.708	-4602.147	285.4394	0.8060172	0.4162157	12.88276
15744	-4329.287	-4613.625	284.3387	0.8620095	0.3791563	13.463
15750	-4351.864	-4634.298	282.4342	0.6771973	0.4995835	14.4332
15756	-4328.219	-4614.64	286.4211	0.8401365	0.4429134	12.32836
15762	-4330.869	-4615.232	284.3627	0.7680101	0.4126649	13.46559
15768	-4333.004	-4616.461	283.4567	0.7147895	0.378184	13.9981
15774	-4340.899	-4624.765	283.8664	0.8766609	0.3847709	13.69481
15780	-4334.372	-4620.375	286.0036	0.7640358	0.4021518	12.6249
15786	-4328.456	-4614.508	286.052	0.7991433	0.3602098	12.6249
15792	-4325.822	-4612.94	287.1184	0.8484595	0.3092775	12.10119
15798	-4329.776	-4619.398	289.6222	0.9133676	0.4171572	10.64124
15804	-4326.929	-4613.717	286.788	0.9213426	0.3394716	12.20056
15810	-4322.493	-4611.69	289.197	0.8255026	0.4520989	10.87689
15816	-4317.897	-4605.271	287.3736	0.8283844	0.4341756	11.84594
15822	-4335.481	-4624.819	289.3378	0.8557334	0.3855531	10.85244
15828	-4338.331	-4627.635	289.3043	0.7490062	0.4610602	10.85244
15834	-4326.288	-4611.713	285.4257	0.7974704	0.3910593	12.9194
15840	-4317.731	-4604.914	287.1834	0.8315721	0.414414	11.96262
15846	-4328.458	-4612.682	284.2237	0.9236116	0.369537	13.50079
15852	-4324.34	-4608.938	284.598	0.8683663	0.4038773	13.29991
15858	-4323.525	-4609.752	286.2265	1.019949	0.4300386	12.34822
15864	-4321.811	-4610.12	288.3087	0.876844	0.3140472	11.45914
15870	-4320.804	-4606.246	285.4424	0.6848453	0.3981383	12.96213
15876	-4307.212	-4594.335	287.1227	0.8166994	0.4133272	12.00313
15882	-4301.493	-4588.649	287.1558	0.7726844	0.3757127	12.04701
15888	-4303.517	-4592.896	289.3794	0.9428316	0.3777213	10.79318
15894	-4334.535	-4621.878	287.3425	0.8973532	0.2639905	12.01548
15900	-4335.681	-4625.637	289.9561	0.9248716	0.4460844	10.43213
15906	-4320.357	-4607.279	286.9229	0.7624386	0.3809137	12.1684
15912	-4326.101	-4614.085	287.9839	0.8354237	0.4066361	11.55025
15918	-4328.49	-4613.861	285.3706	0.7696104	0.4418468	12.91296
15924	-4330.743	-4619.551	288.8083	1.065909	0.347196	11.06086
15930	-4310.021	-4599.225	289.204	0.7710624	0.4314886	10.92119
15936	-4325.894	-4612.164	286.2699	0.6714648	0.3610992	12.57697
15942	-4323.981	-4611.34	287.3594	0.8420934	0.4378468	11.8427
15948	-4336.496	-4625.782	289.2863	0.8111846	0.365414	10.92404
15954	-4318.999	-4603.583	284.5841	0.6662264	0.4491877	13.36868
15960	-4316.922	-4600.087	283.165	0.7874032	0.4495761	14.04189
15966	-4303.62	-4589.392	285.7717	0.7141601	0.4438372	12.73127
15972	-4329.339	-4616.42	287.081	0.9023872	0.4645107	11.93183
15978	-4317.88	-4605.194	287.3138	0.7760415	0.4060407	11.93183
15984	-4318.286	-4603.415	285.129	0.6290504	0.4411123	13.11236
15990	-4319.412	-4608.175	288.7623	0.7421884	0.3571388	11.2435
15996	-4334.879	-4624.969	290.0898	0.7692124	0.3983277	10.49025
16002	-4353.043	-4644.856	291.8131	0.9300094	0.4568358	9.441646
16008	-4335.131	-4623.499	288.3676	0.7741483	0.3083496	11.48884
16014	-4337.255	-4625.328	288.0728	0.8393671	0.4269223	11.48186
16020	-4329.052	-4618.491	289.4389	0.9256276	0.3807953	10.76777
16026	-4312.435	-4601.889	289.4542	0.8434539	0.4717067	10.71465
16032	-4308.188	-4597.382	289.1936	0.8496511	0.4505652	10.8674
16038	-4331.878	-4618.98	287.1022	0.8387804	0.5716379	11.86357
16044	-4330.794	-4617.845	287.0507	0.7656319	0.3457406	12.1378
16050	-4327.394	-4616.186	288.7911	0.8594066	0.2806098	11.25697
16056	-4319.526	-4607.823	288.2966	0.8594066	0.3970626	11.38389
16062	-4311.153	-4597.91	286.7571	0.8789383	0.3219713	12.25875
16068	-4316.442	-4604.967	288.5245	0.7406759	0.3194291	11.41117
16074	-4303.48	-4592.297	288.8166	0.8229549	0.3882424	11.13984
16080	-4314.214	-4599.948	285.7342	0.6217422	0.3882424	12.85319
16086	-4305.963	-4592.413	286.4501	0.7916447	0.4625347	12.32037
16092	-4301.813	-4591.216	289.4035	0.933159	0.4332285	10.72998
16098	-4310.522	-4600.66	290.1382	0.8071001	0.3268311	10.52237
16104	-4314.843	-4601.722	286.879	0.9000387	0.4549955	12.04712
16110	-4312.967	-4602.83	289.8629	0.8848087	0.4941115	10.45854
16116	-4324.256	-4609.156	284.8994	0.7016059	0.363988	13.27103
16122	-4321.386	-4607.054	285.6682	0.8583936	0.4956712	12.66348
16128	-4315.485	-4603.586	288.1009	0.8470783	0.3596209	11.53179
16134	-4320.973	-4608.915	287.9423	0.8564773	0.4366651	11.53179
16140	-4320.814	-4609.765	288.9509	0.8207934	0.3139249	11.15268
16146	-4330.452	-4616.691	286.239	0.7533851	0.3809705	12.5294
16152	-4312.744	-4600.698	287.9543	0.825084	0.3809705	11.59728
16158	-4311.52	-4599.473	287.9527	0.8565635	0.3661455	11.59728
16164	-4312.804	-4601.636	288.8316	0.7731658	0.4042426	11.14184
16170	-4311.349	-4594.606	283.257	0.7549519	0.4042426	14.05436
16176	-4316.009	-4602.481	286.472	0.7529398	0.3968899	12.39198
16182	-4312.661	-4599.111	286.4502	0.7748201	0.3968899	12.39198
16188	-4318.098	-4605.069	286.971	0.9204738	0.4271453	12.01468
16194	-4339.339	-4623.017	283.6777	0.6678528	0.4531372	13.83467
16200	-4322.007	-4608.545	286.538	0.8138683	0.5029853	12.22727
16206	-4323.576	-4609.427	285.8509	0.7978665	0.4393486	12.6507
16212	-4325.004	-4612.704	287.7	0.836091	0.3930754	11.7119
16218	-4324.903	-4613.285	288.3815	0.8634923	0.4488018	11.28705
16224	-4325.395	-4611.298	285.9032	0.6720596	0.418278	12.70912
16230	-4326.263	-4610.045	283.7821	0.6986279	0.418278	13.79747
16236	-4319.762	-4607.196	287.4343	0.985588	0.477019	11.69264
16242	-4321.626	-4612.108	290.4822	0.8011169	0.332281	10.33854
16248	-4320.271	-4610.55	290.2787	0.7913657	0.3293996	10.4539
16254	-4330.97	-4616.43	285.46	0.7749701	0.3693059	12.93583
16260	-4324.862	-4612.312	287.4497	0.7414852	0.3545201	11.93257
16266	-4318.062	-4606.715	288.6524	0.8381882	0.4619081	11.14646
16272	-4322.551	-4610.415	287.8644	0.9262615	0.31024	11.67002
16278	-4322.95	-4610.837	287.8866	0.7943339	0.3608474	11.67002
16284	-4322.7	-4611.849	289.1487	0.9834756	0.3608474	10.91076
16290	-4326.678	-4615.731	289.053	0.9381722	0.3824181	10.96173
16296	-4316.035	-4600.543	284.5084	0.8138262	0.4292979	13.35002
16302	-4308.142	-4592.734	284.5914	0.7626555	0.4122089	13.35002
16308	-4305.407	-4590.042	284.6343	0.7599865	0.3912958	13.35002
16314	-4301.871	-4589.616	287.7441	0.732415	0.3606848	11.77696
16320	-4296.884	-4586.343	289.4591	0.815582	0.4458152	10.75054
16326	-4312.83	-4600.673	287.8427	0.7539108	0.4190814	11.65435
16332	-4310.77	-4597.127	286.3572	0.7446662	0.4448267	12.40958
16338	-4317.348	-4604.749	287.4005	0.8274068	0.3304125	11.94031
16344	-4312.914	-4599.248	286.3344	0.8115066	0.477681	12.3567
16350	-4305.547	-4590.761	285.2136	0.7722098	0.4487913	12.98678
16356	-4314.051	-4599.634	285.5829	0.7127335	0.3719549	12.90148
16362	-4314.527	-4604.093	289.566	0.812501	0.4145663	10.72616
16368	-4321.687	-4609.014	287.3272	0.7646592	0.4855724	11.85635
16374	-4317.76	-4603.382	285.622	0.7716955	0.2805014	12.95579
16380	-4321.844	-4611.018	289.1737	0.7876158	0.3599402	11.00127
16386	-4323.921	-4612.707	288.7869	0.7745949	0.3599402	11.21061
16392	-4306.746	-4595.034	288.2876	0.7885801	0.3964969	11.4262
16398	-4309.836	-4596.537	286.701	0.7767693	0.3541651	12.30506
16404	-4313.499	-4596.79	283.2904	0.8595167	0.4313017	13.95656
16410	-4314.886	-4599.924	285.0381	0.873061	0.3875017	13.08528
16416	-4300.294	-4587.025	286.7307	0.8060739	0.3909564	12.23551
16422	-4314.373	-4601.103	286.7305	0.8340291	0.398358	12.21351
16428	-4307.638	-4594.191	286.553	0.7342225	0.4289019	12.32807
16434	-4314.636	-4600.149	285.5133	0.7434777	0.4116969	12.88127
16440	-4309.05	-4594.007	284.9571	0.7707979	0.4266394	13.14176
16446	-4321.03	-4608.381	287.3514	0.9540407	0.5007261	11.73162
16452	-4306.313	-4593.069	286.7564	0.9197212	0.3983299	12.1554
16458	-4306.237	-4589.455	283.2177	0.7650277	0.3541741	14.12138
16464	-4322.108	-4604.294	282.1861	0.7815645	0.4467154	14.55475
16470	-4315.531	-4597.721	282.1905	0.8246817	0.4206502	14.55475
16476	-4301.6	-4583.701	282.101	0.7491954	0.3829071	14.6777
16482	-4316.244	-4601.943	285.6989	0.8815866	0.3994554	12.72499
16488	-4316.6	-4603.48	286.8808	0.7682521	0.5398286	12.0414
16494	-4333.363	-4622.007	288.644	0.7771331	0.393322	11.24896
16500	-4329.629	-4616.168	286.5389	1.00135	0.3914241	12.23322
16506	-4330.978	-4619.024	288.0463	0.8098681	0.3929012	11.54488
16512	-4329.688	-4617.034	287.346	0.8107533	0.3915296	11.91156
16518	-4345.566	-4634.049	288.4832	0.8920174	0.3316318	11.33954
16524	-4336.468	-4622.417	285.9491	0.8247438	0.4715233	12.55601
16530	-4337.812	-4622.18	284.3681	0.6927355	0.3809186	13.5338
16536	-4347.023	-4634.214	287.1911	0.7958597	0.4213478	11.97046
16542	-4343.521	-4630.157	286.6356	0.6984849	0.4527621	12.2812
16548	-4333.23	-4618.962	285.7313	0.7953831	0.5717174	12.60082
16554	-4321.42	-4608.022	286.6017	0.7693351	0.3902364	12.32261
16560	-4334.921	-4623.013	288.0921	0.8757154	0.4480353	11.43276
16566	-4326.555	-4613.462	286.9065	0.837778	0.3884007	12.12993
16572	-4329.476	-4615.88	286.4042	0.8164244	0.4691864	12.32536
16578	-4337.967	-4624.756	286.7896	0.6848269	0.3373737	12.32536
16584	-4340.31	-4627.1	286.7899	0.9606296	0.3859094	12.1292
16590	-4332.458	-4618.514	286.0562	0.9647779	0.398113	12.49702
16596	-4341.214	-4629.284	288.0697	0.7774994	0.3867344	11.55586
16602	-4353.548	-4639.483	285.9355	0.7760573	0.3214083	12.74092
16608	-4351.6	-4639.399	287.7997	0.9127228	0.4322365	11.58117
16614	-4322.321	-4608.929	286.6081	0.7689802	0.4607073	12.25149
16620	-4310.125	-4595.262	285.1375	0.834763	0.5040744	12.94467
16626	-4300.88	-4587.998	287.1182	0.8470745	0.3520946	12.05314
16632	-4302.191	-4589.427	287.2356	0.9172436	0.377147	11.92846
16638	-4307.465	-4590.698	283.2327	0.7530876	0.3096061	14.17026
16644	-4320.958	-4609.087	288.1291	0.926047	0.2794844	11.56971
16650	-4314.28	-4600.242	285.962	0.8689137	0.4545859	12.54168
16656	-4315.235	-4602.652	287.417	0.7353825	0.3516002	11.95603
16662	-4312.209	-4596.518	284.3089	0.7204731	0.5112959	13.42854
16668	-4319.841	-4608.417	288.5764	0.6387946	0.3376129	11.41643
16674	-4318.317	-4603.927	285.6104	0.6872783	0.3618669	12.91115
16680	-4355.074	-4642.557	287.4838	0.6909632	0.3008529	12.00283
16686	-4334.431	-4616.854	282.423	0.7646826	0.324574	14.56629
16692	-4342.866	-4625.207	282.3409	0.7709951	0.3599859	14.56629
16698	-4322.446	-4608.765	286.3192	0.8859105	0.4116198	12.38762
16704	-4325.97	-4613.578	287.6079	0.8161066	0.3432001	11.82353
16710	-4323.879	-4612.024	288.1454	0.6592131	0.409372	11.55525
16716	-4323.372	-4611.2	287.8281	0.6165303	0.3022349	11.86035
16722	-4331.296	-4618.444	287.1475	0.9098153	0.475659	11.8832
16728	-4335.673	-4620.228	284.5552	0.6724417	0.4379918	13.39089
16734	-4317.552	-4602.668	285.1158	0.8191167	0.3620775	13.09954
16740	-4312.336	-4596.379	284.0438	0.6499523	0.4361188	13.66989
16746	-4314.231	-4599.445	285.2137	0.8021955	0.372	13.04689
16752	-4320.191	-4604.484	284.293	0.7505364	0.4205599	13.50316
16758	-4300.587	-4584.854	284.2665	0.7384513	0.4416084	13.50316
16764	-4302.024	-4588.614	286.5895	0.8277293	0.4651693	12.22651
16770	-4306.971	-4591.737	284.7654	0.7538582	0.5003472	13.18336
16776	-4311.91	-4599.301	287.391	0.7546557	0.4471703	11.86308
16782	-4318.596	-4605.206	286.6098	0.7897324	0.4128336	12.28513
16788	-4314.581	-4601.104	286.5231	0.9643638	0.3679708	12.28513
16794	-4319.373	-4602.669	283.2963	0.8079603	0.3380855	14.07611
16800	-4315.655	-4605.069	289.4135	0.8994405	0.3266534	10.85427
16806	-4314.496	-4599.756	285.2599	0.8299697	0.4327765	12.94771
16812	-4315.649	-4602.151	286.5013	0.7002039	0.3418236	12.4626
16818	-4318.39	-4602.849	284.4592	0.7193128	0.3700634	13.48402
16824	-4314.156	-4600.74	286.584	0.8719864	0.4355449	12.23378
16830	-4314.786	-4603.364	288.5784	0.8948117	0.4355449	11.18013
16836	-4322.675	-4611.401	288.7266	0.8684937	0.3719711	11.18013
16842	-4335.099	-4621.021	285.9217	0.7145164	0.4745777	12.62496
16848	-4332.963	-4621.182	288.2188	0.9230119	0.3190621	11.47612
16854	-4320.507	-4607.9	287.3929	0.8963286	0.4008482	11.83297
16860	-4327.654	-4615.5	287.8454	0.9359239	0.485221	11.49652
16866	-4318.419	-4608.849	290.4301	0.8698837	0.3308904	10.33142
16872	-4327.38	-4613.137	285.7578	1.092512	0.5376165	12.4596
16878	-4307.626	-4595.364	287.7382	0.759731	0.4357309	11.68991
16884	-4299.705	-4587.662	287.9569	0.9177849	0.4854459	11.4475
16890	-4307.129	-4597.116	289.9864	0.9186798	0.3377108	10.53101
16896	-4306.284	-4593.667	287.3833	0.8718943	0.3909777	11.8607
16902	-4315.374	-4600.396	285.0217	0.8563266	0.4044366	13.08541
16908	-4322.555	-4607.66	285.1048	0.7223486	0.4316204	13.08541
16914	-4316.03	-4600.98	284.95	0.6896672	0.4342869	13.18032
16920	-4318.781	-4606.566	287.7846	0.8125586	0.4089671	11.66401
16926	-4309.424	-4593.686	284.2627	0.7902471	0.464269	13.45741
16932	-4311.364	-4595.462	284.0982	0.730877	0.4431769	13.59302
16938	-4312.053	-4595.354	283.3008	0.7770429	0.3542927	14.07197
16944	-4317.93	-4601.314	283.3843	0.7217055	0.3479654	14.06426
16950	-4315.853	-4606.538	290.685	0.9937582	0.4603436	9.999443
16956	-4307.973	-4597.036	289.0627	1.018365	0.5502787	10.76104
16962	-4316.099	-4604.789	288.6901	0.9087405	0.5502787	11.0138
16968	-4317.991	-4602.969	284.9785	0.8669754	0.3561066	13.15248
16974	-4326.322	-4612.899	286.5765	0.6854885	0.4488326	12.32243
16980	-4322.112	-4608.347	286.2349	0.7990343	0.3263811	12.56735
16986	-4330.699	-4616.999	286.2999	0.668215	0.35711	12.56735
16992	-4319.854	-4605.976	286.1212	0.7422078	0.409848	12.56735
16998	-4330.254	-4617.945	287.6913	0.7880521	0.368244	11.76736
17004	-4338.898	-4625.217	286.3187	0.7651913	0.4281119	12.43479
17010	-4335.539	-4618.914	283.3742	0.8212275	0.4615444	13.90491
17016	-4321.817	-4605.15	283.3331	0.776124	0.397558	14.01057
17022	-4322.977	-4606.532	283.5544	0.9267845	0.397558	13.81769
17028	-4316.052	-4603.092	287.0397	0.7694498	0.397558	12.08677
17034	-4306.619	-4595.096	288.4763	0.8137711	0.4135132	11.29731
17040	-4306.715	-4594.553	287.8378	0.8048754	0.4047978	11.64442
17046	-4309.218	-4597.722	288.5042	0.8243841	0.4232086	11.26768
17052	-4303.913	-4591.059	287.1466	0.7721803	0.4618489	11.96794
17058	-4303.162	-4592.122	288.9603	0.9547339	0.4100256	10.97358
17064	-4300.892	-4590.441	289.5488	0.963184	0.4561851	10.61639
17070	-4304.781	-4593.042	288.2616	0.7640547	0.4438574	11.40641
17076	-4305.362	-4591.183	285.8211	0.7531502	0.379989	12.74812
17082	-4305.806	-4594.998	289.1924	0.9149208	0.3832494	10.90002
17088	-4309.829	-4596.522	286.6928	0.9092248	0.5041136	12.09584
17094	-4306.963	-4590.418	283.4555	0.8069128	0.3530392	13.97764
17100	-4302.57	-4590.918	288.3487	0.8613149	0.3530392	11.40201
17106	-4311.45	-4596.219	284.7686	0.8876263	0.4371483	13.16902
17112	-4321.016	-4608.797	287.7813	1.147242	0.5174576	11.39173
17118	-4323.377	-4612.166	288.7894	0.9665562	0.5113469	10.96382
17124	-4330.805	-4620.449	289.6443	0.9418155	0.4227914	10.60917
17130	-4328.076	-4615.188	287.1119	0.7656897	0.4105427	12.03812
17136	-4327.897	-4616.761	288.8644	0.8949045	0.4119283	11.05327
17142	-4327.482	-4612.847	285.3646	0.9099922	0.5202721	12.7737
17148	-4337.012	-4620.29	283.2777	0.914269	0.4371099	13.92926
17154	-4330.953	-4615.387	284.4339	0.900692	0.3748718	13.39791
17160	-4325.965	-4613.846	287.8814	0.9178212	0.5492318	11.43306
17166	-4322.077	-4607.811	285.7343	0.8444932	0.4196789	12.70594
17172	-4327.325	-4614.61	287.2858	0.8558773	0.4883731	11.8279
17178	-4323.584	-4609.767	286.1828	0.8484387	0.4184155	12.47157
17184	-4326.84	-4616.023	289.1832	0.8434391	0.4184155	10.90681
17190	-4319.195	-4607.64	288.4458	0.8638867	0.4259453	11.27489
17196	-4332.446	-4621.667	289.221	0.8631297	0.4259453	10.86936
17202	-4319.665	-4604.33	284.6648	0.7103211	0.4259453	13.32575
17208	-4320.695	-4606.148	285.4537	0.9309915	0.4171532	12.80938
17214	-4317.684	-4604.641	286.9574	0.8893776	0.3359894	12.13281
17220	-4328.057	-4615.891	287.8344	0.8787079	0.4356795	11.57753
17226	-4330.497	-4618.368	287.8718	0.7745138	0.4734861	11.57753
17232	-4324.621	-4610.332	285.711	0.7278438	0.459947	12.74086
17238	-4327.58	-4613.164	285.5845	0.9419995	0.411782	12.74086
17244	-4324.504	-4610.164	285.6601	0.8200118	0.4396545	12.73821
17250	-4324.607	-4612.288	287.6809	0.7011762	0.4352474	11.75088
17256	-4333.134	-4617.904	284.7702	0.7002487	0.3980817	13.30358
17262	-4336.696	-4621.397	284.7002	0.7977039	0.3840577	13.30358
17268	-4340.662	-4628.011	287.3497	0.8665601	0.4267354	11.84559
17274	-4328.075	-4615.296	287.2212	0.8707297	0.4241537	11.91295
17280	-4325.035	-4610.31	285.2743	0.745867	0.352307	13.06577
17286	-4319.34	-4604.447	285.1071	0.7373064	0.4429579	13.06577
17292	-4311.881	-4597.194	285.3131	0.8610874	0.3001785	13.04557
17298	-4310.259	-4597.491	287.2319	0.7798187	0.4852209	11.89849
17304	-4316.059	-4601.234	285.1743	0.7838008	0.3625192	13.08702
17310	-4307.258	-4593.904	286.6455	0.7081435	0.4340576	12.28854
17316	-4315.892	-4600.312	284.4205	0.7408931	0.307541	13.56292
17322	-4312.471	-4597.849	285.3785	0.7712465	0.3766721	12.97244
17328	-4320.889	-4607.771	286.8824	0.7162852	0.4073286	12.18677
17334	-4317.8	-4603.482	285.6826	0.6740238	0.4105234	12.83049
17340	-4305.667	-4592.964	287.2973	0.6381785	0.3917986	12.0267
17346	-4307.269	-4594.279	287.0102	0.870893	0.4203335	12.0267
17352	-4289.602	-4577.912	288.3097	0.836303	0.3709909	11.41613
17358	-4306.622	-4594.788	288.1655	0.69082	0.3392683	11.60214
17364	-4296.248	-4583.82	287.5726	0.8645115	0.4025802	11.75399
17370	-4297.467	-4587.632	290.1652	0.878042	0.478098	10.31751
17376	-4299.756	-4586.491	286.7353	0.8031403	0.5267167	12.10991
17382	-4325.858	-4615.278	289.4198	0.9191702	0.4689838	10.69545
17388	-4322.191	-4609.563	287.3728	0.8406205	0.3740784	11.90002
17394	-4310.433	-4599.459	289.0252	0.919637	0.3277781	11.0458
17400	-4323.843	-4609.346	285.5025	0.8434238	0.3734588	12.87374
17406	-4326.523	-4609.314	282.7914	0.8434238	0.3734588	14.28117
17412	-4318.195	-4607.8	289.605	0.9127405	0.3999262	10.66773
17418	-4309.228	-4598.807	289.5791	0.815122	0.4675873	10.66773
17424	-4321.31	-4611.036	289.7269	0.8568949	0.4998556	10.53961
17430	-4313.404	-4602.312	288.9076	0.8568949	0.4586379	11.00601
17436	-4309.725	-4598.461	288.7362	0.9494194	0.4269241	11.07718
17442	-4318.055	-4605.794	287.7389	0.9289108	0.4517982	11.58609
17448	-4310.199	-4598.56	288.3609	0.7480047	0.3851404	11.42068
17454	-4309.323	-4598.116	288.7931	0.7443204	0.3685343	11.21395
17460	-4298.795	-4589.013	290.2176	0.8254916	0.4253294	10.36679
17466	-4308.096	-4595.58	287.4844	0.9638978	0.2714315	11.89702
17472	-4300.657	-4591.032	290.3751	0.9504466	0.3321182	10.31656
17478	-4293.947	-4585.505	291.5571	0.8980126	0.3846507	9.664623
17484	-4297.457	-4584.987	287.5304	0.6872584	0.3764179	11.89536
17490	-4295.492	-4582.968	287.4753	0.7528574	0.3712179	11.89536
17496	-4310.519	-4602.917	292.3976	0.998731	0.3712179	9.181804
17502	-4309.076	-4601.863	292.7868	0.8980527	0.4227052	8.976353
17508	-4317.839	-4602.899	285.06	0.8597703	0.5338096	12.94704
17514	-4325.876	-4612.379	286.503	0.6551146	0.4872289	12.34189
17520	-4322.819	-4608.017	285.198	0.7887116	0.3872966	13.04622
17526	-4329.299	-4615.185	285.8864	0.8120546	0.4712269	12.59555
17532	-4312.465	-4599.489	287.0247	0.8738536	0.471448	11.9698
17538	-4311.436	-4598.104	286.6673	0.8172189	0.346459	12.30996
17544	-4319.447	-4605.353	285.9063	0.7791605	0.4271387	12.64319
17550	-4313.023	-4602.02	288.997	0.7693393	0.4271387	11.03472
17556	-4329.492	-4615.312	285.8194	0.6874767	0.3094451	12.86142
17562	-4317.226	-4601.354	284.1279	0.6829174	0.3094451	13.74259
17568	-4303.269	-4590.565	287.2961	0.6969745	0.3731554	12.01599
17574	-4307.217	-4596.825	289.6082	0.8825065	0.4299338	10.65232
17580	-4315.883	-4602.591	286.7077	0.779271	0.4327548	12.22025
17586	-4311.222	-4597.466	286.2444	0.9428881	0.4986017	12.31681
17592	-4311.23	-4596.01	284.7804	0.8920964	0.4415786	13.15641
17598	-4317.437	-4603.102	285.6644	0.8242705	0.4147298	12.75763
17604	-4327.306	-4611.857	284.5509	0.7979557	0.4147298	13.35028
17610	-4335.226	-4622.946	287.7207	0.9255533	0.4989158	11.55517
17616	-4331.192	-4620.291	289.0994	0.9720813	0.3508749	10.95347
17622	-4325.06	-4612.575	287.5157	0.9651144	0.5090492	11.63288
17628	-4317.789	-4605.466	287.6769	1.046981	0.5406269	11.47948
17634	-4307.806	-4598.647	290.841	1.044601	0.5172108	9.840168
17640	-4312.055	-4597.91	285.8547	0.8533422	0.5190546	12.54908
17646	-4313.767	-4602.818	289.0511	0.8097709	0.4084665	11.00348
17652	-4338.326	-4622.687	284.3603	0.7519511	0.446284	13.44309
17658	-4333.567	-4620.792	287.2246	0.9029755	0.446284	11.87333
17664	-4317.983	-4604.168	286.1847	0.7725683	0.3831713	12.54544
17670	-4320.709	-4610.743	290.034	0.9230814	0.3606994	10.47823
17676	-4315.855	-4605.563	289.7075	0.7492584	0.3606994	10.74077
17682	-4322.552	-4609.78	287.2286	0.7238501	0.3711717	12.0393
17688	-4332.302	-4617.561	285.259	0.8619067	0.4107038	12.95292
17694	-4344.344	-4629.774	285.4302	0.7437126	0.383369	12.95292
17700	-4313.785	-4599.356	285.571	0.8436014	0.383369	12.82769
17706	-4312.873	-4600.385	287.5124	0.7505515	0.329819	11.92271
17712	-4313.408	-4599.848	286.4397	0.8489085	0.4864688	12.27454
17718	-4320.775	-4604.125	283.3508	0.7019826	0.4184319	14.01928
17724	-4334.285	-4621.097	286.8113	0.8255955	0.4444581	12.13107
17730	-4314.773	-4601.269	286.4959	0.9329458	0.3803483	12.30266
17736	-4305.52	-4594.8	289.2804	0.9019959	0.4968613	10.75278
17742	-4303.451	-4594.784	291.3331	1.01246	0.5701047	9.554224
17748	-4314.243	-4601.157	286.9133	0.9606261	0.3906807	12.05996
17754	-4324.334	-4610.48	286.1455	0.9363141	0.4067882	12.45665
17760	-4308.313	-4598.133	289.8203	0.9793548	0.4269427	10.49309
17766	-4333.61	-4618.739	285.1289	0.881424	0.4114661	13.00966
17772	-4328.963	-4618.172	289.2086	0.9381835	0.3313913	10.93589
17778	-4320.894	-4608.527	287.6327	0.9548542	0.4540699	11.6259
17784	-4318.593	-4606.767	288.1742	1.001259	0.2832503	11.50208
17790	-4317.051	-4600.783	283.732	0.9271166	0.3471873	13.77824
17796	-4316.394	-4603.019	286.6248	0.8894783	0.3243156	12.31948
17802	-4316.405	-4602.967	286.5617	0.7777815	0.3851116	12.34434
17808	-4323.649	-4612.218	288.5691	0.8118829	0.4361774	11.2278
17814	-4321.805	-4608.607	286.8024	0.8389733	0.3719541	12.20069
17820	-4328.077	-4617.384	289.3071	0.8685593	0.3681287	10.88014
17826	-4337.859	-4627.786	289.9269	0.9701381	0.3421989	10.53018
17832	-4340.989	-4626.613	285.6248	0.7945072	0.3254602	12.88827
17838	-4336.864	-4619.826	282.9626	0.639519	0.3570591	14.31551
17844	-4332.772	-4619.032	286.2591	0.7661468	0.4057201	12.48717
17850	-4330.497	-4617.518	287.021	0.9276519	0.4240981	11.98778
17856	-4322.109	-4609.881	287.7721	0.9597894	0.4166497	11.58608
17862	-4330.386	-4618.536	288.1506	0.843472	0.3891077	11.47668
17868	-4319.249	-4608.242	288.9931	0.8985945	0.4814493	10.91875
17874	-4334.409	-4624.588	290.1787	0.8704121	0.4834442	10.30965
17880	-4333.149	-4619.57	286.4212	0.8756012	0.3816613	12.37012
17886	-4313.403	-4599.856	286.4534	0.8288973	0.3889988	12.37012
17892	-4326.261	-4616.137	289.8763	0.9871767	0.5007289	10.392
17898	-4312.272	-4599.245	286.9728	0.8253854	0.4609512	12.0317
17904	-4307.06	-4595.144	288.0838	0.891159	0.3662258	11.51058
17910	-4330.727	-4616.617	285.8907	0.7928507	0.3652247	12.70675
17916	-4324.246	-4610.425	286.1797	0.7311493	0.4612282	12.49396
17922	-4328.546	-4616.975	288.4286	0.879896	0.4048265	11.2963
17928	-4327.331	-4614.674	287.3432	0.879896	0.425944	11.84276
17934	-4311.267	-4595.389	284.1217	0.9601988	0.4505165	13.45491
17940	-4317.703	-4601.874	284.1712	0.9107294	0.4505165	13.45491
17946	-4319.015	-4605.68	286.6653	0.913271	0.5346764	12.08238
17952	-4315.315	-4603.877	288.5617	0.9028174	0.488091	11.13659
17958	-4336.105	-4624.678	288.5733	0.9238957	0.4369306	11.16627
17964	-4321.211	-4605.623	284.4115	0.9460798	0.4183361	13.34221
17970	-4330.243	-4618.634	288.3907	0.9631106	0.4463857	11.23241
17976	-4333.571	-4622.241	288.6703	0.8730538	0.5602878	11.03479
17982	-4326.426	-4614.493	288.0665	0.9986514	0.4645537	11.36663
17988	-4314.342	-4602.639	288.2973	0.9208501	0.5034258	11.25218
17994	-4311.975	-4601.436	289.4606	0.861103	0.4441264	10.72744
18000	-4316.684	-4601.892	285.2085	0.7909178	0.4161449	13.01077
18006	-4318.782	-4606.85	288.0673	0.9241767	0.4161449	11.4509
18012	-4340.564	-4630.128	289.5634	0.931886	0.3183027	10.76841
18018	-4333.862	-4620.346	286.484	0.9341061	0.4081612	12.28004
18024	-4324.125	-4610.652	286.5273	0.8899562	0.4086502	12.28004
18030	-4336.782	-4623.183	286.4012	0.7364045	0.2881029	12.55909
18036	-4324.297	-4611.612	287.3153	0.8447921	0.4297954	11.87194
18042	-4349.486	-4633.005	283.5194	0.7091949	0.3416192	14.0077
18048	-4346.955	-4632.25	285.2956	0.7358216	0.3456691	13.06723
18054	-4331.14	-4614.572	283.4325	0.6787107	0.380138	14.02729
18060	-4336.76	-4619.285	282.5248	0.6935261	0.3819594	14.48809
18066	-4327.135	-4613.96	286.8251	0.8346881	0.3337451	12.23287
18072	-4328.687	-4616.373	287.6862	0.8353003	0.3704939	11.74297
18078	-4323.501	-4607.015	283.514	0.895254	0.4468089	13.80748
18084	-4332.118	-4616.867	284.7489	0.7804145	0.3672068	13.30485
18090	-4319.991	-4607.865	287.8738	0.9120207	0.4061661	11.56824
18096	-4302.701	-4589.191	286.4907	0.8536255	0.4420832	12.28579
18102	-4306	-4593.384	287.3843	0.6963114	0.3694739	11.97424
18108	-4304.303	-4591.677	287.3737	0.7702426	0.4009486	11.90869
18114	-4311.723	-4601.385	289.6614	0.8762813	0.4009486	10.65623
18120	-4294.649	-4582.854	288.2047	0.9401934	0.4009486	11.38577
18126	-4295.464	-4583.09	287.6259	0.9130692	0.3722261	11.73201
18132	-4294.243	-4580.729	286.486	0.7048234	0.3722261	12.4352
18138	-4300.764	-4586.132	285.3675	0.706745	0.4401587	12.94888
18144	-4303.274	-4589.951	286.6774	0.8381143	0.493427	12.15021
18150	-4323.656	-4614.14	290.4836	0.8972826	0.4228947	10.19165
18156	-4315.486	-4605.903	290.4162	0.9073426	0.4545305	10.19165
18162	-4353.985	-4642.338	288.3528	1.019137	0.4422923	11.22673
18168	-4330.464	-4618.295	287.8311	0.952437	0.4024043	11.57322
18174	-4330.977	-4618.856	287.8794	0.7924188	0.4277737	11.60664
18180	-4336.052	-4622.711	286.6599	0.713389	0.5068905	12.21276
18186	-4344.285	-4631.559	287.2741	0.8164817	0.4266888	11.91123
18192	-4329.394	-4617.558	288.164	0.7620359	0.4627528	11.44102
18198	-4332.286	-4617.222	284.9358	0.7952756	0.4718012	13.09832
18204	-4337.623	-4626.393	288.77	0.7573199	0.4147817	11.17192
18210	-4334.796	-4621.745	286.9493	1.002176	0.5031534	11.91437
18216	-4334.591	-4616.469	281.8779	0.9491716	0.5031534	14.57739
18222	-4340.211	-4629.101	288.8907	0.8568963	0.45236	11.02065
18228	-4330.275	-4614.075	283.8001	0.6438617	0.3968106	13.83773
18234	-4330.594	-4616.565	285.9715	0.7970292	0.4066495	12.61996
18240	-4340.714	-4629.57	288.8561	0.762005	0.4581678	11.0831
18246	-4329.878	-4614.004	284.1268	0.7107551	0.357902	13.67401
18252	-4312.191	-4602.019	289.8281	0.7894253	0.3954376	10.61993
18258	-4313.818	-4601.68	287.8621	0.7478718	0.3534833	11.71508
18264	-4317.495	-4604.168	286.6729	0.6535533	0.4238614	12.31246
18270	-4315.015	-4599.234	284.2192	0.6818571	0.4622638	13.53811
18276	-4292.302	-4580.612	288.3101	0.9279467	0.4690941	11.27206
18282	-4311.14	-4599.272	288.1319	0.9129073	0.3819153	11.45756
18288	-4318.062	-4602.935	284.8731	0.741393	0.35437	13.27439
18294	-4304.875	-4590.966	286.0909	0.7958842	0.2900422	12.68729
18300	-4311.359	-4595.681	284.3213	0.7011632	0.3576489	13.57831
18306	-4320.013	-4602.758	282.7445	0.736266	0.360762	14.37441
18312	-4326.944	-4612.3	285.3567	0.8162647	0.534578	12.81469
18318	-4322.54	-4611.536	288.9961	0.8960536	0.2674471	11.1475
18324	-4311.512	-4599.242	287.7295	0.9282849	0.4152636	11.62614
18330	-4321.417	-4608.997	287.5798	0.9161716	0.5076833	11.62614
18336	-4310.441	-4600.188	289.7469	0.9431455	0.3658747	10.61281
18342	-4310.327	-4597.048	286.7209	0.8064598	0.4191125	12.21236
18348	-4315.957	-4600.599	284.6423	0.7325026	0.3964541	13.35489
18354	-4333.756	-4621.124	287.3682	0.9169832	0.3737353	11.86294
18360	-4322.655	-4609.017	286.3625	0.8353633	0.3648229	12.43939
18366	-4312.215	-4600.21	287.9956	0.8194102	0.3624039	11.59831
18372	-4315.645	-4601.115	285.47	0.7382489	0.4634256	12.85769
18378	-4330.495	-4615.893	285.3978	0.8769784	0.4263103	12.85769
18384	-4326.198	-4611.149	284.9505	0.9481361	0.4372446	13.04292
18390	-4328.831	-4612.099	283.2678	0.8185623	0.3117257	14.11563
18396	-4342.742	-4630.436	287.6941	0.8896309	0.4152044	11.66489
18402	-4316.451	-4599.858	283.4065	0.9454086	0.3741275	13.90872
18408	-4314.876	-4599.748	284.8717	0.8760765	0.3398564	13.22111
18414	-4303.062	-4591.651	288.5892	0.8170431	0.4477104	11.20371
18420	-4297.65	-4582.902	285.2526	0.8170431	0.4517458	12.9405
18426	-4294.563	-4580.833	286.2699	0.8170431	0.3600233	12.50233
18432	-4305.321	-4592.659	287.3377	0.8728727	0.429542	11.84586
18438	-4317.015	-4608.635	291.6194	0.980719	0.5587382	9.428973
18444	-4315.779	-4604.35	288.5704	0.980719	0.4635092	11.11331
18450	-4311.934	-4598.832	286.8985	0.8868389	0.4016161	12.09512
18456	-4313.015	-4598.485	285.4701	0.8224063	0.4256222	12.84917
18462	-4297.562	-4584.164	286.6017	0.8164817	0.3711049	12.31791
18468	-4308.126	-4594.729	286.6025	0.819199	0.3693906	12.31791
18474	-4324.283	-4611.62	287.3368	0.9598148	0.4196484	11.81048
18480	-4305.285	-4589.569	284.2841	0.7743784	0.4196484	13.4963
18486	-4313.329	-4603.804	290.4751	1.028927	0.3793792	10.1709
18492	-4313.54	-4605.329	291.789	0.9049136	0.3106913	9.621358
18498	-4314.731	-4601.194	286.4636	1.023596	0.4233444	12.22917
18504	-4299.372	-4589.838	290.4658	0.9612338	0.421921	10.16831
18510	-4291.204	-4578.659	287.4554	0.8347536	0.4329469	11.80107
18516	-4303.566	-4592.785	289.2193	0.8207785	0.3567683	10.96346
18522	-4309.537	-4601.401	291.8643	1.103779	0.5934503	9.207108
18528	-4304.873	-4589.725	284.8511	0.6744058	0.5238055	13.1603
18534	-4312.613	-4599.115	286.5021	0.7771268	0.4183451	12.34243
18540	-4318.033	-4607.045	289.0128	0.8080534	0.3447058	11.09157
18546	-4315.856	-4604.5	288.6441	0.9169055	0.373423	11.19643
18552	-4331.508	-4616.193	284.6845	0.8202146	0.3895634	13.29439
18558	-4341.974	-4631.101	289.1269	0.928416	0.3403028	10.97368
18564	-4338.695	-4625.536	286.8408	0.8419263	0.2973403	12.26371
18570	-4317.769	-4605.723	287.9548	0.8609477	0.3639159	11.59627
18576	-4314.367	-4599.586	285.2187	0.9720565	0.3127301	13.02195
18582	-4314.125	-4604.683	290.5586	0.9720565	0.3331253	10.20758
18588	-4306.334	-4594.994	288.6593	0.8148547	0.4429158	11.17267
18594	-4306.996	-4595.697	288.7016	0.8297844	0.4118514	11.17267
18600	-4318.959	-4607.777	288.8178	0.7951742	0.374953	11.1676
18606	-4315.237	-4603.576	288.3384	0.7633274	0.374953	11.43508
18612	-4311.737	-4599.091	287.3536	0.6970934	0.3664895	11.993
18618	-4299.792	-4585.523	285.7307	0.752562	0.3667912	12.80935
18624	-4309.332	-4594.198	284.8665	0.7408878	0.3706806	13.26063
18630	-4299.47	-4585.614	286.1439	0.8203999	0.4917137	12.43897
18636	-4298.648	-4584.127	285.4788	0.8834353	0.4917137	12.75247
18642	-4303.497	-4586.461	282.9641	0.8404538	0.4789418	14.09199
18648	-4291.344	-4576.409	285.0652	0.7443847	0.4789418	13.05111
18654	-4295.627	-4580.571	284.9433	0.7666264	0.539974	13.05111
18660	-4307.094	-4590.812	283.7181	0.7313685	0.5010074	13.73832
18666	-4306.074	-4589.895	283.8218	0.8090884	0.399236	13.73832
18672	-4313.624	-4599.286	285.6622	0.7789395	0.3906062	12.80645
18678	-4313.087	-4599.496	286.4096	0.740044	0.3872846	12.44102
18684	-4319.775	-4605.952	286.1778	0.8322603	0.4626125	12.44102
18690	-4327.695	-4612.399	284.704	0.7279708	0.4597625	13.26464
18696	-4322.139	-4605.348	283.2092	0.7945805	0.4597625	14.00592
18702	-4309.067	-4592.161	283.0947	0.7578363	0.4194826	14.12209
18708	-4300.387	-4587.397	287.0103	0.7906098	0.4238389	12.06512
18714	-4321.077	-4605.767	284.69	0.8796051	0.4183662	13.23203
18720	-4325.917	-4610.114	284.197	0.8694162	0.4183662	13.4934
18726	-4323.433	-4607.72	284.2875	0.7646633	0.4260469	13.4934
18732	-4326.441	-4610.928	284.4872	0.7058962	0.4592445	13.3892
18738	-4322.562	-4606.972	284.4107	0.8024789	0.4478828	13.3892
18744	-4318.168	-4604.945	286.7774	0.7956487	0.4324446	12.17569
18750	-4309.171	-4597.595	288.4244	0.9246368	0.4324446	11.24809
18756	-4305.137	-4589.792	284.6553	0.8378879	0.4804574	13.21426
18762	-4316.831	-4601.336	284.5052	0.7201054	0.4354217	13.39453
18768	-4317.351	-4605.925	288.5738	0.9074951	0.4292712	11.1819
18774	-4309.836	-4595.147	285.3105	0.7844264	0.3124844	13.07207
18780	-4296.916	-4582.355	285.4396	0.8754833	0.4741598	12.79247
18786	-4291.776	-4578.543	286.7675	0.8370737	0.4322936	12.15938
18792	-4293.784	-4580.501	286.7168	0.7651525	0.5030096	12.15938
18798	-4297.814	-4583.627	285.8126	0.7908053	0.3908915	12.72172
18804	-4299.489	-4584.509	285.0202	0.8134818	0.3908915	13.12207
18810	-4320.424	-4605.309	284.8851	0.8134818	0.3679903	13.21608
18816	-4305.49	-4591.49	285.9999	0.789386	0.4173557	12.59859
18822	-4304.638	-4589.166	284.5279	0.8076549	0.4360871	13.33665
18828	-4311.742	-4598.945	287.2035	0.7879476	0.366388	12.02404
18834	-4319.876	-4607.616	287.7406	0.7899756	0.3587091	11.75087
18840	-4313.652	-4600.182	286.5305	0.8281707	0.3377722	12.38525
18846	-4320.043	-4604.949	284.9059	0.7914249	0.4217576	13.16238
18852	-4305.551	-4592.095	286.5431	0.8750413	0.4217576	12.26672
18858	-4312.36	-4598.36	286.0004	0.8518029	0.3695415	12.61437
18864	-4316.307	-4604.304	287.9966	0.7921057	0.4327483	11.54081
18870	-4307.796	-4595.993	288.197	0.7223144	0.4847956	11.42473
18876	-4316.082	-4604.683	288.6003	0.8518849	0.279686	11.36189
18882	-4319.377	-4607.823	288.4456	0.8031138	0.3714855	11.36189
18888	-4317.647	-4605.721	288.0734	0.8750615	0.5407931	11.36189
18894	-4335.123	-4620.232	285.1087	0.8369125	0.4621726	12.99545
18900	-4333.847	-4618.314	284.4668	0.7267382	0.3925522	13.45299
18906	-4332.367	-4619.63	287.264	0.7089316	0.3846364	12.01456
18912	-4319.439	-4605.827	286.3886	0.8872186	0.4382187	12.32515
18918	-4310.515	-4594.658	284.1426	0.776436	0.4492759	13.54066
18924	-4327.736	-4613.033	285.2973	0.8121801	0.3894643	12.98017
18930	-4317.827	-4603.3	285.4735	0.8098214	0.3073703	12.98017
18936	-4313.375	-4602.682	289.3068	0.8933536	0.4192569	10.81507
18942	-4302.798	-4590.687	287.889	0.9004281	0.329128	11.64861
18948	-4300.82	-4589.253	288.433	0.9301256	0.4269065	11.24603
18954	-4303.123	-4591.463	288.3401	0.9671047	0.4579781	11.24603
18960	-4307.115	-4594.152	287.0368	0.8146214	0.3674904	12.09586
18966	-4321.489	-4608.519	287.0297	0.9155747	0.3233983	12.09586
18972	-4324.849	-4607.673	282.8241	0.8582389	0.5013808	14.13587
18978	-4311.009	-4597.213	286.2048	0.8821333	0.4220029	12.43906
18984	-4340.707	-4628.094	287.3862	0.831517	0.5382368	11.74589
18990	-4317.319	-4603.732	286.413	0.675795	0.4082119	12.45158
18996	-4320.409	-4606.856	286.4461	0.731544	0.4208807	12.39289
19002	-4322.573	-4610.831	288.2578	0.9113959	0.5612834	11.22989
19008	-4304.644	-4592.211	287.567	0.8315058	0.4946935	11.68827
19014	-4304.649	-4591.538	286.8888	0.8353076	0.3056045	12.23216
19020	-4319.144	-4603.464	284.3208	0.7724215	0.4267983	13.47135
19026	-4322.398	-4607.781	285.383	0.8719234	0.4267983	12.86756
19032	-4320.683	-4611.31	290.6269	0.9557983	0.370426	10.139
19038	-4329.977	-4621.43	291.4531	0.9285935	0.4424892	9.645813
19044	-4316.236	-4607.141	290.9048	0.9005559	0.4250511	9.966192
19050	-4305.356	-4590.66	285.3043	0.8404595	0.4267441	12.92491
19056	-4317.022	-4605.02	287.9977	0.8532072	0.3388811	11.60542
19062	-4327.937	-4616.458	288.5208	0.8822864	0.3446153	11.31033
19068	-4331.873	-4618.195	286.3213	0.841966	0.4006008	12.42042
19074	-4318.779	-4601.87	283.0909	0.7289577	0.4455144	14.11434
19080	-4336.341	-4621.112	284.7713	0.9285698	0.4104497	13.17209
19086	-4339.629	-4625.311	285.6826	1.03496	0.3729153	12.68093
19092	-4320.176	-4609.286	289.1098	1.025456	0.5256568	10.75295
19098	-4298.009	-4587.671	289.6624	0.8974174	0.3293729	10.72168
19104	-4313.635	-4600.476	286.841	0.8421402	0.5328476	12.02935
19110	-4312.352	-4596.27	283.9176	0.8421402	0.5506481	13.53614
19116	-4319.03	-4606.847	287.8175	0.7763731	0.4151694	11.65961
19122	-4307.228	-4595.88	288.6521	0.8821636	0.376302	11.20741
19128	-4303.897	-4592.628	288.7317	0.817777	0.3687405	11.20741
19134	-4307.791	-4595.001	287.2104	0.8086112	0.4916521	11.88906
19140	-4305.989	-4590.862	284.8732	0.7579114	0.329065	13.29389
19146	-4308.924	-4595.907	286.983	0.8268913	0.4279536	12.05648
19152	-4321.513	-4609.4	287.8868	0.8147475	0.4421655	11.57742
19158	-4305.658	-4596.742	291.0836	0.8462464	0.4104579	9.915072
19164	-4305.304	-4593.456	288.1523	0.9598439	0.4104579	11.39338
19170	-4302.684	-4591.514	288.8299	0.9204447	0.3394266	11.13437
19176	-4301.316	-4591.457	290.1415	0.8287033	0.3773591	10.45357
19182	-4303.636	-4591.049	287.4134	0.8492971	0.492749	11.76088
19188	-4303.773	-4592.639	288.8657	0.9696249	0.3448283	11.08384
19194	-4310.259	-4597.028	286.7692	0.8083388	0.3744702	12.2313
19200	-4305.862	-4592.545	286.6826	0.7621524	0.3613125	12.31449
19206	-4297.573	-4583.573	286.0007	0.8439527	0.5296793	12.46909
19212	-4313.781	-4600.745	286.9646	0.7983195	0.4769105	12.0357
19218	-4323.354	-4608.569	285.2156	0.8060511	0.4769105	12.94265
19224	-4321.433	-4606.442	285.0089	0.8783434	0.5601959	12.94265
19230	-4308.07	-4593.799	285.7292	0.945578	0.3270885	12.75349
19236	-4307.054	-4594.157	287.1037	0.8594953	0.3647397	12.04054
19242	-4315.239	-4602.386	287.1478	0.8832511	0.3748118	11.99446
19248	-4310.023	-4598.932	288.9083	0.7895029	0.3510258	11.14901
19254	-4309.791	-4592.911	283.1198	0.8487136	0.4817491	14.00455
19260	-4326.866	-4614.997	288.1313	0.7800377	0.4394678	11.4703
19266	-4337.716	-4625.387	287.671	0.7460532	0.4006269	11.76644
19272	-4306.156	-4595.187	289.0312	0.9312656	0.300952	11.06837
19278	-4311.966	-4600.143	288.1769	0.9068293	0.4169402	11.40188
19284	-4304.851	-4591.952	287.1013	0.8371687	0.3524883	12.06669
19290	-4302.299	-4588.814	286.515	0.8359464	0.394647	12.3286
19296	-4297.347	-4584.425	287.0778	0.8140062	0.4843551	11.96184
19302	-4293.275	-4582.169	288.8945	0.7546902	0.4229303	11.10012
19308	-4305.41	-4591.861	286.451	0.7308655	0.4484257	12.36456
19314	-4298.235	-4587.077	288.8427	0.687587	0.3539643	11.23343
19320	-4303.766	-4592.501	288.7354	0.7990061	0.5000025	11.08963
19326	-4300.992	-4588.572	287.5794	0.6859801	0.3614953	11.88629
19332	-4304.423	-4591.803	287.3805	0.7073328	0.4177385	11.92136
19338	-4322.612	-4608.174	285.5614	0.6484787	0.4538283	12.86561
19344	-4314.37	-4601.3	286.93	0.8860076	0.4208469	12.06013
19350	-4314.546	-4599.897	285.3509	0.8600596	0.4438436	12.87432
19356	-4321.911	-4611.578	289.6674	0.8421099	0.4070089	10.66497
19362	-4310.235	-4600.428	290.1928	0.9835817	0.392342	10.32968
19368	-4310.445	-4596.795	286.3502	0.765892	0.4560804	12.39173
19374	-4311.957	-4600.914	288.9565	0.7937942	0.4560804	11.01581
19380	-4307.408	-4596.093	288.685	0.8061269	0.2911112	11.32717
19386	-4300.43	-4586.662	286.2312	0.8355489	0.4658301	12.40856
19392	-4300.951	-4585.791	284.8393	0.8079554	0.4031393	13.20663
19398	-4306.78	-4592.902	286.1227	0.8707695	0.4694307	12.4435
19404	-4317.837	-4603.325	285.4877	0.7022932	0.395825	12.93181
19410	-4317.488	-4601.449	283.9617	0.8445246	0.3663989	13.68118
19416	-4310.442	-4597.023	286.5813	0.9695608	0.6297211	12.02314
19422	-4300.506	-4586.591	286.0841	0.825742	0.4487004	12.50601
19428	-4305.868	-4593.307	287.4397	0.8176631	0.31729	11.94015
19434	-4307.842	-4591.595	283.7535	0.8034566	0.373944	13.80257
19440	-4314.738	-4596.49	281.7517	0.727951	0.3326576	14.92349
19446	-4306.238	-4592.16	285.9223	0.8174169	0.314334	12.73449
19452	-4310.408	-4596.225	285.8177	0.8174169	0.3628749	12.73449
19458	-4305.28	-4591.586	286.3058	0.7243118	0.4033689	12.48698
19464	-4298.721	-4586.076	287.3553	0.6870448	0.4363652	11.92718
19470	-4308.919	-4592.611	283.6918	0.6738627	0.4699595	13.809
19476	-4300.107	-4588.571	288.4643	0.8987209	0.404379	11.26821
19482	-4303.832	-4594.078	290.2464	0.9591134	0.4027054	10.30382
19488	-4309.846	-4598.726	288.8801	0.9591134	0.4027054	11.02062
19494	-4317.265	-4607.792	290.5267	0.9797218	0.4457631	10.10368
19500	-4320.91	-4609.607	288.6968	0.8720197	0.4012186	11.16367
19506	-4306.495	-4593.136	286.6412	0.7538858	0.3731265	12.32781
19512	-4303.595	-4590.929	287.334	0.9238649	0.465364	11.78778
19518	-4316.83	-4605.324	288.4936	0.8375392	0.4661541	11.22602
19524	-4320.029	-4607.476	287.447	0.7868384	0.3367164	11.93008
19530	-4310.778	-4598.632	287.8541	0.71263	0.3639855	11.72632
19536	-4305.712	-4591.731	286.0195	0.6898567	0.3407898	12.72001
19542	-4298.762	-4585.48	286.7183	0.7334085	0.4613153	12.21207
19548	-4309.808	-4596.979	287.1711	0.942674	0.5154687	11.81913
19554	-4305.235	-4591.431	286.1959	0.7923559	0.3955949	12.51658
19560	-4314.42	-4602.534	288.1139	0.789826	0.3762261	11.53724
19566	-4312.637	-4599.787	287.1497	0.9052139	0.4078753	11.94825
19572	-4320.767	-4609.36	288.5929	0.8792897	0.4000925	11.21539
19578	-4319.037	-4604.743	285.7066	0.8792897	0.399824	12.72183
19584	-4314.565	-4599.592	285.0276	0.7667777	0.2985531	13.24496
19590	-4321.727	-4610.112	288.385	0.8406792	0.3195757	11.43165
19596	-4316.158	-4605.581	289.4228	0.8500308	0.4617784	10.73669
19602	-4316.749	-4603.633	286.8841	0.7554704	0.4755198	12.10128
19608	-4321.875	-4607.574	285.6986	0.6877171	0.318999	12.91289
19614	-4310.243	-4598.996	288.7529	0.9353796	0.4404944	11.06282
19620	-4321.601	-4611.191	289.5892	0.9585104	0.2819002	10.78541
19626	-4322.663	-4612.046	289.3827	0.9192688	0.395504	10.78541
19632	-4324.659	-4610.752	286.0933	0.8838359	0.4667433	12.45444
19638	-4322.208	-4610.488	288.2796	0.8860202	0.3936474	11.3823
19644	-4314.782	-4606.34	291.5589	1.044979	0.3788818	9.592215
19650	-4316.592	-4602.767	286.1745	0.7201937	0.3176063	12.65002
19656	-4320.934	-4607.017	286.0825	0.6655191	0.3874204	12.65002
19662	-4330.026	-4617.486	287.4592	0.7347134	0.4038562	11.87971
19668	-4334.84	-4622.568	287.7287	0.8527743	0.4038562	11.67731
19674	-4320.653	-4608.105	287.4513	0.7459446	0.4365333	11.84615
19680	-4330.241	-4613.851	283.6097	0.7597253	0.3412432	13.93506
19686	-4339.948	-4626.177	286.2291	0.8708861	0.2963809	12.56848
19692	-4325.11	-4611.452	286.342	0.9689568	0.4009103	12.34315
19698	-4326.629	-4613.493	286.864	0.9230214	0.3776242	12.11881
19704	-4324.807	-4609.59	284.7831	0.8582776	0.3461332	13.26944
19710	-4324.444	-4614.583	290.1383	0.8968491	0.3461332	10.45328
19716	-4319.611	-4603.958	284.3463	0.8192619	0.3279627	13.53696
19722	-4318.208	-4606.257	288.0488	0.7832878	0.3279627	11.62767
19728	-4322.567	-4612.171	289.6035	0.9278552	0.3438965	10.72017
19734	-4320.633	-4610.61	289.9767	0.908657	0.4019729	10.47275
19740	-4320.062	-4608.684	288.6221	0.8748404	0.3702364	11.23333
19746	-4313.586	-4601.494	287.9087	0.8020182	0.419294	11.59455
19752	-4334.331	-4624.707	290.3766	1.048357	0.419294	10.17195
19758	-4324.812	-4614.991	290.179	0.8989458	0.4048638	10.36868
19764	-4330.57	-4620.385	289.8146	0.9782168	0.4048638	10.51844
19770	-4339.52	-4626.109	286.5886	0.9740714	0.4150521	12.19789
19776	-4331.646	-4616.424	284.7772	0.8580603	0.3948805	13.22115
19782	-4336.55	-4621.901	285.3514	0.832547	0.4010303	12.92974
19788	-4346.549	-4630.429	283.8795	0.8625181	0.4921895	13.59409
19794	-4319.579	-4605.486	285.9067	0.8432421	0.3724015	12.66463
19800	-4315.264	-4601.25	285.9861	0.745301	0.4201285	12.62605
19806	-4312.354	-4598.903	286.5488	0.8118921	0.434553	12.28439
19812	-4307.544	-4594.045	286.5004	0.8118921	0.4616786	12.28439
19818	-4320.749	-4607.259	286.5102	0.8513183	0.4340886	12.28439
19824	-4320.798	-4607.472	286.6736	0.8671961	0.3431013	12.28439
19830	-4309.575	-4596.4	286.8248	0.8384201	0.413586	12.14695
19836	-4306.809	-4593.54	286.731	0.7851133	0.4968168	12.14695
19842	-4317.298	-4605.069	287.7707	0.6782359	0.3792216	11.77171
19848	-4321.051	-4609.784	288.7324	1.012124	0.494245	10.98455
19854	-4331.027	-4620.176	289.149	0.8827283	0.3416237	10.98455
19860	-4309.073	-4594.038	284.9648	0.7576862	0.3416237	13.23229
19866	-4311.339	-4599.822	288.4834	0.9237879	0.4060197	11.24345
19872	-4317.878	-4606.546	288.6672	0.8569408	0.3478038	11.24345
19878	-4345.26	-4628.384	283.1239	0.7169484	0.6157167	13.96284
19884	-4332.371	-4616.98	284.6085	0.7527097	0.6157167	13.17352
19890	-4315.958	-4598.587	282.629	0.7925353	0.4161104	14.3487
19896	-4320.615	-4607.061	286.4454	0.6859567	0.3730631	12.46528
19902	-4315.949	-4604.366	288.4167	0.9466952	0.4124154	11.26003
19908	-4315.117	-4600.785	285.668	0.7485736	0.4592826	12.75306
19914	-4325.801	-4610.919	285.1183	0.8871578	0.3831532	13.0407
19920	-4307.34	-4594.906	287.5661	0.8690344	0.4229281	11.73496
19926	-4312.894	-4597.887	284.9928	0.7101201	0.3736843	13.20781
19932	-4335.778	-4623.361	287.583	0.9846865	0.4292942	11.65961
19938	-4330.474	-4617.033	286.5591	0.8939497	0.3461961	12.32666
19944	-4339.008	-4626.359	287.351	0.7729427	0.3941565	11.926
19950	-4318.188	-4604.343	286.1548	0.867999	0.5627077	12.34949
19956	-4315.176	-4600.491	285.3148	0.9311809	0.2922897	13.0179
19962	-4317.129	-4604.508	287.379	0.9655795	0.4277167	11.77763
19968	-4309.021	-4595.363	286.3414	0.9273997	0.5229364	12.25367
19974	-4296.424	-4584.816	288.3915	0.8590941	0.459677	11.27406
19980	-4307.175	-4593.602	286.4273	1.016939	0.5534407	12.1372
19986	-4320.721	-4607.668	286.9468	0.9078378	0.3696573	12.09191
19992	-4316.841	-4601.508	284.668	0.9849217	0.5770568	13.05127
19998	-4312.989	-4598.203	285.2134	0.865048	0.3768729	13.00927
20004	-4303.473	-4588.702	285.2295	0.7485575	0.4465776	12.99289
20010	-4321.467	-4608.72	287.2532	0.8084769	0.4918566	11.86662
20016	-4327.626	-4616.502	288.8763	0.9121413	0.4295706	11.02079
20022	-4317.163	-4606.089	288.926	0.8581435	0.369883	11.08337
20028	-4332.378	-4621.304	288.9261	0.9580152	0.369883	11.031
20034	-4327.212	-4613.047	285.8357	0.844397	0.3296458	12.74778
20040	-4328.655	-4613.396	284.7405	0.9748204	0.3121559	13.26974
20046	-4324.856	-4612.111	287.2555	0.9955896	0.4700002	11.78708
20052	-4317.242	-4603.793	286.5511	0.8134309	0.492639	12.2296
20058	-4304.786	-4590.327	285.5415	0.7102867	0.5317902	12.77597
20064	-4323.953	-4610.578	286.6252	0.8298582	0.4807042	12.19286
20070	-4322.395	-4612.507	290.1116	0.9025401	0.5162539	10.29952
20076	-4326.448	-4615.164	288.7158	0.8580471	0.4276185	11.13504
20082	-4332.717	-4620.262	287.5455	0.9054949	0.4549098	11.69647
20088	-4329.224	-4616.469	287.2443	0.8733076	0.4089619	11.91441
20094	-4326.132	-4614.67	288.5372	0.9005509	0.3294002	11.30938
20100	-4315.666	-4603.032	287.3661	0.8487599	0.3731686	11.90025
20106	-4317.676	-4601.798	284.1227	0.9114984	0.3941609	13.53408
20112	-4343.802	-4626.962	283.1601	0.8132337	0.473542	14.00931
20118	-4348.322	-4636.769	288.4471	0.7943804	0.3924022	11.3439
20124	-4338.745	-4625.042	286.2968	0.7491971	0.3555967	12.52843
20130	-4322.779	-4609.908	287.1291	0.8770306	0.3978596	11.98372
20136	-4331.212	-4618.285	287.0727	0.9065207	0.4119332	11.98372
20142	-4332.013	-4618.824	286.8106	0.7241087	0.4029826	12.22446
20148	-4318.881	-4607.841	288.9596	0.7883397	0.3212704	11.15647
20154	-4316.738	-4602.81	286.0713	0.7883397	0.455242	12.52613
20160	-4310.021	-4596.004	285.9828	0.9116074	0.4358145	12.52613
20166	-4319.369	-4606.719	287.35	0.8108672	0.4358145	11.86583
20172	-4317.506	-4604.315	286.8091	0.7259209	0.427904	12.19986
20178	-4323.789	-4608.892	285.1038	0.8874015	0.4677641	12.96665
20184	-4323.455	-4614.048	290.5924	0.8094156	0.4303387	10.17338
20190	-4313.893	-4604.407	290.5137	0.9757762	0.371959	10.1864
20196	-4309.704	-4599.308	289.604	0.9946472	0.3050684	10.72996
20202	-4303.294	-4589.75	286.456	0.9112139	0.4375909	12.2781
20208	-4312.772	-4597.469	284.6969	0.866704	0.3899733	13.2634
20214	-4301.377	-4588.514	287.1371	0.7198967	0.4343894	12.02574
20220	-4314.886	-4601.876	286.9894	0.7350551	0.5114298	12.02574
20226	-4307.686	-4594.606	286.9202	0.6985844	0.3686083	12.216
20232	-4312.384	-4597.9	285.5165	0.8547223	0.3658448	12.86863
20238	-4308.606	-4596.02	287.4145	0.8332755	0.3998724	11.85559
20244	-4316.988	-4605.044	288.0565	0.6651417	0.3682636	11.64081
20250	-4338.576	-4623.36	284.7835	0.8097578	0.3384146	13.303
20256	-4340.338	-4625.937	285.5997	0.7970293	0.430113	12.79061
20262	-4319.524	-4603.759	284.2349	0.7242773	0.3134004	13.66095
20268	-4321.284	-4605.693	284.4087	0.7291471	0.3759789	13.49895
20274	-4323.891	-4609.048	285.1573	0.7291471	0.3672765	13.11921
20280	-4314.955	-4600.096	285.1419	0.7621225	0.4708662	13.00921
20286	-4310.343	-4597.802	287.459	0.8652839	0.4765993	11.74294
20292	-4309.12	-4596.16	287.04	0.8209459	0.3815603	12.07613
20298	-4302.305	-4589.327	287.0217	0.671896	0.3903762	12.15435
20304	-4311.619	-4597.737	286.1188	0.7899895	0.4393395	12.51533
20310	-4313.413	-4599.201	285.7876	0.6956007	0.4695858	12.70907
20316	-4304.552	-4592.24	287.6886	0.7370877	0.4747819	11.69161
20322	-4315.269	-4604.003	288.7335	0.8771435	0.494596	11.05437
20328	-4322.827	-4608.796	285.9695	0.8435175	0.3910014	12.61249
20334	-4330.011	-4616.284	286.2738	0.8342084	0.4234307	12.42669
20340	-4325.827	-4612.209	286.3819	0.9289714	0.3206622	12.42971
20346	-4330.88	-4617.285	286.4048	0.8154882	0.3629524	12.42971
20352	-4319.773	-4605.695	285.9223	0.825217	0.3629524	12.67588
20358	-4314.652	-4601.306	286.6541	0.7564436	0.5014832	12.19797
20364	-4319.973	-4604.786	284.8124	0.8120248	0.4091344	13.21255
20370	-4349.482	-4637.311	287.8296	0.8902206	0.4850786	11.52876
20376	-4347.726	-4636.168	288.4419	0.995528	0.4239745	11.21
20382	-4316.259	-4603.178	286.919	0.879841	0.486374	12.00857
20388	-4316.63	-4603.905	287.2748	0.8614607	0.3128425	12.00857
20394	-4304.251	-4589.977	285.7263	0.8221453	0.4088128	12.73236
20400	-4306.376	-4596.028	289.652	0.8048805	0.3509525	10.75136
20406	-4302.105	-4591.672	289.5667	1.008567	0.2975913	10.75136
20412	-4317.297	-4606.384	289.087	1.002564	0.5567679	10.75136
20418	-4310.002	-4596.998	286.9959	0.9783595	0.3492648	12.05151
20424	-4298.619	-4586.647	288.028	0.8162131	0.3908066	11.55324
20430	-4299.34	-4586.857	287.517	0.7973032	0.3908066	11.83002
20436	-4306.949	-4589.179	282.2294	0.8404648	0.4580833	14.49137
20442	-4330.015	-4615.353	285.3386	0.709496	0.3605564	13.04234
20448	-4323.888	-4611.531	287.6436	0.7351037	0.3623096	11.82631
20454	-4321.12	-4607.663	286.5433	0.7905914	0.3719184	12.361
20460	-4321.527	-4605.9	284.3736	0.8923907	0.4684669	13.34295
20466	-4315.127	-4602.71	287.5822	0.8605172	0.3490752	11.80729
20472	-4323.936	-4610.31	286.3737	0.8096233	0.3490752	12.46403
20478	-4321.32	-4607.517	286.1975	0.7881768	0.4513562	12.46403
20484	-4326.61	-4613.619	287.0088	0.7998668	0.3840714	12.10081
20490	-4312.642	-4601.397	288.7543	0.8794184	0.3721754	11.15972
20496	-4322.29	-4611.197	288.9072	0.9004111	0.5129667	10.9354
20502	-4310.279	-4598.179	287.9002	0.8111085	0.5561218	11.47352
20508	-4302.773	-4591.36	288.5878	0.7778751	0.4443909	11.22804
20514	-4313.723	-4602.184	288.4614	0.7702913	0.5235357	11.22804
20520	-4313.569	-4604.236	290.6669	0.8043593	0.3101527	10.26572
20526	-4312.902	-4603.547	290.6454	0.8578208	0.4126932	10.13735
20532	-4306.825	-4592.51	285.6856	0.8055605	0.3438781	12.8301
20538	-4298.978	-4588.124	289.1457	0.855373	0.3438781	10.99811
20544	-4309.1	-4598.269	289.1684	0.8373518	0.5118888	10.83245
20550	-4318.66	-4608.875	290.2151	0.9018819	0.5120241	10.24904
20556	-4310.004	-4596.466	286.4614	0.6929973	0.4034227	12.42217
20562	-4303.476	-4590.037	286.561	0.7645787	0.3410271	12.39883
20568	-4302.378	-4591.539	289.1613	0.920649	0.3410271	10.95894
20574	-4301.772	-4589.013	287.2405	0.8021698	0.3513343	12.01357
20580	-4315.415	-4602.704	287.289	0.8456336	0.404688	11.90978
20586	-4319.35	-4607.886	288.5363	0.8149478	0.3746304	11.30493
20592	-4329.222	-4616.269	287.0471	0.7872666	0.3457527	12.12835
20598	-4320.845	-4607.324	286.4787	0.7616454	0.3457527	12.43797
20604	-4313.429	-4597.871	284.4428	0.8134768	0.3458735	13.46973
20610	-4327.868	-4614.625	286.7569	0.8131062	0.4896971	12.12504
20616	-4323.655	-4608.591	284.9355	0.9236008	0.6409076	12.89623
20622	-4324.322	-4611.347	287.0248	0.8383643	0.3528409	12.10557
20628	-4318.918	-4607.082	288.1634	0.9151813	0.3146785	11.51431
20634	-4312.02	-4596.247	284.2264	0.663473	0.3982255	13.60494
20640	-4307.723	-4594.896	287.173	0.79436	0.4727259	11.93275
20646	-4312.197	-4598.949	286.7521	0.8423694	0.4328401	12.16416
20652	-4322.147	-4607.817	285.6692	0.7387853	0.4246702	12.78997
20658	-4309.779	-4594.941	285.1612	0.7239829	0.3628783	13.12453
20664	-4308.201	-4594.391	286.1894	0.8085885	0.4110594	12.49607
20670	-4307.226	-4594.931	287.7056	0.9018191	0.4712658	11.59982
20676	-4302.343	-4588.413	286.0698	0.9178467	0.3126656	12.6074
20682	-4310.229	-4598.874	288.6448	0.8058216	0.3568861	11.27192
20688	-4317.016	-4603.786	286.77	0.6505745	0.4904427	12.20229
20694	-4316.834	-4604.76	287.9257	0.8843333	0.403187	11.55855
20700	-4303.102	-4591.393	288.2914	0.8210212	0.5096439	11.3022
20706	-4317.042	-4602.105	285.0636	0.7736727	0.3122596	13.20628
20712	-4310.396	-4597.206	286.8106	0.8027392	0.4188079	12.16783
20718	-4318.625	-4606.715	288.0897	0.8141303	0.3786346	11.53467
20724	-4310.549	-4596.253	285.7042	0.7329301	0.4760726	12.72722
20730	-4311.421	-4600.929	289.5086	0.8540357	0.4753244	10.67731
20736	-4289.16	-4577.978	288.8171	0.8810202	0.4830706	11.01873
20742	-4302.492	-4593.3	290.8084	0.9310501	0.3292112	10.10231
20748	-4303.082	-4592.54	289.4577	0.8885248	0.3631931	10.79606
20754	-4327.112	-4612.174	285.0619	0.7606859	0.3980985	13.12059
20760	-4318.617	-4602.96	284.3432	0.7336569	0.3820511	13.52432
20766	-4328.524	-4612.702	284.1777	0.8460795	0.4093914	13.52432
20772	-4330.307	-4616.531	286.224	0.922997	0.4133971	12.41617
20778	-4325.659	-4610.402	284.7432	0.9545782	0.4133971	13.17026
20784	-4311.404	-4594.892	283.4874	0.730469	0.4315284	13.92112
20790	-4306.196	-4589.363	283.167	0.7657965	0.3310016	14.17293
20796	-4320.523	-4603.72	283.1972	0.5806535	0.4070503	14.17293
20802	-4336.667	-4620.384	283.7162	0.8361284	0.453925	13.72669
20808	-4321.003	-4606.586	285.5831	0.8528136	0.3388016	12.86448
20814	-4327.188	-4612.876	285.6874	0.8919883	0.5070059	12.62625
20820	-4327.261	-4613.958	286.6972	0.9313676	0.3810806	12.19781
20826	-4322.255	-4608.755	286.5005	0.7661711	0.2996314	12.47771
20832	-4308.279	-4594.31	286.0303	0.7350833	0.373472	12.65546
20838	-4318.495	-4606.074	287.579	0.8179592	0.3770729	11.80108
20844	-4314.546	-4601.308	286.762	0.765604	0.3764421	12.2553
20850	-4304.675	-4595.036	290.3615	0.9759894	0.3852454	10.25236
20856	-4299.217	-4585.492	286.2743	0.7089908	0.3852454	12.52975
20862	-4309.323	-4596.161	286.8385	0.9086962	0.3945061	12.12218
20868	-4309.222	-4595.283	286.061	0.6348613	0.3945061	12.66995
20874	-4311.884	-4596.881	284.997	0.790507	0.3247087	13.21762
20880	-4333.044	-4620.721	287.6773	0.7210344	0.3247087	11.85795
20886	-4326.912	-4611.83	284.9178	0.8303443	0.5362261	13.03429
20892	-4317.013	-4604.577	287.564	0.7177848	0.4208724	11.81707
20898	-4322.038	-4609.662	287.6243	0.8438667	0.328518	11.81707
20904	-4323.742	-4610.746	287.0048	0.7611621	0.4741748	12.03655
20910	-4321.982	-4610.894	288.9117	0.8998894	0.5110172	10.93495
20916	-4320.524	-4611.882	291.3582	0.9327392	0.3396137	9.800094
20922	-4321.807	-4610.451	288.6443	0.8831352	0.5219261	11.07458
20928	-4317.082	-4606.274	289.1928	0.8603559	0.3815143	10.93024
20934	-4325.144	-4613.456	288.3117	0.87613	0.3815143	11.38318
20940	-4330.377	-4619.11	288.7328	0.8498487	0.3946626	11.16309
20946	-4322.763	-4606.915	284.152	0.7496258	0.3946626	13.60244
20952	-4322.686	-4610.142	287.4567	0.8471517	0.4386331	11.78849
20958	-4327.183	-4612.875	285.6921	0.8267317	0.6219214	12.56677
20964	-4327.806	-4613.45	285.644	0.9552719	0.4069141	12.70778
20970	-4318.185	-4602.699	284.5141	0.7218463	0.362196	13.46259
20976	-4324.535	-4609.243	284.7085	0.7607237	0.37891	13.32382
20982	-4326.336	-4611.73	285.3939	0.7625003	0.3755464	12.97013
20988	-4323.224	-4609.075	285.8516	0.7625003	0.3755464	12.73202
20994	-4333.021	-4615.288	282.2667	0.7919144	0.2718656	14.69697
21000	-4329.363	-4616.731	287.3678	0.7927112	0.366966	11.93519
21006	-4324.111	-4610.7	286.5892	0.7547027	0.4430546	12.28511
21012	-4322.375	-4609.429	287.0543	0.7754713	0.3864334	12.08735
21018	-4327.646	-4615.036	287.3902	0.8479991	0.3765401	11.88452
21024	-4328.414	-4612.996	284.5822	0.6821236	0.3841492	13.42482
21030	-4331.061	-4617.128	286.0672	0.7898836	0.3845194	12.59619
21036	-4324.724	-4610.919	286.1953	0.701293	0.3649134	12.59619
21042	-4325.394	-4611.515	286.1211	0.7238597	0.3906995	12.59619
21048	-4314.928	-4598.848	283.9199	0.9359721	0.2954774	13.73604
21054	-4309.322	-4596.076	286.7536	0.7832237	0.4664536	12.16301
21060	-4321.172	-4606.737	285.5645	0.8109806	0.2931347	12.94949
21066	-4320.323	-4608.659	288.3367	0.8998883	0.339821	11.40275
21072	-4316.077	-4601.94	285.863	0.7392896	0.3759482	12.73775
21078	-4311.09	-4599.222	288.1321	0.8363298	0.4314217	11.44814
21084	-4327.309	-4616.174	288.8643	0.8363298	0.3277674	11.17369
21090	-4314.423	-4601.278	286.8553	0.8262305	0.3829146	12.16828
21096	-4322.159	-4607.034	284.8759	0.9399722	0.3829146	13.13954
21102	-4352.293	-4635.52	283.2274	0.7312034	0.3734198	14.11343
21108	-4337.723	-4623.249	285.5262	0.8758512	0.3293765	12.89278
21114	-4329.292	-4613.846	284.5545	0.8354748	0.4447102	13.30032
21120	-4323.204	-4609.989	286.7845	0.7548907	0.4000067	12.22499
21126	-4322.307	-4612.587	290.2806	0.9204943	0.4087459	10.30011
21132	-4313.772	-4602.498	288.7262	0.879442	0.3840521	11.16196
21138	-4322.405	-4612.689	290.2833	0.7993363	0.309487	10.47066
21144	-4326.166	-4613.735	287.5685	0.7722823	0.315071	11.8992
21150	-4330.496	-4620.688	290.1925	0.851666	0.4185886	10.37278
21156	-4323.189	-4608.417	285.2287	0.8980885	0.3824415	12.97837
21162	-4333.536	-4622.254	288.7181	0.9499873	0.3824415	11.13091
21168	-4329.18	-4616.439	287.2588	0.9247002	0.5045375	11.79202
21174	-4317.028	-4604.354	287.326	1.011322	0.4672672	11.74453
21180	-4321.771	-4608.02	286.2483	0.8514865	0.480323	12.37839
21186	-4310.387	-4596.555	286.1676	0.7462535	0.4050217	12.5459
21192	-4318.733	-4602.258	283.5254	0.6953408	0.3635337	13.98796
21198	-4308.957	-4597.432	288.4749	0.826461	0.4114671	11.29342
21204	-4308.459	-4595.46	287.0009	0.8010456	0.3749153	12.11386
21210	-4322.496	-4609.644	287.1489	0.8939043	0.2549982	12.13024
21216	-4314.158	-4601.691	287.5329	0.7806515	0.2549982	11.98905
21222	-4297.604	-4582.621	285.0166	0.7274796	0.3973448	13.16212
21228	-4312.974	-4600.213	287.2391	0.9687114	0.4159132	11.8605
21234	-4302.778	-4587.988	285.2092	0.7320554	0.4360635	13.02187
21240	-4314.229	-4597.728	283.4988	0.7320554	0.4065059	13.93859
21246	-4313.28	-4601.781	288.5008	0.8559993	0.3672789	11.30983
21252	-4316.848	-4605.842	288.9943	0.8352256	0.4895365	10.94415
21258	-4312.917	-4596.023	283.1057	0.7130588	0.4596587	14.10192
21264	-4305.216	-4593.306	288.0897	0.6970366	0.4258961	11.54843
21270	-4307.293	-4591.858	284.5643	0.6970366	0.3820667	13.42849
21276	-4311.615	-4598.449	286.8347	0.7037925	0.3093192	12.32444
21282	-4320.041	-4609.016	288.9746	0.9319506	0.3386451	11.05348
21288	-4319.232	-4610.496	291.264	0.9708815	0.3128781	9.860684
21294	-4313.832	-4603.269	289.4363	0.8442843	0.3486344	10.84634
21300	-4307.994	-4595.528	287.5338	0.7987871	0.4318382	11.77996
21306	-4305.736	-4596.02	290.2836	0.8133893	0.3960637	10.36759
21312	-4333.662	-4621.318	287.656	0.8190074	0.363825	11.77435
21318	-4329.226	-4615.595	286.3686	0.6921626	0.363825	12.51186
21324	-4320.878	-4607.144	286.2659	0.852889	0.3362944	12.51186
21330	-4324.98	-4607.446	282.4662	0.6830666	0.3465179	14.56151
21336	-4334.801	-4621.134	286.3327	0.7438413	0.3170462	12.55599
21342	-4318.828	-4606.678	287.8497	0.7933722	0.3717587	11.67816
21348	-4318.269	-4604.148	285.8794	0.8345698	0.3155667	12.74647
21354	-4316.774	-4602.368	285.594	0.9331023	0.4057738	12.74647
21360	-4330.411	-4618.647	288.2363	0.8149781	0.2735833	11.57931
21366	-4328.279	-4614.27	285.991	0.8335339	0.3770811	12.62088
21372	-4334.404	-4620.872	286.4686	0.8550997	0.5212885	12.2264
21378	-4331.98	-4622.078	290.098	0.8768211	0.4134529	10.41431
21384	-4321.232	-4608.139	286.9077	0.6480478	0.4988353	12.12452
21390	-4321.272	-4606.059	284.7864	0.740441	0.4493792	13.22485
21396	-4317.114	-4604.15	287.0361	0.8591732	0.4849358	11.95952
21402	-4320.725	-4607.57	286.8445	0.8442361	0.340227	12.21049
21408	-4314.332	-4600.112	285.7798	0.7673036	0.4700137	12.67543
21414	-4323.879	-4608.722	284.8429	0.817912	0.5192752	13.09376
21420	-4318.743	-4602.817	284.0744	0.7294608	0.452477	13.59748
21426	-4330.796	-4615.11	284.314	0.7503629	0.3805568	13.53233
21432	-4331.147	-4615.452	284.3052	0.8047193	0.3943894	13.49458
21438	-4323.78	-4608.98	285.2004	0.8824725	0.3836475	12.99997
21444	-4318.31	-4607.262	288.9517	0.9557104	0.3811631	11.00695
21450	-4334.438	-4625.102	290.6643	0.8818579	0.3469501	10.18383
21456	-4327.026	-4613.795	286.7681	0.7595018	0.4253975	12.20613
21462	-4322.143	-4608.556	286.4138	0.7808186	0.3862424	12.41866
21468	-4319.699	-4606.004	286.3053	0.6620606	0.4070761	12.516
21474	-4314.084	-4601.016	286.9314	0.8983566	0.4070761	12.06647
21480	-4317.751	-4605.239	287.488	0.7675094	0.4075049	11.84391
21486	-4317.723	-4603.153	285.4293	0.7378616	0.4075049	12.93201
21492	-4327.367	-4610.834	283.4674	0.7528807	0.4488039	13.90368
21498	-4322.305	-4607.8	285.4954	0.7609497	0.4488039	12.84608
21504	-4318.97	-4601.858	282.8881	0.6762674	0.4041432	14.28641
21510	-4301.578	-4585.636	284.058	0.7094261	0.3997204	13.667
21516	-4303.579	-4587.863	284.2839	0.671831	0.3932198	13.57581
21522	-4307.067	-4589.532	282.4651	0.8026701	0.3932198	14.45103
21528	-4306.412	-4592.28	285.8681	0.7834905	0.4402808	12.64834
21534	-4304.642	-4591.532	286.8899	0.8729711	0.3927005	12.11581
21540	-4305.398	-4593.549	288.1505	0.7790443	0.3779293	11.52195
21546	-4319.26	-4607.172	287.9121	0.8652158	0.459284	11.52195
21552	-4316.263	-4603.586	287.3227	0.8516534	0.3946089	11.89921
21558	-4324.297	-4606.946	282.6494	0.786004	0.4350106	14.32338
21564	-4321.853	-4609.018	287.1658	0.9396009	0.4858756	11.84905
21570	-4324.488	-4608.118	283.6297	0.7760214	0.4858756	13.77412
21576	-4319.518	-4603.888	284.37	0.7754458	0.3825523	13.48818
21582	-4327.814	-4615.436	287.622	0.7183321	0.3619114	11.84673
21588	-4338.385	-4621.519	283.1334	0.7062672	0.4852085	14.06831
21594	-4353.681	-4643.203	289.5218	0.9010162	0.5098992	10.61544
21600	-4324.484	-4609.198	284.7142	1.003886	0.4282128	13.14536
21606	-4331.668	-4615.729	284.0606	0.8406184	0.3039952	13.70218
21612	-4323.334	-4613.636	290.3022	0.8497088	0.3597398	10.37697
21618	-4314.891	-4597.688	282.7975	0.6952043	0.4509901	14.27884
21624	-4315.92	-4603.039	287.1198	0.8026532	0.3655835	12.06086
21630	-4318.4	-4605.461	287.0613	0.8748792	0.3357076	12.08652
21636	-4318.601	-4606.224	287.6227	0.8396313	0.4301638	11.71382
21642	-4322.716	-4612.034	289.3182	1.026465	0.4278261	10.73099
21648	-4326.227	-4615.907	289.6804	0.7613207	0.3511454	10.7591
21654	-4318.329	-4605.265	286.9363	0.8950674	0.5113718	11.96998
21660	-4317.594	-4605.195	287.6011	0.7648041	0.3922248	11.80166
21666	-4320.075	-4608.662	288.5874	0.824588	0.4078452	11.23915
21672	-4315.22	-4604.251	289.0308	0.6382165	0.4326386	11.08038
21678	-4317.099	-4597.776	280.6771	0.6486601	0.3240254	15.52984
21684	-4307.486	-4593.154	285.6678	0.8707618	0.2806876	12.88018
21690	-4306.628	-4594.534	287.9064	0.8144872	0.4190956	11.58943
21696	-4316.472	-4602.883	286.4103	0.8889178	0.5928499	12.18196
21702	-4313.6	-4600.598	286.9983	0.6785158	0.3721716	12.18196
21708	-4313.533	-4598.556	285.0222	0.8245076	0.4114203	13.09477
21714	-4320.114	-4607.804	287.69	0.8339486	0.3762078	11.73567
21720	-4305.73	-4593.338	287.6083	0.8339486	0.4184072	11.73567
21726	-4307.752	-4595.348	287.596	0.8328454	0.425585	11.73567
21732	-4312.448	-4600.189	287.741	0.9018003	0.3639202	11.68665
21738	-4317.479	-4605.222	287.7429	0.8384347	0.4777928	11.60764
21744	-4331.44	-4616.871	285.4304	0.8496277	0.3777977	12.9035
21750	-4317.179	-4601.812	284.6334	0.6083114	0.3693998	13.45193
21756	-4309.577	-4597.526	287.9489	0.8748358	0.3693998	11.58626
21762	-4313.206	-4597.836	284.6292	0.6653295	0.4329309	13.36097
21768	-4315.264	-4601.154	285.89	0.9011862	0.358378	12.65811
21774	-4312.461	-4601.859	289.3974	0.8950198	0.3524419	10.83594
21780	-4324.948	-4610.952	286.004	0.7341024	0.4216071	12.62112
21786	-4332.864	-4617.63	284.7661	0.7380425	0.441867	13.24366
21792	-4338.65	-4625.729	287.0794	1.024552	0.5716035	11.77855
21798	-4328.545	-4616.117	287.5726	0.7793754	0.422803	11.77855
21804	-4320.477	-4606.397	285.9193	0.7699665	0.422803	12.64536
21810	-4317.287	-4604.239	286.9519	0.8570181	0.3979915	12.08644
21816	-4330.579	-4617.397	286.8174	1.005668	0.5299429	11.95876
21822	-4325.91	-4613.949	288.039	0.9720462	0.4590702	11.39991
21828	-4323.978	-4608.327	284.3485	0.7032915	0.3184745	13.60694
21834	-4327.753	-4616.248	288.4951	0.6486234	0.3817512	11.40598
21840	-4330.433	-4615.76	285.3273	0.7221707	0.4465412	12.95581
21846	-4317.641	-4606.279	288.6383	0.8620448	0.3717741	11.22993
21852	-4313.567	-4601.016	287.4489	0.9427764	0.5342652	11.65829
21858	-4319.586	-4606.515	286.9284	0.9371435	0.4854442	11.97458
21864	-4325.113	-4617.059	291.9453	1.014923	0.3316959	9.456166
21870	-4323.215	-4612.716	289.5012	0.734125	0.4226896	10.7933
21876	-4332.822	-4616.451	283.6297	0.7278399	0.3731254	13.90685
21882	-4322.963	-4610.985	288.0228	0.7559182	0.4755012	11.50654
21888	-4317.844	-4605.621	287.7769	0.874938	0.4755012	11.57283
21894	-4333.228	-4621.642	288.4134	0.8791031	0.318378	11.39814
21900	-4323.702	-4611.461	287.7589	0.7626014	0.4832359	11.63407
21906	-4326.631	-4614.874	288.2431	0.8671013	0.5747818	11.25008
21912	-4319.298	-4604.964	285.6659	0.7889751	0.4899359	12.7058
21918	-4311.291	-4599.138	287.8475	0.9229192	0.3927167	11.58987
21924	-4311.788	-4600.047	288.2594	0.8255587	0.4437801	11.37546
21930	-4307.994	-4594.9	286.906	1.030953	0.5199035	11.90767
21936	-4316.113	-4605.557	289.4441	1.020348	0.3813528	10.71477
21942	-4315.174	-4600.76	285.5857	0.8252142	0.3959491	12.81679
21948	-4308.608	-4593.501	284.8923	0.7388631	0.3555334	13.26445
21954	-4316.705	-4604.626	287.9206	0.9807424	0.499769	11.42107
21960	-4314.386	-4600.657	286.2713	0.7250796	0.3626981	12.5466
21966	-4311.085	-4595.992	284.9071	0.718324	0.4077066	13.21347
21972	-4318.845	-4605.878	287.0321	0.8311288	0.3203775	12.14214
21978	-4318.87	-4605.69	286.8198	0.8311288	0.4403089	12.12762
21984	-4320.148	-4607.091	286.943	0.8993571	0.2811658	12.2006
21990	-4312.704	-4600.696	287.9921	0.9032026	0.42571	11.49186
21996	-4329.685	-4616.805	287.1197	0.9608041	0.3880161	11.95491
22002	-4332.903	-4622.352	289.4498	1.044773	0.5894801	10.51311
22008	-4326.896	-4617.504	290.6085	1.042182	0.4122379	10.06022
22014	-4327.9	-4613.993	286.0927	0.9156809	0.4253815	12.4767
22020	-4337.405	-4626.244	288.8394	0.9655094	0.5020047	10.94617
22026	-4327.6	-4616.985	289.3852	1.086654	0.4171001	10.67468
22032	-4329.776	-4614.772	284.9961	0.8728181	0.4230582	13.07189
22038	-4328.915	-4614.056	285.1415	0.8935847	0.3397571	13.07189
22044	-4329.118	-4616.628	287.5098	0.7322411	0.3711429	11.88819
22050	-4323.087	-4611.522	288.4354	0.8773892	0.3711429	11.32875
22056	-4321.191	-4607.839	286.6487	0.8279408	0.4098858	12.24786
22062	-4321.851	-4607.897	286.0454	0.7907229	0.4852189	12.51143
22068	-4316.629	-4601.111	284.4818	0.6882425	0.3932569	13.46446
22074	-4332.62	-4619.522	286.9019	0.6947998	0.3428628	12.25548
22080	-4336.77	-4623.306	286.5364	0.8192508	0.4684935	12.25562
22086	-4341.801	-4626.211	284.4105	0.7523142	0.4151956	13.4464
22092	-4330.24	-4612.345	282.1052	0.7388859	0.3945933	14.66898
22098	-4320.97	-4610.695	289.725	0.9422153	0.4538768	10.53705
22104	-4310.382	-4599.955	289.5721	1.005992	0.4375501	10.59918
22110	-4318.474	-4606.964	288.4896	0.8159015	0.3405521	11.3659
22116	-4332.859	-4619.487	286.6279	0.8281284	0.5566339	12.12852
22122	-4332.169	-4620.734	288.5643	0.933173	0.5566339	11.06174
22128	-4318.166	-4603.824	285.6577	0.7137703	0.3880031	12.84535
22134	-4323.833	-4607.904	284.0708	0.786518	0.3217627	13.70407
22140	-4327.458	-4612.676	285.2179	0.745651	0.3017051	13.15323
22146	-4335.286	-4619.82	284.5341	0.7726687	0.4158163	13.37105
22152	-4344.162	-4632.705	288.543	0.8097962	0.4480162	11.23139
22158	-4327.443	-4613.154	285.7107	0.7469344	0.4367427	12.75265
22164	-4337.086	-4624.951	287.8647	0.7475918	0.4576712	11.60967
22170	-4327.889	-4618.245	290.3567	1.033307	0.4558466	10.1555
22176	-4320.974	-4612.459	291.4848	1.013394	0.4776561	9.551871
22182	-4314.534	-4601.652	287.118	0.9492876	0.4280192	11.9221
22188	-4307.027	-4594.02	286.9929	0.7164963	0.3514133	12.1873
22194	-4317.207	-4607.686	290.4799	1.044462	0.306016	10.24279
22200	-4314.23	-4607.726	293.4959	1.171293	0.5724367	8.322648
22206	-4305.279	-4593.009	287.7299	1.054867	0.5045719	11.47787
22212	-4309.966	-4596.749	286.7836	0.9410605	0.3482692	12.18282
22218	-4319.108	-4602.295	283.1869	0.6850701	0.3827623	14.1486
22224	-4343.842	-4631.422	287.5805	0.801725	0.4472477	11.73948
22230	-4329.053	-4614.791	285.7384	0.7996331	0.3748934	12.77231
22236	-4327.05	-4612.887	285.8376	0.7165633	0.3669316	12.77231
22242	-4328.295	-4610.895	282.6001	0.9628647	0.4594414	14.23471
22248	-4319.046	-4601.623	282.5769	0.8948596	0.4452675	14.29495
22254	-4322.556	-4608.701	286.1455	0.8898493	0.5182463	12.37926
22260	-4334.287	-4617.468	283.1814	0.660255	0.366837	14.18096
22266	-4328.088	-4612.873	284.7844	0.7805786	0.3429087	13.31267
22272	-4327.576	-4612.816	285.2397	0.8109805	0.3687691	13.03221
22278	-4337.706	-4622.918	285.2124	0.8262855	0.3747151	13.03221
22284	-4334.856	-4617.133	282.2768	0.8344593	0.4576979	14.47026
22290	-4338.102	-4620.212	282.1099	0.7926361	0.4042927	14.62907
22296	-4339.546	-4624.546	284.9998	0.8484591	0.4846694	13.02594
22302	-4335.415	-4620.666	285.2502	0.770863	0.3106755	13.1126
22308	-4338.433	-4623.917	285.4844	0.8244319	0.4892609	12.78235
22314	-4336.504	-4624.845	288.3405	0.8473374	0.446084	11.31952
22320	-4329.956	-4618.396	288.4396	0.9516216	0.341928	11.31952
22326	-4334.405	-4620.023	285.6177	0.8026264	0.4932114	12.72089
22332	-4343.922	-4630.403	286.4812	0.8548305	0.3845834	12.34667
22338	-4334.6	-4621.861	287.2611	0.7495931	0.3845834	11.99489
22344	-4343.196	-4631.125	287.9292	1.01207	0.4645046	11.43146
22350	-4339.398	-4624.799	285.4005	0.8277802	0.3425934	12.96827
22356	-4332.358	-4620.447	288.0892	0.9846081	0.4255657	11.39868
22362	-4326.067	-4615.091	289.0239	0.933877	0.3510671	11.0128
22368	-4317.683	-4606.598	288.9148	1.024548	0.3777522	10.9938
22374	-4330.463	-4617.305	286.8416	0.9398923	0.4538099	12.04695
22380	-4326.811	-4612.746	285.9351	0.8830946	0.3807817	12.62035
22386	-4347.352	-4630.533	283.1813	0.7796257	0.3257746	14.16434
22392	-4328.709	-4616.31	287.601	0.8919749	0.5625732	11.58243
22398	-4325.486	-4609.779	284.2926	0.7659377	0.3991394	13.51647
22404	-4314.447	-4600.73	286.2833	0.8222868	0.3470421	12.50678
22410	-4323.009	-4613.487	290.4773	0.9778572	0.3869032	10.18877
22416	-4324.964	-4615.067	290.1031	0.8370813	0.3292351	10.52228
22422	-4332.418	-4618.665	286.2469	0.7734762	0.387912	12.5077
22428	-4333.582	-4619.977	286.3952	0.7567468	0.4008616	12.42602
22434	-4322.021	-4608.329	286.3085	0.7108243	0.4739302	12.42602
22440	-4350.983	-4638.861	287.8789	0.8080329	0.3316434	11.69929
22446	-4335.633	-4620.501	284.8678	0.7946512	0.3565815	13.24707
22452	-4353.37	-4638.093	284.7229	0.884166	0.5813574	13.07175
22458	-4340.902	-4626.698	285.7963	0.8488874	0.4141519	12.67673
22464	-4324.079	-4610.119	286.0406	0.7270993	0.4421521	12.58615
22470	-4327.695	-4611.939	284.2441	0.7176108	0.3618268	13.60535
22476	-4327.476	-4613.844	286.3683	0.8591535	0.4152412	12.37244
22482	-4349.93	-4636.683	286.7533	0.8301173	0.3882069	12.214
22488	-4345.81	-4632.7	286.8909	0.7323236	0.3683219	12.214
22494	-4352.102	-4639.566	287.4636	0.755929	0.3683219	11.90293
22500	-4333.651	-4618.395	284.7435	0.8122074	0.5600835	13.11515
22506	-4334.608	-4621.924	287.3164	0.8135006	0.4300421	11.88748
22512	-4322.148	-4608.237	286.0893	0.7436599	0.3809685	12.61243
22518	-4332.788	-4619.911	287.1236	0.7065515	0.3648977	12.10973
22524	-4322.156	-4610.755	288.5992	0.8087619	0.4732634	11.17939
22530	-4332.491	-4616.619	284.128	0.7438652	0.5179803	13.5047
22536	-4310.106	-4597.972	287.8662	0.8330175	0.4775598	11.54624
22542	-4317.008	-4605.067	288.0584	0.7803774	0.4004911	11.54624
22548	-4312.162	-4595.809	283.6468	0.6395901	0.4022571	13.91404
22554	-4317.458	-4603.306	285.8482	0.7668462	0.3717789	12.7355
22560	-4325.727	-4613.345	287.6176	0.7933668	0.3717789	11.79936
22566	-4317.774	-4601.841	284.0667	0.7933668	0.3788004	13.64021
22572	-4319.034	-4603.552	284.518	0.7412675	0.4684268	13.3465
22578	-4332.003	-4619.357	287.3544	0.8209607	0.4216216	11.87186
22584	-4327.431	-4611.764	284.333	0.8170111	0.4526134	13.41764
22590	-4329.101	-4616.474	287.3729	0.649454	0.4114202	11.96173
22596	-4316.797	-4605.652	288.8548	0.8843775	0.4924556	10.98893
22602	-4311.655	-4595.987	284.3318	0.7786913	0.4486917	13.44175
22608	-4313.763	-4597.916	284.1527	0.6210791	0.4760409	13.59179
22614	-4309.811	-4593.047	283.2358	0.7612679	0.4760409	13.99478
22620	-4314.901	-4598.254	283.3529	0.7612679	0.4109221	13.99478
22626	-4317.286	-4605.24	287.9544	0.7540245	0.3949501	11.61998
22632	-4325.953	-4610.993	285.04	0.8052399	0.2666739	13.25865
22638	-4316.817	-4601.931	285.1131	0.8351567	0.4040142	13.0493
22644	-4329.273	-4616.776	287.5039	0.9718394	0.3906691	11.74587
22650	-4319.935	-4604.127	284.1927	0.6716897	0.4186573	13.59801
22656	-4327.309	-4612.434	285.1252	0.7277823	0.4186573	13.08446
22662	-4325.962	-4616.098	290.1363	0.8044404	0.3624428	10.48492
22668	-4321.419	-4611.845	290.426	0.6997143	0.3572447	10.39347
22674	-4319.928	-4607.689	287.7612	0.7359805	0.4327965	11.69311
22680	-4307.839	-4595.485	287.6463	0.8556755	0.451773	11.67273
22686	-4313.454	-4598.828	285.374	0.8550499	0.4103435	12.89703
22692	-4325.78	-4611.195	285.415	0.7915673	0.4223241	12.89703
22698	-4321.875	-4609.242	287.3667	0.9404422	0.4223241	11.8024
22704	-4335.204	-4618.917	283.7127	0.7221087	0.3310018	13.91267
22710	-4323.73	-4610.173	286.4435	0.9179058	0.5239339	12.20457
22716	-4329.052	-4615.699	286.6467	0.9179058	0.4072838	12.20457
22722	-4324.416	-4613.322	288.9068	0.9284054	0.407922	11.01747
22728	-4317.731	-4606.035	288.3036	0.8192147	0.4157426	11.38262
22734	-4324.692	-4613.258	288.5655	0.9328542	0.4918055	11.11565
22740	-4327.071	-4613.389	286.3172	0.7760792	0.3806706	12.47717
22746	-4321.508	-4607.575	286.0677	0.7622226	0.4410089	12.55479
22752	-4336.795	-4624.022	287.2268	0.8300621	0.2902486	12.07735
22758	-4330.355	-4616.914	286.5593	0.8032957	0.388381	12.32893
22764	-4334.245	-4624.269	290.0242	0.8745414	0.4303447	10.43778
22770	-4316.191	-4604.783	288.5923	0.9372457	0.3449434	11.24377
22776	-4329.724	-4615.372	285.6485	0.7875283	0.3997886	12.79984
22782	-4338.899	-4623.543	284.6439	0.9400749	0.3541099	13.29054
22788	-4339.315	-4628.723	289.4087	0.9317661	0.3998722	10.76077
22794	-4331.287	-4618.631	287.3441	0.9969381	0.3883732	11.81858
22800	-4338.655	-4623.999	285.3437	0.8059001	0.4279006	12.92128
22806	-4343.244	-4627.172	283.9287	0.7912398	0.4010011	13.69036
22812	-4327.628	-4612.06	284.4326	0.7078018	0.4391013	13.43519
22818	-4348.272	-4632.189	283.9172	0.8945753	0.2891644	13.76667
22824	-4324.016	-4609.8	285.7835	0.7823547	0.3872835	12.74496
22830	-4326.352	-4612.908	286.556	0.7936556	0.4682049	12.259
22836	-4319.295	-4605.802	286.5072	0.8225784	0.47976	12.259
22842	-4315.267	-4602.857	287.5895	0.8798326	0.3966439	11.74317
22848	-4315.114	-4604.114	288.9992	0.8863296	0.3385516	11.06458
22854	-4325.481	-4613.862	288.3809	1.023115	0.3205715	11.33725
22860	-4325.464	-4610.284	284.8199	0.8143387	0.4197811	13.19706
22866	-4328.397	-4615.459	287.0626	0.8191238	0.3907255	12.05585
22872	-4332.993	-4620.372	287.3789	0.833931	0.4119586	11.86178
22878	-4335.802	-4624.578	288.7766	0.8612545	0.3050839	11.23326
22884	-4333.255	-4622.299	289.0432	0.8935966	0.4830315	10.89369
22890	-4338.136	-4623.147	285.0118	0.7569206	0.5249159	13.03296
22896	-4341.227	-4625.104	283.8765	0.8232167	0.4603268	13.64437
22902	-4337.358	-4625.498	288.1392	0.8793806	0.435493	11.41802
22908	-4353.241	-4642.577	289.3358	0.8392643	0.4182604	10.82921
22914	-4340.862	-4623.603	282.741	0.7753999	0.3990452	14.31638
22920	-4340.167	-4628.267	288.1008	1.000532	0.3975776	11.41196
22926	-4335.761	-4619.593	283.8321	0.7490841	0.420177	13.74349
22932	-4322.033	-4607.692	285.6588	0.830183	0.3700365	12.80294
22938	-4325.4	-4608.832	283.4314	0.7542776	0.3514038	14.01918
22944	-4313.576	-4599.942	286.3663	0.8225028	0.3215855	12.49222
22950	-4323.371	-4609.929	286.5578	0.8442193	0.3327147	12.36837
22956	-4326.637	-4612.048	285.4105	0.710446	0.4344118	12.93002
22962	-4322.26	-4606.114	283.8541	0.8916462	0.4530844	13.6271
22968	-4321.807	-4607.031	285.2238	0.8424954	0.3842058	13.00798
22974	-4331.005	-4614.648	283.6435	0.8475746	0.3227934	13.89288
22980	-4332.619	-4620.571	287.9515	0.9266317	0.3546164	11.57375
22986	-4315.75	-4603.583	287.8333	0.821038	0.3658624	11.67855
22992	-4310.808	-4600.197	289.3885	1.008931	0.3687556	10.76323
22998	-4312.103	-4600.444	288.341	0.9640963	0.4041266	11.29879
23004	-4319.036	-4605.918	286.882	0.7919969	0.3698712	12.1859
23010	-4315.109	-4603.992	288.8832	0.8517292	0.4245154	11.05371
23016	-4319.762	-4605.57	285.808	0.847451	0.32165	12.76982
23022	-4321.003	-4609.388	288.385	0.8884638	0.3319253	11.39241
23028	-4310.379	-4598.833	288.4542	0.90762	0.4116395	11.2616
23034	-4307.772	-4596.433	288.6607	0.9561294	0.2909207	11.2616
23040	-4315.696	-4603.381	287.6848	0.7247582	0.4322948	11.73933
23046	-4315.512	-4604.97	289.4587	0.8692476	0.3956673	10.77161
23052	-4329.718	-4619.524	289.8065	0.82455	0.446976	10.56252
23058	-4328.515	-4616.887	288.3725	0.8512217	0.4132227	11.33229
23064	-4320.206	-4608.577	288.3705	0.7659473	0.3878395	11.40349
23070	-4331.234	-4619.182	287.9476	0.7845096	0.4660079	11.53946
23076	-4321.515	-4609.534	288.02	0.8423818	0.3950324	11.53946
23082	-4326.878	-4612.81	285.9321	0.924622	0.3986674	12.58197
23088	-4328.566	-4614.578	286.0121	0.924622	0.3586931	12.58197
23094	-4315.506	-4602.333	286.8272	0.8024858	0.3501748	12.23022
23100	-4317.899	-4604.986	287.0875	0.8898465	0.3891839	12.00756
23106	-4311.911	-4599.106	287.1954	0.8472444	0.3568545	12.00756
23112	-4319.928	-4604.122	284.1948	0.8255011	0.3816222	13.55413
23118	-4320.794	-4607.734	286.9396	0.9043196	0.3799679	12.08668
23124	-4306.505	-4591.24	284.7347	0.6626791	0.3768735	13.36322
23130	-4316.442	-4602.481	286.0397	0.6789482	0.3768735	12.67619
23136	-4319.049	-4604.716	285.6674	0.7869348	0.3768735	12.81375
23142	-4323.153	-4609.148	285.9948	0.8083503	0.3208517	12.69389
23148	-4328.972	-4613.596	284.6243	0.8917393	0.3538785	13.32605
23154	-4347.231	-4631.067	283.8367	0.7488211	0.3418185	13.82234
23160	-4334.594	-4621.783	287.1891	0.9024307	0.4191078	11.91807
23166	-4322.687	-4609.314	286.6265	0.7385501	0.3683562	12.34851
23172	-4313.292	-4599.965	286.6729	0.8140744	0.3049835	12.35647
23178	-4323.531	-4612.598	289.067	0.8494082	0.4282232	10.95505
23184	-4316.762	-4604.582	287.8194	0.8494082	0.4480379	11.58903
23190	-4316.507	-4603.514	287.0069	0.755716	0.4328978	12.07642
23196	-4315.37	-4602.549	287.1796	0.7215715	0.3614173	12.07642
23202	-4306.018	-4594.545	288.5267	0.9404759	0.4307046	11.18794
23208	-4312.495	-4600.696	288.2012	0.770795	0.3769854	11.50075
23214	-4318.993	-4603.866	284.8728	0.7308341	0.4785611	13.15853
23220	-4317.662	-4602.007	284.3449	0.8230946	0.3194032	13.54553
23226	-4311.637	-4598.024	286.3868	0.9909482	0.3908858	12.31844
23232	-4305.543	-4591.072	285.5293	0.8089533	0.3618211	12.89008
23238	-4304.548	-4589.79	285.2414	0.7764268	0.3528006	13.06644
23244	-4349.589	-4638.244	288.6543	0.884133	0.3918955	11.18905
23250	-4323.502	-4609.836	286.3342	0.7702948	0.4200644	12.43179
23256	-4333.334	-4618.323	284.9881	0.7784391	0.4925552	13.06156
23262	-4319.346	-4603.462	284.1159	0.7172112	0.3477322	13.68739
23268	-4321.889	-4608.754	286.8656	0.6877705	0.3540334	12.2658
23274	-4317.83	-4603.873	286.0425	0.7135875	0.4178622	12.61539
23280	-4320.156	-4605.098	284.9421	0.6643267	0.4178622	13.21339
23286	-4311.1	-4599.008	287.9079	0.8954632	0.3344617	11.63526
23292	-4324.339	-4612.068	287.7293	0.8954632	0.423638	11.63526
23298	-4328.691	-4616.312	287.6212	0.9061779	0.3103714	11.80739
23304	-4321.993	-4609.936	287.9435	0.9678292	0.4576388	11.4534
23310	-4315.262	-4601.844	286.5818	0.7645193	0.4024402	12.32317
23316	-4321.184	-4607.84	286.6567	0.7857077	0.3212551	12.36048
23322	-4321.99	-4604.267	282.277	0.6861745	0.3830255	14.6191
23328	-4327.875	-4615.42	287.545	0.8774599	0.3600449	11.80587
23334	-4339.537	-4621.745	282.2087	0.6992105	0.4114949	14.61916
23340	-4324.782	-4610.321	285.5391	0.7526787	0.4114949	12.86329
23346	-4334.49	-4618.053	283.5631	0.8588015	0.4372549	13.80987
23352	-4328.94	-4613.229	284.2891	0.8624472	0.4369817	13.43139
23358	-4318.778	-4603.206	284.4282	0.7646261	0.4146421	13.43139
23364	-4317.154	-4603.299	286.1447	1.010411	0.3963994	12.42886
23370	-4317.808	-4603.296	285.4887	0.9795354	0.3849538	12.79817
23376	-4324.508	-4607.112	282.6037	0.7958825	0.3185372	14.46351
23382	-4320.896	-4603.953	283.0577	0.7074027	0.3822925	14.2045
23388	-4326.53	-4614.952	288.4222	0.6819538	0.3418257	11.46974
23394	-4330.662	-4615.177	284.5148	0.7489771	0.3766133	13.43291
23400	-4324.381	-4608.911	284.5302	0.6942971	0.3047743	13.53344
23406	-4316	-4600.765	284.7647	0.8527907	0.3570735	13.26987
23412	-4321.835	-4609.124	287.2894	0.7413948	0.3876845	11.98118
23418	-4325.534	-4610.007	284.4733	0.7713548	0.3180958	13.50725
23424	-4335.948	-4622.26	286.3119	0.859214	0.3037074	12.52257
23430	-4321.409	-4606.375	284.9652	0.795957	0.4056812	13.14491
23436	-4308.075	-4594.138	286.0628	0.7830813	0.3703233	12.61683
23442	-4337.803	-4622.661	284.8587	0.7454534	0.5733479	13.0795
23448	-4320.075	-4608.082	288.0064	0.9530228	0.3411539	11.54616
23454	-4319.684	-4604.791	285.107	0.8666362	0.3396167	13.10396
23460	-4312.984	-4598.985	286.001	0.9064881	0.4198408	12.53462
23466	-4320.496	-4606.757	286.2613	0.7261301	0.3784782	12.53462
23472	-4323.337	-4608.334	284.997	0.8018264	0.5203308	13.0211
23478	-4325.832	-4609.594	283.7625	0.8841685	0.6009809	13.55571
23484	-4325.478	-4609.796	284.318	0.702052	0.3245497	13.61639
23490	-4314.146	-4601.85	287.7036	0.8289233	0.4466049	11.66161
23496	-4318.79	-4605.81	287.0204	0.7679958	0.3362773	12.16293
23502	-4316.873	-4603.592	286.7191	0.7241531	0.5226761	12.16293
23508	-4313.643	-4602.731	289.0879	0.8726673	0.3178831	11.04912
23514	-4318.866	-4606.522	287.656	0.8139085	0.3145305	11.83244
23520	-4325.558	-4616.945	291.3866	0.8605011	0.3584944	9.802151
23526	-4317.455	-4603.87	286.4148	0.7459152	0.4205154	12.40209
23532	-4334.8	-4618.31	283.5096	0.6634405	0.3601434	14.01631
23538	-4331.555	-4617.587	286.0323	0.8795699	0.3994598	12.55246
23544	-4326.087	-4610.941	284.8536	0.8153693	0.3990032	13.19948
23550	-4329.883	-4617.117	287.2339	0.8020083	0.3990032	11.967
23556	-4338.702	-4625.484	286.7816	0.7544386	0.4278437	12.19939
23562	-4338.286	-4627.338	289.0517	0.8922523	0.4487577	10.92112
23568	-4334.663	-4626.842	292.1787	0.9426027	0.4096415	9.287403
23574	-4334.034	-4618.74	284.7063	0.8722362	0.4096415	13.23594
23580	-4325.539	-4616.622	291.0832	0.8497134	0.4325243	9.891834
23586	-4326.683	-4613.343	286.6599	0.8216279	0.4591233	12.19851
23592	-4336.044	-4621.416	285.3727	0.8005489	0.4196375	12.91694
23598	-4333.439	-4618.859	285.4198	0.6780743	0.4614078	12.91694
23604	-4328.16	-4616.577	288.4167	0.8632858	0.4387854	11.27815
23610	-4331.593	-4617.805	286.2116	0.8909167	0.5742636	12.29887
23616	-4329.142	-4613.318	284.1755	0.9936798	0.5742636	13.30483
23622	-4328.445	-4610.786	282.3402	0.8084674	0.4024156	14.50346
23628	-4322.993	-4606.936	283.9431	0.9342326	0.4024156	13.60726
23634	-4326.441	-4610.095	283.6542	0.8237674	0.4260121	13.79142
23640	-4328.515	-4616.098	287.5825	0.8570782	0.4022512	11.75303
23646	-4326.719	-4610.035	283.3159	0.7521487	0.418141	14.01162
23652	-4311.897	-4599.13	287.2332	0.8365888	0.5094895	11.84718
23658	-4330.774	-4617.621	286.8462	0.6286949	0.3686791	12.29091
23664	-4319.682	-4607.008	287.3257	0.7858978	0.4259253	11.90102
23670	-4330.576	-4618.351	287.775	0.7456523	0.4162253	11.69686
23676	-4330.026	-4617.5	287.4743	0.8622156	0.420011	11.7893
23682	-4338.357	-4626.014	287.6577	0.8252554	0.4205348	11.71233
23688	-4330.277	-4616.067	285.7899	0.8088124	0.4200353	12.69522
23694	-4324.58	-4606.67	282.0904	0.8609678	0.399777	14.60825
23700	-4325.027	-4610.105	285.0779	0.7497885	0.378425	13.13801
23706	-4320.726	-4609.564	288.8378	0.8911355	0.3669188	11.11546
23712	-4326.111	-4611.75	285.639	0.8492529	0.4410752	12.73261
23718	-4336.381	-4622.331	285.9499	0.7082476	0.3535255	12.73261
23724	-4314.045	-4599.727	285.6823	0.6312237	0.3981384	12.86521
23730	-4320.129	-4606.102	285.9726	0.8008554	0.3363518	12.6916
23736	-4332.443	-4619.18	286.7366	0.7799888	0.403039	12.23382
23742	-4323.936	-4610.686	286.7502	0.7667872	0.4110029	12.22572
23748	-4324.037	-4610.933	286.8955	0.8623357	0.3480751	12.1657
23754	-4331.59	-4617.877	286.2868	0.8469493	0.3643016	12.47333
23760	-4318.975	-4602.195	283.2208	0.7606234	0.4315563	14.04369
23766	-4318.349	-4603.557	285.2088	0.792579	0.3976619	13.02808
23772	-4312.14	-4599.896	287.7558	0.8202407	0.3030243	11.79079
23778	-4307.559	-4596.696	289.1371	0.8473659	0.4141192	10.93315
23784	-4300.039	-4585.778	285.7386	0.7747901	0.5243747	12.64595
23790	-4300.796	-4587.853	287.0577	0.8651831	0.3385917	12.09021
23796	-4300.321	-4587.233	286.9114	0.768901	0.4642155	12.09021
23802	-4332.984	-4621.057	288.0726	0.7382262	0.4473227	11.51547
23808	-4330.136	-4618.331	288.1954	0.6867991	0.4085702	11.51547
23814	-4301.631	-4591.462	289.8302	0.9590114	0.4264654	10.49903
23820	-4322.281	-4608.235	285.9539	0.7911503	0.284338	12.76817
23826	-4304.175	-4593.155	288.9795	0.8713682	0.3606838	11.05828
23832	-4302.515	-4587.457	284.9426	0.8867399	0.3710088	13.14494
23838	-4312.864	-4597.824	284.9594	0.6372209	0.4182192	13.21815
23844	-4318.252	-4606.599	288.3471	0.9564053	0.4231512	11.28083
23850	-4313.353	-4599.703	286.3504	0.8296099	0.4845333	12.33289
23856	-4310.398	-4597.663	287.2649	0.8296099	0.3511507	11.98671
23862	-4321.362	-4607.679	286.3176	0.8472242	0.3596816	12.46212
23868	-4326.855	-4614.573	287.7188	0.8377591	0.4783463	11.6201
23874	-4325.123	-4611.873	286.7497	1.017297	0.4410969	12.06638
23880	-4316.863	-4603.83	286.9673	0.8431056	0.3815574	12.10249
23886	-4316.027	-4598.997	282.9697	0.7894598	0.4896268	14.1062
23892	-4341.153	-4625.629	284.4761	0.795674	0.3601481	13.44617
23898	-4329.932	-4616.032	286.1004	0.8123216	0.394743	12.55682
23904	-4316.336	-4603.559	287.2229	0.7523785	0.427938	11.9702
23910	-4338.551	-4625.193	286.6423	0.9191011	0.392635	12.22096
23916	-4354.422	-4638.466	284.0441	0.9855597	0.3259689	13.60979
23922	-4331.213	-4618.669	287.4566	0.7470316	0.368467	11.91109
23928	-4336.733	-4623.133	286.3992	0.8887058	0.4468768	12.31075
23934	-4340.625	-4624.54	283.9146	0.8376599	0.3457287	13.73151
23940	-4336.209	-4622.12	285.9107	0.8172794	0.348792	12.70143
23946	-4329.481	-4614.581	285.1004	0.7463696	0.348792	13.15975
23952	-4340.569	-4623.333	282.7633	0.8027847	0.3741739	14.31605
23958	-4326.937	-4611.433	284.4963	0.7787801	0.3530991	13.45207
23964	-4324.015	-4608.251	284.2353	0.7064107	0.381751	13.5948
23970	-4329.237	-4614.809	285.5723	0.7304164	0.4076894	12.86131
23976	-4333.263	-4621.322	288.0589	0.8752413	0.4376029	11.46015
23982	-4342.803	-4628.372	285.5694	0.8728079	0.3406136	12.85919
23988	-4333.152	-4619.18	286.0279	0.8555523	0.3196501	12.65346
23994	-4345.685	-4632.24	286.555	0.8464299	0.371022	12.32674
24000	-4348.184	-4633.952	285.7682	0.7191845	0.3810166	12.79223
24006	-4331.061	-4616.876	285.8145	0.6951018	0.3700007	12.79223
24012	-4332.492	-4617.676	285.1847	0.937368	0.3700007	12.99383
24018	-4321.444	-4606.991	285.5469	0.6340055	0.3061431	13.03493
24024	-4326.226	-4612.32	286.094	0.8771071	0.4183911	12.50292
24030	-4323.798	-4611.823	288.0246	0.9008888	0.4167378	11.48478
24036	-4331.394	-4620.858	289.4642	1.03845	0.5973495	10.50281
24042	-4325.452	-4615.734	290.2826	0.7941911	0.3941719	10.38015
24048	-4338.211	-4626.415	288.2035	0.9165326	0.3941719	11.40563
24054	-4343.998	-4629.403	285.4049	0.805821	0.3608886	12.95743
24060	-4337.662	-4623.85	286.1879	0.7718845	0.3877591	12.53942
24066	-4346.122	-4634.424	288.3013	0.6853592	0.3875141	11.48215
24072	-4335.557	-4624.208	288.6512	0.8303586	0.4420047	11.16962
24078	-4321.799	-4608.645	286.8456	0.7775509	0.3010392	12.29028
24084	-4331.354	-4619.906	288.5523	0.8447544	0.3614157	11.29506
24090	-4330.801	-4620.636	289.8348	0.85624	0.3793848	10.59799
24096	-4310.937	-4599.866	288.9294	0.85624	0.3287898	11.12804
24102	-4310.04	-4597.13	287.0897	0.8596266	0.438099	11.97404
24108	-4321.584	-4609.777	288.1927	0.9214922	0.4532274	11.35135
24114	-4328.799	-4618.224	289.4249	0.7608236	0.5033039	10.74546
24120	-4313.247	-4600.792	287.5447	0.8531322	0.6452201	11.5696
24126	-4322.147	-4610.339	288.1921	0.8699527	0.4406098	11.39045
24132	-4317.394	-4605.112	287.7177	0.9377741	0.4143388	11.62826
24138	-4322.811	-4609.365	286.554	0.9339275	0.4473815	12.206
24144	-4322.364	-4606.393	284.0287	0.8344702	0.5431207	13.48854
24150	-4329.246	-4617.2	287.9539	0.7861018	0.4852259	11.51814
24156	-4338.561	-4622.372	283.8115	0.9468991	0.3220657	13.75503
24162	-4313.973	-4598.643	284.6696	0.852867	0.3133838	13.36848
24168	-4328.7	-4613.513	284.813	0.7724668	0.3751486	13.26733
24174	-4329.319	-4612.54	283.2207	0.8511483	0.5065036	13.92954
24180	-4327.38	-4612.767	285.387	0.9250181	0.4309814	12.83388
24186	-4332.183	-4615.063	282.8803	0.8203312	0.4072891	14.21272
24192	-4343.232	-4627.664	284.4315	0.8452226	0.4072891	13.39505
24198	-4346.91	-4632.881	285.9714	0.826026	0.3456794	12.66871
24204	-4359.064	-4646.187	287.1224	0.7819266	0.3354495	12.10342
24210	-4336.639	-4620.531	283.8924	0.843907	0.317532	13.77178
24216	-4320.402	-4605.695	285.2927	0.8062247	0.3985902	12.97639
24222	-4341.391	-4624.181	282.7895	0.6974468	0.3813965	14.34956
24228	-4332.045	-4617.623	285.5783	0.7473294	0.4165605	12.84071
24234	-4331.327	-4617.628	286.3004	0.7099357	0.4292369	12.47201
24240	-4324.457	-4608.698	284.2409	0.7587276	0.4206479	13.52589
24246	-4330.256	-4613.219	282.9634	0.7509087	0.4276782	14.18583
24252	-4329.517	-4614.123	284.6054	0.6735849	0.3633407	13.43899
24258	-4334.397	-4619.027	284.6302	0.555068	0.4108841	13.43899
24264	-4313.872	-4601.62	287.748	0.6274901	0.3695567	11.82019
24270	-4320.801	-4605.899	285.0979	0.8982574	0.2742796	13.17037
24276	-4317.348	-4604.155	286.8069	0.7043904	0.3519603	12.29
24282	-4309.43	-4595.573	286.1438	0.6596128	0.4134036	12.59513
24288	-4309.918	-4596.889	286.9717	0.8085593	0.4134036	12.08605
24294	-4318.888	-4604.95	286.0616	0.7320932	0.4294031	12.58468
24300	-4309.602	-4597.023	287.4205	0.8485488	0.322965	11.92741
24306	-4332.546	-4617.112	284.5659	0.7453248	0.322965	13.46702
24312	-4332.956	-4616.356	283.4006	0.7884748	0.4992233	13.87494
24318	-4343.154	-4631.321	288.1668	0.8530129	0.3175459	11.54166
24324	-4340.999	-4628.901	287.9028	0.9131597	0.4171185	11.54166
24330	-4329.608	-4616.93	287.3217	0.9925754	0.3974842	11.82328
24336	-4334.765	-4624.104	289.3398	0.9571972	0.3974842	10.78597
24342	-4335.852	-4625.634	289.7817	0.7825859	0.3322601	10.71604
24348	-4331.548	-4618.789	287.241	0.8602786	0.4551264	11.87885
24354	-4324.018	-4610.37	286.3516	0.8299216	0.3250479	12.49203
24360	-4334.315	-4621.001	286.6862	0.8599238	0.3471834	12.27707
24366	-4340.551	-4626.644	286.093	0.7082992	0.4089849	12.60057
24372	-4331.778	-4617.939	286.1606	0.7685241	0.3453065	12.60057
24378	-4326.636	-4608.981	282.3443	0.7685241	0.3807826	14.54395
24384	-4323.993	-4609.319	285.3259	0.735412	0.408405	12.98617
24390	-4332.181	-4619.357	287.1758	0.735412	0.3486934	12.08506
24396	-4339.04	-4625.448	286.4079	0.8546932	0.3732054	12.39677
24402	-4328.292	-4614.617	286.3243	0.7726307	0.4273519	12.42871
24408	-4324.641	-4611.782	287.1413	0.9152762	0.4273519	11.92831
24414	-4337.497	-4622.806	285.3089	0.7957048	0.3850171	12.98725
24420	-4336.516	-4619.922	283.4058	0.7706782	0.4728047	13.90458
24426	-4325.904	-4612.262	286.3587	0.7837089	0.463603	12.37116
24432	-4333.637	-4622.616	288.9794	0.8660008	0.4471853	10.97427
24438	-4336.823	-4624.106	287.2832	0.7420094	0.44543	11.92755
24444	-4338.915	-4623.634	284.7196	0.8744155	0.3520492	13.28756
24450	-4338.708	-4622.552	283.8436	0.7996827	0.4568106	13.67684
24456	-4340.258	-4629.392	289.1333	0.8562271	0.3503148	10.99702
24462	-4335.565	-4623.716	288.1507	0.8775143	0.5775509	11.29081
24468	-4337.754	-4629.236	291.4817	0.9676198	0.3565769	9.697716
24474	-4333.006	-4621.461	288.4551	0.9344037	0.4286554	11.23056
24480	-4327.853	-4615.01	287.157	0.9344037	0.3770036	11.96064
24486	-4341.022	-4629.6	288.5781	0.9498978	0.3065415	11.28902
24492	-4308.499	-4595.756	287.2572	0.8138311	0.4164382	11.93137
24498	-4315.358	-4601.217	285.8587	0.7501826	0.3308908	12.78341
24504	-4324.271	-4607.044	282.7725	0.6049549	0.4334548	14.35487
24510	-4324.015	-4610.139	286.1237	0.7239677	0.3969006	12.5885
24516	-4320.782	-4607.643	286.8606	0.7260431	0.3774789	12.2234
24522	-4314.773	-4601.634	286.8607	0.7405434	0.4313344	12.16204
24528	-4319.859	-4608.656	288.7973	0.8548863	0.3171578	11.2114
24534	-4321.187	-4610.314	289.127	0.7858424	0.2961668	11.1002
24540	-4333.765	-4622.377	288.6115	0.8833619	0.3054717	11.30761
24546	-4337.615	-4625.683	288.0673	0.8366259	0.3537772	11.56119
24552	-4342.633	-4627.494	284.8617	0.7985114	0.3790632	13.22443
24558	-4333.66	-4618.619	284.9583	0.7425676	0.3590794	13.22443
24564	-4336.386	-4621.299	284.9131	0.7723937	0.3665192	13.22443
24570	-4341.776	-4625.937	284.1608	0.968418	0.347503	13.53393
24576	-4331.071	-4614.985	283.9139	0.7347726	0.4291678	13.69983
24582	-4319.121	-4603.212	284.0903	0.6996233	0.356859	13.69983
24588	-4324.772	-4608.729	283.9575	0.7228127	0.4122158	13.69983
24594	-4334.215	-4618.045	283.8301	0.8501517	0.4122158	13.69983
24600	-4323.726	-4607.676	283.9495	0.7062746	0.3906543	13.73405
24606	-4324.064	-4608.783	284.7183	0.7612723	0.3885824	13.30848
24612	-4325.944	-4612.714	286.7703	0.8087988	0.3885824	12.21586
24618	-4317.212	-4599.974	282.762	0.7517077	0.3669523	14.35077
24624	-4330.322	-4614.751	284.4285	0.6932586	0.4726971	13.41412
24630	-4326.594	-4613.092	286.4985	0.7587679	0.3638071	12.40952
24636	-4320.695	-4606.939	286.2439	0.7843863	0.4009774	12.49032
24642	-4308.139	-4596.414	288.2751	0.9317197	0.4131514	11.34121
24648	-4320.349	-4607.152	286.8033	0.7635067	0.4131514	12.19762
24654	-4317.171	-4604.561	287.3898	0.8143941	0.3696461	11.90954
24660	-4328.77	-4616.19	287.4195	0.6675246	0.3696461	11.97069
24666	-4331.055	-4615.789	284.7341	0.7868851	0.4488222	13.22843
24672	-4309.883	-4596.527	286.6447	0.8440218	0.3835218	12.2682
24678	-4318.165	-4604.92	286.7547	0.8708688	0.3185514	12.2682
24684	-4321.444	-4607.782	286.3376	0.6869826	0.4713405	12.4256
24690	-4319.246	-4605.615	286.3684	0.7121016	0.398533	12.46559
24696	-4319.337	-4605.886	286.5488	0.6024244	0.3630482	12.46559
24702	-4323.227	-4608.388	285.1611	0.8119251	0.383878	13.05681
24708	-4324.813	-4608.262	283.4494	0.6814738	0.370446	14.02722
24714	-4315.587	-4599.336	283.7497	0.6563671	0.370446	13.88453
24720	-4322.373	-4607.31	284.9366	0.7909111	0.4312476	13.13756
24726	-4325.829	-4610.662	284.8327	0.7854506	0.4938821	13.13756
24732	-4311.764	-4596.129	284.3655	0.8110112	0.4298159	13.42524
24738	-4317.507	-4603.89	286.3832	0.8232854	0.3926563	12.4059
24744	-4307.831	-4597.243	289.4121	0.7881148	0.3673106	10.86816
24750	-4309.121	-4596.544	287.4236	0.741676	0.3928696	11.90573
24756	-4316.141	-4599.648	283.5076	0.7416113	0.4421145	13.89486
24762	-4326.713	-4611.865	285.1523	0.7666135	0.5342219	12.94716
24768	-4325.532	-4611.101	285.5692	0.5673966	0.4336304	12.92261
24774	-4340.649	-4625.03	284.381	0.8488254	0.6006319	13.25312
24780	-4338.502	-4622.219	283.7173	0.7660359	0.33666	13.88115
24786	-4347.993	-4633.265	285.2719	0.8682546	0.33666	13.02072
24792	-4322.736	-4610.861	288.1256	0.7911537	0.3437059	11.56562
24798	-4322.788	-4611.944	289.1566	0.8445436	0.4455552	10.8942
24804	-4306.773	-4593.345	286.5722	0.7628487	0.4085738	12.32294
24810	-4305.342	-4591.045	285.703	0.6840881	0.4318382	12.794
24816	-4315.35	-4600.869	285.5189	0.8681707	0.4318382	12.794
24822	-4325.351	-4612.692	287.3406	0.9658914	0.4180374	11.80692
24828	-4328.3	-4611.072	282.7719	0.7961629	0.3577757	14.33239
24834	-4331.403	-4617.41	286.0078	0.9694566	0.3690545	12.54981
24840	-4334.789	-4619.733	284.9442	0.8092828	0.3690545	13.1864
24846	-4329.126	-4613.651	284.5254	0.8930853	0.3690545	13.36047
24852	-4316.797	-4602.533	285.7357	0.7802131	0.3512889	12.80904
24858	-4321.796	-4607.676	285.8799	0.8140718	0.483633	12.58682
24864	-4318.898	-4604.333	285.435	0.6456474	0.3797194	13.00518
24870	-4306.704	-4593.988	287.2843	0.7539865	0.3396577	12.02883
24876	-4311.453	-4598.537	287.0847	0.9297836	0.4360168	11.94202
24882	-4309.244	-4595.534	286.2897	0.8645119	0.4287473	12.39753
24888	-4317.547	-4603.435	285.8886	0.7907936	0.3306685	12.74701
24894	-4327.581	-4611.736	284.1551	0.7043173	0.423881	13.59554
24900	-4319.057	-4605.703	286.6467	0.9226214	0.4047067	12.20469
24906	-4331.999	-4616.535	284.5359	0.5871534	0.4047067	13.47738
24912	-4339.801	-4623.587	283.7857	0.7396843	0.3852936	13.80717
24918	-4331.131	-4617.199	286.0685	0.6649711	0.3767175	12.66867
24924	-4325.582	-4613.524	287.942	0.9199703	0.3767175	11.55856
24930	-4337.567	-4622.524	284.9573	0.7435278	0.4485629	13.13518
24936	-4351.644	-4633.529	281.8854	0.8299839	0.5158464	14.62451
24942	-4309.624	-4594.589	284.9658	0.7312982	0.3406428	13.24655
24948	-4314.404	-4603.541	289.1375	0.8590589	0.389966	10.95112
24954	-4322.16	-4608.17	286.01	0.7096908	0.3769792	12.67556
24960	-4314.965	-4600.687	285.7213	0.7003947	0.3769792	12.83065
24966	-4316.619	-4602.367	285.7487	0.6729837	0.3769792	12.83065
24972	-4322.431	-4608.127	285.6958	0.6977378	0.3911696	12.83065
24978	-4318.115	-4605.076	286.9612	0.7337273	0.3871818	12.1569
24984	-4341.835	-4633.555	291.72	0.8176787	0.3871818	9.618445
24990	-4340.856	-4627.917	287.061	0.9095937	0.3110331	12.09715
24996	-4337.268	-4623.978	286.7106	0.879902	0.4523004	12.14796
25002	-4347.455	-4634.919	287.4639	0.9578957	0.3567186	11.80985
25008	-4321.452	-4604.96	283.5078	0.8671504	0.3756516	13.89517
25014	-4332.419	-4616.93	284.5118	0.8162129	0.4546624	13.32328
25020	-4317.447	-4602.926	285.4782	0.9096705	0.5370333	12.70085
25026	-4323.292	-4606.711	283.4191	0.9089351	0.6594739	13.67851
25032	-4310.262	-4594.549	284.2873	0.9346362	0.396607	13.43415
25038	-4304.099	-4589.709	285.6098	0.8437361	0.5022296	12.69583
25044	-4314.628	-4600.77	286.1422	0.8612745	0.4139842	12.49037
25050	-4318.921	-4603.466	284.545	1.101368	0.4487336	13.16331
25056	-4318.8	-4606.236	287.4359	1.008244	0.3439901	11.81215
25062	-4323.182	-4611.726	288.544	1.04015	0.3659928	11.1922
25068	-4333.74	-4621.065	287.325	0.9871806	0.4954992	11.73263
25074	-4349.732	-4633.564	283.8317	0.8202186	0.3090186	13.82553
25080	-4336.007	-4620.665	284.6583	0.9203245	0.4093514	13.23613
25086	-4327.835	-4612.943	285.1087	0.7796508	0.2667612	13.23613
25092	-4352.65	-4637.622	284.9713	0.7548895	0.3447314	13.2269
25098	-4342.126	-4628.725	286.5994	0.7402741	0.3447314	12.38737
25104	-4331.256	-4621.4	290.1438	1.073093	0.3982337	10.30237
25110	-4320.134	-4605.049	284.9152	0.9524471	0.4492629	13.0478
25116	-4309.346	-4595.178	285.8323	0.8592635	0.3657771	12.70204
25122	-4298.581	-4584.408	285.8271	0.8103995	0.3422687	12.75576
25128	-4335.08	-4619.789	284.7095	0.9855619	0.3808758	13.20441
25134	-4325.206	-4609.991	284.7855	0.7431168	0.4003163	13.27111
25140	-4318.599	-4607.932	289.3336	0.8151319	0.4554647	10.80756
25146	-4331.561	-4615.844	284.2831	0.6854372	0.4495496	13.51467
25152	-4321.952	-4608.919	286.9671	0.795506	0.4538982	12.05671
25158	-4319.376	-4605.767	286.3901	0.7917051	0.5071023	12.31235
25164	-4312.495	-4599.344	286.8495	0.6562135	0.3344818	12.31235
25170	-4315.546	-4602.133	286.5871	0.8449231	0.4174397	12.26368
25176	-4310.628	-4597.867	287.2395	0.7429914	0.4174397	11.97663
25182	-4308.383	-4598.632	290.2487	0.7906969	0.3453324	10.45191
25188	-4314.273	-4603.448	289.1753	0.8605882	0.369757	10.95165
25194	-4351.202	-4638.616	287.4141	0.9718867	0.530298	11.66455
25200	-4319.492	-4607.775	288.2834	0.8857388	0.4608998	11.31556
25206	-4317.923	-4605.024	287.1004	0.7418835	0.4608998	12.00874
25212	-4333.846	-4620.463	286.6169	0.789106	0.3860272	12.30872
25218	-4326.755	-4612.302	285.5474	0.7825368	0.3752294	12.88021
25224	-4331.832	-4618.586	286.7544	0.8653015	0.3679785	12.21617
25230	-4334.065	-4622.712	288.6465	0.878745	0.3209973	11.27334
25236	-4349.388	-4635.832	286.4439	0.820214	0.2785163	12.50532
25242	-4350.543	-4637.879	287.3357	0.8836326	0.4272749	11.84345
25248	-4330.342	-4612.927	282.585	0.7680098	0.453769	14.34862
25254	-4321.064	-4607.921	286.8567	0.8268799	0.3286697	12.22625
25260	-4330.237	-4616.744	286.5079	0.8058147	0.3182729	12.43102
25266	-4343.343	-4626.644	283.3007	0.8262854	0.5180064	13.89122
25272	-4334.635	-4621.392	286.7577	0.6854045	0.3141934	12.36839
25278	-4335.485	-4623.101	287.6163	0.7089745	0.4113081	11.80371
25284	-4332.03	-4618.262	286.2316	0.7089745	0.4113081	12.52572
25290	-4339.534	-4625.818	286.2846	0.8259153	0.327873	12.52572
25296	-4327.027	-4613.981	286.9543	0.9249678	0.3837098	12.06436
25302	-4347.743	-4634.911	287.1684	0.8056733	0.4617867	11.93915
25308	-4345.345	-4629.34	283.9953	0.7808701	0.3943724	13.66781
25314	-4347.119	-4636.38	289.2615	0.7710597	0.4046957	10.91734
25320	-4347.714	-4635.014	287.2994	0.7384459	0.4046957	11.96028
25326	-4345.492	-4630.68	285.1881	0.8098052	0.4745844	12.95706
25332	-4329.364	-4617.538	288.1737	0.8064624	0.3997598	11.47311
25338	-4318.421	-4606.453	288.0322	0.8987489	0.4258182	11.47311
25344	-4340.399	-4631.56	291.1619	0.9732644	0.4762175	9.744591
25350	-4318.021	-4607.224	289.2027	0.969884	0.4008413	10.8478
25356	-4339.043	-4626.045	287.0019	1.060357	0.2712028	12.09873
25362	-4338.226	-4622.145	283.9191	0.7319852	0.2653253	13.88035
25368	-4317.574	-4603.935	286.3613	0.8322558	0.3824617	12.42309
25374	-4320.016	-4607.001	286.9853	0.9656287	0.3824617	12.02828
25380	-4316.44	-4601.599	285.1586	0.8239838	0.2893432	13.15843
25386	-4314.295	-4600.664	286.3694	0.8423037	0.3501579	12.44805
25392	-4320.377	-4605.21	284.8328	0.7919617	0.4007967	13.2207
25398	-4337.982	-4621.248	283.266	0.9176536	0.5611393	13.82676
25404	-4323.923	-4611.889	287.9667	0.9176536	0.4319201	11.49162
25410	-4330.577	-4614.643	284.0653	0.6714131	0.4102643	13.67247
25416	-4330.665	-4614.561	283.8951	0.7983186	0.4335291	13.67247
25422	-4315.675	-4604.73	289.0549	0.804054	0.3234263	11.09581
25428	-4305.949	-4592.193	286.2446	0.72249	0.4771638	12.45032
25434	-4314.326	-4597.979	283.653	0.7644439	0.3767237	13.87204
25440	-4309.624	-4595.064	285.4402	0.7182859	0.367605	12.97739
25446	-4311.868	-4599.683	287.8145	0.8107454	0.3764389	11.68251
25452	-4324.274	-4612.983	288.7097	0.973786	0.38543	11.11978
25458	-4323.941	-4612.381	288.4404	0.8592216	0.2912287	11.42718
25464	-4327.679	-4616.046	288.3672	0.8068301	0.3491866	11.42502
25470	-4321.696	-4610.669	288.9723	0.6997461	0.4161342	11.09483
25476	-4317.241	-4605.215	287.9736	0.7915101	0.3808446	11.60485
25482	-4300.544	-4590.328	289.784	0.9077961	0.3808446	10.59606
25488	-4307.573	-4593.637	286.0638	0.8114693	0.303545	12.6768
25494	-4314.08	-4602.623	288.5423	0.9053811	0.2954221	11.34452
25500	-4320.102	-4610.01	289.908	0.8854391	0.4785753	10.44832
25506	-4315.927	-4606.727	290.8002	1.049226	0.4259423	9.942127
25512	-4311.486	-4601.613	290.1272	1.009544	0.4866024	10.26079
25518	-4321.264	-4610.357	289.0934	0.9082561	0.3757514	10.96323
25524	-4308.71	-4594.663	285.9522	0.7905094	0.4638345	12.57917
25530	-4308.362	-4593.471	285.1093	0.7567377	0.3952982	13.10082
25536	-4312.42	-4597.254	284.8334	0.7894576	0.4383523	13.18522
25542	-4326.973	-4614.646	287.6736	0.8343534	0.2983182	11.83205
25548	-4309.62	-4596.805	287.1849	0.9383495	0.4946256	11.83205
25554	-4312.282	-4597.268	284.9861	0.7962809	0.3916795	13.14796
25560	-4322.341	-4606.1	283.7597	0.7637718	0.4318317	13.76226
25566	-4310.451	-4598.745	288.2936	0.7979253	0.4821153	11.33707
25572	-4312.812	-4600.066	287.2536	0.9058436	0.5014103	11.80726
25578	-4311.547	-4599.478	287.9313	0.8301805	0.33399	11.65767
25584	-4311.202	-4598.25	287.0485	0.7520674	0.4332695	12.05626
25590	-4314.975	-4601.447	286.4726	0.6705618	0.4332695	12.39898
25596	-4319.42	-4603.152	283.7324	0.7384846	0.5386381	13.69582
25602	-4319.897	-4609.865	289.9683	0.8892593	0.3876977	10.50191
25608	-4324.532	-4612.844	288.3118	0.8790304	0.4281683	11.33496
25614	-4344.592	-4634.468	289.8762	1.016947	0.3321965	10.54356
25620	-4343.403	-4630.441	287.0384	0.8010664	0.3859677	12.08278
25626	-4336.489	-4623.155	286.6664	0.6980763	0.3802276	12.33635
25632	-4331.035	-4618.57	287.535	0.8989864	0.3297334	11.83352
25638	-4320.474	-4607.643	287.1695	1.01283	0.3297334	11.96491
25644	-4326.969	-4609.272	282.3033	1.01283	0.4637537	14.35867
25650	-4325.594	-4611.448	285.854	1.01283	0.4093731	12.56607
25656	-4344.651	-4626.614	281.9639	0.729113	0.3242883	14.82266
25662	-4345.264	-4630.426	285.1616	0.9458803	0.4628217	12.91069
25668	-4336.119	-4622.337	286.218	1.03046	0.3824114	12.39455
25674	-4316.365	-4601.797	285.4322	0.7066816	0.4466502	12.90921
25680	-4321.987	-4607.541	285.5547	0.788754	0.3418202	12.90921
25686	-4326.626	-4614.336	287.7093	0.7781052	0.4429593	11.68857
25692	-4319.701	-4607.513	287.812	0.9356168	0.3257047	11.67439
25698	-4308.508	-4596.565	288.057	0.8531974	0.4464352	11.46437
25704	-4311.995	-4597.888	285.8927	0.7517035	0.4029496	12.68821
25710	-4326.801	-4616.111	289.3097	0.8197051	0.4349109	10.83703
25716	-4320.1	-4605.874	285.7749	0.882595	0.3659574	12.71955
25722	-4325.456	-4612.435	286.979	0.7987292	0.3467958	12.15675
25728	-4331.765	-4617.534	285.7689	0.7579624	0.4348737	12.71835
25734	-4332.269	-4615.734	283.4656	0.820202	0.3895341	13.92715
25740	-4328.011	-4613.79	285.7791	0.7282466	0.3506576	12.81422
25746	-4327.657	-4617.103	289.4465	0.6909082	0.4599658	10.80939
25752	-4319.406	-4607.094	287.688	0.7832656	0.4800689	11.66313
25758	-4317.783	-4604.88	287.0974	0.670968	0.4800689	12.03002
25764	-4315.597	-4601.208	285.6111	0.8398191	0.4216021	12.77062
25770	-4313.808	-4603.535	289.7278	0.8398191	0.3531986	10.6908
25776	-4326.246	-4616.568	290.3224	0.922915	0.3850338	10.30103
25782	-4320.737	-4606.523	285.7858	0.8215167	0.293017	12.82903
25788	-4318.162	-4606.036	287.874	0.7855315	0.4344564	11.60666
25794	-4318.548	-4606.376	287.8284	0.7482912	0.4816267	11.60666
25800	-4306.546	-4594.978	288.4326	0.8639726	0.3366989	11.37493
25806	-4309.515	-4598.336	288.8211	0.9602162	0.3525417	11.1036
25812	-4338.925	-4622.494	283.5694	0.6803641	0.408127	13.92719
25818	-4330.076	-4613.446	283.3699	0.9382121	0.3781971	13.92719
25824	-4302.992	-4590.097	287.1053	0.8129966	0.3368093	12.09461
25830	-4310.683	-4596.761	286.0774	0.6297707	0.3607129	12.69928
25836	-4313.652	-4599.065	285.4128	0.6809334	0.4289571	12.94932
25842	-4311.114	-4598.754	287.6397	0.7846624	0.3851213	11.77841
25848	-4331.514	-4613.671	282.1571	0.8763394	0.3851213	14.58058
25854	-4325.416	-4611.256	285.8401	0.848291	0.3730299	12.69596
25860	-4315.663	-4601.533	285.8703	0.8181216	0.3730299	12.69596
25866	-4322.095	-4608.184	286.0897	0.7725998	0.2933477	12.69596
25872	-4322.166	-4612.069	289.9024	0.959867	0.2933477	10.60603
25878	-4314.88	-4601.105	286.2248	0.8930238	0.3501781	12.49692
25884	-4323.68	-4608.876	285.1954	0.7675866	0.3710225	13.07542
25890	-4331.955	-4617.388	285.4334	0.6896609	0.4321433	12.93103
25896	-4324.777	-4610.184	285.4065	0.7352179	0.3999469	12.95277
25902	-4324.897	-4610.28	285.3832	0.791791	0.382952	12.95277
25908	-4330.932	-4616.263	285.331	0.8270425	0.3915493	12.95277
25914	-4330.173	-4614.152	283.9796	0.6524547	0.3233524	13.8191
25920	-4332.071	-4615.755	283.6845	0.7942792	0.3973999	13.8191
25926	-4320.165	-4603.925	283.7599	0.858818	0.3294077	13.8191
25932	-4344.575	-4630.144	285.5688	0.8324124	0.4463613	12.77296
25938	-4327.539	-4613.328	285.7891	0.7092032	0.3942943	12.77296
25944	-4308.904	-4594.447	285.5428	0.7798015	0.4412932	12.81863
25950	-4313.258	-4599.441	286.1828	0.7974694	0.5186375	12.40761
25956	-4313.725	-4596.47	282.7445	0.720902	0.3703744	14.37218
25962	-4310.722	-4597.005	286.2834	0.8078536	0.3604366	12.49963
25968	-4313.788	-4599.52	285.732	0.8610526	0.3604366	12.75899
25974	-4314.16	-4604.027	289.8675	0.8567511	0.4464598	10.51405
25980	-4311.614	-4596.685	285.0715	0.7315127	0.4464598	13.08401
25986	-4330.156	-4611.977	281.8206	0.7481178	0.5293874	14.68919
25992	-4336.498	-4622.399	285.9006	0.8803707	0.436359	12.5847
25998	-4317.613	-4601.55	283.9368	0.9339066	0.5581428	13.47257
26004	-4327.414	-4616.046	288.6323	0.9902386	0.5920788	10.96841
26010	-4320.319	-4607.764	287.4458	1.037391	0.4264708	11.70647
26016	-4332.738	-4620.452	287.7141	0.8165792	0.3395184	11.77199
26022	-4331.979	-4618.381	286.4022	0.8186314	0.3782754	12.41322
26028	-4315.975	-4600.693	284.7182	0.8137501	0.3782754	13.29186
26034	-4313.51	-4599.249	285.7396	0.7246338	0.4439976	12.74239
26040	-4334.385	-4621.823	287.4385	0.7726364	0.393644	11.88099
26046	-4331.481	-4618.29	286.8096	0.8956137	0.366033	12.17366
26052	-4325.025	-4610.946	285.921	0.7775096	0.366033	12.69811
26058	-4348.517	-4631.766	283.2492	0.803383	0.4051245	14.03241
26064	-4322.585	-4608.73	286.1447	0.6756807	0.4278873	12.57225
26070	-4318.669	-4607.542	288.8735	0.8109959	0.4724321	11.03536
26076	-4327.439	-4612.618	285.1795	0.6540045	0.4080871	13.10494
26082	-4332.877	-4621.212	288.3346	0.8927623	0.5472701	11.21072
26088	-4315.176	-4600.478	285.3022	0.9201218	0.4247173	12.88653
26094	-4317.188	-4605.116	287.928	0.8450313	0.4083935	11.57271
26100	-4310.809	-4598.673	287.8641	0.9332702	0.3957265	11.57271
26106	-4320.511	-4609.214	288.7021	0.9049141	0.3098265	11.2437
26112	-4313.319	-4601.118	287.7994	0.8869781	0.4084564	11.61791
26118	-4321.29	-4609.304	288.0142	0.8322633	0.3964477	11.54633
26124	-4322.608	-4605.715	283.1069	0.7086719	0.465002	14.09872
26130	-4316.254	-4603.283	287.0293	0.7384424	0.4743232	12.03547
26136	-4309.586	-4594.671	285.0845	0.7111591	0.4246123	13.10851
26142	-4323.216	-4607.06	283.844	0.7675246	0.3494801	13.80045
26148	-4324.486	-4610.547	286.0609	0.9106769	0.3313999	12.59407
26154	-4312.35	-4600.595	288.2451	0.9267332	0.3688813	11.40486
26160	-4301.267	-4586.949	285.6818	0.8555302	0.353989	12.79496
26166	-4318.437	-4602.769	284.3313	0.8756184	0.4529688	13.38776
26172	-4314.937	-4603.715	288.7785	0.8815645	0.3686232	11.14969
26178	-4309.266	-4593.941	284.675	0.8127736	0.470734	13.22573
26184	-4316.529	-4601.964	285.4353	0.8657165	0.4456583	12.82578
26190	-4326.351	-4614.418	288.0667	0.8657165	0.4471162	11.45214
26196	-4350.566	-4637.373	286.8073	0.668645	0.4488883	12.21084
26202	-4361.264	-4647.562	286.2978	0.8026056	0.3494451	12.50681
26208	-4369.057	-4654.985	285.9275	0.9490727	0.4449812	12.5268
26214	-4340.371	-4630.466	290.0951	0.9669248	0.507698	10.28164
26220	-4317.688	-4603.289	285.6004	0.9163233	0.3987748	12.75887
26226	-4310.302	-4596.828	286.5262	0.8803765	0.3607545	12.33499
26232	-4302.047	-4586.26	284.2133	0.8912257	0.4496599	13.444
26238	-4322.448	-4609.765	287.3168	0.7654785	0.4780932	11.86797
26244	-4326.698	-4610.704	284.0064	0.7172066	0.4789089	13.61531
26250	-4317.403	-4606.023	288.6194	0.7727955	0.3930363	11.2644
26256	-4327.854	-4613.722	285.8682	0.8239918	0.5102852	12.56472
26262	-4324.659	-4612.56	287.9004	0.9594865	0.373526	11.56298
26268	-4315.722	-4603.598	287.8761	0.806201	0.4687688	11.56298
26274	-4322.989	-4606.285	283.2961	0.8094573	0.3899579	14.02017
26280	-4311.397	-4598.403	287.0058	0.8536358	0.4000417	12.05805
26286	-4315.302	-4600.641	285.339	0.923952	0.4530974	12.8387
26292	-4335.966	-4623.234	287.2675	0.9238102	0.4141159	11.87091
26298	-4329.453	-4617	287.5468	0.8767323	0.3026006	11.87091
26304	-4316.169	-4604.442	288.2723	0.9977392	0.6080786	11.14081
26310	-4325.435	-4610.003	284.568	0.9634973	0.4659335	13.20728
26316	-4314.749	-4599.583	284.8341	0.8736396	0.4709745	13.11116
26322	-4322.648	-4608.953	286.3057	0.8802801	0.3439663	12.46828
26328	-4323.72	-4608.407	284.687	0.8394585	0.3769903	13.29607
26334	-4333.039	-4619.683	286.6443	0.860742	0.3696677	12.2742
26340	-4319.644	-4606.991	287.347	0.855558	0.4705831	11.8119
26346	-4317.218	-4605.955	288.7367	0.8547803	0.4554204	11.09956
26352	-4320.99	-4610.262	289.2721	0.8508629	0.4873975	10.79223
26358	-4321.798	-4609.734	287.9362	0.8572863	0.3887563	11.58185
26364	-4319.631	-4608.769	289.1378	0.9037194	0.4547673	10.86444
26370	-4319.586	-4606.301	286.7149	0.8504935	0.4211176	12.19055
26376	-4327.342	-4615.391	288.0498	0.8059516	0.3936612	11.5443
26382	-4316.023	-4599.103	283.0796	0.6405437	0.3482351	14.26394
26388	-4315.625	-4605.292	289.6667	0.8136794	0.3482351	10.74206
26394	-4319.069	-4605.961	286.8923	0.7986569	0.4434278	12.10385
26400	-4321.06	-4609.134	288.0741	0.9151089	0.3942334	11.47394
26406	-4313.507	-4599.673	286.1663	0.8558831	0.3942334	12.50031
26412	-4321.782	-4609.355	287.5727	0.8558831	0.4848966	11.68111
26418	-4324.881	-4610.665	285.7842	0.967821	0.456508	12.58098
26424	-4332.93	-4619.09	286.1598	0.8673729	0.3956179	12.49631
26430	-4331.982	-4618.333	286.3512	0.8186094	0.3266234	12.49631
26436	-4332.028	-4619.345	287.3178	0.8186094	0.3490164	11.96719
26442	-4345.038	-4634.792	289.7546	0.857314	0.4611286	10.55942
26448	-4336.312	-4622.6	286.2886	0.8313158	0.486727	12.36224
26454	-4332.138	-4617.293	285.1554	0.8382489	0.3534849	13.07831
26460	-4346.295	-4628.469	282.1744	0.8703696	0.5121591	14.45704
26466	-4339.998	-4623.539	283.5412	0.7758819	0.4660525	13.83772
26472	-4341.444	-4627.144	285.6997	0.6769759	0.3718292	12.85943
26478	-4336.975	-4624.801	287.8267	0.8732157	0.2995432	11.73031
26484	-4337.292	-4625.751	288.4595	0.8691048	0.3725476	11.31897
26490	-4332.72	-4621.977	289.2575	0.8925079	0.3844665	10.87641
26496	-4320.395	-4609.846	289.4508	0.8065251	0.4463058	10.75921
26502	-4313.786	-4600.112	286.3261	1.031627	0.4330645	12.28735
26508	-4315.98	-4605.027	289.0476	0.9925016	0.4094619	10.90863
26514	-4321.98	-4611.118	289.1377	0.8702753	0.3652693	10.9711
26520	-4325.37	-4608.806	283.4361	0.7941132	0.4301425	13.91599
26526	-4327.726	-4611.228	283.502	0.9237253	0.3322174	13.91599
26532	-4324.395	-4612.523	288.1279	0.8414947	0.4126658	11.46586
26538	-4328.953	-4613.799	284.8454	0.8635596	0.3894367	13.18838
26544	-4325.063	-4613.079	288.0157	0.801056	0.3283157	11.63529
26550	-4327.733	-4614.765	287.0311	0.8181717	0.3354933	12.13206
26556	-4325.707	-4614.015	288.308	0.703253	0.405456	11.4511
26562	-4320.567	-4609.372	288.8048	0.7767682	0.3879751	11.17052
26568	-4310.819	-4597.957	287.1385	0.8837291	0.4496794	11.92518
26574	-4307.145	-4597.348	290.2035	0.9228982	0.3727331	10.37642
26580	-4307.369	-4594.851	287.4823	0.7676401	0.3624567	11.89334
26586	-4309.045	-4597.52	288.4748	0.8818818	0.3706217	11.30632
26592	-4301.071	-4586.973	285.9019	0.8642986	0.5116718	12.525
26598	-4311.635	-4599.03	287.3946	0.9038019	0.3401155	11.89254
26604	-4339.222	-4627.667	288.4449	0.8569004	0.4270486	11.27796
26610	-4310.008	-4597.737	287.7296	0.9079879	0.4845204	11.57228
26616	-4308.775	-4595.335	286.5598	0.9439585	0.3889483	12.25475
26622	-4327.939	-4612.047	284.1084	0.6943389	0.4335124	13.61575
26628	-4341.825	-4631.684	289.859	0.9776224	0.3421029	10.562
26634	-4296.918	-4582.548	285.6298	0.803726	0.4181052	12.78303
26640	-4314.487	-4605.059	290.5717	0.919844	0.487854	10.07308
26646	-4315.856	-4603.285	287.4289	0.7602874	0.4559157	11.83225
26652	-4306.749	-4596.981	290.232	0.87684	0.4733202	10.28734
26658	-4305.04	-4595.237	290.197	0.8502271	0.3986848	10.39104
26664	-4300.819	-4592.29	291.4714	1.004914	0.3909417	9.646874
26670	-4295.13	-4583.154	288.0247	0.7927058	0.4255427	11.53271
26676	-4296.417	-4585.797	289.3799	0.7915889	0.359365	10.89176
26682	-4307.396	-4593.596	286.2005	0.8852822	0.3771945	12.4847
26688	-4300.39	-4586.734	286.3441	0.8320255	0.3339255	12.4847
26694	-4297.637	-4583.797	286.1599	0.9118871	0.3842109	12.4847
26700	-4302.268	-4588.035	285.7665	0.7689553	0.4023103	12.74555
26706	-4291.452	-4582	290.548	0.8880386	0.3763057	10.20988
26712	-4297.63	-4586.069	288.4389	0.8543546	0.3093496	11.40842
26718	-4307.315	-4592.856	285.5415	0.9060113	0.3202146	12.87968
26724	-4292.221	-4579.482	287.2608	0.767369	0.3202146	12.0563
26730	-4301.988	-4589.265	287.2771	0.8103207	0.2943946	12.0563
26736	-4302.833	-4590.034	287.2012	0.8482236	0.3107979	12.0563
26742	-4295.762	-4581.659	285.8974	0.8318586	0.4279194	12.61964
26748	-4305.395	-4592.453	287.0588	0.8724884	0.5003113	11.92735
26754	-4336.039	-4617.471	281.4319	0.8923977	0.3773675	14.95557
26760	-4310.38	-4597.628	287.2473	0.8201582	0.426932	11.92309
26766	-4319.625	-4603.928	284.3031	0.6941368	0.461343	13.489
26772	-4308.484	-4594.516	286.0315	0.7391033	0.3629821	12.66384
26778	-4312.941	-4599.926	286.9858	0.7524428	0.3772227	12.14462
26784	-4323.33	-4610.502	287.1723	0.8028349	0.4019749	11.99576
26790	-4304.786	-4591.553	286.7672	0.6616665	0.4186397	12.26415
26796	-4314.366	-4602.159	287.7926	0.736726	0.4102431	11.6982
26802	-4327.492	-4618.3	290.8087	1.001601	0.3616125	10.02878
26808	-4322.874	-4614.259	291.3847	0.9020644	0.3616125	9.777881
26814	-4324.648	-4610.99	286.3422	0.9020644	0.3259261	12.45833
26820	-4323.304	-4611.097	287.7926	0.8602247	0.4827625	11.56585
26826	-4315.554	-4603.149	287.5948	0.8301938	0.3992569	11.76367
26832	-4299.669	-4588.956	289.2868	0.8528851	0.3992569	10.86666
26838	-4294.631	-4582.361	287.7299	0.8397813	0.3309569	11.76132
26844	-4300.326	-4590.07	289.7434	0.8397813	0.5003728	10.53947
26850	-4302.228	-4593.61	291.3818	1.023321	0.3441587	9.734757
26856	-4298.825	-4585.508	286.6834	0.8435086	0.3227545	12.31469
26862	-4306.333	-4598.445	292.1125	0.9026135	0.4612347	9.293865
26868	-4298.223	-4587.597	289.3745	1.130079	0.5875108	10.50933
26874	-4280.309	-4566.736	286.4269	0.8984245	0.4872402	12.25477
26880	-4288.43	-4574.317	285.887	0.7838406	0.4501698	12.62907
26886	-4290.626	-4579.267	288.6413	0.8271831	0.4297378	11.18817
26892	-4307.586	-4594.925	287.3383	0.8058336	0.397919	11.91165
26898	-4292.148	-4579.553	287.4049	0.8058336	0.3504314	11.92685
26904	-4300.034	-4587.187	287.1526	0.8747017	0.445014	11.92685
26910	-4299.732	-4590.02	290.2889	0.8747017	0.445014	10.28464
26916	-4294.239	-4580.529	286.2895	0.7758543	0.4368256	12.43615
26922	-4302.352	-4590.957	288.6055	0.7315012	0.4827214	11.2081
26928	-4297.363	-4585.503	288.1409	0.7792125	0.3525754	11.55405
26934	-4299.4	-4583.766	284.3663	0.8236529	0.4827089	13.36981
26940	-4289.034	-4575.678	286.6445	0.7528116	0.3343726	12.36896
26946	-4296.447	-4582.498	286.0505	0.788038	0.4700433	12.52367
26952	-4302.079	-4586.199	284.1194	0.7988417	0.40891	13.5796
26958	-4305.213	-4593.636	288.4234	0.9443209	0.3506411	11.32214
26964	-4314.636	-4605.353	290.7173	0.9225096	0.4357148	10.04303
26970	-4330.558	-4614.726	284.1686	0.8182658	0.4058716	13.54695
26976	-4336.606	-4620.739	284.1336	0.8182658	0.4244939	13.54695
26982	-4320.172	-4607.023	286.851	0.9948714	0.4485092	12.01825
26988	-4327.254	-4613.845	286.5908	0.7855195	0.41067	12.29935
26994	-4320.635	-4606.382	285.7468	0.8081126	0.41067	12.72718
27000	-4324.708	-4613.023	288.3149	0.8443473	0.41067	11.36853
27006	-4323.725	-4611.501	287.7753	0.8702234	0.366621	11.6823
27012	-4332.46	-4620.94	288.48	1.023482	0.5075226	11.0993
27018	-4325.15	-4609.546	284.3961	0.7046646	0.4165394	13.47733
27024	-4321.646	-4608.804	287.1578	0.9006436	0.4864847	11.873
27030	-4306.267	-4597.884	291.6169	0.9033858	0.4311012	9.583594
27036	-4300.889	-4592.654	291.7652	0.8335199	0.3897361	9.583594
27042	-4311.042	-4600.49	289.4486	0.9839013	0.4930499	10.62493
27048	-4303.48	-4594.716	291.2359	1.084367	0.4235325	9.696453
27054	-4305.063	-4596.355	291.2924	0.9883911	0.4876466	9.657564
27060	-4307.746	-4597.186	289.44	0.7748914	0.4580439	10.7705
27066	-4310.537	-4598.998	288.4607	0.9309756	0.3364687	11.3254
27072	-4309.243	-4594.839	285.596	0.8191206	0.398731	12.81179
27078	-4310.267	-4593.938	283.6706	0.7214228	0.4542906	13.80951
27084	-4321.157	-4608.924	287.7673	0.8671892	0.4303266	11.6237
27090	-4316.853	-4607.856	291.003	0.9919452	0.4270319	9.864445
27096	-4320.068	-4609.984	289.9153	1.017172	0.2890865	10.57451
27102	-4318.158	-4609.117	290.9592	1.009629	0.400255	9.904805
27108	-4311.309	-4598.489	287.18	0.9182835	0.3359268	12.00172
27114	-4318.459	-4608.538	290.0792	0.9883013	0.449185	10.33122
27120	-4325.656	-4613.388	287.7316	0.8693619	0.5829423	11.51005
27126	-4317.944	-4605.875	287.9309	0.7794177	0.4966587	11.5236
27132	-4308.704	-4594.56	285.8557	0.8071846	0.4251996	12.65682
27138	-4310.253	-4599.94	289.6865	0.9156356	0.3637784	10.6612
27144	-4298.813	-4586.016	287.2032	0.7610293	0.4249764	11.9788
27150	-4301.116	-4589.721	288.6049	0.8160585	0.3257121	11.32238
27156	-4306.148	-4595.296	289.1473	0.8350968	0.4589244	10.89161
27162	-4313.751	-4601.919	288.1682	0.8217677	0.3458482	11.52494
27168	-4309.078	-4595.866	286.7873	0.9983932	0.5646949	11.95009
27174	-4300.047	-4589.18	289.1333	0.833783	0.3311656	11.03026
27180	-4296.237	-4581.057	284.82	0.8753781	0.4377019	13.14817
27186	-4316.159	-4599.51	283.3514	0.7897513	0.3937776	13.99783
27192	-4328.11	-4614.699	286.5893	0.8501026	0.3959133	12.28125
27198	-4333.456	-4618.829	285.3729	0.8894331	0.4546106	12.8376
27204	-4320.288	-4607.022	286.7342	0.9074789	0.3898462	12.18194
27210	-4314.379	-4602.889	288.5104	0.8938065	0.3837424	11.26767
27216	-4314.697	-4602.735	288.0381	0.8149519	0.4228105	11.51672
27222	-4310.758	-4595.367	284.609	0.772656	0.3866523	13.36128
27228	-4305.442	-4597.233	291.7918	1.046956	0.4688103	9.380091
27234	-4314.446	-4602.683	288.2375	0.8178676	0.2832849	11.5648
27240	-4314.382	-4603.503	289.1211	0.8557826	0.484347	10.87155
27246	-4304.402	-4590.161	285.7586	0.8346156	0.4048007	12.71302
27252	-4307.429	-4593.581	286.152	0.9067946	0.4224226	12.45333
27258	-4299.153	-4587.312	288.1587	0.8502865	0.3644636	11.49472
27264	-4300.254	-4590.442	290.1889	0.8751312	0.3644636	10.41802
27270	-4318.344	-4607.009	288.6642	0.8702503	0.3644636	11.21987
27276	-4307.464	-4597.581	290.1171	0.9254739	0.3644636	10.42927
27282	-4306.328	-4594.654	288.3257	0.865506	0.4194805	11.34318
27288	-4312.916	-4601.226	288.3103	0.7987989	0.4099101	11.39554
27294	-4310.046	-4595.72	285.6735	0.8085451	0.3866278	12.78927
27300	-4300.582	-4588.465	287.8827	0.9118628	0.3866278	11.58349
27306	-4299.778	-4584.44	284.6619	0.7934084	0.3735788	13.3366
27312	-4302.324	-4590.421	288.0977	0.8974426	0.3735788	11.49227
27318	-4306.985	-4595.919	288.9342	0.9624046	0.4440453	10.95035
27324	-4287.867	-4574.875	287.008	0.8985979	0.3114736	12.12999
27330	-4290.216	-4575.403	285.1868	0.8283425	0.4202069	12.99865
27336	-4312.414	-4600.418	288.0047	0.749519	0.4349228	11.55676
27342	-4292.94	-4580.184	287.2439	0.7981296	0.4124292	11.95047
27348	-4295.707	-4583.777	288.0693	0.8842902	0.4124292	11.47437
27354	-4300.632	-4589.9	289.2672	0.818987	0.3524717	10.944
27360	-4313.346	-4603.33	289.9838	1.033534	0.3978395	10.40765
27366	-4313.18	-4603.702	290.5214	0.8786631	0.4160565	10.18826
27372	-4319.587	-4607.934	288.3466	0.9778831	0.4291704	11.26407
27378	-4303.842	-4594.382	290.5397	0.9657274	0.4562216	10.09441
27384	-4306.596	-4596.543	289.9463	0.9089676	0.3669584	10.52496
27390	-4305.243	-4593.393	288.1497	0.9326537	0.426756	11.39305
27396	-4302.621	-4592.333	289.7127	0.9455755	0.4712569	10.52586
27402	-4308.001	-4594.023	286.0223	0.7405761	0.4741783	12.55933
27408	-4311.796	-4601.76	289.9639	0.900276	0.4522712	10.43517
27414	-4306.534	-4595.98	289.4461	0.8982356	0.3338884	10.82949
27420	-4312.837	-4601.695	288.8575	0.8916717	0.4486904	11.02327
27426	-4320.518	-4611.966	291.4481	1.027258	0.3163949	9.729815
27432	-4310.121	-4601.364	291.2431	0.8892734	0.4940561	9.730186
27438	-4311.646	-4602.769	291.1228	0.9495917	0.3796104	9.871554
27444	-4308.251	-4598.758	290.5074	0.9631872	0.3796104	10.18826
27450	-4318.359	-4602.404	284.0458	0.7078759	0.4187206	13.65541
27456	-4310.116	-4594.339	284.223	0.7603884	0.4187206	13.53615
27462	-4310.761	-4594.846	284.0856	0.8512213	0.4441887	13.53615
27468	-4320.267	-4609.327	289.0602	0.8210182	0.3750459	11.02708
27474	-4301.315	-4589.563	288.248	0.8824216	0.399331	11.39497
27480	-4307.309	-4591.634	284.3253	0.6897396	0.4030479	13.53515
27486	-4304.004	-4596.706	292.7023	1.062904	0.3793747	8.977954
27492	-4296.992	-4585.775	288.7832	0.9780503	0.4122395	11.05196
27498	-4294.065	-4580.111	286.0464	0.7923217	0.4181822	12.57205
27504	-4293.952	-4580.673	286.721	0.8882386	0.4808992	12.11231
27510	-4306.778	-4594.191	287.4124	0.784817	0.4777967	11.80823
27516	-4309.884	-4596.336	286.4517	0.940068	0.6230393	12.11104
27522	-4298.031	-4585.747	287.7166	0.8031774	0.3733155	11.74088
27528	-4305.904	-4592.657	286.7532	0.9837312	0.3733155	12.14942
27534	-4317.391	-4604.226	286.8352	0.7804314	0.4367372	12.14942
27540	-4316.6	-4604.066	287.4652	0.9782094	0.4699359	11.6867
27546	-4312.985	-4601.049	288.0634	0.7773524	0.411848	11.53389
27552	-4309.85	-4595.145	285.2948	0.7923128	0.4689391	12.91571
27558	-4301.67	-4588.295	286.6245	0.8581943	0.4322925	12.22295
27564	-4313.38	-4600.32	286.9399	0.6849509	0.3654423	12.21619
27570	-4313.538	-4601.623	288.0844	0.856887	0.4520197	11.44289
27576	-4297.865	-4586.749	288.8843	0.9389317	0.3839681	11.04811
27582	-4319.468	-4607.924	288.4559	0.953403	0.3520755	11.2988
27588	-4323.811	-4612.083	288.2722	0.9178274	0.4673242	11.2988
27594	-4335.425	-4621.534	286.1087	0.8903436	0.3934014	12.51322
27600	-4322.766	-4610.41	287.6437	0.7973742	0.4070741	11.74742
27606	-4317.332	-4605.158	287.8257	0.7931534	0.3207117	11.74742
27612	-4316.157	-4601.495	285.3371	0.7806061	0.4119453	12.95335
27618	-4332.169	-4620.358	288.1895	0.9646579	0.5282615	11.26466
27624	-4331.504	-4617.55	286.0456	0.7528661	0.5539647	12.47333
27630	-4316.169	-4603.14	286.9713	0.973871	0.4003924	12.01297
27636	-4312.087	-4597.935	285.8475	0.7819475	0.3424735	12.75968
27642	-4307.655	-4593.118	285.4623	0.9011375	0.4827652	12.75968
27648	-4304.243	-4590.038	285.7954	0.6672398	0.4265877	12.75968
27654	-4315.402	-4598.914	283.512	0.7685358	0.4011694	13.91814
27660	-4318.796	-4605.557	286.7615	0.7658541	0.3924265	12.23889
27666	-4324.358	-4613.543	289.1854	0.8908059	0.4728591	10.82972
27672	-4324.506	-4611.959	287.4527	0.9553443	0.4544954	11.71928
27678	-4333.048	-4622.903	289.8546	0.9177908	0.3254545	10.61469
27684	-4306.809	-4595.238	288.4285	0.8006518	0.3863636	11.35653
27690	-4313.432	-4602.366	288.9342	0.8784117	0.4825334	10.95924
27696	-4318.833	-4604.447	285.6139	0.8238491	0.3050838	12.90258
27702	-4315.03	-4599.218	284.1873	0.7904047	0.4493353	13.51012
27708	-4318.045	-4601.989	283.9438	0.8040767	0.3802102	13.697
27714	-4317.516	-4605.333	287.8174	0.8117559	0.3299572	11.73137
27720	-4312.796	-4594.012	281.2158	0.9081699	0.4347685	15.00252
27726	-4302.971	-4593.876	290.9047	1.052974	0.4486606	9.863437
27732	-4299.903	-4588.882	288.9796	0.8738071	0.4143972	11.00155
27738	-4312.087	-4596.215	284.1279	0.7339163	0.4466943	13.57276
27744	-4327.452	-4613.943	286.4908	0.8700117	0.3529429	12.36733
27750	-4322.528	-4608.718	286.1906	0.7412836	0.3759737	12.56612
27756	-4320.461	-4608.003	287.5417	1.00286	0.4804611	11.62447
27762	-4305.444	-4589.716	284.2724	0.8106044	0.4935222	13.41593
27768	-4308.549	-4596.831	288.2827	0.8106044	0.4163514	11.39742
27774	-4299.52	-4586.161	286.6416	0.7559005	0.5189296	12.18989
27780	-4304.675	-4593.031	288.3559	0.9079204	0.5201041	11.21411
27786	-4307.438	-4592.72	285.2829	0.7611998	0.4826359	12.92591
27792	-4325.387	-4609.972	284.5848	0.7445211	0.2945924	13.49135
27798	-4314.523	-4603.754	289.2306	0.9265228	0.3899462	10.86699
27804	-4321.976	-4609.473	287.4971	0.923229	0.3063621	11.86808
27810	-4337.137	-4624.573	287.4353	0.776769	0.2869679	12.00052
27816	-4341.463	-4627.957	286.4936	0.8833016	0.274465	12.45174
27822	-4316.023	-4598.991	282.9681	0.8169651	0.3661543	14.211
27828	-4308.071	-4596.19	288.1191	0.7772245	0.3661543	11.55181
27834	-4313.878	-4599.84	285.9625	0.811059	0.4610864	12.56561
27840	-4316.048	-4601.852	285.8043	0.8350939	0.419637	12.67442
27846	-4304.481	-4595.235	290.7547	0.8664263	0.3593328	10.13075
27852	-4314.709	-4601.165	286.4568	0.7162938	0.4775572	12.34262
27858	-4310.361	-4599.835	289.4736	0.9072757	0.3410169	10.80228
27864	-4307.758	-4595.076	287.3181	0.7974219	0.488958	11.84103
27870	-4314.706	-4603.322	288.6157	0.9370514	0.4826023	11.09527
27876	-4321.091	-4608.183	287.0919	0.7811258	0.3782785	12.07322
27882	-4318.29	-4605.332	287.042	0.7929338	0.3976655	12.07322
27888	-4309.673	-4596.137	286.4638	0.7485969	0.4008708	12.39451
27894	-4312.994	-4598.646	285.6517	0.6543706	0.4351219	12.83304
27900	-4327.163	-4615.976	288.8134	0.9950837	0.4452134	10.99541
27906	-4314.76	-4603.125	288.3651	0.9297134	0.3714528	11.33782
27912	-4316.05	-4602.137	286.0868	0.8356763	0.3967223	12.54971
27918	-4312.16	-4596.853	284.6935	0.6966041	0.3956168	13.34778
27924	-4312.773	-4597.581	284.8081	0.6954204	0.3400389	13.34778
27930	-4308.623	-4592.288	283.6648	0.79717	0.3515445	13.87577
27936	-4304.022	-4592.453	288.4316	1.03855	0.52327	11.10341
27942	-4302.394	-4588.926	286.5319	1.046509	0.4370621	12.16853
27948	-4298.964	-4585.124	286.1601	0.7416624	0.3871303	12.57026
27954	-4301.342	-4587.411	286.069	0.7970002	0.4269844	12.54934
27960	-4315.225	-4600.202	284.9769	0.8000922	0.4269844	13.11592
27966	-4315.595	-4600.587	284.9917	0.7911681	0.4238171	13.11592
27972	-4306.406	-4594.024	287.6185	0.9946379	0.4955378	11.57539
27978	-4327.044	-4615.344	288.3	1.027817	0.308971	11.3908
27984	-4309.845	-4592.483	282.638	0.8054058	0.3842769	14.36914
27990	-4312.156	-4599.063	286.9076	0.7913609	0.3637051	12.17942
27996	-4318.358	-4604.409	286.0514	0.9064995	0.3709929	12.55781
28002	-4308.43	-4598.865	290.4348	0.9450656	0.4536083	10.16289
28008	-4305.224	-4596.082	290.8573	0.9942541	0.427453	9.939575
28014	-4302.683	-4589.906	287.2229	0.9040699	0.3623823	11.9576
28020	-4311.044	-4597.011	285.9674	0.7843012	0.453736	12.58372
28026	-4303.717	-4590.967	287.2494	0.7720231	0.4681303	11.90866
28032	-4307.384	-4594.256	286.8722	0.8961572	0.4676889	12.04113
28038	-4315.021	-4601.877	286.8553	0.9814815	0.4540012	12.01793
28044	-4297.894	-4583.769	285.8747	0.8808675	0.408488	12.62487
28050	-4302.821	-4590.224	287.4038	0.8353089	0.408488	11.85146
28056	-4303.487	-4589.822	286.3353	0.8084679	0.39669	12.43451
28062	-4326.672	-4615.741	289.0692	0.9256043	0.4324151	10.90994
28068	-4332.493	-4619.722	287.2288	0.8557025	0.3516175	11.99146
28074	-4313.034	-4596.177	283.1433	0.8129905	0.3089241	14.18637
28080	-4305.433	-4592.722	287.2895	0.8181268	0.4087793	11.91983
28086	-4318.275	-4606.735	288.4597	0.91196	0.3827257	11.2858
28092	-4307.812	-4595.182	287.3698	0.7999754	0.3960401	11.90016
28098	-4316.896	-4603.334	286.4379	0.7275913	0.3862839	12.43377
28104	-4329.348	-4614.22	284.8715	0.8070899	0.4153975	13.1783
28110	-4314.786	-4602.829	288.0429	0.7978439	0.3698889	11.57684
28116	-4313.137	-4598.384	285.2469	0.8786669	0.4822618	12.88388
28122	-4309.713	-4595.753	286.0402	0.9287409	0.3944602	12.52781
28128	-4311.372	-4598.204	286.8318	0.8547966	0.4492122	12.1007
28134	-4323.483	-4609.071	285.5874	0.8204053	0.3633891	12.85223
28140	-4327.765	-4613.31	285.5445	0.7989877	0.442928	12.80619
28146	-4325.45	-4615.93	290.4801	1.133978	0.494817	10.00248
28152	-4319.66	-4604.904	285.244	0.9937546	0.4367162	12.86706
28158	-4312.139	-4595.97	283.8315	0.8395759	0.3114705	13.81271
28164	-4324.399	-4612.96	288.5606	0.9286957	0.3864325	11.2204
28170	-4310.816	-4601.266	290.4503	0.9493838	0.5181448	10.09517
28176	-4313.312	-4602.349	289.0372	0.801341	0.3668718	11.05812
28182	-4315.054	-4603.979	288.9249	0.801341	0.3588328	11.12558
28188	-4313.105	-4603.124	290.0196	0.8853374	0.294759	10.58189
28194	-4305.501	-4594.93	289.4288	0.849847	0.3880232	10.8053
28200	-4303.619	-4593.927	290.3082	0.8321865	0.4415532	10.30009
28206	-4303.518	-4591.01	287.4916	0.7511581	0.4137721	11.84437
28212	-4314.189	-4602.017	287.8286	0.6942713	0.4137721	11.6981
28218	-4298.625	-4588.182	289.5571	0.8451643	0.3315735	10.8018
28224	-4299.875	-4586.07	286.1952	0.8505888	0.4240931	12.4585
28230	-4296.845	-4582.579	285.7336	0.7809302	0.3889365	12.77
28236	-4297.079	-4582.699	285.6205	0.8688744	0.3325405	12.84374
28242	-4307.242	-4596.531	289.2881	1.026264	0.3717077	10.80365
28248	-4297.239	-4586.707	289.4683	0.9172813	0.337629	10.80365
28254	-4305.456	-4591.291	285.8354	0.7501692	0.337629	12.78795
28260	-4305.236	-4589.826	284.5893	0.7502441	0.3759168	13.39429
28266	-4320.929	-4605.412	284.4834	0.8560584	0.3759168	13.39429
28272	-4308.839	-4593.106	284.2672	0.8673495	0.4819691	13.39924
28278	-4303.234	-4588.302	285.0686	0.8843727	0.4819691	12.9739
28284	-4306.012	-4593.938	287.9262	0.8807786	0.3480285	11.61815
28290	-4312.754	-4596.995	284.2416	0.7161867	0.4087417	13.5592
28296	-4307.737	-4593.118	285.3811	0.8094458	0.3305492	13.00141
28302	-4304.865	-4590.168	285.3024	0.7661262	0.3895181	13.00141
28308	-4314.59	-4602.301	287.7108	0.8508738	0.5272532	11.5753
28314	-4320.664	-4608.129	287.465	0.8755346	0.4832791	11.72853
28320	-4322.509	-4606.063	283.5541	0.7415897	0.4586645	13.8555
28326	-4322.564	-4608.974	286.41	0.7395224	0.3913881	12.43688
28332	-4306.722	-4594.306	287.5839	0.756171	0.3519284	11.8577
28338	-4318.277	-4606.157	287.8805	0.6489719	0.3374384	11.77494
28344	-4312.032	-4599.757	287.7256	0.7034913	0.3861133	11.77494
28350	-4314.701	-4602.372	287.6709	0.7162214	0.3508674	11.83433
28356	-4310.429	-4596.587	286.1585	0.9961988	0.5559288	12.28618
28362	-4311.943	-4601.276	289.3335	0.8912933	0.389255	10.83225
28368	-4305.38	-4594.033	288.6533	0.8544051	0.3766011	11.22099
28374	-4294.124	-4580.821	286.6975	0.8544051	0.4610787	12.16001
28380	-4292.661	-4578.245	285.5847	0.7673064	0.3612336	12.88358
28386	-4302.675	-4587.605	284.9306	0.8920443	0.3339563	13.18883
28392	-4290.204	-4576.62	286.4165	0.7983264	0.4616169	12.33523
28398	-4301.174	-4588.459	287.2843	0.7364672	0.4079336	11.96599
28404	-4312.002	-4601.686	289.6843	0.9287093	0.2863701	10.74553
28410	-4309.256	-4599.769	290.513	0.9451273	0.325956	10.254
28416	-4311.006	-4598.587	287.5803	0.8335389	0.3636118	11.80654
28422	-4306.652	-4595.693	289.0412	0.7680526	0.3283025	11.1162
28428	-4308.818	-4597.801	288.9834	0.9616527	0.4140774	10.95382
28434	-4304.75	-4592.633	287.8828	0.8307026	0.3994639	11.61275
28440	-4309.216	-4594.35	285.1337	0.9310038	0.4203412	12.97272
28446	-4312.277	-4597.636	285.3591	0.7056169	0.4203412	12.97272
28452	-4309.693	-4595.504	285.8118	0.7718979	0.3557971	12.76887
28458	-4303.05	-4592.482	289.4325	0.8168009	0.3557971	10.85489
28464	-4302.184	-4589.804	287.6204	0.8168009	0.3643841	11.79351
28470	-4316.25	-4600.109	283.8593	0.6941499	0.3122794	13.87275
28476	-4316.123	-4601.96	285.837	0.7686368	0.3828437	12.72884
28482	-4314.875	-4603.166	288.2908	0.7616989	0.3089647	11.53473
28488	-4310.012	-4595.639	285.627	0.7713167	0.4068123	12.81247
28494	-4311.738	-4600.117	288.3789	0.9519257	0.4457397	11.24501
28500	-4309.462	-4597.582	288.1195	0.9518163	0.449721	11.37707
28506	-4317.966	-4606.07	288.1043	0.9035457	0.449721	11.41025
28512	-4322.72	-4609.977	287.2573	0.7912411	0.4053932	11.95405
28518	-4315.043	-4602.809	287.7662	0.8550713	0.4053932	11.65499
28524	-4298.833	-4586.643	287.8108	0.796929	0.4125327	11.65499
28530	-4302.813	-4590.038	287.2252	0.8081776	0.4527641	11.9165
28536	-4305.007	-4592.725	287.7174	0.7953581	0.3086905	11.81701
28542	-4300.433	-4589.287	288.8538	0.9099067	0.3912265	11.07178
28548	-4311.126	-4598.922	287.7961	0.8630848	0.4137619	11.62688
28554	-4294.614	-4582.499	287.8847	0.8546259	0.4584013	11.54262
28560	-4308.431	-4595.473	287.0425	0.7227842	0.4584013	12.0512
28566	-4295.596	-4582.299	286.703	0.8287465	0.3362916	12.29674
28572	-4307.807	-4594.382	286.5743	1.007907	0.3134577	12.29674
28578	-4311.374	-4599.808	288.4346	0.9095832	0.4587376	11.22597
28584	-4313.164	-4596.474	283.3097	0.7469217	0.3250105	14.11559
28590	-4320.753	-4608.529	287.7759	0.8866029	0.3883263	11.65073
28596	-4312.257	-4597.887	285.6296	0.7345559	0.3860259	12.85123
28602	-4305.312	-4592.905	287.5939	0.8417565	0.3362696	11.82525
28608	-4306.592	-4594.96	288.369	0.7929134	0.3597319	11.41987
28614	-4309.188	-4597.271	288.0837	0.9193086	0.5264865	11.3452
28620	-4301.478	-4589.344	287.8659	0.8407367	0.3595114	11.65803
28626	-4303.141	-4588.119	284.9776	0.9175853	0.3556046	13.12716
28632	-4298.57	-4584.378	285.8075	0.7210906	0.3761981	12.77583
28638	-4302.581	-4590.303	287.7217	0.7348338	0.3839657	11.76279
28644	-4309.243	-4594.204	284.9606	0.6950192	0.3997978	13.20562
28650	-4304.849	-4591.981	287.1321	0.7509758	0.3842205	12.06183
28656	-4301.82	-4590.14	288.3202	0.6757097	0.3882606	11.47656
28662	-4309.268	-4598.182	288.9143	0.8782899	0.4608843	10.98926
28668	-4307.311	-4596.452	289.1416	0.9021107	0.3319399	10.98926
28674	-4303.669	-4591.755	288.0858	0.7646258	0.4660639	11.47755
28680	-4298.68	-4585.227	286.5478	0.7470597	0.3176664	12.44154
28686	-4301.706	-4589.148	287.4414	0.8723981	0.4390152	11.78295
28692	-4306.809	-4594.635	287.826	0.8519859	0.4008502	11.62992
28698	-4314.642	-4600.268	285.6255	0.7710195	0.4098187	12.81041
28704	-4315.79	-4598.629	282.8394	0.7531996	0.3850716	14.29102
28710	-4319.22	-4607.961	288.7409	0.8751578	0.3576719	11.18451
28716	-4309.49	-4594.99	285.5002	0.9299921	0.3799918	12.8231
28722	-4300.365	-4585.329	284.9634	0.7312629	0.4032019	13.18195
28728	-4313.399	-4599.052	285.6534	0.9554753	0.4885402	12.62683
28734	-4312.34	-4599.113	286.7729	0.8710945	0.4455308	12.12635
28740	-4315.674	-4601.905	286.2316	0.8264504	0.3641153	12.51299
28746	-4319.043	-4604.835	285.7914	0.8638655	0.4759615	12.6138
28752	-4319.288	-4607.679	288.3913	0.8499932	0.3466904	11.3926
28758	-4312.4	-4598.66	286.2608	0.9035372	0.5333681	12.29946
28764	-4307.921	-4595.006	287.0852	0.9147528	0.39565	11.98919
28770	-4307.788	-4596.152	288.3643	0.8544043	0.3658417	11.38356
28776	-4298.001	-4584.731	286.7302	0.7528194	0.3658417	12.28973
28782	-4294.556	-4581.111	286.5556	0.8523764	0.3341768	12.36362
28788	-4304.516	-4593.377	288.861	0.7383563	0.4051747	11.14373
28794	-4303.024	-4591.583	288.5588	0.8578719	0.4051747	11.23933
28800	-4292.037	-4580.849	288.8123	0.8995811	0.3851356	11.10523
28806	-4298.725	-4583.853	285.1281	0.8083976	0.3851356	13.07453
28812	-4294.047	-4579.827	285.7798	0.690352	0.3851356	12.79698
28818	-4306.355	-4590.897	284.5421	0.716516	0.4628471	13.35187
28824	-4307.47	-4591.683	284.2129	0.6280887	0.3739169	13.65519
28830	-4309.011	-4593.39	284.3792	0.8234203	0.3739169	13.4675
28836	-4314.658	-4600.305	285.6475	0.7489537	0.4004196	12.8198
28842	-4324.232	-4610.835	286.6038	0.8533561	0.3845639	12.28356
28848	-4326	-4612.752	286.752	0.779436	0.3482328	12.28356
28854	-4327.896	-4613.578	285.6816	0.8025943	0.4088358	12.7658
28860	-4325.524	-4613.595	288.071	0.8746248	0.3132552	11.58552
28866	-4327.479	-4615.976	288.4972	0.904574	0.4040991	11.24821
28872	-4323.464	-4608.867	285.4035	0.9148335	0.3846467	12.87645
28878	-4336.235	-4621.492	285.2574	0.7298919	0.3770552	13.05647
28884	-4342.874	-4628.671	285.7973	0.7748977	0.3645103	12.7655
28890	-4337.165	-4625.886	288.7204	1.007174	0.4239511	11.0581
28896	-4328.143	-4614.033	285.8894	0.8035628	0.3381645	12.73147
28902	-4323.01	-4606.829	283.8194	0.7694366	0.3339961	13.8294
28908	-4311.082	-4595.034	283.9525	0.737227	0.5287444	13.59035
28914	-4302.295	-4593.091	290.7956	0.9467017	0.3748077	10.05041
28920	-4310.206	-4598.329	288.1227	0.8140386	0.3643061	11.53264
28926	-4318.969	-4604.175	285.2068	0.8100796	0.5492516	12.884
28932	-4323.884	-4607.244	283.3598	0.8909423	0.4428435	13.89338
28938	-4331.187	-4619.33	288.1429	1.074291	0.4161163	11.33289
28944	-4319.634	-4606.97	287.336	0.7835669	0.3702342	11.95307
28950	-4310.968	-4595.467	284.4983	0.6713168	0.4363313	13.42262
28956	-4315.106	-4597.896	282.7902	0.6785591	0.3892169	14.35097
28962	-4321.624	-4607.103	285.4797	0.7109505	0.3691933	12.95898
28968	-4310.21	-4597.905	287.6943	0.7983688	0.4680993	11.66267
28974	-4314.334	-4600.003	285.6693	0.7396281	0.4680993	12.74907
28980	-4310.249	-4596.041	285.7914	0.8648966	0.3778864	12.70763
28986	-4313.275	-4599.616	286.341	0.8152275	0.3778864	12.44731
28992	-4324.685	-4608.072	283.3866	0.6570635	0.3778864	14.06466
28998	-4319.274	-4602.655	283.3806	0.6630733	0.3778864	14.06466
29004	-4312.564	-4599.701	287.1368	0.949936	0.3456629	11.99684
29010	-4310.954	-4597.865	286.9114	0.8442547	0.4216778	12.09083
29016	-4307.885	-4592.256	284.3704	0.7273096	0.4216778	13.47395
29022	-4315.328	-4604.535	289.2068	0.9266764	0.4216778	10.84765
29028	-4310.094	-4595.234	285.1405	0.8358346	0.4216778	13.01738
29034	-4306.422	-4592.102	285.6807	0.8010276	0.4492966	12.72837
29040	-4309.705	-4596.937	287.2322	0.799596	0.5136079	11.86348
29046	-4316.055	-4603.316	287.2611	0.8141983	0.4873226	11.86348
29052	-4322.599	-4607.721	285.1218	0.8234666	0.3996956	13.05517
29058	-4319.959	-4606.273	286.3137	0.815274	0.5082968	12.33887
29064	-4321.498	-4608.219	286.7208	0.8228404	0.2951598	12.33887
29070	-4313.2	-4599.536	286.3352	0.8282833	0.2789116	12.55721
29076	-4316.557	-4605.196	288.6389	0.778242	0.4111749	11.23314
29082	-4310.474	-4598.956	288.4819	0.8570451	0.4077224	11.27749
29088	-4315.035	-4604.7	289.6654	0.9708318	0.330197	10.68065
29094	-4323.058	-4609.352	286.2941	0.9864973	0.4272695	12.33307
29100	-4339.035	-4624.894	285.8594	0.8496094	0.3896705	12.668
29106	-4348.722	-4630.393	281.6712	0.8466766	0.3813447	14.85132
29112	-4315.147	-4602.633	287.4855	0.8278188	0.4021717	11.81904
29118	-4309.35	-4596.888	287.5384	0.8612985	0.3588377	11.81904
29124	-4312.725	-4596.664	283.9387	0.7933964	0.5274996	13.56937
29130	-4337.012	-4624.995	287.9823	0.9595831	0.3297666	11.5682
29136	-4328.239	-4612.919	284.6795	0.8275181	0.4223867	13.26063
29142	-4312.371	-4598.185	285.814	0.6998315	0.3603673	12.8003
29148	-4315.086	-4602.347	287.2606	0.6882721	0.4239654	11.98781
29154	-4295.662	-4582.777	287.115	0.766208	0.4611248	11.9882
29160	-4299.539	-4587.846	288.307	0.8617075	0.3612973	11.41462
29166	-4298.744	-4587.693	288.9497	0.7877076	0.4005454	11.07608
29172	-4311.606	-4600.399	288.7939	0.8490874	0.301689	11.2347
29178	-4307.921	-4596.37	288.4484	0.871883	0.4628393	11.2347
29184	-4306.638	-4591.012	284.3739	0.7542414	0.4549031	13.42691
29190	-4297.312	-4580.068	282.7566	0.7450041	0.433039	14.29096
29196	-4300.155	-4586.358	286.2025	0.7346871	0.3893338	12.54958
29202	-4299.455	-4587.121	287.6661	0.9097998	0.3680278	11.71717
29208	-4311.425	-4597.391	285.9656	0.824323	0.3558545	12.6615
29214	-4310.685	-4600.228	289.5425	0.9572864	0.4669688	10.61292
29220	-4306.228	-4590.689	284.4612	0.7681962	0.5125103	13.32363
29226	-4308.614	-4595.869	287.2553	0.956733	0.427579	11.84698
29232	-4304.449	-4589.89	285.441	0.8195779	0.427579	12.86389
29238	-4302.808	-4586.348	283.5402	0.8180395	0.5073269	13.7803
29244	-4302.488	-4592.84	290.3519	0.9082639	0.4196078	10.25829
29250	-4308.21	-4598.479	290.269	1.009441	0.4063673	10.26181
29256	-4305.65	-4595.78	290.1297	0.9526432	0.4728422	10.30171
29262	-4330.26	-4615.876	285.6158	0.842715	0.3754606	12.81304
29268	-4323.751	-4608.47	284.7195	0.6960718	0.3754606	13.35524
29274	-4303.901	-4586.426	282.5241	0.6659686	0.3443513	14.54277
29280	-4302.526	-4590.766	288.2402	0.8591573	0.5098452	11.30883
29286	-4306.018	-4595.257	289.2392	0.8696351	0.3297662	10.95763
29292	-4307.969	-4595.341	287.3725	0.8463524	0.5473813	11.73784
29298	-4293.954	-4581.216	287.2625	0.7940361	0.426463	11.92923
29304	-4309.632	-4596.369	286.7368	0.8687667	0.4311821	12.15992
29310	-4306.35	-4595.186	288.8362	0.9632826	0.5639073	10.8977
29316	-4313.528	-4605.569	292.0414	0.8175771	0.355827	9.482394
29322	-4299.579	-4587.61	288.0308	0.7964835	0.324815	11.63379
29328	-4311.188	-4599.946	288.7585	0.8451026	0.3253778	11.22722
29334	-4306.196	-4595.946	289.75	0.7536174	0.3452587	10.73317
29340	-4305.035	-4594.717	289.6822	0.8690473	0.3233563	10.73317
29346	-4312.36	-4600.975	288.6157	0.8253449	0.3683717	11.26457
29352	-4304.237	-4591.584	287.3468	0.9681029	0.4865939	11.73903
29358	-4297.242	-4585.382	288.1399	0.726169	0.3719093	11.56148
29364	-4304.976	-4589.896	284.9205	0.7940308	0.35319	13.22369
29370	-4313.681	-4597.099	283.4186	0.8812888	0.386439	13.92297
29376	-4317.444	-4601.905	284.4607	0.8107685	0.4075614	13.3975
29382	-4317.973	-4606.801	288.8285	0.8483662	0.4075614	11.10077
29388	-4322.86	-4608.499	285.6388	0.7444833	0.4075614	12.81956
29394	-4310.496	-4596.534	286.0381	0.8721099	0.4421376	12.51194
29400	-4306.9	-4592.542	285.6421	0.8467419	0.5040123	12.67594
29406	-4315.934	-4599.048	283.114	0.7892332	0.2974416	14.22761
29412	-4323.5	-4610.075	286.5755	0.8990307	0.3021254	12.36643
29418	-4330.608	-4619.605	288.9962	0.7904596	0.397224	11.05369
29424	-4320.194	-4607.159	286.9651	0.8559638	0.390569	12.08764
29430	-4327.634	-4615.657	288.0229	0.8575864	0.4846663	11.44517
29436	-4315.698	-4603.109	287.4113	0.795944	0.5256613	11.76175
29442	-4329.311	-4617.1	287.7889	0.781838	0.3894636	11.69752
29448	-4339.417	-4622.223	282.8065	0.7620324	0.3894636	14.29901
29454	-4330.899	-4619.999	289.0994	0.88979	0.3961289	10.94872
29460	-4326.36	-4609.894	283.5333	0.8252071	0.3653619	13.91453
29466	-4320.879	-4608.014	287.1355	0.7221736	0.4308766	12.02875
29472	-4316.988	-4603.992	287.0038	0.8273982	0.5399791	11.94624
29478	-4329.502	-4614.268	284.7655	0.9187804	0.3003879	13.29992
29484	-4305.695	-4588.2	282.5046	0.8124314	0.4024984	14.4162
29490	-4310.523	-4593.747	283.2239	0.8885469	0.4476067	13.96068
29496	-4306.905	-4593.419	286.5138	0.8931465	0.4090775	12.28495
29502	-4327.045	-4612.384	285.3391	0.8184981	0.3427919	13.00478
29508	-4318.178	-4605.492	287.3137	0.8729002	0.359189	11.92994
29514	-4330.088	-4617.561	287.4737	0.8609762	0.4903881	11.72537
29520	-4327.788	-4615.23	287.4412	0.8985833	0.4873179	11.72537
29526	-4332.068	-4621.824	289.7567	0.838971	0.4069645	10.61978
29532	-4328.303	-4611.732	283.4289	0.821272	0.3653656	13.97071
29538	-4332.415	-4615.014	282.5994	0.6652054	0.3653656	14.48147
29544	-4335.163	-4616.606	281.4426	0.7825972	0.4153437	14.9687
29550	-4328.834	-4618.016	289.1819	0.7669834	0.4153437	10.95061
29556	-4333.295	-4623.323	290.028	0.8918446	0.4178954	10.43881
29562	-4340.674	-4627.107	286.4326	0.9936645	0.4708498	12.21669
29568	-4332.605	-4620.239	287.6338	1.004216	0.5293529	11.53366
29574	-4340.843	-4629.512	288.6685	1.097984	0.5293529	10.94315
29580	-4337.731	-4627.635	289.9041	0.9156073	0.3628536	10.54802
29586	-4356.972	-4641.335	284.3636	0.6875471	0.3620768	13.55865
29592	-4344.579	-4629.166	284.5867	0.7706114	0.4622431	13.30115
29598	-4350.431	-4636.136	285.7055	0.775714	0.4622431	12.71672
29604	-4339.286	-4624.098	284.8125	0.6488506	0.4191008	13.28756
29610	-4335.622	-4620.358	284.7363	0.7377269	0.3015087	13.4078
29616	-4337.766	-4627.61	289.8443	0.8724442	0.3370874	10.63058
29622	-4327.746	-4615.057	287.3117	0.8724442	0.3728459	11.9166
29628	-4318.471	-4605.171	286.7001	0.8979655	0.4780993	12.12064
29634	-4314.581	-4601.336	286.7554	0.8519418	0.3913817	12.19829
29640	-4318.85	-4606.183	287.3329	0.7986257	0.3913817	11.92487
29646	-4328.639	-4618.44	289.8015	0.9904372	0.4171557	10.50668
29652	-4318.594	-4606.246	287.6528	0.8837265	0.3933778	11.71136
29658	-4314.878	-4602.604	287.7267	0.8292272	0.3835477	11.71136
29664	-4303.755	-4592.559	288.8035	0.8292272	0.3872713	11.14443
29670	-4317.767	-4606.811	289.0437	0.9907631	0.4073245	10.9137
29676	-4317.088	-4603.214	286.1253	0.8376623	0.3290953	12.60119
29682	-4325.057	-4613.027	287.9698	0.8346407	0.4011816	11.56351
29688	-4335.938	-4624.046	288.1079	0.828904	0.393719	11.50189
29694	-4319.824	-4609.374	289.5506	1.006271	0.3841634	10.66339
29700	-4314.974	-4603.916	288.9417	0.9948011	0.4223757	10.9502
29706	-4319.088	-4607.588	288.4995	0.8010332	0.4751175	11.23393
29712	-4321.695	-4609.14	287.4456	0.9020028	0.3396611	11.86738
29718	-4322.883	-4605.913	283.0293	0.7748572	0.2579086	14.32911
29724	-4326.569	-4613.572	287.0027	0.8682929	0.2579086	12.21595
29730	-4318.413	-4603.917	285.5038	0.8091956	0.3406162	12.92639
29736	-4316.765	-4606.307	289.5418	0.7843106	0.3406162	10.83143
29742	-4318.59	-4607.305	288.7151	0.9025476	0.3438469	11.19892
29748	-4315.435	-4601.229	285.7945	0.7340788	0.3788165	12.77311
29754	-4322.584	-4611.705	289.1213	0.7485875	0.3454124	11.06509
29760	-4318.435	-4607.215	288.7799	0.7886822	0.404652	11.16035
29766	-4324.676	-4610.315	285.6394	0.7333035	0.3949288	12.83769
29772	-4309.925	-4597.642	287.7171	0.8208833	0.3395451	11.76814
29778	-4322.02	-4610.088	288.0681	0.8352235	0.3862485	11.52702
29784	-4312.222	-4598.823	286.6012	0.8352235	0.3550088	12.32568
29790	-4319.28	-4607.648	288.3678	0.8588129	0.3961161	11.34789
29796	-4331.827	-4619.062	287.2347	0.7674261	0.395707	11.98798
29802	-4340.277	-4626.184	285.9074	0.8253785	0.395707	12.64949
29808	-4323.678	-4609.11	285.432	0.7891666	0.5147713	12.80612
29814	-4337.086	-4623.43	286.3443	0.9763224	0.4467989	12.29375
29820	-4319.534	-4604.196	284.6621	0.8135819	0.4094047	13.28961
29826	-4313.358	-4599.767	286.4083	0.8009887	0.4171402	12.38005
29832	-4312.982	-4602.228	289.2456	0.8113212	0.4171402	10.89222
29838	-4314.303	-4603.722	289.4189	0.7261294	0.3718495	10.89222
29844	-4317.719	-4602.724	285.0049	0.6344501	0.5069471	13.1153
29850	-4320.907	-4604.37	283.4631	0.7817748	0.3452144	13.99526
29856	-4306.23	-4592.279	286.0492	0.7232713	0.329658	12.69972
29862	-4307.112	-4592.85	285.7373	0.7169039	0.4666116	12.72685
29868	-4302.676	-4590.475	287.7992	0.9199194	0.4420514	11.56838
29874	-4316.621	-4601.293	284.6724	0.6773177	0.3068242	13.46601
29880	-4297.292	-4581.726	284.4344	0.7873283	0.4075456	13.42336
29886	-4298.075	-4584.844	286.769	0.7777037	0.3295355	12.29661
29892	-4295.748	-4579.65	283.902	0.8083952	0.2737012	13.83873
29898	-4306.843	-4592.083	285.2399	0.872931	0.5034106	12.87209
29904	-4309.204	-4596.348	287.1444	0.8687396	0.3642444	12.01501
29910	-4312.958	-4599.659	286.7004	0.8929533	0.431501	12.16601
29916	-4309.76	-4595.799	286.0395	0.8764968	0.4110555	12.5388
29922	-4316.03	-4604.208	288.1785	0.8996	0.2749334	11.56356
29928	-4317.024	-4604.344	287.3199	0.8843191	0.3135227	11.9723
29934	-4307.566	-4596.326	288.7596	0.9746004	0.4398818	11.03938
29940	-4299.909	-4589.45	289.5413	0.9152895	0.2792411	10.83658
29946	-4305.833	-4595.351	289.5175	1.005085	0.2992077	10.77701
29952	-4305.611	-4598.188	292.5772	1.034081	0.4174357	9.020507
29958	-4310.669	-4597.552	286.8825	0.8288876	0.4036354	12.13166
29964	-4328.244	-4613.069	284.8242	0.7528966	0.3572897	13.29062
29970	-4322.913	-4610.9	287.987	0.811877	0.4443604	11.52452
29976	-4325.707	-4610.211	284.5031	0.7865025	0.392762	13.40288
29982	-4313.51	-4605.168	291.6587	1.162154	0.2875062	9.582966
29988	-4316.747	-4606.832	290.085	0.9694213	0.5087723	10.28474
29994	-4312.94	-4599.111	286.1711	0.8511958	0.3853678	12.50932
30000	-4323.827	-4611.975	288.1483	0.7981545	0.3692244	11.52229
30006	-4306.025	-4593.014	286.9896	0.9437735	0.4707893	11.95224
30012	-4307.712	-4592.318	284.6068	0.8775364	0.4845812	13.2152
30018	-4305.725	-4589.401	283.6755	0.882819	0.4845812	13.6961
30024	-4307.6	-4595.504	287.9042	0.8577017	0.3983918	11.58855
30030	-4315.635	-4601.184	285.5484	0.7927832	0.4155563	12.8336
30036	-4315.686	-4601.368	285.6828	0.9152775	0.5426662	12.58685
30042	-4326.405	-4616.503	290.0988	0.887414	0.4831203	10.34299
30048	-4323.123	-4611.518	288.395	0.8827762	0.4349275	11.28297
30054	-4333.123	-4622.109	288.9859	0.8701203	0.465684	10.95164
30060	-4325.643	-4612.733	287.0907	0.8701203	0.379949	12.02571
30066	-4327.806	-4617.006	289.2005	0.8027173	0.3748168	10.9634
30072	-4328.702	-4618.372	289.6701	0.8476919	0.3746614	10.69381
30078	-4316.514	-4604.866	288.3525	0.9265051	0.4731259	11.24703
30084	-4321.719	-4609.663	287.9441	0.7952532	0.5402291	11.47173
30090	-4317.474	-4603.439	285.9649	0.784049	0.3441203	12.69566
30096	-4337.427	-4619.028	281.6013	0.8774957	0.4725967	14.78431
30102	-4333.422	-4623.147	289.7253	1.066717	0.4137789	10.50997
30108	-4316.556	-4605.149	288.5929	1.000033	0.4137789	11.13854
30114	-4316.604	-4600.93	284.3263	0.7178362	0.4137789	13.50942
30120	-4318.802	-4604.323	285.5202	0.8177987	0.4210634	12.82986
30126	-4310.336	-4599.33	288.9937	0.8189707	0.3521412	11.08761
30132	-4302.978	-4590.732	287.7545	0.9601089	0.3571892	11.65637
30138	-4312.098	-4598.248	286.1497	0.8971658	0.4058954	12.47575
30144	-4298.872	-4583.553	284.6809	0.7987221	0.4058954	13.29099
30150	-4303.842	-4590.198	286.3565	0.7224592	0.3673287	12.49864
30156	-4307.627	-4594.908	287.2815	0.741602	0.5302211	11.85412
30162	-4326.802	-4613.306	286.504	0.8038098	0.356731	12.39082
30168	-4341.912	-4627.602	285.6893	0.9282709	0.2439524	12.88759
30174	-4326.618	-4614.21	287.5916	0.8287601	0.3774886	11.78844
30180	-4326.695	-4615.259	288.564	0.9620005	0.3533465	11.23638
30186	-4323.62	-4611.547	287.9271	0.8178129	0.4361551	11.56046
30192	-4321.216	-4612.93	291.7143	0.8533793	0.4361551	9.553735
30198	-4314.664	-4606.231	291.5672	1.004683	0.4338473	9.553735
30204	-4308.66	-4598.906	290.2457	0.8006524	0.3800049	10.41077
30210	-4305.282	-4592.947	287.6644	0.7614991	0.4126616	11.74984
30216	-4318.242	-4604.785	286.5427	0.9143602	0.3526004	12.31752
30222	-4333.727	-4624.625	290.8976	0.8497166	0.3753813	10.04715
30228	-4315.737	-4602.257	286.5206	0.7963571	0.4070629	12.33385
30234	-4334.11	-4621.026	286.9154	0.8346277	0.3513793	12.16616
30240	-4329.61	-4618.576	288.966	0.8071987	0.4082989	11.04957
30246	-4327.19	-4615.774	288.5844	0.8320813	0.3882887	11.25656
30252	-4319.138	-4608.146	289.0076	0.9281211	0.4100003	10.96275
30258	-4304.657	-4591.616	286.9592	0.8555567	0.4006303	12.08078
30264	-4326.152	-4610.935	284.7836	0.7864054	0.4458228	13.20573
30270	-4304.394	-4590.882	286.4885	0.8635928	0.37804	12.34509
30276	-4316.079	-4603.118	287.0393	0.8981856	0.4393478	11.97907
30282	-4314.504	-4605.449	290.9446	0.9292429	0.366219	9.990364
30288	-4325.057	-4612.906	287.8495	0.8256579	0.4287131	11.60401
30294	-4306.627	-4595.398	288.7707	0.864762	0.5144498	11.02429
30300	-4308.852	-4595.28	286.428	0.8878707	0.4399259	12.30268
30306	-4317.463	-4603.305	285.8421	0.6895898	0.4399259	12.7111
30312	-4332.267	-4619.813	287.5456	0.7589854	0.3955772	11.83025
30318	-4338.599	-4623.716	285.1164	0.7721919	0.5767705	12.92892
30324	-4329.064	-4615.457	286.3931	0.836069	0.3769531	12.41025
30330	-4329.923	-4616.094	286.1715	0.7741308	0.4371224	12.49824
30336	-4333.982	-4619	285.0182	0.8762933	0.4771606	13.00857
30342	-4317.996	-4605.128	287.1313	0.8898967	0.3504696	12.02572
30348	-4321.573	-4606.676	285.1032	0.835645	0.3705368	13.08851
30354	-4346.195	-4630.252	284.0563	0.72282	0.3564491	13.70588
30360	-4344.537	-4632.646	288.1086	0.8254726	0.4891922	11.41314
30366	-4340.325	-4625.799	285.4739	0.8620526	0.5175096	12.74409
30372	-4348.004	-4634.193	286.1889	0.8534159	0.3482537	12.53835
30378	-4338.083	-4624.266	286.1832	0.8707127	0.4223431	12.45595
30384	-4339.951	-4624.06	284.1088	0.6972057	0.3416638	13.70816
30390	-4331.094	-4621.703	290.6097	1.031656	0.3944605	10.08306
30396	-4329.113	-4616.992	287.8788	0.8710272	0.3615768	11.63325
30402	-4343.731	-4632.902	289.1708	0.8957015	0.490774	10.81889
30408	-4338.233	-4628.351	290.1173	0.9800658	0.5209665	10.25176
30414	-4341.828	-4628.497	286.6689	0.9154935	0.5052726	12.10403
30420	-4345.402	-4630.719	285.3167	0.92244	0.2927165	13.0209
30426	-4332.028	-4620.46	288.4318	0.8814212	0.3244341	11.38021
30432	-4326.679	-4610.818	284.1382	0.7974358	0.4284552	13.55156
30438	-4335.357	-4621.059	285.7021	0.9512635	0.5167619	12.57947
30444	-4329.14	-4616.43	287.2894	0.7804164	0.4016498	11.94667
30450	-4326.215	-4614.301	288.0863	0.9077002	0.4381244	11.42836
30456	-4309.962	-4599.418	289.4555	0.9788606	0.2891359	10.83571
30462	-4312.658	-4597.432	284.7742	0.7997536	0.3763195	13.2721
30468	-4321.96	-4610.079	288.1193	0.8970903	0.4525944	11.40313
30474	-4321.649	-4609.733	288.0842	0.8944648	0.3496047	11.52672
30480	-4321.162	-4610.521	289.3585	0.9497988	0.5077941	10.67731
30486	-4326.972	-4615.546	288.5745	1.048606	0.4013123	11.13516
30492	-4324.258	-4613.821	289.5629	0.8691452	0.3688371	10.74501
30498	-4317.75	-4605.085	287.3344	0.8425295	0.2954712	12.00829
30504	-4316.143	-4602.877	286.7342	0.9399016	0.6178536	11.96758
30510	-4321.727	-4609.515	287.7886	0.9398289	0.4183618	11.58619
30516	-4330.863	-4615.612	284.7485	0.8057409	0.3743925	13.28434
30522	-4324.489	-4609.815	285.3257	0.7555786	0.3934492	12.99076
30528	-4334.014	-4618.786	284.7718	0.7350492	0.357136	13.32729
30534	-4332.509	-4618.11	285.6003	0.6695124	0.36627	12.92092
30540	-4326.755	-4611.759	285.0031	0.7753881	0.3965143	13.14508
30546	-4317.362	-4604.649	287.2871	0.9203967	0.3633014	11.9146
30552	-4320.428	-4608.057	287.6293	0.8363607	0.3500171	11.79428
30558	-4316.45	-4603.23	286.7793	0.927965	0.3297502	12.21268
30564	-4306.597	-4591.808	285.2104	0.9319408	0.3552983	12.99901
30570	-4303.965	-4591.758	287.7934	0.8538174	0.3546743	11.69434
30576	-4322.971	-4610.549	287.5784	0.948612	0.303094	11.81631
30582	-4313.46	-4601.168	287.7081	0.8686034	0.2820952	11.81631
30588	-4327.543	-4613.885	286.3423	0.8091097	0.3838788	12.4436
30594	-4315.173	-4601.615	286.4412	0.8585845	0.3137375	12.4436
30600	-4325.468	-4613.531	288.064	0.9282915	0.302583	11.5739
30606	-4312.955	-4599.324	286.369	0.8187739	0.4371243	12.37208
30612	-4309.492	-4594.855	285.3628	0.7148233	0.4630229	12.926
30618	-4329.993	-4619.043	289.0495	0.8481235	0.4630229	10.93227
30624	-4323.533	-4610.895	287.3625	0.8709438	0.4126916	11.85028
30630	-4323.855	-4610.147	286.2919	0.8699868	0.4646399	12.3601
30636	-4327.143	-4611.569	284.4265	0.8418885	0.3674322	13.44015
30642	-4317.509	-4601.796	284.2865	0.7290225	0.4379118	13.50113
30648	-4321.808	-4606.322	284.5136	0.6771118	0.3483112	13.50113
30654	-4328.884	-4614.165	285.281	0.8449487	0.4328455	12.92887
30660	-4350.968	-4638.123	287.1557	0.783505	0.4130193	12.00352
30666	-4362.17	-4644.924	282.7542	0.8867969	0.5028839	14.15598
30672	-4345.581	-4629.345	283.7643	0.7890566	0.4291614	13.74932
30678	-4332.843	-4618.893	286.0491	0.8854251	0.4414495	12.49991
30684	-4326.384	-4612.409	286.025	0.9036458	0.4014401	12.54175
30690	-4328.241	-4615.742	287.5004	0.9410241	0.3931599	11.76128
30696	-4324.048	-4610.67	286.6212	0.8805691	0.3931599	12.25149
30702	-4323.948	-4614.94	290.9921	0.9876281	0.3652412	9.935662
30708	-4327.406	-4613.813	286.4064	1.091309	0.3843993	12.26261
30714	-4319.226	-4605.119	285.8929	0.7821285	0.3417104	12.73684
30720	-4314.582	-4599.945	285.3632	0.6774837	0.3348621	13.07449
30726	-4318.198	-4601.036	282.8385	0.7122158	0.4869041	14.21661
30732	-4318.541	-4606.186	287.6447	0.8019462	0.4471518	11.70592
30738	-4313.121	-4598.211	285.0908	0.7431083	0.4214862	13.0916
30744	-4305.034	-4592.684	287.6498	0.794112	0.3572251	11.79771
30750	-4305.358	-4592.551	287.1932	0.8604189	0.4757687	11.88504
30756	-4323.393	-4610.909	287.5158	0.7318558	0.3713466	11.88504
30762	-4327.401	-4616.058	288.6571	0.8774261	0.3713466	11.21248
30768	-4328.454	-4614.383	285.9295	0.7937502	0.4047659	12.64537
30774	-4334.552	-4619.871	285.319	0.7542574	0.4185418	12.97003
30780	-4315.024	-4597.409	282.3855	0.8205827	0.3583054	14.51933
30786	-4312.845	-4597.596	284.7508	0.8824686	0.3583054	13.26039
30792	-4315.792	-4599.818	284.0266	0.8354646	0.4545035	13.56543
30798	-4311.448	-4594.926	283.4782	0.6624787	0.3574842	14.03593
30804	-4303.282	-4589.929	286.6473	0.6893904	0.3517146	12.38123
30810	-4314.239	-4599.136	284.8972	0.8091028	0.378514	13.20101
30816	-4308.318	-4596.04	287.7211	0.8108651	0.5076579	11.60733
30822	-4316.281	-4602.958	286.6769	0.9171361	0.5194103	12.087
30828	-4310.79	-4597.759	286.9685	0.8797188	0.3774889	12.087
30834	-4311.502	-4598.963	287.4617	0.8172615	0.4213816	11.81803
30840	-4309.358	-4593.254	283.8954	0.8174833	0.4213816	13.67398
30846	-4318.241	-4606.834	288.5932	0.8794297	0.4213816	11.19407
30852	-4325.127	-4610.146	285.0191	0.8925905	0.2650601	13.22621
30858	-4316.131	-4603.834	287.7032	0.8537663	0.3822327	11.71216
30864	-4323.789	-4613.582	289.7933	0.8534005	0.4245435	10.57567
30870	-4317.835	-4603.199	285.364	0.8280315	0.3930697	12.93355
30876	-4328.219	-4615.72	287.5006	0.853466	0.4905799	11.71508
30882	-4309.38	-4596.814	287.4338	0.8735223	0.4289943	11.79585
30888	-4317.464	-4604.779	287.3158	0.9402981	0.2850885	11.97986
30894	-4318.358	-4607.597	289.2394	0.8594009	0.3091036	10.98711
30900	-4339.546	-4627.637	288.0912	1.033639	0.4801892	11.32133
30906	-4343.988	-4631.941	287.9531	0.9131012	0.4257265	11.50705
30912	-4348.731	-4636.416	287.685	0.9548295	0.4151863	11.63559
30918	-4349.769	-4635.321	285.5519	0.7658953	0.4429612	12.81953
30924	-4311.341	-4599.949	288.6084	0.7428384	0.3835119	11.29561
30930	-4308.417	-4594.977	286.5601	0.7319357	0.4659753	12.29105
30936	-4322.953	-4613.584	290.6307	0.9130598	0.3840927	10.14509
30942	-4311.315	-4600.211	288.8951	0.8211939	0.4377804	11.05075
30948	-4315.546	-4598.681	283.1351	0.7628203	0.4377804	14.08108
30954	-4316.513	-4599.644	283.1304	0.7940286	0.4233311	14.08108
30960	-4317.928	-4605.375	287.4471	0.8545672	0.4283786	11.79943
30966	-4319.841	-4608.399	288.5584	0.9006553	0.3512402	11.27369
30972	-4317.881	-4608.481	290.6001	1.056678	0.4911295	9.983272
30978	-4317.982	-4605.156	287.1741	0.9287547	0.3774027	11.95427
30984	-4319.571	-4607.919	288.3471	0.8303778	0.3248152	11.45076
30990	-4314.317	-4599.614	285.2974	0.7441568	0.3568272	13.04977
30996	-4324.85	-4613.885	289.0346	0.8339964	0.389249	11.01891
31002	-4330.781	-4614.315	283.5336	0.7697014	0.389249	13.91833
31008	-4320.864	-4607.915	287.0509	0.7804347	0.417371	12.05555
31014	-4334.427	-4620.086	285.6593	0.7586857	0.2897806	12.93153
31020	-4332.649	-4619.363	286.7144	0.9666594	0.3738738	12.17795
31026	-4334.434	-4622.367	287.9328	0.7649306	0.3346096	11.69028
31032	-4339.31	-4626.864	287.5546	0.7934619	0.4432403	11.76107
31038	-4325.766	-4616.395	290.629	0.8211749	0.3557533	10.2246
31044	-4303.109	-4592.753	289.6436	0.8080103	0.3557533	10.74885
31050	-4302.828	-4588.754	285.9263	0.7830611	0.4251816	12.63264
31056	-4313.058	-4602.159	289.1011	1.084306	0.3661484	10.87714
31062	-4314.405	-4605.314	290.9085	1.133609	0.2905078	9.989555
31068	-4315.483	-4604.62	289.1377	0.9350553	0.4291441	10.87224
31074	-4313.5	-4599.065	285.5655	0.9423685	0.5172898	12.65476
31080	-4309.867	-4596.855	286.9888	0.8812547	0.4607047	11.99443
31086	-4319.738	-4606.175	286.4372	0.8692897	0.3723641	12.37479
31092	-4305.697	-4594.493	288.7959	0.780052	0.3414878	11.22334
31098	-4323.312	-4612.556	289.2436	0.9303891	0.3341065	10.91854
31104	-4313.079	-4600.117	287.0378	0.7660787	0.4189089	12.06837
31110	-4322.505	-4611.924	289.4189	0.9611177	0.4742946	10.66912
31116	-4324.748	-4611.315	286.5666	0.7778489	0.3114016	12.42309
31122	-4327.68	-4616.581	288.9019	0.8221985	0.3321378	11.15638
31128	-4314.46	-4602.193	287.7334	0.7236203	0.413746	11.73252
31134	-4320.432	-4610.148	289.7154	0.9290326	0.413746	10.58745
31140	-4338.451	-4628.599	290.148	0.840903	0.2960036	10.53632
31146	-4336.105	-4625.795	289.6905	0.9043699	0.5170704	10.51904
31152	-4341.341	-4631.257	289.9158	0.8906042	0.3972082	10.51904
31158	-4330.235	-4616.167	285.9326	0.7374617	0.4816043	12.60106
31164	-4333.79	-4620.554	286.7639	0.755025	0.3915534	12.24421
31170	-4330.984	-4617.773	286.7891	0.8432371	0.3760054	12.20113
31176	-4317.443	-4606.002	288.5592	0.755511	0.4115109	11.28638
31182	-4315.107	-4601.011	285.9039	0.7608624	0.3466762	12.73667
31188	-4321.691	-4606.179	284.4875	0.8053688	0.4107182	13.38329
31194	-4318.822	-4606.785	287.9635	0.8618616	0.5127273	11.44966
31200	-4320.921	-4605.421	284.4994	0.7932894	0.4980658	13.30308
31206	-4329.348	-4613.87	284.5217	0.7709946	0.4980658	13.30308
31212	-4309.147	-4592.781	283.634	0.7018048	0.3856678	13.90512
31218	-4308.011	-4597.289	289.2785	0.9772982	0.4541353	10.75269
31224	-4321.69	-4608.795	287.1046	0.9477998	0.3287797	12.03379
31230	-4320.38	-4607.118	286.7382	0.6929886	0.3812374	12.30053
31236	-4306.428	-4595.675	289.2479	0.8076818	0.3833153	10.92706
31242	-4303.783	-4590.437	286.6539	0.7999998	0.3614893	12.30957
31248	-4309.192	-4595.673	286.4805	0.7893892	0.3674941	12.39902
31254	-4300.629	-4588.546	287.9174	0.8360561	0.4619314	11.53197
31260	-4306.891	-4593.665	286.7738	0.8202915	0.3447892	12.25474
31266	-4304.396	-4589.813	285.4175	0.7112174	0.4384471	12.92212
31272	-4299.629	-4582.86	283.2313	0.8057431	0.4477369	13.99966
31278	-4308.1	-4594.12	286.0193	0.755408	0.4041413	12.61924
31284	-4288.152	-4575.571	287.4189	0.8301464	0.4041413	11.85064
31290	-4292.155	-4578.239	286.0838	0.7924969	0.3662224	12.60535
31296	-4296.827	-4585.167	288.3403	0.7426752	0.4204458	11.39881
31302	-4302.25	-4585.479	283.2292	0.7341406	0.4904578	13.99959
31308	-4296.931	-4582.135	285.2033	0.8110315	0.4115128	13.00755
31314	-4311.382	-4597.927	286.5453	0.8328228	0.4491108	12.26163
31320	-4310.394	-4595.317	284.923	0.7413605	0.4180547	13.18309
31326	-4311.655	-4597.721	286.0663	0.7723483	0.4180547	12.57224
31332	-4322.698	-4608.671	285.9734	0.8652115	0.4180547	12.57224
31338	-4317.795	-4604.85	287.0551	0.8118956	0.454672	12.00154
31344	-4314.318	-4601.285	286.9669	0.7646561	0.4842397	12.04556
31350	-4315.27	-4603.969	288.6991	0.7704547	0.3696185	11.24834
31356	-4324.655	-4611.454	286.7988	0.8797086	0.3700596	12.18333
31362	-4315.898	-4602.867	286.9692	0.696293	0.4494851	12.11144
31368	-4304.319	-4591.224	286.9058	0.82463	0.4140022	12.11144
31374	-4299.317	-4587.596	288.2793	0.9446058	0.4140022	11.33144
31380	-4310.103	-4598.554	288.451	0.9079884	0.4295294	11.24568
31386	-4321.839	-4608.778	286.9392	0.8201272	0.3766203	12.13429
31392	-4336.1	-4622.424	286.3242	0.8630354	0.4287991	12.38027
31398	-4324.452	-4610.804	286.3522	0.7917123	0.3385966	12.4962
31404	-4326.912	-4613.158	286.2462	0.823578	0.3727957	12.49768
31410	-4314.153	-4600.007	285.8538	0.896533	0.3596238	12.67803
31416	-4320.221	-4607.367	287.1464	0.9020105	0.4080351	11.95146
31422	-4322.466	-4607.718	285.2529	0.7936737	0.4635735	12.94167
31428	-4317.742	-4604.334	286.5918	0.7936737	0.399737	12.30546
31434	-4319.21	-4604.755	285.5453	0.8365773	0.3110842	12.92453
31440	-4325.581	-4609.352	283.7706	0.7617415	0.4388436	13.75108
31446	-4320.943	-4604.828	283.8847	0.7247894	0.3889207	13.75984
31452	-4320.583	-4607.348	286.7652	0.8060503	0.3226035	12.29179
31458	-4321.215	-4604.603	283.389	0.7797015	0.4205711	13.95711
31464	-4314.403	-4603.517	289.1146	0.8031206	0.4402832	10.94288
31470	-4314.778	-4599.572	284.7937	0.7885227	0.4611188	13.18533
31476	-4304.732	-4591.617	286.8853	0.8822198	0.3922645	12.11387
31482	-4325.035	-4613.064	288.0294	0.9724762	0.4040288	11.45746
31488	-4314.032	-4601.264	287.232	0.835417	0.4567702	11.89502
31494	-4319.96	-4606.538	286.5779	0.7736601	0.4100648	12.31284
31500	-4316.509	-4603.115	286.606	0.7348446	0.4053724	12.32312
31506	-4321.429	-4608.247	286.8178	1.067356	0.5423694	11.91616
31512	-4312.89	-4602.192	289.3016	1.051952	0.4436253	10.71122
31518	-4312.163	-4597.604	285.4405	0.8007264	0.3300031	12.97571
31524	-4311.333	-4598.255	286.9224	0.8540835	0.4458541	12.05694
31530	-4301.886	-4590.492	288.6066	0.7513607	0.3684125	11.308
31536	-4303.667	-4590.473	286.8052	0.7362203	0.2892418	12.34735
31542	-4305.727	-4591.686	285.9591	0.6915536	0.3359198	12.756
31548	-4301.556	-4587.858	286.302	0.8071965	0.4093265	12.43988
31554	-4310.679	-4598.358	287.679	0.8082734	0.3761446	11.75488
31560	-4312.582	-4601.326	288.7442	0.8315022	0.4641791	11.0998
31566	-4317.876	-4607.565	289.6883	0.91787	0.4341538	10.58768
31572	-4311.397	-4598.181	286.7841	0.7369824	0.3384224	12.2999
31578	-4316.167	-4603.388	287.2208	0.9681959	0.4447379	11.84274
31584	-4306.724	-4594.99	288.2653	0.8512706	0.3946763	11.4069
31590	-4328.925	-4616.134	287.2091	0.83003	0.4716469	11.89628
31596	-4318.311	-4605.543	287.2317	0.956608	0.3903578	11.89628
31602	-4320.052	-4610.316	290.2639	0.8791336	0.4590261	10.2824
31608	-4312.848	-4601.508	288.6597	0.8586578	0.4071087	11.1842
31614	-4320.99	-4609.799	288.8092	0.8587449	0.3335091	11.1842
31620	-4319.577	-4605.639	286.0624	0.7864516	0.5015919	12.49055
31626	-4328.064	-4614.107	286.0427	0.793667	0.375451	12.61643
31632	-4329.663	-4613.047	283.3843	0.8708397	0.4389698	13.89476
31638	-4334.671	-4617.853	283.1823	0.793362	0.4442012	14.0348
31644	-4336.54	-4620.497	283.9569	0.8993429	0.4442012	13.57796
31650	-4329.295	-4617.155	287.8594	1.023236	0.4498172	11.47561
31656	-4331.469	-4617.201	285.7321	0.8906087	0.3609938	12.74298
31662	-4330.661	-4611.221	280.5599	0.8404319	0.3845562	15.42589
31668	-4339.442	-4621.066	281.6232	0.7744786	0.5745137	14.74168
31674	-4337.491	-4624.197	286.7056	0.7732332	0.4617293	12.19754
31680	-4319.549	-4598.388	278.8392	0.6939109	0.4383672	16.3373
31686	-4322.312	-4608.171	285.8585	0.7307874	0.4564975	12.66572
31692	-4330.884	-4618.006	287.1218	0.7743634	0.3784847	12.06097
31698	-4332.697	-4620.059	287.3617	0.8398815	0.4116731	11.86794
31704	-4335.218	-4622.5	287.2823	0.8218682	0.4654387	11.86794
31710	-4328.581	-4616.126	287.5449	0.708333	0.3849414	11.86794
31716	-4323.243	-4610.282	287.039	0.8616697	0.5650663	11.88979
31722	-4324.265	-4611.071	286.8055	0.9547612	0.5186861	12.00093
31728	-4329.023	-4615.95	286.9267	0.7354401	0.3900633	12.17104
31734	-4334.46	-4620.836	286.3766	0.8342649	0.5059289	12.29824
31740	-4322.717	-4607.918	285.2005	0.7090112	0.380756	13.09309
31746	-4334.662	-4619.345	284.6832	0.8079731	0.368216	13.3236
31752	-4329.154	-4613.952	284.7982	0.7355565	0.407198	13.26159
31758	-4341.72	-4627.332	285.612	0.7605345	0.3316966	12.9055
31764	-4345.087	-4628.048	282.9614	0.6488803	0.3316966	14.33928
31770	-4331.127	-4615.102	283.9753	0.7318818	0.3028765	13.80422
31776	-4319.864	-4607.573	287.7088	0.7412911	0.3959754	11.75387
31782	-4331.653	-4621.121	289.4674	0.7433462	0.3480489	10.88359
31788	-4324.01	-4611.667	287.6572	0.80383	0.3500148	11.79668
31794	-4342.705	-4630.599	287.8943	0.8345038	0.5193854	11.49454
31800	-4338.327	-4622.953	284.626	0.7058304	0.3634884	13.41138
31806	-4329.439	-4614.046	284.607	0.802147	0.327164	13.41138
31812	-4332.139	-4618.007	285.8683	0.745463	0.3343836	12.77693
31818	-4326.044	-4610.397	284.3526	0.683132	0.3643118	13.56428
31824	-4330.142	-4614.416	284.2742	0.7116296	0.3891897	13.56428
31830	-4332.8	-4618.127	285.3265	0.6514729	0.3482788	13.09211
31836	-4333.612	-4620.212	286.5996	0.7762171	0.3839526	12.32659
31842	-4336.935	-4623.535	286.5994	0.8186928	0.3630041	12.32659
31848	-4352.763	-4642.154	289.3914	0.8113461	0.3529007	10.88244
31854	-4333.495	-4620.742	287.2469	0.8071935	0.3529007	12.00588
31860	-4334.936	-4617.661	282.7255	0.7137211	0.2730967	14.49835
31866	-4346.385	-4629.629	283.2442	0.6597356	0.3846634	14.13008
31872	-4326.273	-4609.468	283.1953	0.7430599	0.3675512	14.13008
31878	-4339.426	-4626.449	287.0232	0.8613724	0.2899174	12.16765
31884	-4336.159	-4620.751	284.592	0.7194326	0.3632181	13.42225
31890	-4317.031	-4600.734	283.7024	0.8611071	0.4058579	13.7667
31896	-4317.666	-4604.363	286.6967	0.8621877	0.3879488	12.22705
31902	-4317.883	-4600.758	282.8748	0.7622229	0.4675719	14.18895
31908	-4309.367	-4595.712	286.3448	0.7873902	0.4124262	12.42482
31914	-4311.278	-4597.743	286.4654	0.7873902	0.4109441	12.36344
31920	-4321.162	-4608.97	287.8085	0.8811339	0.4906377	11.53967
31926	-4322.163	-4607.872	285.7088	0.754742	0.4641737	12.72416
31932	-4323.749	-4610.207	286.4578	0.7327674	0.3227672	12.48992
31938	-4331.042	-4617.344	286.3018	0.6650533	0.4342103	12.48992
31944	-4330.263	-4614.55	284.2865	0.7050452	0.4899798	13.46647
31950	-4328.592	-4616.292	287.6997	0.722333	0.5611172	11.62067
31956	-4328.858	-4615.974	287.1159	0.7507163	0.348829	12.10814
31962	-4326.759	-4611.979	285.2198	0.8961311	0.3993036	12.96684
31968	-4321.864	-4607.877	286.0129	0.7785385	0.4829751	12.53665
31974	-4321.195	-4607.366	286.1709	0.7839673	0.5658524	12.38239
31980	-4319.346	-4605.636	286.2899	0.8908751	0.4281191	12.3843
31986	-4318.089	-4606.865	288.7763	0.8976956	0.4558927	11.05595
31992	-4309.162	-4598.536	289.3743	0.7486238	0.3587351	10.91792
31998	-4311.933	-4599.65	287.7174	0.7202566	0.3587351	11.79937
32004	-4326.574	-4612.421	285.8463	0.8224718	0.4337331	12.6456
32010	-4313.498	-4600.049	286.5512	0.8334906	0.3974222	12.30822
32016	-4312.069	-4597.965	285.8954	0.6901043	0.3974222	12.72444
32022	-4322.029	-4610.245	288.2157	0.8750589	0.3308575	11.48917
32028	-4322.195	-4610.505	288.3105	0.7207221	0.3869023	11.45951
32034	-4323.441	-4611.761	288.3202	0.844066	0.3232163	11.45951
32040	-4334.646	-4619.557	284.9112	0.6596607	0.4248522	13.22508
32046	-4331.401	-4617.495	286.0938	0.7602118	0.4230253	12.55937
32052	-4315.031	-4604.683	289.6519	0.8489347	0.3241007	10.75869
32058	-4308.15	-4594.299	286.1482	0.7716036	0.4815217	12.47108
32064	-4319.482	-4607.491	288.0096	0.8491311	0.4062911	11.53002
32070	-4318.553	-4606.319	287.7659	0.8831028	0.5268359	11.53002
32076	-4332.238	-4618.771	286.5333	0.840093	0.3626364	12.35026
32082	-4334.47	-4619.793	285.3232	0.6510256	0.4066415	13.03322
32088	-4340.688	-4624.203	283.5152	0.5932215	0.3832724	14.0255
32094	-4333.731	-4616.234	282.5036	0.6810508	0.4573601	14.43259
32100	-4314.202	-4599.28	285.0779	0.7410443	0.4299612	13.09126
32106	-4327.26	-4612.26	284.9997	0.837371	0.4201436	13.09126
32112	-4329.46	-4616.985	287.525	0.8662068	0.3283944	11.85742
32118	-4322.595	-4609.559	286.9641	0.9282137	0.41711	12.024
32124	-4334.801	-4622.355	287.5546	0.8744971	0.4175241	11.74339
32130	-4330.174	-4613.683	283.5087	0.8927841	0.3175587	13.94539
32136	-4322.564	-4608.518	285.9537	0.8293617	0.3426922	12.67953
32142	-4341.38	-4625.692	284.3112	0.6947814	0.3351355	13.61165
32148	-4334.719	-4617.784	283.0654	0.6957714	0.3282663	14.26499
32154	-4344.784	-4629.025	284.2407	0.6957714	0.3783944	13.60096
32160	-4326.639	-4613.429	286.7907	0.7434092	0.5204547	12.11742
32166	-4332.196	-4620.874	288.6777	0.7720179	0.3533114	11.27631
32172	-4329.848	-4617.253	287.4046	0.909864	0.4146891	11.80603
32178	-4324.103	-4611.241	287.1381	0.9904389	0.4674837	11.85337
32184	-4337.894	-4621.163	283.2692	0.7798612	0.3887471	14.05067
32190	-4326.721	-4612.484	285.7638	0.704618	0.4251815	12.75803
32196	-4323.706	-4608.542	284.8365	0.6734111	0.3679233	13.31415
32202	-4323.715	-4610.198	286.4823	0.7911661	0.3648892	12.39992
32208	-4333.696	-4619.517	285.8207	0.7850445	0.3900249	12.72141
32214	-4346.833	-4635.187	288.354	0.7829184	0.2855074	11.51938
32220	-4342.957	-4634.901	291.9434	1.131327	0.3417332	9.384226
32226	-4326.613	-4616.704	290.0917	0.84666	0.4337099	10.41374
32232	-4330.095	-4619.83	289.735	0.9693371	0.5669572	10.42061
32238	-4315.234	-4602.188	286.9534	0.7892678	0.3933376	12.12571
32244	-4316.314	-4601.976	285.6616	0.8094084	0.5036855	12.68548
32250	-4329.969	-4617.497	287.5277	1.007161	0.351979	11.75594
32256	-4324.501	-4606.611	282.11	0.8566077	0.3814655	14.61895
32262	-4337.506	-4624.842	287.3364	1.005967	0.4040978	11.80197
32268	-4331.14	-4615.038	283.8975	0.8673405	0.36798	13.70099
32274	-4333.052	-4615.612	282.5596	0.7930291	0.4369426	14.36445
32280	-4327.581	-4613.161	285.5802	0.8735092	0.3742088	12.81686
32286	-4318.969	-4604.322	285.3526	0.7528454	0.3781487	12.99392
32292	-4312.531	-4599.487	286.9564	0.8728807	0.3964896	12.07735
32298	-4317.641	-4604.507	286.8661	0.7635461	0.4781696	12.10411
32304	-4315.43	-4603.518	288.0877	0.7992061	0.4798331	11.44608
32310	-4336.481	-4624.641	288.1602	1.041769	0.358659	11.40008
32316	-4347.084	-4636.387	289.3031	0.8515482	0.2948101	10.97521
32322	-4336.475	-4621.397	284.9225	0.8455784	0.3233437	13.22931
32328	-4340.276	-4624.226	283.9501	0.8115758	0.3256387	13.7492
32334	-4311.982	-4601.517	289.5354	0.8996491	0.3448566	10.7696
32340	-4332.083	-4620.97	288.886	1.000078	0.4155776	10.98326
32346	-4331.784	-4620.459	288.675	0.9514889	0.4437253	11.09213
32352	-4325.632	-4613.098	287.4667	0.8091111	0.4138931	11.82699
32358	-4331.754	-4619.623	287.869	0.7655129	0.3408257	11.71626
32364	-4345.667	-4633.089	287.4217	0.9127927	0.3976772	11.81252
32370	-4333.799	-4619.162	285.3627	0.7922616	0.3565	12.99113
32376	-4320.244	-4606.664	286.4205	0.815266	0.4121946	12.3711
32382	-4322.186	-4609.557	287.3709	0.7097547	0.3963934	11.94632
32388	-4336.859	-4624.835	287.9758	0.7575114	0.3828717	11.61934
32394	-4335.248	-4621.353	286.1055	0.6864915	0.4334453	12.5817
32400	-4313.571	-4601.126	287.5549	0.8396062	0.3938254	11.78509
32406	-4319.44	-4612.98	293.5399	1.224367	0.4227034	8.403686
32412	-4325.628	-4616.688	291.0601	0.9976664	0.3967839	9.861501
32418	-4318.973	-4608.105	289.1318	0.9205444	0.4513557	10.8619
32424	-4335.159	-4619.26	284.1009	0.8110409	0.3305553	13.66563
32430	-4331.75	-4616.318	284.5683	0.8868681	0.413655	13.29608
32436	-4339.671	-4622.224	282.5536	0.9308785	0.3347002	14.40107
32442	-4327.143	-4611.783	284.6398	0.7070623	0.3634415	13.40362
32448	-4320.178	-4602.668	282.4898	0.7730848	0.394733	14.45199
32454	-4328.498	-4613.065	284.5668	0.8220243	0.40173	13.34233
32460	-4321.595	-4607.944	286.3488	0.8600976	0.4211165	12.37641
32466	-4317.791	-4602.311	284.5207	0.8291537	0.4211165	13.34353
32472	-4315.657	-4600.288	284.6318	0.8801716	0.3867768	13.29346
32478	-4324.221	-4612.61	288.3888	0.9741577	0.3860817	11.28687
32484	-4316.693	-4603.265	286.5717	0.9368536	0.3940212	12.24712
32490	-4321.72	-4612.777	291.0571	1.016852	0.4664638	9.785718
32496	-4324.972	-4611.167	286.1948	0.9905589	0.4407828	12.36985
32502	-4332.637	-4617.538	284.9013	0.8768716	0.3463629	13.19808
32508	-4322.022	-4610.787	288.7649	0.8751029	0.4222645	11.1056
32514	-4323.629	-4607.689	284.0599	0.7878797	0.3708548	13.6549
32520	-4314.834	-4599.816	284.9814	0.7102301	0.3708548	13.21666
32526	-4309.392	-4596.423	287.0312	0.786346	0.3708548	12.10997
32532	-4326.012	-4614.446	288.4341	0.786346	0.4296377	11.31805
32538	-4315.955	-4604.676	288.721	0.840041	0.2755261	11.31029
32544	-4317.168	-4601.353	284.185	0.7997394	0.3504396	13.6057
32550	-4311.744	-4597.767	286.0235	0.9432008	0.3347354	12.59282
32556	-4306.606	-4596.508	289.9028	0.9675808	0.3964049	10.48623
32562	-4305.425	-4591.676	286.2512	0.9801815	0.3154507	12.47721
32568	-4314.367	-4600.361	285.9937	0.8791509	0.340155	12.63558
32574	-4313.354	-4599.365	286.0107	0.8621618	0.340155	12.63558
32580	-4311.76	-4599.413	287.653	0.7858284	0.3813306	11.77478
32586	-4303.785	-4590.62	286.8344	0.8248257	0.3744326	12.18877
32592	-4324.598	-4612.439	287.841	0.9187685	0.3695822	11.6195
32598	-4317.015	-4604.872	287.8567	0.779103	0.3314534	11.72622
32604	-4326.064	-4612.035	285.9711	0.8241171	0.4287437	12.58453
32610	-4325.163	-4612.256	287.0935	0.8055251	0.4040548	12.03339
32616	-4329.469	-4616.598	287.1288	0.8889926	0.4987917	11.88347
32622	-4320.106	-4606.25	286.1436	0.7368715	0.4164074	12.55204
32628	-4311.537	-4596.851	285.3142	0.6738946	0.4020867	13.03054
32634	-4331.864	-4619.524	287.6597	0.7845198	0.4410673	11.71288
32640	-4321.933	-4607.159	285.226	0.826853	0.3479636	13.05353
32646	-4320.725	-4606.097	285.3721	0.7412452	0.3201261	13.05353
32652	-4326.289	-4611.189	284.9004	0.741713	0.2831007	13.34318
32658	-4319.316	-4603.798	284.4811	0.7673313	0.4784659	13.34318
32664	-4312.878	-4598.117	285.2397	0.774316	0.4784659	12.94525
32670	-4317.284	-4602.474	285.19	0.9136337	0.353662	13.0209
32676	-4323.944	-4610.688	286.7439	0.754462	0.333053	12.31779
32682	-4319.002	-4604.607	285.6047	0.79081	0.3657053	12.85616
32688	-4317.853	-4603.071	285.2185	0.8441524	0.3291368	13.06956
32694	-4309.057	-4596.469	287.4125	0.9198458	0.3986037	11.81271
32700	-4303.484	-4589.492	286.0073	0.9183918	0.3437588	12.60408
32706	-4313.696	-4601.045	287.3486	0.7999575	0.411271	11.89601
32712	-4326.049	-4612.764	286.7147	0.925768	0.43585	12.1373
32718	-4317.165	-4603.007	285.842	0.7937237	0.3728067	12.72363
32724	-4336.741	-4623.65	286.9083	0.8383433	0.4699643	12.05038
32730	-4331.462	-4621.571	290.1088	0.9401859	0.4895475	10.30429
32736	-4332.067	-4623.437	291.3694	0.9493858	0.3055283	9.825334
32742	-4326.33	-4617.399	291.0685	0.9871012	0.4344869	9.825334
32748	-4327.986	-4615.107	287.1212	0.8188854	0.3582057	12.05958
32754	-4326.399	-4611.787	285.3882	0.830755	0.4177086	12.89508
32760	-4328.797	-4616.603	287.8058	0.810555	0.3505531	11.71495
32766	-4332.24	-4621.304	289.0645	0.8156164	0.445487	10.95767
32772	-4331.656	-4616.495	284.8394	0.9091094	0.3994081	13.15776
32778	-4331.586	-4618.069	286.4829	0.9798855	0.366663	12.29938
32784	-4325.707	-4614.394	288.6867	0.9665032	0.4375277	11.08403
32790	-4326.761	-4615.263	288.5017	0.8586729	0.3578211	11.31816
32796	-4332.046	-4616.234	284.1881	0.8213624	0.419384	13.52198
32802	-4328.147	-4615.404	287.2564	0.8831777	0.3935147	11.91845
32808	-4342.494	-4627.893	285.3984	0.7610837	0.4013488	12.94212
32814	-4329.067	-4618.806	289.7392	0.7391448	0.4242679	10.66431
32820	-4327.061	-4612.852	285.7911	0.7391448	0.321663	12.83496
32826	-4339.607	-4629.168	289.5615	0.9033456	0.5565208	10.55471
32832	-4329.293	-4616.742	287.4484	0.6902926	0.4183743	11.89417
32838	-4334.464	-4617.985	283.5207	0.789611	0.3589206	13.94642
32844	-4337.446	-4620.856	283.4095	0.6994632	0.3589206	14.05082
32850	-4326.887	-4613.497	286.6098	0.8370643	0.3875529	12.28585
32856	-4329.095	-4613.482	284.3868	0.701782	0.3875529	13.51258
32862	-4332.896	-4612.502	279.6058	0.8007499	0.2875345	16.04791
32868	-4337.818	-4621.858	284.0395	0.7658774	0.440894	13.60742
32874	-4332.47	-4614.553	282.0821	0.8364955	0.440894	14.58555
32880	-4330.139	-4612.328	282.1895	0.851729	0.3763853	14.58555
32886	-4332.048	-4615.698	283.6507	0.8104468	0.3599088	13.86714
32892	-4323.092	-4607.726	284.6344	0.809565	0.4803229	13.23994
32898	-4330.176	-4615.038	284.8613	0.7613413	0.3829065	13.23994
32904	-4337.848	-4621.953	284.1052	0.7452525	0.4268329	13.59737
32910	-4350.327	-4637.19	286.8626	0.630404	0.4268329	12.22278
32916	-4362.045	-4645.168	283.1227	0.703872	0.3675618	14.18803
32922	-4351.51	-4638.812	287.3014	1.031096	0.5194766	11.70152
32928	-4337.592	-4622.819	285.2268	0.9154644	0.4803895	12.87683
32934	-4335.677	-4622.572	286.8954	0.7717088	0.3478407	12.21327
32940	-4322.171	-4606.093	283.9221	0.6540171	0.3763348	13.79011
32946	-4321.429	-4607.578	286.1494	0.724754	0.4086221	12.56297
32952	-4320.761	-4606.757	285.9956	0.6389075	0.4673924	12.63228
32958	-4326.266	-4612.171	285.9041	0.8514068	0.4010575	12.63228
32964	-4329.513	-4616.281	286.7671	0.7750504	0.4623037	12.16398
32970	-4328.421	-4617.76	289.3393	0.9217171	0.4212702	10.78118
32976	-4333.971	-4620.791	286.8203	0.7613711	0.4207301	12.18247
32982	-4331.665	-4618.419	286.7541	0.837588	0.4153433	12.18247
32988	-4333.706	-4620.48	286.7734	0.811443	0.4190254	12.18247
32994	-4332.344	-4616.389	284.0445	0.7721338	0.3373739	13.70741
33000	-4331.658	-4619.221	287.5631	0.9169754	0.3440174	11.79336
33006	-4335.283	-4620.18	284.8968	0.9123477	0.341406	13.18746
33012	-4338.32	-4622.989	284.6692	0.7742771	0.3419684	13.37685
33018	-4322.292	-4606.689	284.3966	0.9265154	0.4013403	13.37685
33024	-4307.851	-4593.628	285.7764	0.9265154	0.3499238	12.71323
33030	-4312.428	-4596.81	284.3829	0.7554901	0.3809117	13.49357
33036	-4309.329	-4595.987	286.658	0.7838121	0.3457846	12.33299
33042	-4307.891	-4590.209	282.3186	0.7702453	0.3485122	14.59064
33048	-4310.383	-4592.731	282.3473	0.8638651	0.3718557	14.5023
33054	-4311.041	-4595.441	284.4	0.7610172	0.3417496	13.52376
33060	-4316.67	-4601.156	284.4862	0.6702667	0.3417496	13.52615
33066	-4320.46	-4605.234	284.7742	0.6732642	0.2988607	13.42479
33072	-4332.672	-4618.833	286.1617	0.7457849	0.3136344	12.64798
33078	-4334.183	-4620.957	286.7742	0.7275759	0.4733885	12.17503
33084	-4326.52	-4609.572	283.052	0.7548751	0.3419776	14.22589
33090	-4329.996	-4613.791	283.7955	0.7388871	0.3471423	13.84302
33096	-4331.767	-4615.925	284.158	0.7372598	0.391328	13.60907
33102	-4327.381	-4612.128	284.7473	0.7884021	0.4346592	13.234
33108	-4327.759	-4614.002	286.2426	0.8471189	0.4551117	12.40639
33114	-4329.891	-4617.778	287.8867	0.84722	0.3978958	11.60367
33120	-4329.483	-4617.683	288.1996	0.7516224	0.4199341	11.46823
33126	-4326.757	-4614.957	288.1999	0.7750165	0.4073314	11.46823
33132	-4332.613	-4619.161	286.5479	0.6998401	0.3201256	12.46324
33138	-4342.181	-4625.4	283.2194	0.6587862	0.3666136	14.16223
33144	-4347.474	-4631.935	284.4603	0.7322339	0.326501	13.52462
33150	-4345.989	-4632.792	286.8035	0.6554584	0.4583896	12.21097
33156	-4348.794	-4637.356	288.562	0.7676178	0.3477157	11.3453
33162	-4343.732	-4633.464	289.7318	0.8772176	0.4668823	10.55566
33168	-4347.611	-4630.419	282.8072	0.8197821	0.4980594	14.16742
33174	-4337.794	-4622.785	284.9911	0.8086762	0.4208312	13.11003
33180	-4350.534	-4636.21	285.6761	0.8469597	0.2916799	12.87455
33186	-4335.782	-4622.894	287.1125	0.8273778	0.3494476	12.06925
33192	-4323.167	-4610.75	287.5826	0.905891	0.406243	11.72351
33198	-4321.011	-4609.583	288.5716	0.7821193	0.3689474	11.30964
33204	-4338.493	-4623.613	285.12	0.7313717	0.3689474	13.13566
33210	-4329.158	-4615.801	286.6425	0.6748723	0.3689474	12.37273
33216	-4317.31	-4603.93	286.6197	0.7917564	0.3261991	12.37088
33222	-4320.512	-4607.32	286.8075	0.7769274	0.3537975	12.24986
33228	-4333.084	-4618.573	285.4884	0.7211707	0.3537975	12.9657
33234	-4331.682	-4614.783	283.1013	0.6613332	0.3702682	14.2183
33240	-4325.508	-4611.706	286.1978	0.7180096	0.3591069	12.5924
33246	-4336.671	-4623.721	287.0504	0.7652695	0.366113	12.11598
33252	-4332.948	-4623.471	290.5232	1.004727	0.3802539	10.15741
33258	-4321.204	-4611.524	290.3207	0.9592134	0.4488922	10.21984
33264	-4330.378	-4616.81	286.4325	0.8237147	0.3355363	12.44116
33270	-4323.225	-4614.426	291.201	0.8561388	0.3467627	9.915194
33276	-4313.95	-4602.129	288.1792	0.8589583	0.3467627	11.49877
33282	-4305.954	-4591.15	285.1956	0.7031761	0.3631681	13.11714
33288	-4305.829	-4590.063	284.2341	0.6594452	0.3631681	13.6393
33294	-4317.327	-4604.418	287.0911	0.6385037	0.3658048	12.16122
33300	-4320.542	-4608.458	287.9158	0.8221993	0.4115546	11.58791
33306	-4324.165	-4611.045	286.8806	0.7602879	0.3841367	12.18822
33312	-4330.863	-4614.27	283.407	0.8736009	0.4820664	13.84237
33318	-4330.016	-4616.499	286.4837	0.7296959	0.4414897	12.3546
33324	-4325.266	-4613.475	288.2097	0.839932	0.4450217	11.39279
33330	-4318.456	-4603.132	284.6762	0.7295457	0.464901	13.27358
33336	-4317.639	-4601.553	283.9134	0.6865348	0.3632883	13.79153
33342	-4320.757	-4609.783	289.0261	0.8744887	0.4106595	10.98054
33348	-4323.846	-4605.721	281.8751	0.6736641	0.4473599	14.77098
33354	-4333.091	-4621.421	288.3292	0.7764523	0.4520211	11.35696
33360	-4336.446	-4623.961	287.5154	0.8379389	0.4992277	11.70789
33366	-4330.167	-4614.855	284.6877	0.7057982	0.4856221	13.2615
33372	-4346.235	-4631.26	285.0248	0.9133491	0.5109815	12.95652
33378	-4350.311	-4637.203	286.8919	0.8719874	0.4181548	12.08994
33384	-4356.01	-4642.308	286.2974	0.8089782	0.4233095	12.42768
33390	-4332.745	-4619.617	286.8712	0.8536736	0.3764022	12.15246
33396	-4336.84	-4624.446	287.6058	0.8450076	0.4492526	11.70179
33402	-4342.141	-4629.78	287.6396	0.7856439	0.4637876	11.70179
33408	-4333.534	-4619.85	286.3165	0.7395889	0.4637876	12.416
33414	-4326.134	-4612.631	286.4978	0.743402	0.4064521	12.37392
33420	-4315.914	-4604.522	288.6077	0.8902115	0.3176784	11.29152
33426	-4328.552	-4616.164	287.6124	0.8615434	0.4140141	11.72339
33432	-4319.713	-4603.539	283.8258	0.8037585	0.3116944	13.83397
33438	-4330.603	-4613.228	282.6249	0.6766429	0.3738189	14.45345
33444	-4316.946	-4602.732	285.786	0.7411097	0.4260733	12.72662
33450	-4329.836	-4616.345	286.5085	0.8272853	0.4757409	12.25946
33456	-4319.863	-4606.474	286.6111	0.8879074	0.3867805	12.25946
33462	-4323.619	-4609.755	286.1359	0.7926001	0.5827897	12.3829
33468	-4323.753	-4611.707	287.953	0.8327152	0.3821959	11.59266
33474	-4329.154	-4612.795	283.641	0.7888756	0.4901049	13.75792
33480	-4339.213	-4622.606	283.3925	0.8675549	0.4901049	13.84601
33486	-4340.256	-4626.166	285.91	0.7987142	0.3116962	12.75373
33492	-4342.442	-4629.148	286.7061	0.6893674	0.5339317	12.17852
33498	-4334.344	-4622.152	287.8081	0.89649	0.4919084	11.53077
33504	-4319.452	-4606.712	287.2604	0.6875035	0.374281	12.03837
33510	-4323.264	-4611.4	288.1354	0.7731226	0.3177877	11.59953
33516	-4339.189	-4626.323	287.134	0.895998	0.2978183	12.08207
33522	-4321.428	-4609.092	287.6634	0.8523059	0.4534942	11.66398
33528	-4324.193	-4608.308	284.1149	0.8482912	0.4933445	13.47826
33534	-4347.682	-4634.056	286.3743	0.7332284	0.326569	12.52882
33540	-4351.927	-4637.095	285.1678	0.7280174	0.4456073	13.03658
33546	-4344.864	-4630.039	285.1743	0.7526824	0.286976	13.19028
33552	-4354.629	-4642.145	287.5158	0.8475296	0.3950565	11.80013
33558	-4335.029	-4623.069	288.0403	0.8850662	0.4028064	11.49868
33564	-4344.429	-4627.68	283.2505	0.7815546	0.4260042	14.0227
33570	-4331.027	-4614.153	283.126	0.825501	0.4712043	14.0227
33576	-4326.214	-4610.104	283.8902	0.7234011	0.4015094	13.74503
33582	-4331.26	-4618.114	286.8532	0.8130374	0.5050185	12.06158
33588	-4324.734	-4611.531	286.7965	0.9018954	0.4856619	12.06158
33594	-4344.926	-4628.827	283.9006	0.8883324	0.4250704	13.63096
33600	-4330.949	-4619.188	288.2386	1.008967	0.3118429	11.42934
33606	-4316.387	-4602.834	286.4461	0.8926538	0.517995	12.22135
33612	-4313.643	-4603.324	289.6811	0.8869242	0.3600902	10.68308
33618	-4322.334	-4609.655	287.3209	0.8599632	0.4124004	11.878
33624	-4314.978	-4601.67	286.6924	0.7324633	0.399537	12.28517
33630	-4316.945	-4603.097	286.1516	0.8417402	0.5478483	12.37673
33636	-4319.946	-4608.449	288.5025	0.8219741	0.3982579	11.29454
33642	-4321.137	-4608.929	287.792	0.8634432	0.4344	11.60885
33648	-4323.228	-4610.38	287.1516	0.7105736	0.4714517	11.98879
33654	-4313.281	-4601.846	288.5651	0.8976224	0.3952439	11.22527
33660	-4319.266	-4604.985	285.7189	0.8103101	0.3717201	12.78021
33666	-4318.821	-4604.589	285.7679	0.8025162	0.351752	12.78021
33672	-4306.208	-4596.533	290.325	0.7885475	0.4589441	10.29797
33678	-4320.597	-4613.227	292.6298	1.066118	0.4395608	8.954127
33684	-4314.458	-4603.186	288.7288	0.9135856	0.3932433	11.13325
33690	-4324.985	-4610.907	285.9222	0.9135856	0.3932433	12.59836
33696	-4317.302	-4600.95	283.6475	0.8711152	0.4388343	13.75821
33702	-4317.513	-4605.039	287.5255	0.8428459	0.3519076	11.84298
33708	-4307.067	-4589.426	282.3583	0.8679604	0.4253916	14.44088
33714	-4309.749	-4597.806	288.0571	0.8679604	0.3769694	11.52531
33720	-4323.959	-4608.634	284.6756	0.8550252	0.3978191	13.27257
33726	-4321.916	-4608.241	286.3255	0.7750498	0.4357959	12.41875
33732	-4330.248	-4616.584	286.3361	0.8838872	0.373417	12.41875
33738	-4315.664	-4602.917	287.253	0.7756861	0.4278835	11.94237
33744	-4307.116	-4594.388	287.2719	0.8083163	0.400545	11.94237
33750	-4316.348	-4602.716	286.3679	0.954302	0.4498935	12.29006
33756	-4302.502	-4588.142	285.6405	0.95971	0.3636544	12.7518
33762	-4302.944	-4590.33	287.3853	0.7956027	0.4173613	11.87313
33768	-4305.222	-4593.533	288.3109	0.8898034	0.4106655	11.34689
33774	-4312.406	-4599.016	286.6107	0.9159991	0.4221568	12.20977
33780	-4321.771	-4608.738	286.9666	0.9583666	0.5186333	11.91503
33786	-4325.016	-4609.131	284.1152	0.8264507	0.4902126	13.49218
33792	-4336.595	-4620.072	283.4777	0.9727063	0.4566966	13.77704
33798	-4322.996	-4607.964	284.9673	0.7394808	0.3540778	13.22672
33804	-4325.451	-4611.11	285.6598	0.7556315	0.4714221	12.7427
33810	-4329.957	-4618.18	288.2223	0.9316574	0.4248305	11.35745
33816	-4320.764	-4609.04	288.2759	0.9913574	0.4036024	11.31909
33822	-4322.502	-4614.7	292.1979	0.9967176	0.3687315	9.291141
33828	-4314.743	-4603.528	288.7851	0.9165551	0.3920494	11.10345
33834	-4331.909	-4618.837	286.9287	0.9598808	0.3901726	12.05284
33840	-4309.105	-4597.344	288.2397	0.8625674	0.4293297	11.38017
33846	-4316.465	-4605.285	288.8206	0.9881023	0.4051376	11.03415
33852	-4327.862	-4616.691	288.8288	0.9614742	0.4068298	11.0421
33858	-4313.388	-4600.472	287.0844	0.7737212	0.396805	12.06199
33864	-4318.232	-4603.478	285.2459	0.8999643	0.4873507	12.86882
33870	-4312.713	-4598.225	285.5114	1.040775	0.6179018	12.55237
33876	-4319.559	-4606.472	286.9123	0.8500809	0.3527055	12.15828
33882	-4319.129	-4605.93	286.801	0.9194119	0.4977565	12.03954
33888	-4316.419	-4605.583	289.164	0.9265181	0.4306962	10.86146
33894	-4329.421	-4615.37	285.9488	0.8058309	0.4306962	12.60379
33900	-4314.54	-4596.439	281.8991	0.684728	0.4147	14.7838
33906	-4306.475	-4591.248	284.7727	0.6966779	0.4398067	13.26362
33912	-4308.584	-4592.061	283.4765	0.6966779	0.426908	13.94868
33918	-4327.646	-4612.179	284.5331	0.6577728	0.4691577	13.38134
33924	-4311.193	-4598.155	286.9611	0.7730834	0.3771241	12.14685
33930	-4316.557	-4604.889	288.332	0.842544	0.4352178	11.3367
33936	-4314.706	-4601.265	286.5597	0.7666044	0.5330328	12.21531
33942	-4313.189	-4600.894	287.7051	0.9154717	0.370946	11.69075
33948	-4318.223	-4604.07	285.8461	0.8222628	0.3328386	12.75026
33954	-4328.683	-4613.504	284.8213	0.734217	0.2982187	13.36947
33960	-4329.883	-4613.938	284.0553	0.897662	0.3658095	13.60562
33966	-4326.528	-4610.443	283.9148	0.9886876	0.3905265	13.60562
33972	-4323.38	-4610.2	286.8207	0.9157205	0.3867489	12.13573
33978	-4323.668	-4611.697	288.0291	1.050643	0.3046293	11.52571
33984	-4314.946	-4600.71	285.7643	0.8190725	0.3612003	12.76322
33990	-4315.448	-4602.351	286.9033	0.753802	0.4169855	12.1468
33996	-4321.494	-4607.119	285.6249	0.7566354	0.322611	12.91123
34002	-4315.527	-4601.779	286.2519	0.769724	0.36927	12.52644
34008	-4322.571	-4607.341	284.77	0.8580273	0.3145486	13.31228
34014	-4315.489	-4603.399	287.9098	0.8413308	0.4041864	11.58835
34020	-4319.326	-4603.515	284.1892	0.7732697	0.3853603	13.5803
34026	-4322.809	-4606.913	284.1036	0.7687709	0.4328136	13.5803
34032	-4318.712	-4605.838	287.1257	0.8827552	0.5547294	11.84181
34038	-4335.966	-4623.656	287.6905	0.7234318	0.3981244	11.77057
34044	-4327.019	-4609.676	282.6566	0.8320054	0.5067699	14.23168
34050	-4322.667	-4608.287	285.6198	0.7390965	0.4332066	12.80737
34056	-4316.338	-4602.027	285.6883	0.7321955	0.400335	12.80737
34062	-4325.698	-4611.425	285.7264	0.7397778	0.377116	12.80737
34068	-4316.368	-4602.033	285.6647	0.776655	0.419261	12.77785
34074	-4315.939	-4600.364	284.4259	0.7830931	0.419261	13.41849
34080	-4318.73	-4603.655	284.9246	0.6659679	0.3754245	13.26439
34086	-4312.623	-4596.304	283.6808	0.7510064	0.4959224	13.75189
34092	-4319.347	-4603.493	284.1463	0.613711	0.4959224	13.58153
34098	-4332.422	-4615.004	282.582	0.7204268	0.4534853	14.37511
34104	-4328.639	-4618.747	290.1085	0.9182474	0.4267568	10.37402
34110	-4337.297	-4621.478	284.1813	0.8037146	0.3490037	13.60711
34116	-4337.396	-4623.737	286.3416	0.7256131	0.3408039	12.53369
34122	-4317.739	-4604.15	286.4108	0.9108878	0.3817505	12.35706
34128	-4333.306	-4614.324	281.0179	0.7830305	0.3877142	15.21558
34134	-4331.913	-4619.557	287.6437	0.8251209	0.3877142	11.75253
34140	-4322.718	-4609.23	286.5114	0.7957111	0.4707596	12.27887
34146	-4329.463	-4615.983	286.5199	0.7414387	0.4978617	12.27887
34152	-4319.952	-4606.81	286.8583	0.8324381	0.4978617	12.05493
34158	-4331.698	-4617.65	285.9524	0.8699596	0.6026707	12.42302
34164	-4332.64	-4616.46	283.8196	0.7854075	0.4683438	13.68627
34170	-4337.303	-4626.617	289.3145	0.8417296	0.3788137	10.87904
34176	-4333.27	-4622.447	289.1773	0.8265229	0.4603306	10.87904
34182	-4330.578	-4618.682	288.1036	0.9539053	0.4585455	11.3761
34188	-4340.792	-4628.848	288.0554	0.9394806	0.4495172	11.41721
34194	-4328.027	-4616.375	288.3482	0.8700802	0.4765193	11.27575
34200	-4332.169	-4616.748	284.5788	0.8618704	0.3525211	13.36667
34206	-4326.926	-4610.599	283.6734	0.7664441	0.3525211	13.88617
34212	-4327.8	-4614.533	286.7328	0.900278	0.5516749	12.04016
34218	-4338.312	-4626.904	288.5915	0.9533057	0.4662337	11.11409
34224	-4334.731	-4619.659	284.9278	0.7932144	0.4380866	13.13446
34230	-4327.248	-4616.065	288.8166	0.928384	0.4344656	11.03885
34236	-4326.369	-4611.488	285.119	0.704986	0.3815722	13.13669
34242	-4339.031	-4619.986	280.9542	0.8154599	0.4308855	15.18941
34248	-4330.811	-4612.846	282.0346	0.7847506	0.5480557	14.5443
34254	-4337.816	-4624.029	286.2133	0.7941743	0.4390407	12.4642
34260	-4322.479	-4610.551	288.0717	0.7664797	0.4931261	11.45985
34266	-4327.75	-4613.995	286.2452	0.8167129	0.2979232	12.58644
34272	-4316.677	-4601.915	285.2377	0.8320701	0.3917216	12.99849
34278	-4307.114	-4594.345	287.2312	0.7999514	0.3389451	12.03331
34284	-4310.981	-4596.451	285.4703	0.9466542	0.4689001	12.74415
34290	-4309.371	-4596.971	287.6002	0.8004364	0.3122811	11.87125
34296	-4315.434	-4599.11	283.6764	0.8490621	0.31765	13.88101
34302	-4314.247	-4602.268	288.0215	0.758226	0.4884354	11.49454
34308	-4317.129	-4603.004	285.8751	0.8259228	0.3815652	12.68051
34314	-4322.812	-4607.711	284.8993	0.8259228	0.3815652	13.18805
34320	-4339.58	-4621.192	281.6118	0.8100456	0.4385179	14.84485
34326	-4337.633	-4621.964	284.3311	0.8549723	0.4385179	13.412
34332	-4319.669	-4607.916	288.2465	0.9587861	0.4136509	11.34154
34338	-4321.881	-4611.89	290.0087	1.049883	0.5160002	10.27636
34344	-4306.374	-4594.456	288.0817	0.9071035	0.3644836	11.50523
34350	-4315.452	-4601.139	285.6868	0.8412275	0.4190636	12.73293
34356	-4322.291	-4606.941	284.6502	0.9800058	0.5292061	13.1014
34362	-4329.8	-4612.58	282.7804	0.678135	0.4412933	14.30554
34368	-4334.372	-4615.835	281.4626	0.8081911	0.3711945	14.98968
34374	-4330.769	-4612.276	281.5063	0.76449	0.3711945	14.98968
34380	-4323.572	-4609.164	285.5917	0.9184147	0.3278429	12.83831
34386	-4327.628	-4616.652	289.0241	0.9799719	0.2818095	11.07039
34392	-4318.149	-4602.135	283.9862	0.7307507	0.4310867	13.66259
34398	-4311.925	-4600.678	288.7524	0.8074238	0.3638634	11.20723
34404	-4328.86	-4615.839	286.9792	1.123196	0.4713549	11.86354
34410	-4319.979	-4609.868	289.8894	0.9374385	0.3199714	10.59253
34416	-4318.95	-4605.897	286.9472	0.8520955	0.4879296	12.00697
34422	-4318.489	-4604.635	286.146	0.8398766	0.4617264	12.45444
34428	-4322.818	-4609.029	286.2117	0.7866663	0.4546021	12.45444
34434	-4323.135	-4610.474	287.3387	0.8818763	0.4734693	11.79991
34440	-4311.589	-4596.308	284.7189	0.8038474	0.4119759	13.2626
34446	-4312.861	-4597.703	284.8422	0.8128527	0.433845	13.17276
34452	-4310.142	-4592.407	282.2653	0.8494876	0.4088781	14.51465
34458	-4303.669	-4592.597	288.9278	0.8940289	0.3984955	11.03398
34464	-4310.889	-4597.801	286.9123	0.9610568	0.395398	12.05548
34470	-4310.284	-4594.359	284.0756	1.024951	0.4082477	13.48557
34476	-4318.993	-4608.757	289.7644	1.032095	0.3563303	10.56729
34482	-4320.756	-4608.052	287.2963	0.8710487	0.3681531	11.93033
34488	-4329.01	-4612.905	283.8947	0.8710487	0.4633037	13.60738
34494	-4313.419	-4598.152	284.7324	0.7578986	0.4075178	13.28385
34500	-4317.484	-4602.288	284.8035	0.7592348	0.3539134	13.30179
34506	-4323.738	-4608.632	284.8945	0.8332482	0.410353	13.15767
34512	-4325.116	-4611.575	286.459	0.8333303	0.3804512	12.37372
34518	-4319.352	-4609.199	289.8463	0.8962047	0.4483661	10.50268
34524	-4328.092	-4613.521	285.429	0.8889805	0.3739274	12.88776
34530	-4340.406	-4629.532	289.126	0.917183	0.456568	10.86189
34536	-4326.957	-4612.056	285.0989	0.8614412	0.3790153	13.06848
34542	-4329.477	-4617.387	287.9102	0.8824357	0.4199186	11.55111
34548	-4347.103	-4635.862	288.759	0.8857396	0.4272826	11.09824
34554	-4342.585	-4630.771	288.1856	0.9961734	0.33007	11.44245
34560	-4333.126	-4620.246	287.1197	0.9411781	0.4132874	11.93979
34566	-4338.902	-4626.045	287.1424	0.9184694	0.4132874	11.93979
34572	-4335.693	-4622.252	286.5588	0.809822	0.4719361	12.24578
34578	-4320.211	-4603.039	282.8285	0.7798878	0.4953307	14.17937
34584	-4321.535	-4607.464	285.9284	0.8791266	0.3064553	12.70858
34590	-4322.173	-4609.204	287.0313	0.8163216	0.4040477	12.0602
34596	-4325.574	-4607.938	282.3641	0.728772	0.3877697	14.5471
34602	-4318.463	-4604.258	285.7954	0.899714	0.3964452	12.66838
34608	-4317.914	-4601.421	283.5069	0.899714	0.350568	13.90552
34614	-4327.144	-4609.621	282.4767	0.8002273	0.4112888	14.42829
34620	-4327.259	-4613.12	285.8608	0.8190798	0.4112888	12.66148
34626	-4337.815	-4624.157	286.3426	0.9951817	0.4081767	12.32193
34632	-4332.228	-4615.068	282.8397	0.7875571	0.418064	14.24017
34638	-4328.314	-4615.78	287.4654	0.8267483	0.418064	11.81436
34644	-4322.213	-4605.99	283.7762	0.8406163	0.418064	13.72707
34650	-4326.181	-4612.189	286.0076	0.8690154	0.543377	12.44117
34656	-4311.153	-4598.022	286.8687	0.7887455	0.4416273	12.12298
34662	-4325.847	-4611.817	285.9702	0.860702	0.293087	12.71261
34668	-4310.919	-4597.751	286.8317	0.7633028	0.4259983	12.17043
34674	-4319.877	-4604.778	284.9013	0.7460327	0.4259983	13.18428
34680	-4319.479	-4604.25	284.7708	0.6775195	0.3389257	13.37772
34686	-4321.787	-4610.655	288.8679	0.7942872	0.4177474	11.09841
34692	-4318.465	-4607.703	289.2381	0.8020368	0.3910831	10.92713
34698	-4324.057	-4612.222	288.1654	0.909816	0.3788847	11.44479
34704	-4317.066	-4603.596	286.5303	0.8408277	0.4576989	12.25734
34710	-4317.145	-4602.874	285.729	0.9480192	0.3341991	12.74423
34716	-4314.66	-4601.826	287.1658	0.8779397	0.3295752	12.0374
34722	-4308.366	-4595.353	286.9877	0.8478203	0.43389	12.0374
34728	-4313.241	-4598.918	285.6765	0.744142	0.43389	12.77457
34734	-4321.902	-4607.402	285.5001	0.8021284	0.3847555	12.88471
34740	-4321.984	-4606.689	284.7056	0.8159713	0.4081546	13.26697
34746	-4314.722	-4599.986	285.2649	0.7320739	0.3833057	13.04498
34752	-4322.665	-4609.889	287.2246	0.7872055	0.4400603	11.93962
34758	-4318.832	-4603.868	285.0356	0.8322363	0.3884805	13.10679
34764	-4318.998	-4603.984	284.9868	0.7870792	0.4778759	13.07066
34770	-4303.783	-4588.613	284.8301	0.8908802	0.4778759	13.09814
34776	-4311.811	-4601.211	289.4003	0.7945746	0.4134867	10.82353
34782	-4316.267	-4600.921	284.6536	0.8305297	0.3751061	13.32003
34788	-4317.222	-4603.296	286.0742	0.8682695	0.3245642	12.61703
34794	-4313.372	-4600.04	286.6677	0.8623655	0.3846635	12.24548
34800	-4322.554	-4609.791	287.237	0.813697	0.3766634	11.98224
34806	-4319.031	-4603.339	284.3079	0.8377084	0.4548388	13.41786
34812	-4316.301	-4605.6	289.2989	1.036396	0.4717429	10.69488
34818	-4323.869	-4611.51	287.6406	0.8096244	0.344254	11.80866
34824	-4330.083	-4616.499	286.4157	1.007796	0.344254	12.3442
34830	-4346.347	-4632	285.6533	0.8040046	0.4689308	12.72312
34836	-4329.687	-4614.926	285.2394	0.8432565	0.4787966	12.90922
34842	-4323.436	-4611.363	287.9266	0.9596716	0.2932133	11.64074
34848	-4331.288	-4621.51	290.2222	0.9591508	0.311497	10.41642
34854	-4320.361	-4606.736	286.3753	0.8509956	0.3484185	12.44236
34860	-4307.756	-4593.016	285.2594	0.7986866	0.3245842	13.07715
34866	-4324.587	-4606.977	282.3899	0.7234476	0.4097596	14.51451
34872	-4321.59	-4607.993	286.4025	0.8308559	0.4834933	12.30597
34878	-4307.097	-4593.847	286.7499	0.7770012	0.3303768	12.30597
34884	-4295.22	-4580.407	285.1871	0.7883866	0.4479777	12.99293
34890	-4303.969	-4588.763	284.7936	0.8500832	0.44026	13.17264
34896	-4310.342	-4594.785	284.4429	0.837509	0.4113348	13.38914
34902	-4308.149	-4595.412	287.263	0.8911879	0.414467	11.8899
34908	-4317.218	-4602.994	285.7765	0.7865321	0.3161507	12.82432
34914	-4323.882	-4609.302	285.4201	0.8879033	0.3521238	12.91629
34920	-4326.305	-4612.942	286.6363	0.8926606	0.4914531	12.14489
34926	-4319.107	-4606.697	287.5905	0.8429406	0.4047103	11.75379
34932	-4328.752	-4615.423	286.6712	1.056361	0.377404	12.15004
34938	-4327.224	-4614.123	286.8992	0.9542533	0.3179864	12.15004
34944	-4338.085	-4627.675	289.5904	0.9690817	0.450239	10.59699
34950	-4317.804	-4603.42	285.6157	0.7285208	0.4761579	12.77549
34956	-4312.448	-4598.177	285.7286	0.8267729	0.3633253	12.77549
34962	-4329.285	-4615.624	286.339	0.7223615	0.4406687	12.4346
34968	-4331.18	-4617.731	286.5503	0.8078124	0.4406687	12.27994
34974	-4319.39	-4605.917	286.5272	0.9390102	0.425149	12.23841
34980	-4318.214	-4609.153	290.939	1.033563	0.4214026	9.881758
34986	-4316.165	-4605.617	289.4514	1.037942	0.4214026	10.66132
34992	-4308.51	-4595.601	287.0906	0.8610293	0.4664563	11.94661
34998	-4306.899	-4594.025	287.1258	0.9118784	0.5143828	11.85979
35004	-4306.919	-4594.722	287.8029	0.7798613	0.4574101	11.62531
35010	-4292.303	-4578.396	286.0928	0.7613887	0.3917736	12.59029
35016	-4295.944	-4582.869	286.9247	0.8734332	0.5222691	11.97818
35022	-4287.536	-4575.324	287.7872	0.8713517	0.4258941	11.6154
35028	-4296.781	-4583.525	286.7441	0.865104	0.4783922	12.11457
35034	-4300.6	-4587.828	287.2283	0.7302055	0.3759252	12.03111
35040	-4316.496	-4604.033	287.5372	0.7868166	0.4245817	11.79143
35046	-4317.94	-4602.54	284.6	0.8640586	0.4536557	13.25352
35052	-4321.543	-4611.376	289.8337	0.8978714	0.5691495	10.40453
35058	-4314.935	-4601.09	286.1548	0.8377535	0.452181	12.4597
35064	-4315.564	-4603.39	287.8258	0.9080062	0.5535263	11.46383
35070	-4315.948	-4602.452	286.5046	0.8502422	0.4683856	12.25614
35076	-4310.062	-4596.959	286.8972	0.7574795	0.4395449	12.1264
35082	-4320.638	-4605.861	285.2236	0.7683296	0.4087249	13.02196
35088	-4327.807	-4614.959	287.1512	0.7303108	0.4087249	12.03786
35094	-4321.121	-4608.512	287.3908	0.6291204	0.3401419	12.03786
35100	-4317.875	-4606.19	288.3143	0.7525177	0.4320893	11.39603
35106	-4320.506	-4606.447	285.9413	0.7291619	0.4187306	12.6591
35112	-4333.352	-4621.114	287.762	0.7770299	0.3678665	11.73664
35118	-4327.982	-4616.12	288.1382	0.8667644	0.3701969	11.49071
35124	-4318.143	-4606.769	288.6254	0.8169112	0.3970147	11.23413
35130	-4312.38	-4599.486	287.1057	0.8561879	0.4766513	11.9321
35136	-4312.918	-4599.921	287.0032	0.8140891	0.4647828	12.01823
35142	-4316.455	-4602.618	286.1627	0.6912293	0.3449449	12.64014
35148	-4317.649	-4603.48	285.8313	0.8356695	0.3407091	12.74212
35154	-4324.058	-4613.028	288.9704	0.8349817	0.3672474	11.07509
35160	-4305.216	-4589.874	284.6581	0.7882107	0.4116426	13.30266
35166	-4312.28	-4599.624	287.3435	0.7742471	0.4063994	11.9169
35172	-4302.873	-4590.286	287.4136	0.7415689	0.387078	11.9169
35178	-4300.866	-4586.508	285.6423	0.7803435	0.4542948	12.75447
35184	-4303.75	-4589.326	285.5751	0.758456	0.5067134	12.75447
35190	-4304.971	-4590.828	285.8576	0.6656388	0.399788	12.75447
35196	-4293.558	-4581.05	287.4917	0.7893381	0.552411	11.70133
35202	-4295.289	-4583.422	288.1326	0.7970574	0.4328853	11.46699
35208	-4298.273	-4583.836	285.5627	0.8698749	0.4059265	12.79553
35214	-4317.077	-4602.102	285.0249	0.7925624	0.3765589	13.14527
35220	-4305.567	-4593.096	287.5292	0.7963053	0.5675179	11.66605
35226	-4310.918	-4598.807	287.8895	0.9714331	0.5417475	11.40693
35232	-4312.538	-4599.535	286.9971	0.878305	0.549404	11.91555
35238	-4314.618	-4602.652	288.0339	0.9229015	0.4799589	11.40942
35244	-4307.102	-4594.885	287.7827	1.037874	0.5648378	11.40942
35250	-4310.935	-4598.436	287.5009	0.9982614	0.3779332	11.74683
35256	-4308.271	-4594.092	285.8205	0.9301127	0.3779332	12.65848
35262	-4317.035	-4606.237	289.2017	0.9675969	0.4377035	10.81343
35268	-4319.232	-4606.336	287.1034	1.016181	0.3381882	11.98803
35274	-4315.747	-4601.088	285.3414	1.016181	0.3791956	12.86167
35280	-4316.017	-4601.349	285.3324	0.8540126	0.4716139	12.86167
35286	-4316.719	-4602.169	285.4501	0.8090928	0.462099	12.8324
35292	-4304.926	-4592.691	287.7653	0.8128418	0.334483	11.75288
35298	-4302.433	-4589.65	287.2172	0.8456573	0.4074579	11.94452
35304	-4320.082	-4608.988	288.9058	1.032068	0.4993674	10.87883
35310	-4320.39	-4613.179	292.7894	0.9194763	0.3846596	9.002225
35316	-4305.472	-4595.547	290.0744	0.9871812	0.4217489	10.36054
35322	-4305.37	-4593.236	287.8659	1.004221	0.5201369	11.42002
35328	-4301.825	-4591.295	289.4703	1.147818	0.3650209	10.6515
35334	-4300.208	-4588.774	288.5652	1.170272	0.3104069	11.17578
35340	-4296.253	-4585.676	289.4229	0.992175	0.4176965	10.7039
35346	-4300.39	-4589.59	289.2004	0.976305	0.5589491	10.7039
35352	-4294.181	-4583.572	289.3912	0.9699666	0.4471823	10.7039
35358	-4301.183	-4591.659	290.4766	0.9656527	0.3310938	10.25639
35364	-4306.78	-4596.159	289.3792	0.8911711	0.4430338	10.7554
35370	-4317.819	-4607.442	289.6222	0.9398013	0.3487885	10.69863
35376	-4306.813	-4594.519	287.7068	0.7826922	0.4076609	11.72157
35382	-4320.255	-4605.125	284.8705	0.7304144	0.3424501	13.29452
35388	-4323.793	-4609.405	285.6117	0.8808735	0.3825182	12.78798
35394	-4325.841	-4612.252	286.4115	0.7381117	0.4110571	12.41711
35400	-4312.282	-4599.854	287.5712	0.8631356	0.4110571	11.747
35406	-4304.755	-4591.315	286.5598	0.8528948	0.4078497	12.28318
35412	-4321.803	-4608.323	286.5198	0.8528948	0.4292489	12.28318
35418	-4324.289	-4610.116	285.8275	0.9465002	0.2852977	12.75192
35424	-4321.799	-4609.838	288.0394	0.888526	0.5238838	11.38665
35430	-4325.604	-4610.058	284.4545	0.8069176	0.5511197	13.27525
35436	-4319.689	-4604.521	284.8325	0.7031945	0.3925716	13.27525
35442	-4309.778	-4600.941	291.1626	0.9415051	0.4875987	9.750784
35448	-4308.443	-4598.27	289.8263	0.962158	0.4675536	10.46086
35454	-4316.677	-4602.038	285.3607	0.7313589	0.4697877	12.91239
35460	-4325.117	-4614.223	289.1068	0.8140913	0.448852	10.93316
35466	-4318.157	-4605.822	287.6656	0.7914385	0.3398778	11.81002
35472	-4316.172	-4603.819	287.6465	0.7601884	0.4839723	11.69336
35478	-4328.007	-4614.384	286.3769	0.8128535	0.3459639	12.4641
35484	-4315.979	-4602.277	286.2981	0.7950004	0.3934857	12.4641
35490	-4311.933	-4598.306	286.3732	0.7199242	0.3934857	12.4641
35496	-4319.561	-4604.675	285.1145	0.7862707	0.3934857	13.08461
35502	-4309.308	-4595.119	285.8109	0.9233614	0.3878333	12.65677
35508	-4321.145	-4603.794	282.6489	0.7585453	0.393134	14.37876
35514	-4316.214	-4604.025	287.8112	0.9081691	0.4095735	11.59959
35520	-4322.595	-4609.466	286.8709	0.8177294	0.3614037	12.18729
35526	-4321.661	-4610.076	288.4156	0.7779543	0.4004659	11.3608
35532	-4314.417	-4599.975	285.5583	0.8501726	0.3221886	12.89768
35538	-4317.084	-4603.32	286.2361	0.8058238	0.3556366	12.53049
35544	-4319.787	-4608.199	288.4115	0.894434	0.46927	11.2364
35550	-4326.347	-4609.919	283.5714	0.8136539	0.4226018	13.84293
35556	-4336.008	-4619.591	283.5827	0.8023494	0.4226018	13.84293
35562	-4338.985	-4622.902	283.917	0.9240425	0.4332225	13.59618
35568	-4342.436	-4627.46	285.0244	0.8913023	0.3784086	13.09232
35574	-4324.227	-4613.752	289.525	0.7976394	0.4735387	10.69989
35580	-4328.719	-4617.724	289.0046	0.7972391	0.3316314	11.11629
35586	-4335.453	-4620.111	284.6587	0.8310856	0.4826937	13.21405
35592	-4323.102	-4608.85	285.7488	0.8919359	0.4644708	12.63167
35598	-4320.777	-4605.277	284.4995	0.7683888	0.4644708	13.34557
35604	-4312.756	-4601.332	288.5757	0.8970536	0.4704682	11.148
35610	-4309.821	-4600.457	290.6354	0.93578	0.4268849	10.08768
35616	-4317.934	-4607.018	289.0839	0.9670124	0.512746	10.80807
35622	-4306.361	-4594.805	288.4433	0.7663047	0.4679897	11.28794
35628	-4310.812	-4599.626	288.8144	0.8006081	0.3384673	11.20631
35634	-4315.051	-4601.742	286.6909	0.8852353	0.3266758	12.28453
35640	-4309.924	-4595.549	285.6249	0.7625753	0.4793777	12.75012
35646	-4312.533	-4599.193	286.6606	0.8687578	0.4737915	12.1603
35652	-4310.503	-4598.484	287.9806	0.9407806	0.3938098	11.50983
35658	-4305.441	-4594.291	288.8503	0.8848278	0.4688741	11.01206
35664	-4310.374	-4600.12	289.7454	0.9136772	0.3134469	10.68824
35670	-4304.981	-4592.309	287.3276	0.7881352	0.3929469	11.93147
35676	-4294.253	-4582.008	287.7551	0.887853	0.3929469	11.65623
35682	-4298.344	-4586.056	287.7122	0.887853	0.4153586	11.65623
35688	-4290.046	-4577.693	287.6475	0.8246723	0.4873141	11.65623
35694	-4292.75	-4578.368	285.6176	0.8246723	0.3377511	12.86234
35700	-4299.473	-4587.152	287.6784	0.8050541	0.4345597	11.69859
35706	-4291.457	-4581.475	290.0177	0.8609952	0.4345597	10.44424
35712	-4299.406	-4589.304	289.8973	0.947743	0.4533349	10.44424
35718	-4311.266	-4599.722	288.4562	0.9538591	0.4733208	11.17825
35724	-4309.925	-4596.559	286.6341	0.8400933	0.4628585	12.1989
35730	-4308.205	-4594.937	286.7324	0.7538288	0.3226691	12.33602
35736	-4314.257	-4603.874	289.6165	0.9377557	0.4576419	10.59289
35742	-4311.792	-4596.644	284.852	0.8570811	0.4576419	13.12254
35748	-4310.276	-4599.352	289.0752	0.8136575	0.4479361	10.95077
35754	-4309.194	-4596.151	286.9573	0.7981852	0.432119	12.08084
35760	-4326.506	-4612.539	286.033	0.7726613	0.4570742	12.55253
35766	-4328.391	-4615.592	287.2007	0.7697098	0.4120609	11.9882
35772	-4348.841	-4638.846	290.0055	0.9401345	0.38463	10.45883
35778	-4336.706	-4624.438	287.7322	0.9280004	0.38463	11.65576
35784	-4321.394	-4613.489	292.0951	1.017232	0.3413533	9.364802
35790	-4315.942	-4606.508	290.5662	0.9673012	0.2429665	10.31986
35796	-4317.054	-4606.379	289.3244	1.057836	0.3630314	10.77733
35802	-4318.758	-4609.122	290.3641	1.165911	0.5123933	10.03149
35808	-4304.574	-4594.238	289.6641	1.094516	0.335154	10.61077
35814	-4329.117	-4615.659	286.5419	0.7317098	0.3512351	12.41461
35820	-4328.041	-4614.441	286.3996	0.7830263	0.45584	12.3573
35826	-4330.605	-4617.516	286.9103	0.821943	0.3206324	12.21017
35832	-4316.463	-4602.513	286.0496	1.037195	0.3832658	12.4779
35838	-4323.366	-4609.571	286.2043	0.8434209	0.3584474	12.52442
35844	-4326.742	-4617.463	290.7207	1.052481	0.3495813	10.06152
35850	-4329.496	-4616.219	286.7234	0.9306462	0.4049134	12.1603
35856	-4325.268	-4614.367	289.0983	0.9066139	0.3372761	11.00353
35862	-4327.75	-4612.063	284.3134	0.8254624	0.3072451	13.57494
35868	-4334.143	-4620.017	285.8741	0.6979798	0.3811933	12.74802
35874	-4318.355	-4603.8	285.4448	0.7582062	0.4140681	12.90691
35880	-4334.66	-4626.038	291.3779	0.905099	0.3879884	9.751873
35886	-4315.026	-4603.038	288.0116	0.7434389	0.3392275	11.65513
35892	-4302.307	-4589.51	287.2033	0.7730296	0.395633	12.00153
35898	-4311.681	-4597.449	285.7686	0.7468023	0.3575003	12.80255
35904	-4330.518	-4615.983	285.4655	0.7028166	0.3532945	12.98767
35910	-4318.178	-4608.845	290.6671	0.870689	0.3767191	10.15594
35916	-4321.099	-4610.641	289.5417	0.7518524	0.4104335	10.7748
35922	-4326.629	-4613.104	286.475	0.7105464	0.3949677	12.41445
35928	-4325.502	-4611.942	286.4401	0.7688543	0.3167067	12.4874
35934	-4335.44	-4623.409	287.9685	0.8686412	0.2964933	11.66238
35940	-4324.434	-4608.049	283.615	0.7998827	0.4821148	13.77269
35946	-4318.799	-4601.73	282.9306	0.7421196	0.3934539	14.24096
35952	-4311.006	-4593.912	282.9053	0.7990917	0.383741	14.23445
35958	-4326.04	-4611.794	285.753	0.933181	0.4529672	12.61852
35964	-4331.262	-4620.648	289.3863	0.9168697	0.367906	10.81356
35970	-4323.349	-4615.567	292.2185	1.155152	0.3899435	9.174062
35976	-4317.155	-4608.234	291.0791	0.9607309	0.3539531	9.916321
35982	-4333.697	-4619.882	286.1848	1.026839	0.3702284	12.42649
35988	-4328.652	-4609.839	281.1873	0.7729303	0.3702284	15.15128
35994	-4331.429	-4617.641	286.2115	0.9124434	0.3942537	12.4473
36000	-4323.639	-4606.854	283.215	0.7693564	0.4350733	14.03885
36006	-4320.263	-4606.026	285.7626	0.7053742	0.4350733	12.74885
36012	-4321.399	-4607.028	285.6283	0.8396605	0.4350733	12.74885
36018	-4331.583	-4620.411	288.8281	0.997225	0.3212166	11.11601
36024	-4335.037	-4620.565	285.528	0.9627374	0.2636749	12.92701
36030	-4318.086	-4603.555	285.4684	0.8246411	0.3494586	12.92701
36036	-4320.942	-4607.465	286.523	0.8754753	0.3637877	12.33595
36042	-4326.679	-4614.784	288.1047	0.8592456	0.3727776	11.5094
36048	-4322.385	-4608.402	286.0166	0.868891	0.4111967	12.55452
36054	-4334.321	-4620.04	285.7185	0.8030491	0.4385891	12.71762
36060	-4329.436	-4616.013	286.5762	0.8155804	0.2973564	12.41532
36066	-4331.07	-4614.806	283.7357	0.7221283	0.2973564	13.94024
36072	-4321.671	-4608.846	287.1752	0.8291174	0.4762406	11.91034
36078	-4319.95	-4609.25	289.2999	0.7718413	0.4049277	10.89656
36084	-4324.203	-4612.548	288.3455	0.7117011	0.5189431	11.32317
36090	-4320.553	-4608.41	287.8576	0.7922775	0.3779215	11.6681
36096	-4319.292	-4607.5	288.2085	0.9405527	0.3561891	11.4304
36102	-4326.605	-4614.835	288.23	0.83755	0.3967828	11.4304
36108	-4302.696	-4588.087	285.3914	0.8240052	0.4044015	12.90998
36114	-4313.957	-4601.347	287.3894	0.8632143	0.4755836	11.78132
36120	-4309.447	-4598.318	288.8707	0.8720547	0.4755836	11.00199
36126	-4322.765	-4611.587	288.8219	0.8906015	0.4755836	11.01788
36132	-4321.407	-4606.358	284.9509	0.9523469	0.3150872	13.16865
36138	-4325.628	-4610.756	285.1273	1.011099	0.437311	12.91817
36144	-4306.917	-4589.019	282.1015	0.7720218	0.4335984	14.61572
36150	-4322.043	-4609.051	287.0074	0.8043503	0.395414	12.08758
36156	-4323.082	-4609.224	286.1421	0.7259907	0.3282958	12.65147
36162	-4322.874	-4608.968	286.0936	0.9292282	0.3872679	12.50708
36168	-4315.658	-4601.647	285.9892	0.8106043	0.4360531	12.57515
36174	-4319.796	-4609.099	289.3028	0.7182138	0.3132824	11.02285
36180	-4328.057	-4614.918	286.8607	0.8063738	0.432719	12.12641
36186	-4317.228	-4606.262	289.0339	0.8490857	0.4325529	10.96843
36192	-4323.445	-4611.414	287.9694	0.746572	0.4894107	11.527
36198	-4309.023	-4595.642	286.6192	0.753131	0.4023382	12.30974
36204	-4303.839	-4592.125	288.2862	0.7301764	0.4055114	11.44838
36210	-4303.896	-4587.71	283.8143	0.7934248	0.4091676	13.74048
36216	-4312.816	-4598.601	285.785	0.7389998	0.4523294	12.70357
36222	-4322.074	-4606.365	284.2914	0.6608219	0.3770531	13.5942
36228	-4334.691	-4622.756	288.0655	0.8133657	0.4642703	11.4643
36234	-4319.006	-4607.113	288.1066	0.9369877	0.3401829	11.50324
36240	-4320.289	-4605.443	285.154	0.8010607	0.4278462	13.02252
36246	-4326.874	-4612.245	285.3711	0.7714756	0.3339528	13.02252
36252	-4332.82	-4618.87	286.0502	0.8477282	0.4536644	12.5076
36258	-4324.036	-4611.015	286.9793	0.7503773	0.4536644	12.07411
36264	-4328.22	-4617.582	289.3619	0.7810999	0.3382889	10.93003
36270	-4337.975	-4622.195	284.2198	0.912718	0.4680458	13.41266
36276	-4339.216	-4627.434	288.2181	0.9733834	0.3389388	11.42734
36282	-4342.017	-4628.905	286.8884	0.8899931	0.3765702	12.12439
36288	-4334.396	-4620.711	286.3148	0.8237591	0.4109273	12.42301
36294	-4320.736	-4607.518	286.7818	0.7126162	0.3558683	12.2945
36300	-4323.987	-4608.97	284.9829	0.8782082	0.3308842	13.17232
36306	-4329.09	-4616.727	287.637	0.8879649	0.4806021	11.63459
36312	-4341.049	-4626.965	285.916	0.9498929	0.409397	12.56651
36318	-4330.681	-4617.87	287.1889	0.9985755	0.4434446	11.84471
36324	-4323.948	-4613.961	290.0131	0.8956641	0.4153601	10.44711
36330	-4321.077	-4609.223	288.1452	0.8957839	0.4153601	11.42575
36336	-4318.623	-4602.674	284.0515	0.8509398	0.4213046	13.57567
36342	-4330.041	-4614.095	284.0532	0.8679086	0.3308682	13.6605
36348	-4337.483	-4625.077	287.5938	0.8406517	0.4126895	11.74534
36354	-4325.522	-4609.499	283.9772	0.7473017	0.4778861	13.61573
36360	-4318.23	-4603.472	285.2423	0.8260622	0.4946042	12.90284
36366	-4320.562	-4608.254	287.6919	0.887804	0.3445644	11.74075
36372	-4317.255	-4603.442	286.1866	0.8663965	0.3774634	12.5015
36378	-4312.586	-4599.453	286.8674	0.8484267	0.3774634	12.1561
36384	-4322.993	-4611.396	288.4027	0.8154096	0.3647424	11.38507
36390	-4325.821	-4612.067	286.246	0.8368777	0.4838088	12.38412
36396	-4315.899	-4602.882	286.9824	0.8225231	0.3466447	12.14277
36402	-4333.212	-4617.952	284.7403	0.7527753	0.4503363	13.24151
36408	-4334.843	-4622.181	287.339	0.9878948	0.3051785	11.91825
36414	-4323.604	-4610.977	287.3723	0.8762133	0.340453	11.91825
36420	-4340.947	-4627.402	286.4559	0.9891728	0.3327681	12.3459
36426	-4320.58	-4601.374	280.7946	0.8888389	0.3820182	15.28215
36432	-4328.069	-4613.456	285.3869	0.7799333	0.3820182	12.95797
36438	-4335.21	-4619.728	284.5186	0.8327781	0.4820843	13.28652
36444	-4351.19	-4631.449	280.2587	0.8399198	0.4600959	15.50917
36450	-4330.584	-4616.583	285.9989	0.6023443	0.4085902	12.70509
36456	-4330.209	-4617.972	287.7636	0.771944	0.4342656	11.67166
36462	-4321.996	-4609.707	287.7115	0.771944	0.4035563	11.72882
36468	-4321.314	-4606.4	285.0868	0.7042269	0.4054536	13.12961
36474	-4327.649	-4616.224	288.5757	0.8255195	0.3928077	11.25991
36480	-4327.693	-4613.548	285.8549	0.7646585	0.3398989	12.76774
36486	-4328.51	-4614.527	286.0174	0.884191	0.3398989	12.62091
36492	-4323.883	-4612.751	288.8677	0.8304221	0.3989548	11.09828
36498	-4322.663	-4609.754	287.0908	0.8781051	0.4401679	11.96188
36504	-4330.715	-4615.362	284.6468	0.6542481	0.4108753	13.37887
36510	-4321.181	-4606.662	285.4805	0.6351867	0.4108753	12.95548
36516	-4328.598	-4613.89	285.2916	0.725101	0.4067925	13.01097
36522	-4329.438	-4616.654	287.2162	0.6923285	0.4886062	11.94937
36528	-4337.463	-4622.745	285.2826	0.7912347	0.4001122	12.98789
36534	-4325.4	-4616.075	290.6749	0.869543	0.3998884	10.12851
36540	-4321.81	-4607.592	285.7822	0.7461982	0.4527975	12.70081
36546	-4322.11	-4610.204	288.0941	0.8520685	0.4307552	11.46038
36552	-4324.581	-4612.642	288.0602	0.7121776	0.3900499	11.59157
36558	-4323.7	-4609.062	285.3626	0.749184	0.3079704	13.06866
36564	-4335.346	-4622.929	287.5835	0.7946509	0.4458933	11.7429
36570	-4331.478	-4617.258	285.7795	0.782336	0.4468111	12.68893
36576	-4339.464	-4626.174	286.7104	0.7552316	0.461016	12.20504
36582	-4333.33	-4619.312	285.9813	0.7040099	0.4920217	12.584
36588	-4333.935	-4615.958	282.0227	0.6698778	0.4985853	14.65095
36594	-4334.496	-4623.62	289.1241	0.7413866	0.3773894	11.03287
36600	-4330.2	-4614.381	284.1816	0.7609512	0.3906749	13.58523
36606	-4320.751	-4608.219	287.4674	0.8652017	0.3943825	11.81686
36612	-4338.052	-4623.92	285.8679	0.6718688	0.4084439	12.73726
36618	-4333.322	-4616.449	283.1271	0.6434962	0.377287	14.20683
36624	-4342.601	-4629.319	286.7181	0.8587699	0.4245814	12.18125
36630	-4343.291	-4626.559	283.2682	0.7235972	0.3784393	14.09099
36636	-4339.274	-4622.959	283.685	0.6953965	0.3755366	13.89248
36642	-4338.409	-4621.959	283.5504	0.6859888	0.451901	13.89248
36648	-4347.343	-4633.385	286.0412	0.7578965	0.3823347	12.62866
36654	-4331.434	-4616.317	284.8825	0.8543235	0.3876626	13.17572
36660	-4326.869	-4611.832	284.9636	0.9533676	0.3031411	13.17572
36666	-4317.809	-4602.423	284.6136	0.8379845	0.4509316	13.26251
36672	-4321.528	-4605.006	283.4774	0.850683	0.4147452	13.88008
36678	-4314.817	-4597.356	282.5388	0.7472327	0.3486664	14.48836
36684	-4311.032	-4595.596	284.5645	0.7377789	0.4349143	13.35506
36690	-4326.173	-4608.72	282.5464	0.7484429	0.3675275	14.46354
36696	-4342.678	-4622.45	279.7714	0.7657393	0.3675275	15.88939
36702	-4327.176	-4612.72	285.5445	0.760575	0.3675275	12.90126
36708	-4313.588	-4598.387	284.7989	0.7535683	0.3969625	13.26209
36714	-4311.129	-4598.086	286.9566	0.7522883	0.4281513	12.10898
36720	-4314.09	-4598.638	284.5472	0.7256691	0.3801571	13.42448
36726	-4310.258	-4595.776	285.5182	0.765579	0.4138245	12.86516
36732	-4322.512	-4608.993	286.4804	0.8545899	0.4695245	12.26548
36738	-4317.654	-4602.875	285.2216	0.7402633	0.347012	13.1019
36744	-4338.058	-4624.55	286.4922	0.8174696	0.3895737	12.35526
36750	-4348.338	-4634.011	285.6732	0.8569803	0.3895737	12.76118
36756	-4348.67	-4634.197	285.5275	0.8916942	0.421312	12.78741
36762	-4336.102	-4617.852	281.7503	0.7565258	0.3720749	14.86663
36768	-4338.216	-4625.584	287.3683	0.9418106	0.4685384	11.75759
36774	-4330.753	-4617.481	286.7282	0.8901531	0.3902576	12.19367
36780	-4318.342	-4602.424	284.082	0.8391642	0.4464156	13.54217
36786	-4314.751	-4600.763	286.0111	0.8440752	0.4585824	12.52539
36792	-4312.394	-4601.173	288.7787	0.9762044	0.3767549	11.0914
36798	-4315.137	-4600.73	285.5933	0.9034336	0.370787	12.79807
36804	-4333.059	-4617.273	284.2137	0.8047857	0.4812215	13.46019
36810	-4326.385	-4612.507	286.1219	0.8185762	0.4515207	12.48743
36816	-4320.098	-4604.506	284.4085	0.8056401	0.3841964	13.45085
36822	-4306.017	-4590.813	284.7961	0.9021937	0.3965462	13.18675
36828	-4309.675	-4594.686	285.0109	0.720864	0.379514	13.18675
36834	-4322.775	-4603.452	280.6771	0.8096326	0.3563536	15.41079
36840	-4310.984	-4595.396	284.4115	0.8040937	0.3583208	13.4773
36846	-4296.591	-4582.203	285.6121	0.7448787	0.3583208	12.88408
36852	-4305.748	-4593.975	288.2273	0.8217161	0.395596	11.4413
36858	-4312.851	-4599.258	286.408	0.7772103	0.3788003	12.43125
36864	-4304.177	-4587.824	283.6469	0.8393299	0.3788003	13.83418
36870	-4305.974	-4590.422	284.448	0.7971054	0.4772894	13.34595
36876	-4303.649	-4587.934	284.2853	0.8434158	0.3516806	13.52962
36882	-4301.135	-4590.449	289.3146	0.9203642	0.4537628	10.76393
36888	-4296.125	-4589.651	293.5263	0.9967071	0.510886	8.45047
36894	-4299.142	-4587.445	288.3026	1.002053	0.4613195	11.24431
36900	-4289.571	-4577.041	287.4706	0.8938286	0.3680572	11.82758
36906	-4303.345	-4587.049	283.7042	0.7078726	0.3680572	13.88394
36912	-4294.944	-4581.495	286.5508	0.7477981	0.4254747	12.32545
36918	-4298.79	-4586.745	287.9546	0.8038993	0.3385002	11.6541
36924	-4295.14	-4583.34	288.2001	0.8506896	0.5004053	11.34236
36930	-4305.431	-4591.431	285.9998	0.8506896	0.2968267	12.69785
36936	-4312.318	-4600.23	287.9115	0.7285628	0.4767749	11.57787
36942	-4307.907	-4595.789	287.8813	0.95288	0.3721733	11.57787
36948	-4310.458	-4598.146	287.6878	0.8643231	0.3735067	11.7238
36954	-4310.887	-4597.634	286.7465	0.779793	0.4476131	12.1858
36960	-4300.679	-4589.828	289.1485	1.026005	0.3850323	10.863
36966	-4304.968	-4594.559	289.5903	0.8908522	0.3458593	10.74426
36972	-4292.787	-4582.508	289.7211	0.8933074	0.3868529	10.63042
36978	-4294.899	-4582.878	287.9792	0.8159162	0.4561182	11.51554
36984	-4305.467	-4596.48	291.0135	0.9026097	0.33507	10.00265
36990	-4294.579	-4579.837	285.2581	0.8213727	0.3820306	13.00339
36996	-4296.021	-4583.969	287.9483	1.024653	0.3506258	11.52855
37002	-4292.64	-4579.198	286.5583	0.9148055	0.3743448	12.28588
37008	-4310.784	-4597.445	286.6619	0.8649565	0.3700612	12.26241
37014	-4323.063	-4608.11	285.0473	0.7030054	0.4012093	13.15504
37020	-4317.592	-4605.617	288.0249	0.7438704	0.4012093	11.58213
37026	-4325.056	-4612.579	287.5229	0.7278075	0.3989346	11.85499
37032	-4324.327	-4611.353	287.0258	0.7762988	0.4323177	12.05636
37038	-4323.425	-4608.993	285.5672	0.7453747	0.340579	12.92665
37044	-4322.252	-4607.591	285.3388	0.7623133	0.4196804	12.95446
37050	-4321.108	-4609.254	288.1465	0.9150399	0.3728689	11.45826
37056	-4334.063	-4620.622	286.5591	0.7632084	0.428151	12.31048
37062	-4315.702	-4602.314	286.612	0.7956218	0.3834994	12.31048
37068	-4309.369	-4596.018	286.6495	0.7581074	0.3834994	12.31048
37074	-4313.083	-4598.125	285.0426	0.7476232	0.3834994	13.15226
37080	-4326.718	-4612.18	285.4618	0.7783415	0.3769395	12.92511
37086	-4319.231	-4603.542	284.3117	0.7464635	0.334115	13.58571
37092	-4326.367	-4611.948	285.5807	0.8141404	0.5122477	12.71787
37098	-4318.669	-4605.74	287.0707	0.8079245	0.4527966	11.99719
37104	-4321.121	-4608.26	287.1397	0.8852793	0.3259987	12.05129
37110	-4317.158	-4605.412	288.2547	0.8610862	0.478804	11.32729
37116	-4313.002	-4602.022	289.0203	0.8005175	0.4373887	10.99637
37122	-4324.018	-4610.929	286.9108	0.7496122	0.4283184	12.13407
37128	-4308.534	-4596.29	287.7558	0.7233616	0.29472	11.85147
37134	-4304.226	-4591.816	287.5898	0.8461004	0.4475506	11.71118
37140	-4313.848	-4602.676	288.8278	0.8393174	0.4236222	11.09006
37146	-4329.334	-4613.304	283.9693	0.789156	0.4236222	13.64821
37152	-4313.963	-4599.077	285.114	0.9019398	0.4075678	13.01059
37158	-4312.394	-4601.06	288.6657	0.9987849	0.4418736	11.07398
37164	-4317.904	-4606.994	289.0906	1.049686	0.3332975	10.9371
37170	-4320.683	-4611.937	291.254	0.9501663	0.4721892	9.711854
37176	-4328.322	-4617.327	289.0051	0.8729864	0.4356717	10.96797
37182	-4340.654	-4623.836	283.1819	0.6857144	0.3480948	14.18768
37188	-4332.981	-4619.781	286.7995	0.7865643	0.3480948	12.25525
37194	-4327.815	-4612.502	284.6872	0.7616887	0.4681178	13.24825
37200	-4321.052	-4609.628	288.5762	0.820887	0.4415816	11.21427
37206	-4334.184	-4623.031	288.8465	0.8472797	0.4208072	11.07884
37212	-4327.799	-4618.639	290.8396	1.019525	0.3985001	9.964332
37218	-4348.788	-4638.987	290.1989	0.8915121	0.3392159	10.432
37224	-4315.185	-4599.833	284.6481	0.8139544	0.4379012	13.26925
37230	-4313.093	-4598.867	285.7734	0.8012687	0.4385322	12.69002
37236	-4324.16	-4612.802	288.6424	1.000527	0.4038317	11.12226
37242	-4326.18	-4615.025	288.8453	0.8576774	0.3732778	11.12226
37248	-4317.419	-4603.744	286.3246	0.7876922	0.3414092	12.50951
37254	-4312.375	-4600.236	287.861	0.8676527	0.3443052	11.66322
37260	-4327.656	-4617.881	290.2252	0.8284089	0.3827741	10.40409
37266	-4343.58	-4633.17	289.5895	0.85815	0.4991134	10.61172
37272	-4331.411	-4615.642	284.231	0.8238473	0.3641399	13.55452
37278	-4328.234	-4614.717	286.4832	0.7361599	0.4545139	12.33937
37284	-4327.514	-4613.121	285.6068	0.7413719	0.4441785	12.80258
37290	-4332.991	-4618.589	285.5972	0.8263385	0.4035699	12.80258
37296	-4328.446	-4612.813	284.3679	0.7991077	0.4495041	13.41167
37302	-4325.219	-4612.668	287.4488	0.8260266	0.3715764	11.8706
37308	-4311.799	-4599.824	288.0252	0.8058199	0.4138691	11.53699
37314	-4316.2	-4604.321	288.1208	0.8058199	0.3652072	11.53699
37320	-4302.808	-4590.805	287.9972	0.8058199	0.4289271	11.53699
37326	-4321.122	-4607.331	286.2085	0.7174738	0.5626165	12.40003
37332	-4319.341	-4610.21	290.8686	0.8909702	0.5379753	9.889166
37338	-4313.551	-4603.044	289.4932	0.9046468	0.3861301	10.74476
37344	-4323.355	-4614.614	291.2591	1.00984	0.2653628	9.902505
37350	-4316.079	-4608.204	292.1244	1.065842	0.2653628	9.416721
37356	-4318.656	-4609.035	290.3796	0.8381568	0.3846309	10.31588
37362	-4333.952	-4621.194	287.2414	0.7403809	0.4611478	11.93573
37368	-4344.723	-4630.717	285.9937	0.7403809	0.3069122	12.74624
37374	-4308.926	-4595.899	286.9731	0.783881	0.3798096	12.13218
37380	-4327.303	-4617.672	290.3688	0.9439039	0.3239187	10.33277
37386	-4325.294	-4615.448	290.154	1.000253	0.4547975	10.28041
37392	-4330.354	-4618.492	288.1382	0.9012192	0.326035	11.52151
37398	-4336.495	-4624.576	288.0804	0.9296689	0.4733066	11.38753
37404	-4323.314	-4612.492	289.1781	0.8799759	0.4217615	10.88707
37410	-4326.171	-4612.708	286.5371	0.8107177	0.3963042	12.32854
37416	-4308.921	-4595.462	286.5415	0.7660589	0.4174486	12.32854
37422	-4311.735	-4598.174	286.4389	0.8205629	0.4436789	12.32854
37428	-4320.938	-4608.65	287.7117	0.7782344	0.4750245	11.65785
37434	-4311.835	-4597.936	286.101	0.8408312	0.4396467	12.49783
37440	-4321.063	-4607.293	286.2308	0.8425883	0.4466624	12.42271
37446	-4314.489	-4600.51	286.0214	0.8633611	0.4072124	12.55886
37452	-4320.961	-4607.595	286.6341	0.9483647	0.3717607	12.23162
37458	-4320.111	-4609.289	289.1789	0.8834011	0.3721495	10.93527
37464	-4324.108	-4610.399	286.2909	0.8532555	0.4447044	12.38767
37470	-4335.558	-4620.843	285.2859	0.7794133	0.363108	13.03063
37476	-4347.723	-4630.494	282.771	0.6410365	0.3732052	14.39684
37482	-4321.471	-4606.145	284.6732	0.6955563	0.3832365	13.37151
37488	-4320.338	-4604.156	283.8184	0.6955563	0.41602	13.78242
37494	-4316.368	-4601.763	285.3959	0.7901081	0.4800265	12.85439
37500	-4317.09	-4603.347	286.2568	0.8158249	0.3636952	12.50586
37506	-4331.442	-4616.715	285.2736	0.7054429	0.4741779	12.96726
37512	-4321.135	-4607.266	286.1319	0.7301241	0.4778415	12.50447
37518	-4333.22	-4619.836	286.6154	0.7262977	0.3053631	12.43173
37524	-4327.611	-4614.904	287.2929	0.9742072	0.350581	11.89726
37530	-4328.968	-4616.046	287.0784	0.942546	0.4811971	11.89726
37536	-4331.843	-4617.191	285.349	0.7573478	0.3573384	13.01553
37542	-4312.647	-4600.013	287.3662	0.6883444	0.3573384	12.00085
37548	-4309.746	-4599.242	289.4957	0.7509795	0.3909621	10.81901
37554	-4307.283	-4596.853	289.5702	0.8153875	0.3849085	10.75246
37560	-4315.054	-4603.495	288.4417	0.7769679	0.478486	11.27377
37566	-4318.89	-4604.313	285.4231	0.7720495	0.4597116	12.86789
37572	-4329.274	-4613.488	284.2148	0.7468061	0.3896639	13.57633
37578	-4318.132	-4604.969	286.8372	0.7791982	0.4011346	12.1837
37584	-4330.142	-4619.967	289.8255	0.7933487	0.448089	10.56783
37590	-4344.83	-4631.182	286.3527	0.7413019	0.4011211	12.45596
37596	-4343.431	-4629.81	286.3789	0.7855231	0.3753104	12.44574
37602	-4341.33	-4629.169	287.839	0.829693	0.3239822	11.71758
37608	-4332.28	-4617.988	285.7088	0.9294382	0.3981722	12.69625
37614	-4314.426	-4599.967	285.5411	0.809883	0.4350298	12.80973
37620	-4321.765	-4608.175	286.4104	0.8541921	0.377721	12.39102
37626	-4327.027	-4614.847	287.8203	0.8663938	0.4357763	11.59124
37632	-4324.961	-4610.884	285.9226	0.8269626	0.4488509	12.58933
37638	-4320.449	-4607.378	286.9289	0.8020382	0.4231797	12.10224
37644	-4303.608	-4591.794	288.1856	0.9095809	0.3833503	11.42972
37650	-4307.632	-4596.118	288.486	0.882174	0.3833503	11.28696
37656	-4296.448	-4584.872	288.4231	0.9450456	0.3833503	11.28696
37662	-4294.171	-4584.767	290.5956	1.079394	0.4728205	9.990021
37668	-4301.789	-4588.679	286.8894	0.8264909	0.367484	12.16657
37674	-4308.385	-4594.035	285.6495	0.8861867	0.3908969	12.75698
37680	-4308.242	-4596.591	288.3486	0.7373922	0.3900488	11.42764
37686	-4311.844	-4599.989	288.1449	0.8056155	0.4633994	11.42764
37692	-4315.949	-4602.446	286.4969	0.7679357	0.3661848	12.40304
37698	-4307.204	-4593.939	286.735	0.777739	0.3972376	12.24168
37704	-4311.283	-4594.365	283.0827	0.7437429	0.3357336	14.22275
37710	-4314.851	-4601.246	286.3944	0.7890797	0.357316	12.45496
37716	-4317.506	-4602.637	285.1306	0.8644342	0.3824388	13.04688
37722	-4322.897	-4610.361	287.4641	0.8771168	0.3181723	11.89533
37728	-4311.939	-4597.324	285.3858	0.8166448	0.5139262	12.81653
37734	-4308.337	-4592.29	283.9539	0.8190223	0.4424427	13.62283
37740	-4314.613	-4600.166	285.5532	0.8354745	0.4424427	12.78315
37746	-4330.71	-4613.969	283.259	0.8496179	0.3269683	14.08642
37752	-4319.758	-4605.765	286.0073	0.9605906	0.4106507	12.51215
37758	-4314.117	-4599.825	285.708	0.8781641	0.3726501	12.74959
37764	-4328.252	-4609.469	281.2168	0.7595772	0.4071192	15.10544
37770	-4324.291	-4609.133	284.8417	0.8713745	0.3222494	13.25914
37776	-4329.558	-4613.692	284.1344	0.8168942	0.3223627	13.65457
37782	-4335.545	-4619.382	283.8364	0.942195	0.4063682	13.65457
37788	-4323.149	-4606.951	283.8018	0.9083903	0.4433478	13.65457
37794	-4319.061	-4602.71	283.6499	0.7234166	0.4597289	13.81427
37800	-4326.195	-4609.863	283.6684	0.8134697	0.4597289	13.75797
37806	-4322.104	-4605.853	283.749	0.8191309	0.412262	13.75797
37812	-4307.228	-4591.066	283.8382	0.7400456	0.3824839	13.78263
37818	-4307.162	-4593.229	286.0663	0.740338	0.3386059	12.67182
37824	-4304.37	-4590.945	286.5754	0.930815	0.3875431	12.2549
37830	-4321.295	-4608.429	287.1338	0.9734355	0.4449703	11.88517
37836	-4340.79	-4627.86	287.0702	0.9635538	0.4150992	11.95215
37842	-4315.565	-4602.154	286.5893	0.9283015	0.404879	12.23145
37848	-4324.407	-4611.257	286.8503	0.9350218	0.280309	12.23145
37854	-4336.615	-4622.623	286.008	0.7601329	0.3057801	12.72989
37860	-4322.792	-4608.21	285.4179	0.909265	0.4824489	12.77882
37866	-4315.349	-4602.262	286.9122	0.7966013	0.513057	12.03252
37872	-4317.834	-4603.408	285.5743	0.8358635	0.3270019	12.89128
37878	-4323.058	-4607.755	284.697	0.7707571	0.312253	13.39825
37884	-4315.654	-4603.549	287.8951	0.8929597	0.3426349	11.63402
37890	-4325.017	-4611.631	286.614	0.7257233	0.3261781	12.40829
37896	-4302.65	-4587.299	284.6489	0.8024165	0.3533108	13.36029
37902	-4311.292	-4593.181	281.8888	0.8024165	0.3367406	14.80945
37908	-4320.777	-4609.001	288.2241	0.8724988	0.3550101	11.45915
37914	-4314.411	-4602.157	287.7458	0.7646826	0.337512	11.78479
37920	-4301.164	-4588.166	287.0026	0.8614893	0.337512	12.12209
37926	-4304.768	-4592.764	287.9967	0.690395	0.4053553	11.62065
37932	-4312.371	-4594.679	282.3077	0.8912686	0.462727	14.4203
37938	-4313.39	-4600.396	287.006	0.8425326	0.4190103	12.04494
37944	-4322.461	-4608.608	286.1468	0.8800842	0.3378648	12.55798
37950	-4311.311	-4600.415	289.1042	0.8166988	0.5033447	10.88428
37956	-4321.96	-4606.512	284.5514	0.7637157	0.384938	13.3976
37962	-4316.973	-4600.807	283.8341	0.8059159	0.384938	13.74806
37968	-4322.521	-4608.887	286.3657	0.7913878	0.336865	12.49127
37974	-4332.339	-4619.648	287.3099	0.8774809	0.3666516	11.92152
37980	-4325.271	-4612.369	287.0981	0.9438562	0.4425484	11.92152
37986	-4326.951	-4614.901	287.9502	0.9288134	0.389857	11.53603
37992	-4319.512	-4607.605	288.0929	0.9406042	0.4299895	11.41548
37998	-4327.666	-4610.92	283.2542	0.7745169	0.3645198	14.08647
38004	-4319.201	-4607.074	287.8725	0.9113225	0.4135216	11.56201
38010	-4331.081	-4618.887	287.8061	0.8969734	0.4578912	11.56201
38016	-4324.906	-4612.296	287.3901	0.9828286	0.4262342	11.76427
38022	-4335.021	-4624.395	289.3741	0.8080252	0.3922123	10.85157
38028	-4343.332	-4631.8	288.4678	0.7526747	0.4070972	11.34009
38034	-4322.626	-4608.641	286.0143	0.8871935	0.3394718	12.62143
38040	-4335.106	-4619.639	284.5337	0.6891007	0.4064302	13.42391
38046	-4332.383	-4617.155	284.7718	0.7671575	0.437154	13.22997
38052	-4333.027	-4621.998	288.9719	0.8801887	0.5012782	10.9221
38058	-4328.981	-4616.697	287.7164	0.8448563	0.3633561	11.72985
38064	-4311.306	-4598.366	287.0599	0.84777	0.4345747	11.99916
38070	-4315.108	-4603.95	288.8427	0.9128173	0.3626325	11.10615
38076	-4310.167	-4598.394	288.227	0.8866008	0.4498665	11.3548
38082	-4300.59	-4590.505	289.9148	0.9636154	0.4922858	10.39149
38088	-4310.793	-4603.182	292.3894	0.9636154	0.3942609	9.180542
38094	-4308.249	-4601.13	292.8809	0.959503	0.4434953	8.873819
38100	-4309.65	-4598.374	288.7242	0.7574817	0.3734295	11.23797
38106	-4317.638	-4608.048	290.41	0.8597703	0.4887663	10.18892
38112	-4311.871	-4600.935	289.0636	0.9224826	0.4080203	10.93833
38118	-4311.26	-4598.757	287.4961	0.9828912	0.5132161	11.63029
38124	-4328.485	-4616.321	287.8361	0.9976276	0.5002639	11.456
38130	-4333.947	-4621.946	287.9991	0.9508595	0.4238273	11.46508
38136	-4333.986	-4617.966	283.9804	0.8989188	0.3926517	13.61605
38142	-4327.062	-4612.793	285.7311	0.866084	0.4303571	12.68605
38148	-4319.204	-4605.69	286.4865	0.9161644	0.4339565	12.26309
38154	-4329.47	-4614.717	285.247	0.7632639	0.3612951	13.06119
38160	-4339.695	-4625.234	285.5384	0.829712	0.3364668	12.90238
38166	-4345.014	-4629.564	284.55	0.9429839	0.4145473	13.27556
38172	-4312.362	-4601.064	288.7024	0.7728377	0.4282421	11.18607
38178	-4313.487	-4599.959	286.4728	0.7709461	0.3506334	12.43084
38184	-4319.276	-4605.605	286.3293	0.7477092	0.436	12.43084
38190	-4321.863	-4606.228	284.3649	0.7489473	0.4023352	13.48456
38196	-4316.786	-4601.482	284.6959	0.742415	0.3552508	13.36495
38202	-4317.366	-4601.921	284.5546	0.8049291	0.3943769	13.36495
38208	-4322.189	-4611.053	288.8639	0.8506733	0.3488178	11.14265
38214	-4326.036	-4609.169	283.1324	0.8274282	0.3757563	14.11031
38220	-4329.738	-4616.133	286.3949	0.7728358	0.4511008	12.36945
38226	-4319.091	-4605.043	285.9527	0.812291	0.3853769	12.64327
38232	-4322.645	-4608.444	285.7991	0.8686721	0.3405765	12.74185
38238	-4319.122	-4607.882	288.7597	0.9392457	0.3405765	11.16
38244	-4326.127	-4611.7	285.5729	0.8281029	0.3886385	12.82937
38250	-4304.47	-4589.24	284.7701	0.8728295	0.286805	13.3381
38256	-4317.769	-4602.346	284.5777	0.7678492	0.484134	13.28773
38262	-4325.401	-4610.017	284.6154	0.9237404	0.3468267	13.32176
38268	-4333.293	-4616.194	282.9011	0.7637104	0.5201593	14.12911
38274	-4330.225	-4615.161	284.9363	0.7673792	0.4074171	13.1731
38280	-4325.35	-4608.63	283.2803	0.7561894	0.4257157	14.02068
38286	-4326.575	-4611.12	284.5455	0.7764374	0.4913561	13.29367
38292	-4325.524	-4607.534	282.0104	0.7257015	0.5047289	14.62319
38298	-4318.368	-4603.758	285.3907	0.9935032	0.5127989	12.72293
38304	-4316.473	-4604.758	288.285	0.8038076	0.3560087	11.46212
38310	-4319.281	-4606.788	287.5077	0.7087808	0.3560087	11.91777
38316	-4309.287	-4598.56	289.2727	0.7098441	0.3604822	10.98958
38322	-4308.943	-4595.101	286.1576	0.7468876	0.3148689	12.6481
38328	-4309.556	-4595.672	286.1164	0.5847246	0.4136902	12.6481
38334	-4314.199	-4601.466	287.2666	0.8271699	0.3730376	11.96356
38340	-4309.705	-4596.747	287.0413	0.8597491	0.4309311	12.00604
38346	-4323.525	-4609.182	285.6573	0.7164063	0.4309311	12.80184
38352	-4330.08	-4616.877	286.7965	0.8280809	0.4141188	12.16654
38358	-4323.465	-4610.478	287.013	0.7381165	0.3504979	12.16654
38364	-4327.544	-4612.191	284.6475	0.7861765	0.3537906	13.36894
38370	-4325.461	-4607.158	281.6967	0.7132256	0.3614456	14.92801
38376	-4331.171	-4617.698	286.527	0.8211403	0.4367431	12.28884
38382	-4332.034	-4618.39	286.3563	0.7273395	0.4462957	12.41769
38388	-4339.469	-4624.551	285.0821	0.8533536	0.4183197	13.0419
38394	-4328.975	-4612.856	283.8811	0.8769547	0.3420249	13.73263
38400	-4321.981	-4611.223	289.2424	0.9311196	0.3420249	10.90983
38406	-4327.679	-4616.307	288.6284	0.8666669	0.4326687	11.17145
38412	-4329.586	-4614.683	285.0968	0.7341373	0.3154883	13.20576
38418	-4329.248	-4614.725	285.4772	0.9195791	0.3860132	12.83427
38424	-4338.061	-4619.709	281.6482	0.8100484	0.5007291	14.77041
38430	-4334.748	-4620.722	285.9744	0.7542757	0.4471662	12.60176
38436	-4335.335	-4621.491	286.1565	0.8771699	0.3825561	12.50628
38442	-4335.27	-4621.398	286.1275	0.7228842	0.4826009	12.50628
38448	-4342.143	-4630.13	287.9871	0.896005	0.3795225	11.54458
38454	-4357.113	-4644.034	286.9208	0.963202	0.3571357	12.09004
38460	-4336.2	-4620.435	284.2343	0.7521242	0.3886226	13.56453
38466	-4317.155	-4602.623	285.4684	0.7149138	0.365569	12.96664
38472	-4308.708	-4597.517	288.8084	0.7628224	0.3634553	11.20174
38478	-4309.606	-4599.132	289.5263	0.9338367	0.3854892	10.71273
38484	-4320.265	-4609.871	289.6062	0.9406258	0.338988	10.71757
38490	-4338.749	-4623.974	285.2253	0.6694235	0.4130145	13.06828
38496	-4332.145	-4615.804	283.6589	0.6709502	0.4585426	13.83789
38502	-4335.23	-4619.557	284.3274	0.7661092	0.3620736	13.53666
38508	-4332.509	-4619.866	287.3567	0.7414369	0.38865	11.94505
38514	-4326.458	-4613.162	286.7048	0.8160478	0.338622	12.2998
38520	-4318.972	-4603.22	284.2487	0.8129825	0.4343839	13.48052
38526	-4317.17	-4601.927	284.7564	0.7304769	0.4378022	13.25641
38532	-4316.518	-4604.154	287.6354	0.7016691	0.3608973	11.84953
38538	-4324.493	-4612.322	287.8293	0.7906936	0.4272564	11.63423
38544	-4335.24	-4622.776	287.5357	0.7906936	0.4391595	11.77624
38550	-4314.368	-4601.065	286.697	0.8290795	0.3695856	12.26331
38556	-4319.867	-4605.827	285.9601	0.8719412	0.339327	12.65779
38562	-4325.595	-4611.886	286.2908	0.8719412	0.3204642	12.50708
38568	-4338.762	-4623.51	284.748	0.8291911	0.2991863	13.35705
38574	-4342.065	-4628.685	286.6201	0.7005053	0.3297973	12.4141
38580	-4334.689	-4621.515	286.8266	0.6956822	0.4010283	12.23289
38586	-4337.242	-4624.039	286.7968	0.7254669	0.4010283	12.23289
38592	-4327.738	-4614.379	286.6407	0.8941963	0.3944896	12.23289
38598	-4321.315	-4602.421	281.1063	0.7176192	0.354266	15.23878
38604	-4325.41	-4612.801	287.3917	0.8845473	0.4895497	11.7566
38610	-4334.663	-4618.662	283.9994	0.8473801	0.3885483	13.63707
38616	-4321.586	-4609.974	288.3883	0.9644484	0.4119537	11.26607
38622	-4332.451	-4622.953	290.5017	0.9984029	0.4980729	10.0596
38628	-4330.728	-4615.245	284.5171	0.8831231	0.3448731	13.39607
38634	-4335.703	-4621.61	285.9072	0.8424318	0.3392438	12.70078
38640	-4333.47	-4616.723	283.2536	0.7689104	0.4055615	14.04757
38646	-4334.426	-4621.123	286.6972	0.8106923	0.2464634	12.4207
38652	-4333.836	-4623.373	289.5371	0.8717751	0.4343815	10.69097
38658	-4326.114	-4615.617	289.5034	0.9544407	0.4080902	10.69097
38664	-4325.222	-4611.516	286.2937	0.7091197	0.3511799	12.55571
38670	-4317.507	-4602.676	285.1691	0.7575103	0.4356211	13.02993
38676	-4333.684	-4618.499	284.8152	0.8601256	0.4006233	13.19457
38682	-4343.811	-4628.764	284.9523	0.7446437	0.3895028	13.19457
38688	-4337.181	-4622.033	284.8526	0.6947503	0.4709356	13.19457
38694	-4329.627	-4618.383	288.7566	0.8420763	0.4004943	11.14881
38700	-4338.188	-4622.489	284.301	0.7447643	0.425604	13.49712
38706	-4343.74	-4631.393	287.6532	0.7362307	0.3498359	11.83426
38712	-4328.194	-4619.813	291.6188	1.157591	0.4000471	9.479255
38718	-4325.037	-4617.582	292.5446	1.003534	0.3237857	9.154706
38724	-4326.855	-4620.444	293.589	1.124016	0.5135777	8.347161
38730	-4321.465	-4608.788	287.3239	0.8120033	0.4567834	11.85929
38736	-4320.178	-4611.508	291.3301	0.9611626	0.3773582	9.758624
38742	-4323.981	-4615.043	291.0614	0.9840839	0.3890527	9.875915
38748	-4326.728	-4610.711	283.9833	0.6018767	0.4078689	13.75344
38754	-4316.677	-4607.278	290.601	0.7445995	0.4073213	10.22555
38760	-4321.836	-4611.236	289.3999	0.8874435	0.3806925	10.80834
38766	-4309.679	-4596.991	287.3117	0.794972	0.4003012	11.92877
38772	-4323.025	-4609.12	286.0959	0.7898537	0.4003012	12.56524
38778	-4326.505	-4608.929	282.4239	0.7600153	0.3556989	14.53361
38784	-4347.951	-4633.431	285.4799	0.7819807	0.3330072	12.96156
38790	-4326.754	-4612.318	285.5635	0.8061989	0.434495	12.80052
38796	-4338.639	-4623.79	285.151	0.8529476	0.3955847	13.02883
38802	-4336.702	-4624.613	287.9109	0.7996829	0.3337504	11.68452
38808	-4334.472	-4621.766	287.2941	0.843402	0.3723994	11.94146
38814	-4328.053	-4614.298	286.2447	0.7972027	0.3522346	12.5342
38820	-4336.042	-4621.206	285.1636	0.7266013	0.4198727	13.06393
38826	-4332.476	-4617.501	285.0245	0.7162379	0.3046462	13.2655
38832	-4317.689	-4606.11	288.4213	0.7340617	0.3788156	11.403
38838	-4321.934	-4609.62	287.6859	0.791973	0.380573	11.75519
38844	-4324.737	-4611.766	287.0282	0.854165	0.3773094	12.06941
38850	-4329.537	-4616.585	287.0483	0.8474737	0.3706374	12.06941
38856	-4334.54	-4623.021	288.4817	0.8070542	0.3595214	11.35375
38862	-4324.261	-4611.212	286.9519	0.8304479	0.3792843	12.1195
38868	-4329.139	-4617.428	288.2896	0.7940912	0.330005	11.49383
38874	-4320.082	-4605.102	285.0201	0.7935015	0.3636962	13.16089
38880	-4332.802	-4620.814	288.0117	0.7304134	0.3474917	11.65268
38886	-4339.649	-4625.983	286.3347	0.6820094	0.3331897	12.56853
38892	-4326.71	-4612.183	285.4728	0.7052326	0.4293978	12.90506
38898	-4319.455	-4601.662	282.2068	0.6531366	0.4197329	14.63598
38904	-4318.717	-4605.182	286.465	0.7003418	0.4359007	12.38491
38910	-4335.688	-4619.903	284.2153	0.6363291	0.4297316	13.59398
38916	-4313.456	-4598.036	284.5801	0.7980021	0.3872724	13.36251
38922	-4318.595	-4602.579	283.9835	0.8263835	0.3221402	13.72826
38928	-4318.122	-4601.097	282.9751	0.7088988	0.5092071	14.12834
38934	-4319.788	-4608.101	288.3139	0.8453335	0.3948239	11.38447
38940	-4336.202	-4622.79	286.588	0.8838684	0.4923026	12.17393
38946	-4339.723	-4623.984	284.2611	0.6790609	0.3071474	13.67821
38952	-4334.654	-4622.776	288.1218	0.7557306	0.3347015	11.59622
38958	-4349.596	-4635.589	285.9936	0.7241607	0.333586	12.72372
38964	-4329.947	-4612.115	282.1683	0.7756982	0.5393791	14.48674
38970	-4326.827	-4615.185	288.358	0.752342	0.4888203	11.32131
38976	-4319.576	-4607.846	288.2706	0.7987435	0.4102076	11.416
38982	-4318.377	-4607.438	289.0608	0.8991266	0.4798301	10.88443
38988	-4323.351	-4611.524	288.1729	0.793622	0.4435044	11.43767
38994	-4336.401	-4624.453	288.0518	0.8052301	0.3801249	11.55756
39000	-4335.675	-4622.482	286.8067	0.8057977	0.3685128	12.21936
39006	-4331.758	-4616.872	285.1145	0.7494341	0.4807706	13.02127
39012	-4338.842	-4624.146	285.3034	0.6978746	0.4045177	13.02127
39018	-4342.427	-4627.999	285.5716	0.8278346	0.4045177	12.81414
39024	-4331.318	-4617.687	286.3682	0.7604264	0.4342694	12.4056
39030	-4322.247	-4608.18	285.9323	0.6812943	0.3759266	12.73186
39036	-4331.399	-4619.044	287.6447	0.8010996	0.4693506	11.68602
39042	-4319.073	-4606.95	287.8764	0.7700562	0.3627011	11.68602
39048	-4328.74	-4614.473	285.7333	0.7602343	0.3544234	12.81727
39054	-4326.448	-4614.593	288.145	0.8827348	0.434084	11.41456
39060	-4321.406	-4606.125	284.7191	0.6911667	0.3674311	13.36646
39066	-4332.676	-4617.109	284.4327	0.8488176	0.374863	13.42552
39072	-4321.384	-4611.034	289.6502	1.094265	0.4652951	10.48602
39078	-4314.1	-4605.939	291.8389	1.026729	0.4652951	9.369131
39084	-4323.431	-4613.529	290.0986	0.9837286	0.3180195	10.46069
39090	-4326.563	-4612.688	286.125	0.7438206	0.43077	12.54424
39096	-4316.789	-4602.793	286.0038	0.7066264	0.5233217	12.54424
39102	-4324.736	-4610.72	285.9832	0.7272151	0.5233217	12.54424
39108	-4317.025	-4604.282	287.2577	0.8073809	0.4771551	11.8778
39114	-4314.562	-4600.255	285.6928	0.6698483	0.4501784	12.78948
39120	-4331.978	-4617.168	285.19	0.7152599	0.3185225	13.1636
39126	-4335.45	-4623.92	288.4697	0.7238334	0.3978949	11.3634
39132	-4335.551	-4620.769	285.2183	0.7082033	0.4646316	13.00315
39138	-4336.523	-4621.017	284.4941	0.8464494	0.3904252	13.37878
39144	-4320.212	-4606.374	286.1627	0.7397945	0.2973123	12.67016
39150	-4333.417	-4617.085	283.6674	0.6946948	0.4000542	13.87694
39156	-4329.601	-4616.245	286.6439	0.7476384	0.4000542	12.302
39162	-4330.647	-4619.076	288.4293	0.8100302	0.2984017	11.44982
39168	-4320.053	-4606.235	286.1822	0.6255935	0.3942877	12.61191
39174	-4316.815	-4602.834	286.019	0.7127519	0.4346785	12.61191
39180	-4332.468	-4617.087	284.6195	0.768061	0.3776579	13.36751
39186	-4334.652	-4621.012	286.3603	0.6832444	0.3776579	12.50623
39192	-4319.405	-4604.025	284.62	0.6184392	0.3630433	13.46039
39198	-4321.809	-4607.103	285.2937	0.7095879	0.3630433	13.06296
39204	-4316.4	-4601.569	285.1697	0.7586448	0.4126572	13.05111
39210	-4314.742	-4601.412	286.67	0.7148049	0.434431	12.27191
39216	-4338.957	-4624.414	285.4568	0.7026677	0.3514864	12.99424
39222	-4335.806	-4620.554	284.7487	0.687241	0.3491468	13.37282
39228	-4325.988	-4610.551	284.563	0.6863764	0.4452358	13.37282
39234	-4329.662	-4619.435	289.7731	0.885621	0.3496226	10.64696
39240	-4338.94	-4628.236	289.2967	0.9883944	0.3925175	10.79732
39246	-4331.196	-4618.802	287.6063	0.8166304	0.3928841	11.77121
39252	-4334.448	-4622.047	287.5984	0.8244794	0.3928841	11.77121
39258	-4332.033	-4619.713	287.6796	0.8653885	0.3335607	11.77121
39264	-4344.047	-4628.575	284.528	0.7829501	0.375972	13.40909
39270	-4330.761	-4616.129	285.3678	0.7234488	0.375972	13.00356
39276	-4329.998	-4615.931	285.9328	0.8244857	0.375972	12.65705
39282	-4344.601	-4631.568	286.9672	0.7661068	0.4120923	12.11184
39288	-4340.011	-4626.803	286.7922	0.8267822	0.3933312	12.19021
39294	-4331.449	-4620.456	289.0062	0.9004379	0.3729699	11.01597
39300	-4323.427	-4608.041	284.6141	0.8320257	0.4550111	13.26158
39306	-4328.924	-4615.078	286.154	0.6861772	0.3579637	12.63301
39312	-4339.824	-4625.212	285.3875	0.7240567	0.3851325	12.98352
39318	-4325.678	-4611.13	285.4517	0.6783071	0.3851325	12.97391
39324	-4327.03	-4610.491	283.461	0.7264439	0.4491737	13.92036
39330	-4331.635	-4618.435	286.8005	0.690885	0.41765	12.23252
39336	-4317.563	-4603.673	286.1101	0.8274962	0.41765	12.52107
39342	-4324.204	-4607.026	282.8216	0.7589194	0.4254391	14.25731
39348	-4331.992	-4615.348	283.3555	0.7034907	0.3266273	14.11254
39354	-4330.36	-4613.632	283.2723	0.6589255	0.388	14.11254
39360	-4345.381	-4634.231	288.85	0.8966648	0.4710481	11.00406
39366	-4342.526	-4634.21	291.6837	0.8884377	0.3872476	9.600196
39372	-4319.761	-4606.318	286.5575	0.7804753	0.4026973	12.32729
39378	-4320.433	-4607.039	286.6061	0.8940558	0.3239292	12.32729
39384	-4319.742	-4609.652	289.9098	0.7857718	0.3362318	10.64264
39390	-4330.108	-4613.644	283.5355	0.6967562	0.433696	13.91159
39396	-4332.467	-4618.775	286.3082	0.9376636	0.4629859	12.31785
39402	-4325.396	-4609.249	283.853	0.8312825	0.3603748	13.75089
39408	-4332.487	-4617.628	285.1416	0.8360092	0.484931	12.95847
39414	-4327.436	-4612.732	285.2958	0.8298009	0.4026185	12.95847
39420	-4317.396	-4603.814	286.4176	0.8298009	0.3719163	12.40604
39426	-4326.198	-4612.923	286.725	0.8459975	0.3192541	12.2958
39432	-4322.987	-4610.103	287.1163	0.9201407	0.3758367	11.99055
39438	-4330.925	-4613.886	282.9609	0.7856306	0.3758367	14.22081
39444	-4342.065	-4625.217	283.1515	0.7024217	0.4036307	14.13689
39450	-4321.678	-4607.389	285.711	0.7453339	0.4047712	12.78429
39456	-4327.545	-4612.338	284.7933	0.6706795	0.4047712	13.30024
39462	-4322.454	-4606.096	283.6422	0.7499753	0.4338243	13.82853
39468	-4316.319	-4603.588	287.2691	0.836729	0.4329584	11.89728
39474	-4329.219	-4616.66	287.4412	0.8758133	0.4329584	11.78701
39480	-4321.598	-4607.844	286.2464	0.8269495	0.3476428	12.5229
39486	-4325.675	-4612.317	286.6415	0.6695894	0.3457117	12.40117
39492	-4312.919	-4600.943	288.0241	0.7815324	0.3417943	11.6258
39498	-4310.095	-4597.894	287.7984	0.8045305	0.4455594	11.6258
39504	-4306.986	-4594.975	287.9889	0.8001832	0.349587	11.6258
39510	-4310.73	-4593.325	282.5946	0.7730053	0.3805743	14.41219
39516	-4305.528	-4589.266	283.7378	0.737901	0.4916542	13.73278
39522	-4306.536	-4590.36	283.8244	0.7287976	0.4468486	13.73278
39528	-4324.373	-4609.449	285.0757	0.795539	0.4468486	13.04816
39534	-4331.303	-4617.972	286.6692	0.793838	0.2952787	12.38075
39540	-4323.69	-4609.426	285.7363	0.7635267	0.3202146	12.85245
39546	-4313.362	-4597.271	283.9087	0.6074065	0.3698364	13.82808
39552	-4314.423	-4597.062	282.6389	0.7310918	0.3921589	14.39914
39558	-4305.444	-4591.551	286.1077	0.7057274	0.3921589	12.6111
39564	-4310.528	-4594.161	283.6333	0.7160962	0.3921589	13.89151
39570	-4307.674	-4590.945	283.2708	0.7929438	0.4764123	13.95986
39576	-4306.802	-4593.066	286.2645	0.8068731	0.4852836	12.38879
39582	-4308.42	-4591.977	283.5565	0.7453594	0.3856338	13.92279
39588	-4322.298	-4606.233	283.9341	0.9424962	0.4529265	13.5593
39594	-4318.437	-4602.648	284.2113	0.8832284	0.4529265	13.44617
39600	-4333.601	-4622.115	288.514	0.9054532	0.4111368	11.23195
39606	-4328.732	-4613.793	285.0614	0.8099693	0.340414	13.15624
39612	-4335.279	-4619.139	283.8601	0.8162394	0.4011813	13.71278
39618	-4335.905	-4619.89	283.9847	0.7801914	0.4011813	13.66684
39624	-4323.947	-4606.482	282.5357	0.7403992	0.4011813	14.43869
39630	-4329.127	-4613.619	284.4922	0.7484628	0.4636309	13.36047
39636	-4332.827	-4619.765	286.938	0.9435392	0.4832277	11.96819
39642	-4327.521	-4614.327	286.8057	0.8464647	0.4220587	12.14442
39648	-4322.1	-4606.023	283.9225	0.6863278	0.4154177	13.73377
39654	-4313.866	-4596.868	283.0012	0.7860515	0.4618228	14.11628
39660	-4307.628	-4596.626	288.9985	0.9468621	0.4618228	10.90831
39666	-4305.454	-4594.381	288.9272	1.029464	0.4554391	10.90831
39672	-4303.133	-4595.132	291.9994	1.05348	0.4231268	9.310201
39678	-4295.291	-4584.037	288.7458	0.8649507	0.3547003	11.19053
39684	-4297.506	-4588.714	291.2078	0.8984755	0.4378772	9.79538
39690	-4305.608	-4595.714	290.1055	0.9317225	0.495672	10.3051
39696	-4315.037	-4599.028	283.9911	0.7619504	0.4099468	13.66428
39702	-4304.612	-4588.448	283.8357	0.7920324	0.3112142	13.83552
39708	-4317.997	-4598.879	280.8823	0.9032971	0.3036454	15.31606
39714	-4320.885	-4606.363	285.4786	0.8440915	0.4204809	12.83843
39720	-4322.185	-4609.39	287.2057	0.842154	0.388583	11.97137
39726	-4326.973	-4614.717	287.7441	0.8935619	0.4964619	11.56175
39732	-4333.219	-4621.239	288.0201	0.7729805	0.4370172	11.53447
39738	-4351.21	-4636.771	285.5616	0.7951279	0.4418327	12.80034
39744	-4324.181	-4609.939	285.7576	0.8473609	0.4739921	12.64173
39750	-4315.698	-4604	288.3022	0.8607597	0.4083548	11.36889
39756	-4312.122	-4600.312	288.1908	0.9174837	0.4378178	11.36889
39762	-4317.475	-4603.722	286.2478	0.8678004	0.5246057	12.33211
39768	-4324.028	-4608.433	284.4044	0.7633937	0.4090095	13.44991
39774	-4320.014	-4606.801	286.7874	0.8848959	0.2885535	12.28002
39780	-4319.113	-4605.678	286.565	0.8008709	0.4363256	12.28002
39786	-4334.741	-4622.93	288.189	0.9126021	0.3790342	11.43086
39792	-4338.185	-4626.336	288.1507	0.8925268	0.4090396	11.43086
39798	-4319.993	-4609.919	289.9255	0.9640569	0.3311521	10.54664
39804	-4311.853	-4601.157	289.3046	0.8568263	0.3148921	10.9474
39810	-4318.906	-4609.107	290.2004	0.8829541	0.4110049	10.35971
39816	-4325.591	-4614.257	288.6663	0.8869656	0.3175683	11.26269
39822	-4321.637	-4610.646	289.009	0.9596971	0.4408455	10.9156
39828	-4313.171	-4602.127	288.956	0.8425525	0.3847282	11.06027
39834	-4308.559	-4595.306	286.7472	0.756605	0.4825316	12.16583
39840	-4322.827	-4610.224	287.3977	0.8315403	0.2799008	12.00042
39846	-4319.92	-4603.893	283.9729	0.7610839	0.4310483	13.65378
39852	-4309.164	-4594.299	285.1349	0.7768936	0.3383202	13.13756
39858	-4324.545	-4615.948	291.4025	1.028674	0.256578	9.828858
39864	-4318.178	-4606.329	288.1509	0.8612444	0.3622078	11.49547
39870	-4327.98	-4613.361	285.381	0.9787079	0.4617689	12.78042
39876	-4337.262	-4626.587	289.3251	1.101518	0.2811373	10.84986
39882	-4327.955	-4611.382	283.4269	0.6628831	0.3359676	14.08598
39888	-4324.599	-4612.541	287.9418	0.9424855	0.5294454	11.40482
39894	-4310.157	-4598.253	288.0958	0.9226136	0.4161561	11.4368
39900	-4316.716	-4606.848	290.1319	0.9041541	0.3502939	10.44819
39906	-4324.321	-4613.935	289.6143	0.9804182	0.4006548	10.62661
39912	-4305.486	-4589.924	284.4382	0.7749003	0.4552005	13.38248
39918	-4316.157	-4600.915	284.7577	0.5668879	0.3949561	13.38248
39924	-4308.203	-4593.08	284.8768	0.7829764	0.3949561	13.20836
39930	-4321.26	-4606.079	284.8197	0.7595622	0.3978149	13.24733
39936	-4309.157	-4594.781	285.6239	0.8114356	0.3978149	12.80218
39942	-4312.823	-4596.406	283.5834	0.7833348	0.3978149	13.87679
39948	-4323.653	-4611.629	287.9757	0.8263646	0.4277783	11.53857
39954	-4326.342	-4614.609	288.2671	0.7690132	0.3438696	11.50304
39960	-4344.152	-4627.46	283.3078	0.8827403	0.4780556	13.89266
39966	-4331.38	-4618.271	286.8918	0.7810538	0.4220946	12.13361
39972	-4330.802	-4616.55	285.748	0.7583618	0.5011785	12.66923
39978	-4334.302	-4623.523	289.2204	0.7755721	0.5011785	10.8468
39984	-4326.315	-4615.582	289.2671	0.9672606	0.4241271	10.79239
39990	-4327.274	-4616.451	289.1762	0.8344898	0.4103208	10.92318
39996	-4326.742	-4616.036	289.2939	0.91913	0.339717	10.89173
40002	-4318.455	-4607.773	289.3181	0.8622968	0.3574705	10.88915
40008	-4332.373	-4621.513	289.1403	0.8793612	0.3446504	10.98751
40014	-4326.463	-4613.198	286.7354	0.811574	0.361111	12.26144
40020	-4318.271	-4605.194	286.9232	0.8513982	0.4264103	12.07636
40026	-4321.408	-4607.167	285.7592	0.9561604	0.3486372	12.70818
40032	-4325.389	-4613.931	288.5415	0.8602063	0.5761252	11.09641
40038	-4320.181	-4609.889	289.7084	0.9980912	0.4951726	10.47926
40044	-4318.968	-4608.523	289.5544	1.058013	0.4098539	10.60814
40050	-4319.5	-4610.908	291.4081	0.9563178	0.4662429	9.632794
40056	-4324.609	-4612.467	287.858	0.8879667	0.500443	11.50169
40062	-4323.833	-4612.775	288.9423	0.7741669	0.3001477	11.1981
40068	-4328.771	-4618.908	290.137	0.8737613	0.3862898	10.42291
40074	-4321.777	-4607.348	285.5709	0.8821488	0.3722553	12.81929
40080	-4331.407	-4618.902	287.4948	0.7611972	0.3722553	11.87975
40086	-4331.571	-4620.422	288.8508	0.8972194	0.3202405	11.15763
40092	-4324.19	-4609.926	285.7357	0.7809747	0.4428245	12.71617
40098	-4313.744	-4600.982	287.2381	0.8531548	0.4050886	11.93205
40104	-4303.432	-4592.613	289.1815	0.8048411	0.3447287	11.00485
40110	-4307.631	-4597.358	289.7273	0.9257949	0.4224404	10.5744
40116	-4313.83	-4601.373	287.5424	0.7166174	0.4224404	11.82742
40122	-4322.222	-4609.703	287.4801	0.8251648	0.4130647	11.81245
40128	-4330.73	-4617.496	286.7659	0.7160807	0.4130647	12.24191
40134	-4335.067	-4618.884	283.8166	0.8015562	0.4598125	13.68714
40140	-4323.427	-4608.88	285.453	0.8123652	0.4598125	12.83126
40146	-4321.176	-4607.891	286.7153	0.8210546	0.4598125	12.16931
40152	-4312.336	-4601.399	289.0626	0.9411645	0.3694476	10.9688
40158	-4309.816	-4600.093	290.277	0.9371737	0.3694476	10.33379
40164	-4317.566	-4608.814	291.2481	0.958199	0.4281002	9.752075
40170	-4320.24	-4605.965	285.7256	0.8673669	0.3788116	12.73963
40176	-4320.56	-4609.347	288.7876	0.8834907	0.3388762	11.17648
40182	-4324.201	-4613.302	289.1017	1.039377	0.3388762	10.93036
40188	-4320.524	-4607.954	287.4297	0.8197778	0.4632124	11.79408
40194	-4313.801	-4602.534	288.7337	0.9237354	0.337018	11.18577
40200	-4304.37	-4593.026	288.6564	1.018342	0.5397439	10.98263
40206	-4312.284	-4600.337	288.0536	0.8228544	0.4168293	11.51035
40212	-4324.655	-4610.092	285.437	0.7855109	0.3131044	13.00503
40218	-4326.662	-4613.074	286.4123	0.9447794	0.2663069	12.47265
40224	-4320.818	-4607.43	286.6118	0.9297615	0.5081193	12.12392
40230	-4314.373	-4602.128	287.755	0.8761676	0.4325672	11.62329
40236	-4305.829	-4592.588	286.7594	0.7905303	0.4348033	12.18549
40242	-4314.488	-4601.772	287.2845	0.8495455	0.4348033	11.8808
40248	-4309.571	-4596.179	286.6077	0.8023695	0.4348033	12.25842
40254	-4313.02	-4596.961	283.9402	0.7964271	0.4485669	13.63598
40260	-4326.014	-4607.489	281.4745	0.7847698	0.3625273	15.00479
40266	-4314.593	-4600.489	285.8961	0.8183158	0.3719564	12.68355
40272	-4323.846	-4609.739	285.893	0.8364849	0.3441862	12.70575
40278	-4340.599	-4630.043	289.4442	1.01255	0.3441862	10.75893
40284	-4345.054	-4629.317	284.2634	0.7333818	0.4273	13.52095
40290	-4339.768	-4624.697	284.9291	0.8330766	0.6137634	12.96654
40296	-4333.792	-4619.226	285.4346	0.8753534	0.4284928	12.83733
40302	-4329.046	-4615.287	286.2409	0.8856957	0.3608666	12.48076
40308	-4329.417	-4613.776	284.359	0.8149098	0.4891393	13.37251
40314	-4324.58	-4610.161	285.5813	0.8707716	0.4291811	12.76274
40320	-4322.569	-4611.877	289.3081	0.9811018	0.5332148	10.66591
40326	-4319.637	-4608.126	288.4887	0.9163375	0.4855993	11.16995
40332	-4321.408	-4609.854	288.4461	0.8840023	0.5081005	11.18962
40338	-4323.688	-4609.09	285.4017	0.8709182	0.5651837	12.73821
40344	-4325.241	-4609.591	284.3505	0.8181634	0.4223329	13.43645
40350	-4325.53	-4614.043	288.5132	0.9347482	0.4223329	11.20607
40356	-4334.747	-4622.804	288.0575	1.038135	0.430219	11.38277
40362	-4324.542	-4611.865	287.3231	0.9398152	0.4349377	11.81336
40368	-4306.087	-4592.289	286.2025	0.8746131	0.4023595	12.46349
40374	-4312.599	-4599.034	286.4342	0.7322456	0.4217498	12.39789
40380	-4318.208	-4604.509	286.3012	0.786376	0.4309856	12.43008
40386	-4332.869	-4617.389	284.5197	0.7223803	0.4188615	13.40169
40392	-4339.061	-4622.509	283.4479	0.8350732	0.3685149	13.95037
40398	-4327.652	-4612.805	285.1533	0.7731049	0.3685149	13.09711
40404	-4334.073	-4619.244	285.1705	0.7559009	0.3685149	13.09711
40410	-4345.209	-4632.335	287.1257	0.847335	0.3788637	12.02044
40416	-4353.732	-4639.769	286.0372	0.7587118	0.3788637	12.63392
40422	-4332.589	-4623.792	291.2027	0.9404806	0.3023881	9.921666
40428	-4318.785	-4604.895	286.1102	0.7518964	0.4752433	12.5067
40434	-4320.223	-4608.913	288.6896	1.072795	0.3842329	11.0797
40440	-4335.081	-4624.106	289.0247	1.073849	0.5070766	10.78794
40446	-4343.812	-4631.654	287.8414	0.9764614	0.5221706	11.44562
40452	-4344.044	-4630.161	286.1167	0.8194762	0.3868507	12.55265
40458	-4341.959	-4628.069	286.1106	0.7874048	0.4065336	12.55265
40464	-4329.469	-4613.97	284.5016	0.993453	0.4455344	13.24491
40470	-4320.548	-4603.673	283.1255	0.8951812	0.3899736	14.06413
40476	-4313.142	-4596.587	283.4446	0.824452	0.450684	13.87666
40482	-4335.176	-4625.906	290.7301	1.033475	0.4555879	9.959202
40488	-4339.385	-4625.207	285.822	0.8103439	0.4555879	12.64415
40494	-4328.37	-4615.718	287.3484	1.00444	0.5503144	11.66548
40500	-4314.806	-4603.149	288.3426	0.9596626	0.3606478	11.34547
40506	-4318.204	-4609.927	291.7229	1.139749	0.3606478	9.475195
40512	-4317.335	-4599.887	282.5512	0.8568069	0.4147072	14.35703
40518	-4306.281	-4594.989	288.7087	0.8992261	0.3822051	11.16269
40524	-4309.294	-4598.431	289.1368	0.9347416	0.3822051	10.91987
40530	-4317.83	-4607.145	289.3158	0.9007836	0.4250878	10.80076
40536	-4320.795	-4607.03	286.2351	0.9007836	0.4250878	12.4106
40542	-4336.284	-4620.537	284.2539	0.6960574	0.6017655	13.39764
40548	-4319.417	-4608.214	288.7967	1.063963	0.3868807	11.0255
40554	-4319.644	-4604.49	284.8455	0.8137358	0.369494	13.23493
40560	-4325.138	-4612.477	287.339	0.6742873	0.3770248	12.00138
40566	-4317.161	-4601.141	283.9804	0.7477609	0.3978819	13.68922
40572	-4323.663	-4607.526	283.8632	0.7719114	0.4479672	13.68922
40578	-4326.188	-4614.847	288.6594	0.8386263	0.4773519	11.12861
40584	-4314.417	-4604.22	289.803	0.9149782	0.4050481	10.55751
40590	-4352.132	-4641.436	289.3044	1.170299	0.3370359	10.75757
40596	-4349.748	-4638.132	288.3843	1.059021	0.4302431	11.20084
40602	-4330.891	-4622.347	291.4556	1.040602	0.3967025	9.630463
40608	-4322.564	-4608.443	285.8789	0.9993318	0.4070497	12.56244
40614	-4325.739	-4612.258	286.5188	0.8238127	0.3942573	12.33332
40620	-4322.887	-4609.389	286.5021	0.8352186	0.5454371	12.19944
40626	-4331.285	-4614.526	283.2412	0.7888588	0.3351232	14.11789
40632	-4320.555	-4607.606	287.0507	0.8276535	0.369803	12.07938
40638	-4335.186	-4622.852	287.6659	0.8885816	0.4393006	11.65696
40644	-4320.643	-4605.692	285.0483	0.8885816	0.3884284	13.07096
40650	-4324.909	-4611.078	286.1685	0.7350632	0.318966	12.64377
40656	-4319.667	-4602.386	282.719	0.7429141	0.5141168	14.23932
40662	-4329.269	-4617.327	288.0584	0.6856775	0.4079088	11.58835
40668	-4330.317	-4616.825	286.5082	0.7708565	0.3563745	12.40616
40674	-4321.628	-4609.01	287.3813	0.7367639	0.3811437	11.94242
40680	-4326.086	-4616.697	290.6107	0.8824467	0.3811437	10.17476
40686	-4319.684	-4606.607	286.923	0.8921579	0.712326	11.82733
40692	-4325.121	-4612.073	286.9519	0.8613755	0.4727969	12.01308
40698	-4327.579	-4619.033	291.4543	0.9581078	0.4207509	9.650599
40704	-4345.253	-4632.18	286.9262	0.8042242	0.3385762	12.19059
40710	-4339.033	-4625.326	286.293	0.7607975	0.3492757	12.53125
40716	-4339.059	-4623.417	284.358	0.6895056	0.3895675	13.53183
40722	-4341.273	-4625.111	283.8383	0.8370391	0.3434723	13.77393
40728	-4337.628	-4625.514	287.8857	0.9220247	0.3174404	11.6526
40734	-4327.267	-4613.914	286.6476	0.8719236	0.3602741	12.27666
40740	-4341.989	-4629.096	287.1072	1.036027	0.4221318	11.88815
40746	-4346.736	-4636.96	290.2236	0.9948549	0.3722407	10.32856
40752	-4334.996	-4623.081	288.0851	1.210967	0.3848644	11.3231
40758	-4331.293	-4623.045	291.7517	0.8759317	0.314415	9.651899
40764	-4323.865	-4611.524	287.6585	0.802469	0.4550565	11.69114
40770	-4338.332	-4620.078	281.7461	0.7801735	0.4553845	14.77526
40776	-4335.826	-4618.796	282.9706	0.7963319	0.4553845	14.13269
40782	-4322.226	-4607.039	284.8131	0.8118322	0.5298597	13.10362
40788	-4318.037	-4604.784	286.7469	0.9600551	0.3867087	12.15112
40794	-4324.409	-4607.695	283.2859	0.7572168	0.3230495	14.12483
40800	-4337.349	-4624.107	286.7577	0.8595148	0.4366106	12.1487
40806	-4335.083	-4620.779	285.6958	0.7334805	0.4164157	12.78691
40812	-4333.35	-4619.576	286.2256	0.8083206	0.3822901	12.50645
40818	-4341.904	-4627.413	285.5097	0.8076641	0.3690514	12.89323
40824	-4351.173	-4637.66	286.4869	0.9207058	0.4215135	12.27246
40830	-4325.714	-4611.352	285.638	0.7792899	0.4227937	12.78695
40836	-4327.13	-4613.783	286.6528	0.8373189	0.332124	12.32316
40842	-4334.572	-4620.324	285.7523	0.8948602	0.2924705	12.80901
40848	-4338.662	-4625.945	287.2833	0.7841409	0.4817817	11.87244
40854	-4330.368	-4619.63	289.2621	0.9855903	0.4817817	10.73185
40860	-4331.764	-4622.79	291.0265	0.8555664	0.357001	9.996046
40866	-4322.225	-4608.813	286.5884	0.7980722	0.4720171	12.23637
40872	-4312.511	-4598.769	286.258	0.7837871	0.4165896	12.46783
40878	-4324.556	-4610.692	286.1353	0.7940726	0.4795914	12.46783
40884	-4334.516	-4621.913	287.397	0.8226702	0.4488348	11.82286
40890	-4323.439	-4607.007	283.568	0.7963389	0.5127892	13.7725
40896	-4313.051	-4596.849	283.7977	0.7926153	0.4774175	13.68579
40902	-4329.671	-4617.122	287.451	0.9113815	0.3642919	11.83267
40908	-4315.443	-4599.987	284.5433	0.8271714	0.396681	13.35694
40914	-4322.077	-4605.895	283.8178	0.7398759	0.4383022	13.73841
40920	-4334.493	-4618.317	283.8242	0.8014991	0.4018309	13.73841
40926	-4321.18	-4607.975	286.7943	0.8725362	0.4307558	12.12842
40932	-4330.364	-4617.233	286.8696	0.8704523	0.3920498	12.12842
40938	-4330.191	-4616.754	286.5631	0.8736876	0.3726162	12.30662
40944	-4333.735	-4620.515	286.7792	0.7724768	0.3552393	12.26536
40950	-4328.449	-4612.742	284.2932	0.8161862	0.412765	13.47653
40956	-4329.527	-4615.866	286.3392	0.7809127	0.4202311	12.42352
40962	-4350.799	-4638.552	287.753	0.8157867	0.3544811	11.73551
40968	-4335.644	-4620.96	285.3159	0.6466289	0.3948452	13.05112
40974	-4343.187	-4628.603	285.4153	0.7890776	0.4023813	12.91774
40980	-4344.357	-4630.547	286.19	0.8309348	0.3767674	12.51895
40986	-4338.42	-4625.289	286.8688	0.8344147	0.3433676	12.19943
40992	-4331.113	-4616.055	284.9411	0.7895637	0.4076873	13.15879
40998	-4327.724	-4609.952	282.2272	0.7904973	0.4040591	14.56965
41004	-4339.06	-4627.626	288.566	0.8183064	0.3556291	11.30798
41010	-4335.783	-4622.142	286.3589	0.760243	0.328596	12.5204
41016	-4328.89	-4614.089	285.1987	0.7488873	0.4420768	13.01295
41022	-4323.914	-4609.407	285.4922	0.7894248	0.4420768	12.83918
41028	-4328.017	-4613.744	285.7265	0.831115	0.4815998	12.65962
41034	-4321.437	-4607.599	286.1617	0.7497635	0.3585414	12.59529
41040	-4328.257	-4614.847	286.5896	0.8171598	0.5301408	12.17576
41046	-4327.042	-4616.937	289.8955	0.8677386	0.4455061	10.4945
41052	-4343.32	-4626.462	283.142	0.7653913	0.4890002	14.02985
41058	-4338.784	-4628.115	289.3306	0.9317669	0.4890002	10.71772
41064	-4321.19	-4609.131	287.9411	0.7934928	0.3432116	11.66135
41070	-4323.339	-4610.579	287.2401	0.8308995	0.4008848	11.94683
41076	-4330.067	-4619.677	289.6091	0.850937	0.3365204	10.76585
41082	-4327.012	-4609.167	282.1549	0.8083789	0.3717995	14.63069
41088	-4332.606	-4618.996	286.3898	0.8017378	0.4689829	12.3407
41094	-4321.246	-4605.236	283.9895	0.8677846	0.3909135	13.6292
41100	-4317.349	-4603.998	286.6484	0.782339	0.3527608	12.33108
41106	-4310.134	-4595.138	285.0039	0.7988235	0.3459884	13.18576
41112	-4318.209	-4606.575	288.3664	0.9435664	0.3459884	11.35747
41118	-4316.196	-4603.002	286.8063	0.7114996	0.4260187	12.21064
41124	-4326.803	-4614.122	287.319	0.7392328	0.3657375	11.98986
41130	-4314.059	-4603.494	289.435	0.7349315	0.4788428	10.77521
41136	-4322.796	-4610.271	287.4746	0.7732092	0.3722791	11.884
41142	-4314.108	-4600.997	286.8897	0.7961661	0.3467762	12.20467
41148	-4319.031	-4607.087	288.0564	0.7899825	0.3264291	11.62197
41154	-4318.593	-4607.043	288.4508	0.742117	0.3777414	11.38445
41160	-4325.416	-4611.96	286.5436	0.8499275	0.3202521	12.38715
41166	-4318.177	-4605.097	286.9191	1.037118	0.4501936	11.95911
41172	-4307.549	-4595.859	288.3092	0.907402	0.3911652	11.35816
41178	-4314.634	-4600.428	285.7944	0.8671831	0.4409209	12.64255
41184	-4320.185	-4606.931	286.746	0.8371874	0.3813478	12.22121
41190	-4322.888	-4611.056	288.1676	0.8645729	0.4145798	11.43115
41196	-4334.449	-4620.397	285.9475	0.8663158	0.3410296	12.66535
41202	-4314.765	-4602.803	288.0382	0.9768329	0.3478458	11.50963
41208	-4326.998	-4611.441	284.4425	0.729505	0.3478458	13.51133
41214	-4335.106	-4619.544	284.4383	0.751587	0.3964762	13.45093
41220	-4318.248	-4604.079	285.8313	0.7081576	0.413442	12.7325
41226	-4337.747	-4624.295	286.548	0.7674549	0.413442	12.32835
41232	-4335.305	-4622.645	287.3397	0.8250129	0.4073137	11.89148
41238	-4327.451	-4615.236	287.785	0.8916405	0.4073137	11.62417
41244	-4326.903	-4610.37	283.4669	0.7970967	0.4263163	13.90216
41250	-4326.346	-4615.058	288.712	0.8615683	0.3372234	11.22942
41256	-4330.949	-4617.34	286.3907	0.8447288	0.2978034	12.49619
41262	-4339.326	-4624.904	285.5781	0.9440845	0.4340556	12.7216
41268	-4321.392	-4608.192	286.7999	0.7973365	0.4508229	12.1458
41274	-4323.685	-4610.957	287.272	0.8546378	0.4109878	11.90772
41280	-4317.852	-4605.264	287.4117	0.8593479	0.3393493	11.90772
41286	-4311.968	-4601.789	289.8208	0.7996807	0.3966796	10.61712
41292	-4308.84	-4597.455	288.6149	0.859971	0.4023719	11.21168
41298	-4324.063	-4609.593	285.5296	0.774773	0.4752373	12.79705
41304	-4306.59	-4595.318	288.7283	0.9087472	0.4007249	11.12847
41310	-4325.966	-4614.57	288.6038	0.9799824	0.4290359	11.12847
41316	-4333.779	-4622.111	288.3325	0.8884044	0.4056852	11.34127
41322	-4320.273	-4607.515	287.2425	0.8124146	0.4056852	11.95043
41328	-4312.739	-4599.198	286.4588	0.8946353	0.4561361	12.26804
41334	-4316.014	-4603.273	287.259	0.7775676	0.4070296	11.95864
41340	-4339.812	-4626.303	286.491	0.6518977	0.3928657	12.43881
41346	-4336.282	-4622.437	286.1549	0.8719103	0.4554694	12.43881
41352	-4340.543	-4626.202	285.6592	0.9473682	0.3104288	12.80839
41358	-4333.801	-4620.605	286.8042	0.7878596	0.4582536	12.14165
41364	-4346.363	-4630.847	284.4842	0.8804255	0.4386798	13.31912
41370	-4329.783	-4614.403	284.6201	0.7444808	0.4386798	13.31912
41376	-4342.843	-4631.256	288.4125	0.84714	0.4253152	11.3017
41382	-4326.209	-4609.576	283.3678	0.7998082	0.4561651	13.92424
41388	-4324.414	-4610.608	286.1944	0.850015	0.4315393	12.45207
41394	-4321.27	-4607.626	286.356	0.7994566	0.4722685	12.35656
41400	-4345.781	-4631.932	286.1515	1.021916	0.3184901	12.50384
41406	-4333.691	-4622.574	288.883	0.857984	0.3184901	11.16337
41412	-4326.805	-4612.831	286.0253	0.8771301	0.3879322	12.56908
41418	-4319.239	-4608.583	289.3439	0.8771301	0.4540843	10.77097
41424	-4316.054	-4601.416	285.3623	0.8317493	0.4630761	12.86538
41430	-4315.027	-4600.597	285.5701	0.8218166	0.4084811	12.81416
41436	-4328.562	-4615.375	286.8133	0.8566469	0.4393681	12.11862
41442	-4341.818	-4629.379	287.561	0.845566	0.3889816	11.78371
41448	-4348.875	-4637.079	288.2043	0.8367957	0.3563953	11.48664
41454	-4313.013	-4598.107	285.094	0.8746665	0.4021514	13.04059
41460	-4323.711	-4612.181	288.4698	0.6888227	0.4021514	11.37739
41466	-4311.174	-4599.1	287.9264	0.8497648	0.480486	11.5034
41472	-4324.344	-4609.762	285.4178	0.8487807	0.4176104	12.87037
41478	-4308.555	-4595.076	286.5207	0.786858	0.4069068	12.33891
41484	-4317.117	-4605.564	288.4462	0.8768221	0.4069068	11.28663
41490	-4312.102	-4599.032	286.9301	0.9190226	0.4259428	12.03793
41496	-4315.277	-4603.845	288.5678	0.7532566	0.3833112	11.31163
41502	-4321.786	-4605.123	283.3363	0.724816	0.3732935	14.06039
41508	-4340.33	-4625.912	285.5815	0.8250345	0.2988452	12.92638
41514	-4328.802	-4614.126	285.3235	0.8819194	0.3932669	12.92638
41520	-4324.064	-4609.599	285.5351	0.8963577	0.5801529	12.64383
41526	-4304.583	-4589.712	285.129	0.8040647	0.4544076	13.00905
41532	-4307.639	-4591.223	283.5844	0.7313048	0.3532353	13.9498
41538	-4319.627	-4603.204	283.577	0.7113025	0.3664618	13.9498
41544	-4319.872	-4605.945	286.073	0.7446389	0.4094853	12.59159
41550	-4316.002	-4601.172	285.1697	0.7720673	0.4324026	13.02511
41556	-4311.872	-4599.795	287.9223	0.8783054	0.3039484	11.67238
41562	-4301.451	-4587.691	286.2403	0.7971643	0.3271297	12.56462
41568	-4296.345	-4585.322	288.9774	0.7332324	0.4600534	11.03293
41574	-4320.267	-4603.454	283.1878	0.7257424	0.468466	14.04485
41580	-4320.25	-4603.425	283.1752	0.7618017	0.4549906	14.04485
41586	-4311.542	-4600.063	288.5205	0.7942076	0.3612211	11.33834
41592	-4315.81	-4603.109	287.2982	0.821748	0.3317325	11.99518
41598	-4314.743	-4601.05	286.3063	0.811592	0.3118911	12.5405
41604	-4312.968	-4598.391	285.4235	0.7524477	0.4230083	12.91229
41610	-4331.387	-4615.779	284.3917	0.8844451	0.3951117	13.4075
41616	-4332.338	-4619.206	286.868	0.7714233	0.3467104	12.22896
41622	-4333.276	-4620.457	287.1807	0.7714233	0.4434323	11.96756
41628	-4333.226	-4618.221	284.9944	0.8813678	0.374836	13.11677
41634	-4312.765	-4601.046	288.2816	0.7750068	0.4132179	11.41969
41640	-4307.729	-4591.451	283.7225	0.7750068	0.4132179	13.79368
41646	-4315.025	-4601.762	286.7376	0.7999564	0.4970002	12.13559
41652	-4318.534	-4604.002	285.4673	0.895912	0.3741686	12.86398
41658	-4327.879	-4613.015	285.1359	0.8517824	0.3176149	13.12179
41664	-4328.295	-4613.79	285.4946	0.8382409	0.4733546	12.78391
41670	-4330.97	-4620.142	289.1717	0.9268648	0.311674	10.98417
41676	-4329.089	-4611.703	282.614	0.6849031	0.4184625	14.40993
41682	-4324.068	-4607.877	283.8085	0.7574259	0.3141965	13.86405
41688	-4327.004	-4612.129	285.1253	0.7589713	0.4777075	13.01338
41694	-4328.837	-4614.408	285.5714	0.7665889	0.4455761	12.80661
41700	-4319.816	-4607.31	287.4933	0.8294312	0.324485	11.89766
41706	-4333.11	-4617.973	284.8633	0.7038294	0.3328409	13.32284
41712	-4324.14	-4608.957	284.8175	0.7120453	0.3504129	13.32284
41718	-4325.481	-4610.22	284.7392	0.7219883	0.3838537	13.32284
41724	-4330.244	-4615.48	285.2352	0.6373444	0.4337257	13.0598
41730	-4326.582	-4609.914	283.3315	0.7697716	0.4337257	13.97949
41736	-4327.83	-4613.916	286.0858	0.7716813	0.4676111	12.51599
41742	-4319.825	-4607.136	287.3111	0.797156	0.4515828	11.87848
41748	-4326.747	-4614.254	287.5071	0.7985735	0.3493592	11.87848
41754	-4343.126	-4629.683	286.5573	0.6774121	0.4516254	12.33407
41760	-4342.015	-4629.741	287.7255	0.727506	0.3085573	11.84837
41766	-4338.635	-4628.18	289.5449	0.727506	0.3574327	10.841
41772	-4330.745	-4617.576	286.8313	0.7737759	0.4247436	12.16639
41778	-4336.846	-4625.055	288.2094	0.7737759	0.4765056	11.39872
41784	-4343.61	-4627.649	284.0385	0.8596684	0.6336065	13.40101
41790	-4360.155	-4647.512	287.3571	0.7989359	0.3595729	11.94544
41796	-4341.424	-4629.839	288.4153	0.7703735	0.4233345	11.34232
41802	-4349.763	-4635.639	285.8764	0.7457508	0.3666391	12.7372
41808	-4340.004	-4624.371	284.3679	0.7685573	0.3573814	13.51942
41814	-4322.745	-4608.071	285.326	0.734409	0.3563525	13.04044
41820	-4324.201	-4610.959	286.7582	0.8458641	0.4626695	12.13137
41826	-4329.606	-4615.517	285.9103	0.7751524	0.4626695	12.61003
41832	-4318.078	-4604.138	286.0601	0.7986951	0.370407	12.61003
41838	-4321.384	-4607.341	285.9566	0.8380473	0.370407	12.64344
41844	-4327.857	-4617.423	289.5653	0.8776653	0.370407	10.73758
41850	-4325.069	-4610.57	285.5012	0.7901386	0.3774614	12.89795
41856	-4324.412	-4611.323	286.9119	0.8503937	0.277388	12.24715
41862	-4321.317	-4610.937	289.6195	0.8503937	0.3684973	10.72552
41868	-4331.328	-4620.237	288.909	0.8405705	0.3309205	11.14444
41874	-4332.417	-4617.601	285.1841	0.7077138	0.3656986	13.11809
41880	-4321.27	-4611.118	289.8478	1.027004	0.3703696	10.51106
41886	-4318.305	-4609.922	291.6177	0.8460717	0.3759097	9.669228
41892	-4321.021	-4609.611	288.5905	0.8257493	0.3361786	11.31287
41898	-4312.697	-4599.332	286.6347	0.6554624	0.4004831	12.3544
41904	-4320.633	-4605.847	285.2139	0.7268152	0.4248238	13.03286
41910	-4332.876	-4619.287	286.4103	0.6438947	0.3317798	12.55064
41916	-4327.726	-4615.973	288.2471	0.8825539	0.4111728	11.38353
41922	-4308.968	-4596.421	287.4532	0.9063836	0.3828053	11.81462
41928	-4325.099	-4612.287	287.1879	0.7914766	0.4298706	11.96619
41934	-4315.784	-4603.223	287.4396	0.8308461	0.4263729	11.81765
41940	-4313.038	-4603.045	290.0075	1.0488	0.5108805	10.28191
41946	-4302.681	-4588.325	285.6441	0.9085853	0.4553307	12.68585
41952	-4315.613	-4602.129	286.5166	0.8927516	0.3241299	12.37438
41958	-4316.373	-4602.17	285.7968	0.7341202	0.3241299	12.83174
41964	-4316.27	-4602.525	286.2549	0.7996472	0.5402783	12.35098
41970	-4310.112	-4597.951	287.839	0.9006254	0.3769553	11.62222
41976	-4311.347	-4599.664	288.3173	0.8574261	0.4220065	11.34932
41982	-4305.92	-4590.134	284.2146	0.8329572	0.3423806	13.58195
41988	-4315.279	-4600.06	284.7813	0.7565401	0.3940922	13.27261
41994	-4317.624	-4602.974	285.3504	0.9830913	0.3276799	12.93035
42000	-4318.509	-4605.063	286.5545	0.7674138	0.4402575	12.29918
42006	-4324.573	-4611.703	287.1294	0.8594663	0.4958118	11.90116
42012	-4309.355	-4596.099	286.7443	0.8335917	0.3268058	12.28348
42018	-4308.752	-4595.122	286.3702	0.7626783	0.3903942	12.44655
42024	-4313.356	-4598.572	285.2157	0.7637666	0.4561259	12.98333
42030	-4320.708	-4603.853	283.1451	0.7669783	0.3955872	14.11475
42036	-4327.43	-4612.308	284.8782	0.9555487	0.4501139	13.06463
42042	-4328.951	-4618.356	289.4048	0.8591785	0.4501139	10.75215
42048	-4311.522	-4596.91	285.3888	0.8257075	0.4202318	12.89493
42054	-4321.123	-4607.743	286.6209	0.7119326	0.4785174	12.25852
42060	-4336.834	-4621.745	284.9112	0.8500684	0.3218092	13.23461
42066	-4326.265	-4614.711	288.4458	0.8908195	0.4351655	11.252
42072	-4337.342	-4621.741	284.3994	0.7124498	0.3373026	13.55428
42078	-4327.465	-4609.637	282.1711	0.7186984	0.4836252	14.56178
42084	-4319.493	-4605.522	286.0288	0.8281814	0.4101031	12.57046
42090	-4336.67	-4622.918	286.2477	0.9310398	0.3756078	12.43796
42096	-4323.398	-4610.119	286.7214	0.856642	0.3488155	12.25863
42102	-4309.771	-4594.576	284.8057	0.825283	0.410356	13.20798
42108	-4320.858	-4606.509	285.6504	0.7504609	0.3501863	12.87014
42114	-4312.205	-4598.955	286.7498	0.8835297	0.3806453	12.1958
42120	-4327.095	-4613.749	286.6538	0.6903529	0.4575915	12.27151
42126	-4330.478	-4617.266	286.7881	0.779737	0.4512085	12.16076
42132	-4336.042	-4622.4	286.3588	0.8337313	0.4639975	12.34471
42138	-4323.721	-4610.651	286.9302	0.8836185	0.3739872	12.1086
42144	-4321.877	-4608.718	286.8413	0.9296198	0.3739872	12.13101
42150	-4324.935	-4611.86	286.9257	0.7959869	0.3989147	12.13101
42156	-4329.717	-4619.437	289.7199	0.8496338	0.3586981	10.68383
42162	-4323.11	-4607.018	283.9077	0.7422998	0.4457492	13.68353
42168	-4318.473	-4603.512	285.0386	0.7682885	0.4457492	13.08264
42174	-4320.559	-4605.117	284.5572	0.8182997	0.4388431	13.31332
42180	-4333.505	-4622.049	288.5439	0.8769061	0.4658763	11.17932
42186	-4334.583	-4622.955	288.3715	0.7962262	0.3629327	11.41334
42192	-4317.55	-4602.227	284.6775	0.8786043	0.4004498	13.25672
42198	-4316.357	-4602.89	286.5338	0.738617	0.4365371	12.32853
42204	-4324.539	-4610.352	285.8123	0.7552418	0.4273512	12.70439
42210	-4328.505	-4611.893	283.3886	0.7552418	0.411555	13.97875
42216	-4321.279	-4610.238	288.9589	0.8886248	0.4249742	10.99427
42222	-4320.564	-4606.957	286.393	0.7990671	0.4285305	12.37799
42228	-4312.002	-4600.059	288.0578	0.7990671	0.4285305	11.50923
42234	-4324.345	-4614.188	289.8432	0.9499064	0.4285305	10.495
42240	-4329.158	-4612.35	283.1923	0.6432368	0.3874436	14.16269
42246	-4325.575	-4611.769	286.1948	0.7767283	0.4340854	12.4876
42252	-4325.96	-4612.167	286.207	0.7645067	0.4340854	12.4876
42258	-4332.507	-4619.363	286.8562	0.9729915	0.4366798	12.03806
42264	-4313.536	-4602.538	289.0022	0.885869	0.4231573	10.97481
42270	-4325.151	-4610.198	285.047	0.8361848	0.459374	13.03045
42276	-4325.49	-4612.048	286.5579	0.747783	0.3937012	12.35316
42282	-4315.063	-4602.383	287.3205	0.8502707	0.4460313	11.85105
42288	-4326.836	-4612.506	285.6699	0.8356527	0.4460313	12.719
42294	-4331.619	-4617.307	285.6875	0.9055207	0.4528702	12.66713
42300	-4320.094	-4605.703	285.6095	0.9148791	0.4603072	12.69603
42306	-4319.067	-4606.328	287.2615	0.955541	0.4732283	11.80198
42312	-4340.803	-4626.51	285.707	0.7887949	0.3692009	12.80027
42318	-4346.208	-4631.707	285.4984	0.7511754	0.3760947	12.92108
42324	-4329.799	-4618.735	288.9362	0.8743177	0.5130219	10.93383
42330	-4346.543	-4633.361	286.8179	0.8863485	0.4367447	12.10318
42336	-4333.738	-4619.772	286.0344	0.7975858	0.4367447	12.55775
42342	-4343.012	-4630.358	287.3461	0.8759546	0.4019414	11.86694
42348	-4345.29	-4634.05	288.7602	0.8557818	0.4072254	11.13297
42354	-4343.605	-4631.512	287.9072	0.7790066	0.3131032	11.72119
42360	-4334.903	-4621.764	286.8614	0.7803353	0.441912	12.13093
42366	-4321.969	-4609.229	287.2606	0.8360602	0.3972771	11.93708
42372	-4333.113	-4620.214	287.101	0.7326123	0.5497119	11.93708
42378	-4323.127	-4610.425	287.2979	0.8432332	0.3747256	11.93708
42384	-4324.083	-4611.36	287.277	0.8505545	0.381491	11.93708
42390	-4331.769	-4620.446	288.6774	0.8320416	0.3884513	11.20777
42396	-4324.453	-4611.412	286.9591	0.8427369	0.3093657	12.18712
42402	-4326.077	-4612.158	286.0811	0.8591373	0.3823399	12.55515
42408	-4329.889	-4619.617	289.7285	0.8605916	0.3537578	10.67893
42414	-4322.967	-4611.027	288.0601	0.7359676	0.4699779	11.5024
42420	-4325.183	-4611.82	286.6378	0.6943526	0.4013451	12.33164
42426	-4330.468	-4616.141	285.6736	0.7670357	0.3415934	12.85892
42432	-4328.424	-4614.205	285.7805	0.7135086	0.4718789	12.70138
42438	-4338.077	-4623.053	284.9757	0.7234109	0.4836722	13.10438
42444	-4341.229	-4624.867	283.6383	0.6820901	0.3736303	13.92559
42450	-4330.469	-4615.045	284.5767	0.8305427	0.3736303	13.36152
42456	-4329.568	-4615.904	286.3361	0.8078039	0.3420413	12.49236
42462	-4337.132	-4623.609	286.4774	0.815389	0.3452217	12.41127
42468	-4343.873	-4628.166	284.2935	0.9295728	0.358146	13.4736
42474	-4330.08	-4612.265	282.1855	0.7532426	0.4233238	14.59173
42480	-4332.34	-4619.048	286.708	0.7668769	0.4064938	12.25211
42486	-4328.486	-4613.318	284.8317	0.8344398	0.4163866	13.18379
42492	-4321.346	-4605.88	284.5338	0.8878269	0.5613747	13.18379
42498	-4324.693	-4609.634	284.9415	0.8064329	0.3742994	13.18379
42504	-4342.836	-4631.599	288.7634	0.8378049	0.5852724	10.98483
42510	-4324.879	-4608.982	284.1024	0.7265264	0.4121937	13.62272
42516	-4327.127	-4613.679	286.5523	0.7655132	0.4030111	12.33746
42522	-4333.864	-4622.226	288.3619	0.8039551	0.4141077	11.3617
42528	-4334.189	-4623.412	289.2234	0.8068156	0.401661	10.92158
42534	-4327.397	-4611.436	284.0392	0.8677389	0.4824821	13.51697
42540	-4329.491	-4615.661	286.1694	0.8698189	0.4486641	12.43868
42546	-4321.309	-4608.483	287.1735	0.8930074	0.3932713	11.95684
42552	-4314.768	-4600.292	285.5241	0.8412814	0.5623325	12.69216
42558	-4316.177	-4601.793	285.6156	0.8480712	0.5003844	12.69216
42564	-4320.813	-4606.949	286.137	0.9079551	0.3745011	12.50881
42570	-4321.594	-4608.75	287.156	0.8615701	0.4833427	11.89712
42576	-4333.853	-4620.618	286.765	0.8537847	0.5081524	12.08364
42582	-4307.12	-4594.667	287.5476	0.8690995	0.3548744	11.8145
42588	-4307.601	-4592.133	284.5318	0.8572726	0.4329242	13.31187
42594	-4325.325	-4608.39	283.0646	0.7614352	0.292752	14.27333
42600	-4315.018	-4598.51	283.4923	0.7820226	0.3877809	13.93488
42606	-4326.558	-4615.146	288.5883	0.8323381	0.5227591	11.12976
42612	-4329.287	-4615.884	286.5975	0.6836665	0.3487572	12.4134
42618	-4319.56	-4606.002	286.4421	0.7875998	0.3736835	12.4134
42624	-4332.238	-4617.995	285.7567	0.9085393	0.3977384	12.68262
42630	-4326.451	-4614.096	287.6455	0.9045124	0.4375346	11.66098
42636	-4328.912	-4619.046	290.1334	0.9707013	0.474871	10.28841
42642	-4318.257	-4605.386	287.1286	0.8792095	0.4286976	11.95248
42648	-4313.715	-4598.654	284.9386	0.8721931	0.5027803	13.02973
42654	-4311.165	-4599.91	288.7444	0.8945878	0.4527858	11.07716
42660	-4321.999	-4610.884	288.8845	0.9044856	0.3730909	11.07745
42666	-4313.092	-4602.216	289.1234	0.8562969	0.4914853	10.86374
42672	-4321.668	-4609.799	288.1315	0.7699282	0.5064973	11.41524
42678	-4322.027	-4605.475	283.4481	0.7827282	0.3677442	13.97825
42684	-4322.682	-4605.88	283.1982	0.7339676	0.3212572	14.18444
42690	-4333.333	-4621.86	288.5265	0.8820595	0.5235749	11.13542
42696	-4324.882	-4610.505	285.6228	0.7786509	0.4119516	12.80578
42702	-4326.068	-4611.488	285.4202	0.74497	0.4009496	12.93957
42708	-4334.351	-4622.092	287.7405	0.7274226	0.4457286	11.69617
42714	-4319.468	-4604.327	284.8592	0.7105134	0.3984539	13.25165
42720	-4323.879	-4607.12	283.2412	0.7880733	0.379119	14.07084
42726	-4327.911	-4613.994	286.083	0.8628318	0.408161	12.52614
42732	-4326.166	-4612.323	286.1568	0.8480925	0.3778697	12.52614
42738	-4330.239	-4619.883	289.6435	1.002317	0.4040903	10.59635
42744	-4339.602	-4631.083	291.4809	1.077439	0.3641521	9.631958
42750	-4340.276	-4626.972	286.6969	0.7180815	0.4287837	12.26157
42756	-4345.604	-4631.067	285.4624	0.8684195	0.5271925	12.73866
42762	-4341.833	-4629.155	287.3227	1.012228	0.2753408	11.95112
42768	-4342.032	-4625.169	283.1369	0.9046534	0.428393	14.01553
42774	-4328.25	-4614.481	286.2302	0.7857579	0.3961822	12.50157
42780	-4322.102	-4608.493	286.3903	0.7859256	0.4102386	12.40406
42786	-4332.89	-4620.435	287.5453	0.7673423	0.3458805	11.87871
42792	-4339.007	-4624.426	285.419	0.9909108	0.43745	12.77678
42798	-4331.7	-4618.126	286.4265	0.8889818	0.4268728	12.31528
42804	-4318.494	-4602.455	283.9608	0.6873276	0.3457791	13.78553
42810	-4313.383	-4599.892	286.5087	0.8243375	0.3207402	12.41806
42816	-4316.741	-4602.715	285.9745	0.8967783	0.575937	12.41806
42822	-4336.54	-4618.849	282.309	0.9186985	0.4613952	14.40661
42828	-4341.152	-4627.552	286.3999	0.8153363	0.3729667	12.42169
42834	-4329.615	-4615.684	286.069	0.8104401	0.4864905	12.48776
42840	-4308.021	-4592.082	284.0617	0.8065073	0.4864905	13.53359
42846	-4317.939	-4602.408	284.4693	0.8726114	0.5326661	13.24839
42852	-4321.164	-4604.742	283.5782	0.7096241	0.3827728	13.93299
42858	-4321.357	-4608.769	287.412	1.004639	0.3714649	11.79674
42864	-4327.069	-4611.649	284.5799	0.8747957	0.3726282	13.3379
42870	-4333.403	-4616.363	282.96	0.7162845	0.4936853	14.1456
42876	-4340.302	-4626.97	286.6681	0.8020947	0.4132444	12.24791
42882	-4326.134	-4614.773	288.6388	0.9454109	0.4830708	11.07837
42888	-4313.566	-4597.896	284.3307	0.7783616	0.3545311	13.53674
42894	-4316.361	-4603.031	286.6694	0.768904	0.4530036	12.22664
42900	-4321.926	-4607.63	285.7041	0.7262834	0.3512036	12.85363
42906	-4328.124	-4613.162	285.0379	0.7946761	0.3918398	13.12168
42912	-4339.715	-4629.245	289.5296	0.9758748	0.3147967	10.76722
42918	-4339.879	-4624.893	285.0144	0.6853789	0.4883906	13.09991
42924	-4329.768	-4614.923	285.1557	0.7775888	0.362519	13.09991
42930	-4328.379	-4616.344	287.965	0.9635756	0.3515454	11.55077
42936	-4326.199	-4609.213	283.0139	0.7321387	0.4110996	14.18544
42942	-4346.157	-4630.881	284.7244	0.6385688	0.3964983	13.36103
42948	-4360.996	-4645.521	284.5248	0.8682055	0.4769289	13.26944
42954	-4331.486	-4617.657	286.1707	0.7279072	0.3972711	12.56158
42960	-4311.996	-4601.882	289.8867	0.8171421	0.4926737	10.48283
42966	-4314.014	-4603.888	289.8731	0.9380047	0.4313417	10.48283
42972	-4313.468	-4599.564	286.0967	0.7307376	0.3857935	12.61031
42978	-4321.501	-4607.454	285.9533	0.8742116	0.3857935	12.61031
42984	-4334.857	-4619.767	284.9098	0.9416246	0.4209303	13.08306
42990	-4330.949	-4619.022	288.073	0.8578285	0.4542173	11.44637
42996	-4322.604	-4609.255	286.6505	0.9310861	0.2523956	12.37418
43002	-4323.562	-4611.466	287.9039	0.8708335	0.3828676	11.59775
43008	-4320.654	-4608.465	287.8119	0.8729689	0.4299759	11.59775
43014	-4324.944	-4608.656	283.7115	0.6590532	0.4299759	13.8434
43020	-4327.172	-4615.111	287.939	0.7710475	0.3821494	11.63225
43026	-4318.692	-4605.658	286.9652	0.6823645	0.4256108	12.14337
43032	-4311.038	-4598.116	287.0779	0.72721	0.3776412	12.10931
43038	-4322.694	-4608.207	285.513	0.6981708	0.3555117	12.96298
43044	-4331.327	-4614.482	283.1551	0.7193241	0.4648246	14.06838
43050	-4326.421	-4611.575	285.1531	0.7316282	0.3459737	13.14314
43056	-4316.635	-4600.811	284.1753	0.6614303	0.4530903	13.57984
43062	-4315.018	-4602.227	287.2093	0.8388734	0.4439757	11.91695
43068	-4317.061	-4602.755	285.6938	0.7840559	0.4730709	12.70872
43074	-4322.761	-4607.115	284.3541	0.6896532	0.4270771	13.49678
43080	-4324.282	-4608.907	284.6248	0.798178	0.3880131	13.33845
43086	-4316.364	-4601.189	284.825	0.8528191	0.2722262	13.33845
43092	-4317.061	-4602.15	285.0891	0.8007454	0.4167698	13.06712
43098	-4332.571	-4616.865	284.294	0.7710472	0.4974895	13.42183
43104	-4325.969	-4611.109	285.1399	0.8346629	0.3697713	13.07073
43110	-4329.382	-4616.823	287.4416	0.8412424	0.393259	11.84393
43116	-4321.221	-4603.938	282.7172	0.8131121	0.3798417	14.3287
43122	-4327.726	-4610.251	282.5254	0.8292421	0.427217	14.37261
43128	-4328.815	-4615.067	286.2517	0.8559552	0.4644401	12.3885
43134	-4319.412	-4605.783	286.371	0.8596044	0.397423	12.3885
43140	-4345.649	-4628.942	283.2936	0.8783736	0.5118301	13.87308
43146	-4340.047	-4626.741	286.6933	0.7664301	0.3263133	12.3456
43152	-4347.049	-4632.417	285.368	0.7198322	0.3214997	13.06522
43158	-4341.605	-4624.215	282.61	0.6840615	0.3860803	14.44464
43164	-4319.464	-4606.85	287.3862	0.842407	0.3340226	11.93588
43170	-4310.803	-4596.133	285.3301	0.7882538	0.4028528	12.96202
43176	-4323.684	-4607.786	284.1014	0.8574677	0.5052612	13.4703
43182	-4320.245	-4606.966	286.7212	0.9319605	0.4010641	12.16461
43188	-4330.736	-4615.977	285.2411	0.8993218	0.5901832	12.78759
43194	-4338.414	-4622.807	284.3925	0.9282866	0.6075445	13.20067
43200	-4319.905	-4607.203	287.2979	0.8044175	0.4161247	11.91537
43206	-4318.755	-4606.036	287.2804	0.821854	0.4161247	11.91537
43212	-4317.389	-4604.743	287.3537	0.8668489	0.478624	11.79533
43218	-4299.862	-4588.496	288.6338	0.8493277	0.3776121	11.2328
43224	-4299.507	-4587.855	288.3487	0.8367056	0.3470938	11.42142
43230	-4317.087	-4605.437	288.3498	0.8498883	0.4701163	11.29121
43236	-4317.503	-4605.746	288.2432	0.8714632	0.4441142	11.35962
43242	-4302.556	-4591.044	288.4871	0.7168091	0.3962559	11.35962
43248	-4298.392	-4586.734	288.3426	0.8613293	0.3962559	11.35962
43254	-4307.029	-4596.005	288.9755	0.8717385	0.3933398	11.02591
43260	-4300.509	-4585.725	285.216	0.7144288	0.3476601	13.11752
43266	-4295.088	-4580.36	285.272	0.6567087	0.3484641	13.11752
43272	-4292.927	-4579.525	286.5977	0.8606908	0.3240574	12.34893
43278	-4303.87	-4590.123	286.2536	1.0185	0.4153039	12.34914
43284	-4314.716	-4601.028	286.3124	0.8820878	0.3664759	12.43938
43290	-4315.612	-4601.084	285.4718	0.8704006	0.4939154	12.76094
43296	-4302.687	-4589.004	286.3165	0.8320836	0.44871	12.38165
43302	-4300.19	-4587.06	286.8702	0.8322693	0.3594672	12.18218
43308	-4303.138	-4592.184	289.0455	0.8182619	0.5791313	10.85205
43314	-4291.456	-4580.141	288.6845	0.9664903	0.3778104	11.14471
43320	-4302.295	-4589.377	287.0819	0.826069	0.3445283	12.09133
43326	-4309.352	-4595.4	286.0484	0.824258	0.3445283	12.63084
43332	-4309.887	-4598.739	288.8516	0.802524	0.3916321	11.12877
43338	-4318.761	-4604.634	285.872	0.7476414	0.4324862	12.67232
43344	-4322.347	-4608.503	286.1561	0.7593076	0.4021504	12.54796
43350	-4319.866	-4607.543	287.676	0.7584604	0.3637157	11.79564
43356	-4320.957	-4604.535	283.5781	0.6613507	0.5582035	13.80016
43362	-4312.707	-4597.912	285.2057	0.9084739	0.5341841	12.84559
43368	-4319.929	-4603.744	283.8151	0.7884213	0.3258882	13.831
43374	-4314.24	-4597.702	283.4613	0.8407273	0.3803488	13.92812
43380	-4321.179	-4606.445	285.2656	0.8656342	0.3188548	13.04572
43386	-4318.429	-4604.302	285.8727	0.7073786	0.3378189	12.79058
43392	-4328.116	-4616.595	288.4783	0.9121857	0.4055345	11.25266
43398	-4324.653	-4612.753	288.0993	0.8890937	0.3241445	11.55041
43404	-4322.326	-4611.021	288.6948	0.8890937	0.3764131	11.18132
43410	-4320.473	-4610.251	289.7776	1.068781	0.3335748	10.56655
43416	-4320.647	-4611.278	290.6318	1.167411	0.4735836	9.923923
43422	-4329.168	-4614.491	285.3229	0.792666	0.463372	12.90595
43428	-4327.14	-4611.279	284.1397	0.8323523	0.4944397	13.47272
43434	-4329.853	-4614.16	284.3068	0.866773	0.4381911	13.41878
43440	-4331.883	-4618.748	286.8655	0.6784373	0.4404636	12.18329
43446	-4328.187	-4612.792	284.6047	0.7654729	0.4360521	13.3187
43452	-4332.684	-4614.945	282.261	0.6820938	0.4339222	14.57942
43458	-4328.202	-4609.048	280.8461	0.8360096	0.4206115	15.24449
43464	-4327.739	-4610.148	282.4091	0.7689579	0.4206115	14.47044
43470	-4333.437	-4616.296	282.8587	0.7876378	0.458778	14.19207
43476	-4309.88	-4596.228	286.3477	0.7876532	0.4856466	12.35517
43482	-4324.51	-4611.707	287.1968	0.9638604	0.4856466	11.82039
43488	-4319.439	-4607.033	287.5944	0.7184017	0.4058032	11.8157
43494	-4321.505	-4605.249	283.7439	0.6870762	0.4058032	13.83549
43500	-4324.029	-4610.511	286.4821	0.7113217	0.4714302	12.33752
43506	-4306.018	-4593.946	287.9282	0.7279127	0.423816	11.61868
43512	-4318	-4605.463	287.4632	0.820142	0.4192512	11.81783
43518	-4303.221	-4588.427	285.2054	0.8390229	0.412304	12.99114
43524	-4305.474	-4593.069	287.595	0.8320214	0.4317949	11.73069
43530	-4308.076	-4596.662	288.5858	0.7694293	0.3964587	11.28027
43536	-4308.194	-4599.613	291.4191	0.8293995	0.3820033	9.776287
43542	-4311.668	-4601.064	289.3959	0.9497426	0.3647268	10.79469
43548	-4320.263	-4605.984	285.721	0.773217	0.4521423	12.7192
43554	-4304.561	-4592.3	287.739	0.8779009	0.3474476	11.71808
43560	-4313.306	-4598.238	284.9316	0.8166488	0.464285	13.09611
43566	-4320.912	-4605.591	284.6788	0.9858413	0.4097389	13.19107
43572	-4322.491	-4609.081	286.5899	0.8075663	0.4798512	12.22368
43578	-4315.366	-4600.572	285.2065	0.8778477	0.4430844	12.94086
43584	-4318.531	-4606.517	287.986	0.8838474	0.4430844	11.48862
43590	-4322.17	-4606.652	284.4821	0.7646599	0.3801894	13.43804
43596	-4330.297	-4615.283	284.9854	0.7459354	0.4311245	13.13571
43602	-4324.669	-4610.529	285.8596	0.7874888	0.4314238	12.65909
43608	-4312.907	-4597.764	284.8568	0.8054278	0.3664266	13.23661
43614	-4311.294	-4597.572	286.2781	0.8024722	0.4579654	12.40854
43620	-4318.78	-4606.652	287.8719	0.8244854	0.4135829	11.60766
43626	-4310.052	-4597.167	287.1148	0.7872406	0.3738572	12.06276
43632	-4313.467	-4599.115	285.6479	0.8001558	0.5178302	12.68543
43638	-4328.704	-4614.539	285.8344	0.7373834	0.4450178	12.68543
43644	-4321.347	-4607.583	286.2366	0.8081472	0.4175329	12.46538
43650	-4329.029	-4615.6	286.571	0.6725677	0.4547339	12.32658
43656	-4333.972	-4623.515	289.5433	0.766287	0.3242649	10.8588
43662	-4313.684	-4597.463	283.7795	0.9186442	0.3774054	13.72572
43668	-4326.062	-4610.44	284.3782	0.8517146	0.350245	13.47861
43674	-4331.11	-4615.087	283.9776	0.7615769	0.388113	13.69336
43680	-4330.744	-4614.442	283.6987	0.7807953	0.3592204	13.85834
43686	-4313.264	-4596.882	283.6181	0.6892191	0.3592204	13.94767
43692	-4313.75	-4600.074	286.3237	0.7713737	0.3824812	12.4744
43698	-4324.532	-4612.661	288.1284	0.8975283	0.3127908	11.54409
43704	-4331.781	-4614.322	282.5403	0.7739819	0.3127908	14.51438
43710	-4325.435	-4611.882	286.447	0.7609232	0.4206437	12.37735
43716	-4321.492	-4603.774	282.2821	0.7747216	0.4206437	14.53318
43722	-4328.625	-4615.785	287.1598	0.7624433	0.4206437	12.00494
43728	-4322.868	-4610.786	287.9187	0.7584285	0.4206437	11.6108
43734	-4334.096	-4620.379	286.2834	0.7497837	0.4244189	12.46476
43740	-4326.632	-4612.515	285.883	0.9449863	0.4589288	12.53923
43746	-4312.773	-4598.441	285.6688	0.8805522	0.399664	12.741
43752	-4319.206	-4604.503	285.2966	0.7342246	0.3513589	13.06126
43758	-4324.866	-4608.068	283.2018	0.6724987	0.4436376	14.08787
43764	-4313.38	-4598.658	285.2773	0.7739365	0.4720904	12.93155
43770	-4330.539	-4618.235	287.6959	0.8030538	0.3851273	11.73944
43776	-4327.759	-4613.905	286.1457	0.8030538	0.3253686	12.61285
43782	-4344.581	-4630.535	285.9543	0.7365672	0.4369824	12.63102
43788	-4333.848	-4617.849	284.0012	0.880686	0.3295256	13.68241
43794	-4331.141	-4617.382	286.241	0.880686	0.5715773	12.29097
43800	-4327.073	-4613.567	286.4945	0.885253	0.4173789	12.29097
43806	-4332.093	-4621.546	289.4529	0.8068159	0.4397732	10.76409
43812	-4335.85	-4624.59	288.7398	0.8206754	0.4397732	11.13046
43818	-4328.297	-4616.024	287.7269	0.8076801	0.4187589	11.68707
43824	-4327.082	-4612.969	285.8871	0.771504	0.3738687	12.71062
43830	-4330.953	-4618.5	287.5469	0.9732482	0.4557497	11.65955
43836	-4319.657	-4606.772	287.1142	0.8359175	0.3570192	12.05563
43842	-4328.763	-4618.226	289.4636	1.01585	0.3828044	10.70538
43848	-4335.325	-4625.38	290.0547	0.9637821	0.4551124	10.35147
43854	-4331.613	-4619.581	287.9681	0.9716644	0.526493	11.3783
43860	-4343.125	-4631.026	287.9005	1.146079	0.4624121	11.3783
43866	-4332.711	-4621.032	288.3205	0.9944661	0.3701186	11.32867
43872	-4331.993	-4615.719	283.726	0.9944661	0.4328955	13.65907
43878	-4320.148	-4605.7	285.552	0.9226637	0.5212528	12.66874
43884	-4316.622	-4605.858	289.2366	0.8712681	0.3933293	10.88936
43890	-4315.668	-4604.717	289.0486	0.9173181	0.4708243	10.88936
43896	-4322.821	-4611.396	288.5747	0.8704915	0.3458849	11.28687
43902	-4312.973	-4602.879	289.9059	0.9501706	0.3762788	10.51461
43908	-4320.149	-4605.799	285.6499	0.7766597	0.3962147	12.80838
43914	-4325.216	-4610.712	285.4962	0.9121645	0.4056443	12.80838
43920	-4325.742	-4614.447	288.7049	0.8928418	0.4314755	11.11884
43926	-4324.856	-4607.699	282.8428	0.7642174	0.372971	14.2961
43932	-4331.962	-4614.563	282.6013	0.7830286	0.3568702	14.42854
43938	-4329.54	-4616.849	287.309	1.024781	0.4521447	11.76026
43944	-4325.437	-4615.08	289.6433	0.9874067	0.4521447	10.55785
43950	-4322.853	-4609.711	286.8584	0.8657354	0.4521447	12.07843
43956	-4331.05	-4617.111	286.0609	0.8437167	0.3689083	12.58778
43962	-4347.375	-4635.063	287.6885	0.9506941	0.3689083	11.6832
43968	-4340.227	-4626.825	286.5973	0.8459084	0.3689083	12.30719
43974	-4345.285	-4630.267	284.9817	0.6719742	0.3565543	13.25166
43980	-4343.088	-4629.41	286.3226	0.9268632	0.4438556	12.3336
43986	-4339.928	-4624.081	284.153	1.024547	0.3391147	13.51812
43992	-4335.433	-4622.26	286.8271	0.9287054	0.2636163	12.26842
43998	-4333.856	-4624.649	290.7935	0.9262672	0.4102717	10.02583
44004	-4336.1	-4623.885	287.7848	0.8225445	0.3539523	11.71594
44010	-4335.658	-4617.124	281.4657	0.7205876	0.2637137	15.1588
44016	-4332.942	-4615.405	282.4623	0.841468	0.3666058	14.45987
44022	-4310.897	-4597.593	286.6962	0.9589584	0.3455692	12.22204
44028	-4326.037	-4613.177	287.14	0.6942943	0.3438129	12.13055
44034	-4314.978	-4601.945	286.9677	0.7101834	0.422539	12.13055
44040	-4324.782	-4613.31	288.5288	0.9018525	0.3358381	11.30577
44046	-4325.116	-4610.494	285.3781	0.8257768	0.4382884	12.88322
44052	-4331.647	-4621.039	289.3915	0.8180203	0.3884911	10.84105
44058	-4338.374	-4628.482	290.1079	0.90837	0.298924	10.51836
44064	-4340.688	-4628.054	287.3659	0.9093363	0.3672833	11.87495
44070	-4346.019	-4637.825	291.8051	1.043513	0.3846234	9.456997
44076	-4347.169	-4635.264	288.0956	0.9136511	0.4493407	11.40986
44082	-4344.191	-4627.534	283.3428	0.8387428	0.4272308	13.94405
44088	-4337.678	-4624.15	286.4724	0.9852723	0.3673546	12.30132
44094	-4333.316	-4619.381	286.0642	0.9852723	0.5180239	12.37206
44100	-4329.904	-4615.697	285.7929	0.878768	0.4250143	12.65239
44106	-4330.319	-4615.769	285.4497	0.7356373	0.3255476	13.00984
44112	-4313.968	-4598.704	284.736	0.7237447	0.3255476	13.38696
44118	-4318.006	-4605.879	287.8729	0.7315897	0.416099	11.65316
44124	-4323.018	-4612.473	289.4547	0.9278084	0.4049492	10.73362
44130	-4343.352	-4633.247	289.8948	0.9746553	0.3168059	10.57386
44136	-4340.716	-4630.464	289.7482	0.9494294	0.3994444	10.57386
44142	-4334.393	-4624.308	289.9141	0.9322651	0.3864727	10.50905
44148	-4326.156	-4614.074	287.9184	0.9008735	0.450497	11.50814
44154	-4327.765	-4610.327	282.562	0.9075967	0.5381753	14.21543
44160	-4319.652	-4602.92	283.2681	0.7847881	0.4397244	13.99895
44166	-4319.947	-4602.097	282.1506	0.7888752	0.4404293	14.57515
44172	-4323.153	-4603.327	280.1739	0.7046072	0.437882	15.64331
44178	-4330.447	-4616.831	286.3841	0.6386628	0.4536759	12.4426
44184	-4321.105	-4611.553	290.4486	0.768198	0.3972075	10.3035
44190	-4323.46	-4613.791	290.3313	0.9290277	0.4215295	10.25636
44196	-4326.827	-4613.313	286.4854	0.811863	0.4166075	12.33473
44202	-4336.344	-4622.821	286.4769	0.7436745	0.4166075	12.37471
44208	-4336.577	-4627.852	291.2756	1.000114	0.5094556	9.64122
44214	-4333.099	-4620.032	286.9334	0.9530593	0.4400714	12.00501
44220	-4330.367	-4612.834	282.467	0.7264283	0.4009717	14.48174
44226	-4336.961	-4622.73	285.7689	0.8773036	0.4723758	12.62172
44232	-4316.591	-4599.909	283.318	0.7680773	0.381258	14.03918
44238	-4324.062	-4606.494	282.4315	0.7479605	0.5068532	14.39175
44244	-4325.203	-4613.578	288.3747	0.777589	0.3717692	11.41203
44250	-4334.014	-4622.208	288.1941	0.9525053	0.3745415	11.41203
44256	-4331.022	-4616.471	285.4492	0.9320473	0.3913995	12.83682
44262	-4336.592	-4622.545	285.9532	0.8428931	0.3288704	12.68828
44268	-4362.327	-4649.336	287.0092	0.9464645	0.3288704	12.08411
44274	-4315.58	-4602.219	286.6396	0.8074782	0.4076218	12.26549
44280	-4314.649	-4602.786	288.1373	1.036214	0.3415556	11.4338
44286	-4336.754	-4623.47	286.716	0.9009719	0.2849945	12.3133
44292	-4332.056	-4615.87	283.8145	0.8067915	0.4042034	13.73835
44298	-4322.665	-4610.668	288.0032	0.8410512	0.4287576	11.51561
44304	-4331.114	-4616.889	285.775	0.8748344	0.3959309	12.69246
44310	-4332.837	-4618.544	285.7068	0.7484773	0.5051269	12.69246
44316	-4333.008	-4618.753	285.7449	0.834579	0.3615804	12.76485
44322	-4322.264	-4609.153	286.8892	0.8427929	0.4214986	12.10335
44328	-4326.222	-4611.645	285.4227	0.7933684	0.53825	12.78928
44334	-4330.674	-4618.822	288.1485	0.7880699	0.4257831	11.4702
44340	-4320.369	-4606.412	286.0433	0.8639302	0.4359663	12.51931
44346	-4313.235	-4599.316	286.0809	0.8053069	0.4476397	12.51931
44352	-4317.386	-4603.536	286.1508	0.7944459	0.4153729	12.51931
44358	-4321.717	-4607.94	286.2226	0.8520755	0.4864028	12.38609
44364	-4316.101	-4602.488	286.3872	0.7938187	0.4261206	12.38609
44370	-4314.873	-4601.303	286.4304	0.8813036	0.3592319	12.38609
44376	-4318.757	-4602.25	283.4931	0.7604944	0.3445316	13.9915
44382	-4322.698	-4608.56	285.8624	0.8239056	0.3498203	12.72201
44388	-4328.873	-4615.239	286.3656	0.9987523	0.559153	12.17432
44394	-4324.683	-4607.337	282.6541	0.728128	0.4458689	14.34078
44400	-4312.902	-4597.381	284.4787	0.7864455	0.4603169	13.35078
44406	-4314.544	-4600.11	285.5656	0.7740435	0.4333894	12.81719
44412	-4329.359	-4615.322	285.963	0.7660652	0.3393412	12.71135
44418	-4324.635	-4610.686	286.0508	0.7915343	0.4666818	12.52469
44424	-4325.114	-4610.405	285.2907	0.8803357	0.5487657	12.80415
44430	-4326.098	-4612.132	286.0341	0.7632756	0.3879395	12.62378
44436	-4329.512	-4617.884	288.3722	0.8029649	0.3879395	11.38318
44442	-4317.147	-4602.425	285.2783	0.821606	0.484431	12.89528
44448	-4323.496	-4609.965	286.4698	0.8236591	0.3478015	12.40805
44454	-4312.256	-4600.133	287.8767	0.8942843	0.4244245	11.55808
44460	-4312.393	-4599.514	287.1203	0.7370906	0.3782753	12.08142
44466	-4331.331	-4622.277	290.9461	0.8936331	0.3782753	9.995478
44472	-4326.416	-4613.131	286.7154	0.7637753	0.3524748	12.30617
44478	-4328.332	-4614.967	286.6356	0.8495279	0.3524748	12.30305
44484	-4333.151	-4618.541	285.3906	0.8048148	0.3434516	12.98441
44490	-4329.703	-4617.869	288.1663	0.8000802	0.3627108	11.51884
44496	-4317.004	-4600.717	283.7123	0.8145005	0.3903082	13.80133
44502	-4333.291	-4618.568	285.277	0.8763305	0.3336294	13.01726
44508	-4339.783	-4627.566	287.7826	1.011974	0.4259458	11.54426
44514	-4329.827	-4613.448	283.6205	0.9768962	0.4259458	13.72956
44520	-4335.036	-4618.913	283.8774	0.7985724	0.372163	13.7427
44526	-4334.422	-4621.972	287.5506	0.9049494	0.372163	11.77567
44532	-4340.135	-4625.073	284.9388	0.7144398	0.4454967	13.16276
44538	-4334.189	-4620.152	285.9627	0.7211938	0.4060351	12.66463
44544	-4321.271	-4605.055	283.7835	0.766761	0.4060351	13.7734
44550	-4323.568	-4611.201	287.6326	0.8516964	0.4077838	11.72414
44556	-4329.815	-4617.531	287.7159	0.861046	0.4271435	11.65681
44562	-4333.334	-4622.398	289.0642	0.9984351	0.3439412	10.96578
44568	-4327.99	-4615.749	287.7593	0.795069	0.486344	11.61412
44574	-4331.516	-4619.005	287.4883	0.795069	0.3568619	11.88194
44580	-4309.806	-4600.671	290.8647	0.9716234	0.4103931	9.964374
44586	-4311.693	-4598.165	286.4726	0.799899	0.4681008	12.29929
44592	-4324.119	-4612.644	288.5249	1.0155	0.2524533	11.35158
44598	-4326.309	-4615.533	289.2238	0.9346577	0.3616479	10.89612
44604	-4329.866	-4616.993	287.1276	0.7887244	0.3694637	12.05992
44610	-4335.941	-4621.418	285.4766	0.815667	0.4588338	12.81815
44616	-4337.73	-4625.312	287.5821	0.7826728	0.4148411	11.7796
44622	-4329.585	-4612.318	282.7336	0.6693727	0.4079871	14.36625
44628	-4333.264	-4617.456	284.1914	0.7793927	0.3912056	13.56999
44634	-4329.271	-4613.819	284.5478	0.7254039	0.4137464	13.39051
44640	-4317.467	-4605.834	288.3674	0.8567298	0.4070346	11.33824
44646	-4330.399	-4618.495	288.0961	0.7542	0.4070346	11.53368
44652	-4317.418	-4602.545	285.1274	0.8718873	0.4110912	13.01579
44658	-4309.779	-4600.691	290.9125	0.9714603	0.482636	9.871194
44664	-4318.099	-4603.772	285.6727	0.8832516	0.4079398	12.72933
44670	-4307.198	-4594.256	287.0577	0.8764743	0.3750992	12.04465
44676	-4324.441	-4614.766	290.3254	1.003185	0.4441991	10.19866
44682	-4306.347	-4594.648	288.3013	0.8468759	0.3665187	11.41972
44688	-4318.28	-4605.386	287.1057	0.7742737	0.4230086	12.02469
44694	-4327.709	-4615.754	288.045	0.7742737	0.4359283	11.52183
44700	-4315.928	-4603.843	287.9154	0.8362042	0.4232621	11.5693
44706	-4332.461	-4620.022	287.5613	0.9840656	0.4380547	11.66294
44712	-4324.617	-4614.063	289.4457	1.000465	0.3388371	10.77051
44718	-4311.643	-4602.781	291.1383	0.8580454	0.3368456	9.958367
44724	-4317.032	-4604.909	287.8774	0.8901865	0.4588733	11.52742
44730	-4340.687	-4627.117	286.4301	0.8023272	0.4566828	12.33059
44736	-4328.845	-4610.468	281.6229	0.7163249	0.4332989	14.89255
44742	-4319.845	-4605.639	285.7936	0.7995848	0.3809808	12.73723
44748	-4315.805	-4602.414	286.6088	0.790938	0.4367192	12.26197
44754	-4316.314	-4604.258	287.9441	0.748795	0.4042765	11.61871
44760	-4316.7	-4605.405	288.7045	0.9151639	0.350454	11.19049
44766	-4311.655	-4598.236	286.5809	0.8098865	0.3856394	12.31705
44772	-4321.329	-4607.93	286.6011	0.7499357	0.4061067	12.31705
44778	-4321.11	-4605.418	284.3082	0.736912	0.4301155	13.49317
44784	-4312.744	-4601.188	288.4438	0.8468951	0.4064507	11.30398
44790	-4323.003	-4612.121	289.1177	0.9019496	0.5194277	10.81879
44796	-4308.784	-4596.346	287.562	0.8319889	0.3967762	11.78236
44802	-4312.148	-4597.44	285.2919	0.7685725	0.4100684	12.98499
44808	-4310.139	-4596.51	286.3705	0.7421992	0.4100882	12.43729
44814	-4316.947	-4600.431	283.4843	0.7421992	0.3453563	14.00463
44820	-4316.169	-4597.988	281.8184	0.815071	0.3906475	14.78201
44826	-4320.99	-4605.961	284.9707	0.7766833	0.4384141	13.12044
44832	-4312.472	-4598.98	286.5087	0.8497002	0.4860864	12.23854
44838	-4311.091	-4597.991	286.9006	0.8620291	0.4627884	12.04857
44844	-4330.715	-4617.041	286.326	1.002872	0.3422114	12.39579
44850	-4329.704	-4614.559	284.8553	0.7624746	0.3567017	13.27013
44856	-4329.803	-4617.264	287.4612	0.7690135	0.4353435	11.83008
44862	-4336.194	-4618.164	281.9705	0.7743498	0.405995	14.70899
44868	-4343.437	-4628.17	284.7323	0.7486782	0.4357158	13.26145
44874	-4332.834	-4617.089	284.2549	0.8370472	0.4084798	13.48983
44880	-4336.615	-4622.698	286.0835	0.8415226	0.3625755	12.58391
44886	-4333.772	-4618.98	285.2081	0.8508958	0.387976	13.0079
44892	-4336.277	-4625.852	289.575	0.9314764	0.3074357	10.77545
44898	-4331.032	-4617.721	286.6896	0.8234347	0.3791644	12.26004
44904	-4320.565	-4606.989	286.4245	0.8548688	0.3523802	12.4104
44910	-4322.863	-4608.83	285.9673	0.7706865	0.480969	12.56628
44916	-4316.529	-4606.051	289.5221	0.8883544	0.480969	10.64718
44922	-4321.566	-4610.219	288.6539	0.9327794	0.4116107	11.14397
44928	-4341.853	-4625.439	283.5855	0.6948236	0.4116107	13.90792
44934	-4330.229	-4617.352	287.1232	0.7538364	0.3928954	12.05609
44940	-4312.732	-4600.452	287.7196	0.8501048	0.4312302	11.65671
44946	-4320.059	-4606.59	286.5309	0.8319224	0.3290302	12.39302
44952	-4312.11	-4599.141	287.031	0.7907506	0.4514785	12.02808
44958	-4328.831	-4616.307	287.4767	0.7232872	0.4319155	11.84912
44964	-4319.836	-4609.89	290.0543	0.8497639	0.4319155	10.43346
44970	-4316.432	-4602.376	285.9436	0.8045991	0.3543144	12.68488
44976	-4313.558	-4599.531	285.9728	0.7880652	0.3482934	12.68488
44982	-4308.096	-4591.646	283.55	0.6915833	0.4440075	13.89708
44988	-4307.049	-4593.01	285.9606	0.8126817	0.3637217	12.66168
44994	-4344.323	-4630.648	286.3256	0.8413748	0.3901158	12.42908
45000	-4334.691	-4621.497	286.8064	0.801054	0.4069195	12.18259
45006	-4335.252	-4623.492	288.2396	0.7435475	0.4077622	11.46352
45012	-4331.66	-4620.199	288.5388	0.830355	0.3810337	11.28884
45018	-4337.483	-4626.021	288.5379	0.7998674	0.3970259	11.28884
45024	-4331.613	-4621.089	289.4764	0.7998674	0.2939798	10.91255
45030	-4326.377	-4615.637	289.2596	0.7998674	0.395446	10.91255
45036	-4336.09	-4622.931	286.8408	0.6851707	0.3524943	12.28175
45042	-4312.621	-4598.224	285.6032	0.7043716	0.4110073	12.85553
45048	-4322.628	-4609.67	287.0424	0.8557399	0.4120124	12.02596
45054	-4334.487	-4619.007	284.5203	0.7743724	0.3605305	13.43385
45060	-4329.233	-4616.873	287.6403	0.811423	0.4086774	11.7403
45066	-4341.129	-4630.378	289.249	0.9275746	0.3787704	10.86842
45072	-4326.203	-4611.913	285.7102	0.8284672	0.3706075	12.77647
45078	-4320.964	-4607.459	286.495	0.7555144	0.418045	12.35768
45084	-4314.252	-4601.833	287.5809	0.8196262	0.3448547	11.83398
45090	-4321.209	-4607.939	286.7299	0.7515082	0.3448547	12.31337
45096	-4333.684	-4620.346	286.6618	0.8196697	0.3448547	12.31337
45102	-4334.796	-4622.082	287.2858	0.7721098	0.4069072	11.94765
45108	-4331.407	-4618.583	287.176	0.8339545	0.4325749	11.94765
45114	-4333.632	-4622.405	288.7726	0.7740995	0.4302823	11.14671
45120	-4336.795	-4622.47	285.6749	0.7385864	0.3548161	12.85849
45126	-4330.86	-4620.591	289.73	0.9061488	0.3674669	10.63937
45132	-4335.722	-4625.383	289.6607	1.085833	0.4222113	10.52555
45138	-4325.463	-4609.111	283.6483	0.8206441	0.4568902	13.76722
45144	-4325.231	-4613.079	287.8484	0.7016154	0.3738931	11.72451
45150	-4334.355	-4617.982	283.6271	0.6904129	0.4102818	13.88995
45156	-4346.063	-4636.14	290.0771	0.8291032	0.382399	10.48187
45162	-4339.92	-4628.007	288.0869	0.7857122	0.4576186	11.47364
45168	-4331.567	-4617.757	286.1898	0.985586	0.4350318	12.38051
45174	-4323.644	-4611.072	287.4277	0.7786534	0.5190619	11.76779
45180	-4323.17	-4613.467	290.2968	0.9749221	0.3996348	10.27215
45186	-4303.225	-4591.495	288.2702	0.8861859	0.4574703	11.32539
45192	-4320.147	-4610.132	289.9854	0.9839477	0.3911089	10.43971
45198	-4332.46	-4618.301	285.8414	0.8356335	0.4025281	12.67166
45204	-4332.676	-4617.907	285.2307	0.7628443	0.393338	13.03648
45210	-4328.395	-4614.63	286.2349	0.74579	0.3145762	12.60881
45216	-4320.374	-4605.056	284.6821	0.7375597	0.3979636	13.33008
45222	-4318.738	-4607.713	288.9744	0.8474778	0.472655	10.96317
45228	-4310.792	-4598.094	287.3024	0.77075	0.3964478	11.95016
45234	-4303.532	-4591.661	288.1289	0.9007797	0.4569716	11.39212
45240	-4310.903	-4598.385	287.4813	0.9039062	0.4569716	11.72894
45246	-4312.139	-4602.606	290.4674	0.7457548	0.3637512	10.34045
45252	-4321.05	-4609.02	287.9697	0.8252839	0.3459391	11.62674
45258	-4319.063	-4607.329	288.2659	0.8058119	0.3940665	11.43098
45264	-4338.566	-4628.425	289.8592	1.008066	0.4430937	10.44215
45270	-4329.965	-4619.98	290.0159	0.8946463	0.4194245	10.44215
45276	-4320.133	-4607.593	287.4607	0.8103433	0.3811336	11.86259
45282	-4325.974	-4610.484	284.5103	0.8126472	0.3811336	13.39746
45288	-4325.377	-4613.237	287.8606	0.8418692	0.515635	11.51148
45294	-4336.142	-4624.206	288.0642	0.9941455	0.3261723	11.51148
45300	-4335.713	-4621.166	285.4531	0.9061306	0.3148079	12.93192
45306	-4337.985	-4627.813	289.828	0.9879357	0.4097617	10.50137
45312	-4334.479	-4621.474	286.9947	0.7825176	0.4149915	12.08611
45318	-4322.246	-4607.366	285.1205	0.7916505	0.4277263	13.04497
45324	-4311.644	-4598.922	287.2779	0.7792595	0.4011283	11.95381
45330	-4312.782	-4600.294	287.5127	0.6147065	0.3656772	11.95381
45336	-4325.402	-4612.723	287.3206	0.821393	0.3586345	11.95381
45342	-4328.657	-4612.216	283.5597	0.6805249	0.5823942	13.78085
45348	-4315.36	-4598.159	282.7995	0.8611146	0.4189716	14.22203
45354	-4318.485	-4603.327	284.8417	0.8789836	0.4540042	13.11983
45360	-4314.569	-4599.607	285.0387	0.8430555	0.4407325	13.04841
45366	-4314.975	-4599.66	284.6858	0.8246343	0.4943511	13.19312
45372	-4322.102	-4606.863	284.7607	0.7708182	0.3950046	13.27496
45378	-4315.736	-4601.757	286.0213	0.8760369	0.3995495	12.55998
45384	-4325.298	-4609.468	284.1695	0.818504	0.3331574	13.62319
45390	-4323.304	-4609.714	286.4099	0.9351569	0.3331574	12.39753
45396	-4328.035	-4612.441	284.4057	0.6422699	0.3331574	13.5921
45402	-4326.865	-4610.63	283.7646	0.6843153	0.3230859	13.91439
45408	-4320.053	-4602.314	282.2606	0.7569194	0.4946322	14.48609
45414	-4338.353	-4624.42	286.0666	0.8245569	0.4405406	12.52334
45420	-4324.446	-4611.036	286.5897	0.9886516	0.3813258	12.22371
45426	-4318.537	-4605.311	286.7735	0.8936453	0.4349835	12.1242
45432	-4317.945	-4603.275	285.3294	0.7613294	0.4222088	12.95737
45438	-4328.089	-4615.323	287.2343	0.7781645	0.352261	12.02834
45444	-4313.196	-4601.564	288.368	0.9547566	0.465646	11.23085
45450	-4321.346	-4611.286	289.94	1.12907	0.3510964	10.42994
45456	-4325.122	-4616.03	290.9072	1.12907	0.4075895	9.861864
45462	-4326.821	-4615.242	288.4216	0.9922152	0.2783707	11.38366
45468	-4332.51	-4622.891	290.3806	0.968544	0.4746905	10.15977
45474	-4341.665	-4629.405	287.7409	0.9728807	0.444711	11.56867
45480	-4353.314	-4638.139	284.8248	0.7815278	0.347304	13.28636
45486	-4342.409	-4627.385	284.9759	0.8971514	0.34331	13.15214
45492	-4340.816	-4624.61	283.7941	0.7588654	0.34331	13.83759
45498	-4331.649	-4620.094	288.4441	0.908836	0.3319796	11.35077
45504	-4317.369	-4602.98	285.6111	0.8667144	0.4544917	12.72561
45510	-4325.901	-4611.888	285.9872	1.077179	0.3028249	12.57922
45516	-4324.844	-4610.986	286.142	0.7961817	0.3605734	12.57922
45522	-4332.562	-4617.81	285.2481	0.8110615	0.4453494	12.95186
45528	-4325.486	-4612.474	286.988	0.7630075	0.3415022	12.17657
45534	-4325.787	-4614.929	289.1423	1.083413	0.4411612	10.78058
45540	-4324.559	-4614.129	289.5696	0.904844	0.3172519	10.78058
45546	-4316.3	-4603.115	286.8146	0.8110776	0.4414916	12.13968
45552	-4318.589	-4606.734	288.1447	0.8110776	0.4782676	11.41146
45558	-4320.215	-4606.316	286.1012	0.6681936	0.4624164	12.56656
45564	-4308.84	-4594.58	285.7404	0.7028591	0.4182563	12.77785
45570	-4324.483	-4611.685	287.2016	0.7853098	0.5606184	11.84834
45576	-4313.149	-4599.676	286.5271	0.8551868	0.413822	12.29313
45582	-4319.197	-4605.57	286.3734	0.7800454	0.5480602	12.29313
45588	-4302.085	-4589.126	287.0409	0.7992125	0.3911435	12.07712
45594	-4305.738	-4596.332	290.5933	0.7505635	0.3760225	10.25867
45600	-4305.779	-4594.602	288.8234	0.8604821	0.4062305	11.0984
45606	-4304.227	-4590.569	286.342	0.8437028	0.4868381	12.3279
45612	-4315.17	-4603.798	288.6279	0.8625476	0.3782181	11.22832
45618	-4317.518	-4607.936	290.4182	0.925937	0.4852121	10.15298
45624	-4319.318	-4605.907	286.5884	0.6862451	0.3364622	12.4305
45630	-4313.87	-4600.798	286.9276	0.821126	0.388377	12.12761
45636	-4304.584	-4591.536	286.9516	0.7196073	0.3750758	12.18187
45642	-4323.643	-4611.02	287.3779	0.7004576	0.4945132	11.85559
45648	-4312.707	-4600.328	287.6218	0.7453708	0.3676706	11.82659
45654	-4318.286	-4608.985	290.6986	0.7850994	0.484795	10.07994
45660	-4317.491	-4603.318	285.8267	0.7485489	0.3110268	12.82398
45666	-4333.912	-4619.451	285.5395	0.7879367	0.4352776	12.82178
45672	-4326.489	-4611.47	284.9813	0.9207893	0.4600827	13.01997
45678	-4327.436	-4614.058	286.6224	0.9555386	0.4254155	12.17985
45684	-4326.704	-4614.073	287.3695	0.9146553	0.6136082	11.65221
45690	-4328.356	-4614.776	286.4203	0.9448755	0.3824217	12.33369
45696	-4314.322	-4605.474	291.1519	1.050475	0.3835966	9.798891
45702	-4311.519	-4600.193	288.6731	0.9068199	0.3859439	11.17343
45708	-4338.275	-4627.107	288.832	0.9774895	0.5099853	10.93694
45714	-4333.777	-4623.153	289.3764	0.8864195	0.2801664	10.93694
45720	-4318.961	-4606.356	287.395	0.8281835	0.4157085	11.85269
45726	-4314.726	-4603.253	288.5267	0.822919	0.4410683	11.23957
45732	-4322.178	-4611.102	288.9243	0.906692	0.4946095	10.93896
45738	-4328.13	-4618.786	290.656	0.9210026	0.3004547	10.22187
45744	-4327.443	-4618.174	290.7317	1.052351	0.4664612	9.938404
45750	-4332.928	-4620.111	287.1832	0.861016	0.5548104	11.82307
45756	-4314.272	-4600.795	286.5234	0.7548664	0.3858105	12.37548
45762	-4309.259	-4596.216	286.9571	0.9120198	0.4018699	12.05118
45768	-4308.79	-4598.622	289.8328	0.8870608	0.3832717	10.57877
45774	-4319.898	-4609.474	289.5755	1.038503	0.4640585	10.55564
45780	-4329.215	-4616.698	287.4824	0.8405723	0.3751303	11.84177
45786	-4310.168	-4595.777	285.6091	0.9740215	0.3751303	12.74857
45792	-4329.728	-4614.73	285.0014	0.90014	0.391872	13.08584
45798	-4332.443	-4618.415	285.9721	0.8205303	0.4217196	12.59264
45804	-4323.147	-4609.045	285.8977	0.6638712	0.4274412	12.70741
45810	-4340.503	-4626.058	285.5551	0.7495903	0.3917147	12.87634
45816	-4333.141	-4620.221	287.0802	0.8178569	0.4672437	11.97387
45822	-4325.845	-4612.913	287.0679	0.8994404	0.4075808	11.99421
45828	-4319.328	-4608.061	288.7326	0.9979342	0.4736165	11.01019
45834	-4321.706	-4610.62	288.9137	0.9423185	0.4043081	11.01019
45840	-4320.359	-4606.883	286.5234	0.8213902	0.3903075	12.33624
45846	-4325.426	-4612.824	287.398	0.9065625	0.3572897	11.8704
45852	-4324.507	-4610.863	286.3557	0.8837523	0.4235263	12.35816
45858	-4324.805	-4612.301	287.4958	0.8469759	0.4232435	11.7829
45864	-4320.244	-4607.542	287.2976	0.863258	0.3580114	11.94464
45870	-4319.947	-4606.946	286.9985	0.9801647	0.383328	12.01289
45876	-4324.169	-4610.4	286.2304	0.9612749	0.383328	12.42316
45882	-4320.313	-4608.674	288.3603	1.080632	0.383328	11.2489
45888	-4316.339	-4607.172	290.8328	0.9634248	0.3529245	10.04567
45894	-4335.004	-4623.328	288.3233	0.7451225	0.4397558	11.38792
45900	-4348.512	-4637.59	289.0778	0.8290915	0.33819	11.05383
45906	-4329.308	-4615.637	286.3288	0.823296	0.5197191	12.31719
45912	-4321.049	-4606.737	285.6876	0.7539837	0.4174397	12.77948
45918	-4319.743	-4608.453	288.71	0.9184511	0.5242712	11.01967
45924	-4305.987	-4595.331	289.3436	0.8499215	0.5309871	10.71791
45930	-4305.872	-4594.038	288.166	0.9268175	0.4250215	11.38927
45936	-4290.052	-4578.263	288.2102	0.835596	0.3883608	11.45035
45942	-4303.68	-4594.067	290.3872	0.9738019	0.4319216	10.19334
45948	-4304.483	-4593.274	288.7913	0.7648182	0.4286521	11.14333
45954	-4301.048	-4589.772	288.7243	0.9097118	0.4187476	11.11214
45960	-4314.392	-4600.949	286.5571	0.8437434	0.4337205	12.26427
45966	-4303.317	-4590.785	287.4674	0.9278792	0.5066115	11.67967
45972	-4307.812	-4595.511	287.6988	0.7759354	0.4191958	11.71791
45978	-4325.605	-4613.998	288.3928	0.8497327	0.5986573	11.16235
45984	-4329.568	-4616.547	286.9788	0.8625604	0.4439275	12.02488
45990	-4321.552	-4608.213	286.6608	0.9868183	0.5612907	12.02488
45996	-4318.758	-4608.612	289.8532	0.9566087	0.5746608	10.35912
46002	-4314.543	-4603.889	289.3459	0.836797	0.3891805	10.85438
46008	-4319.914	-4607.229	287.3147	0.9050488	0.3512611	11.92124
46014	-4314.67	-4601.791	287.1208	0.9211166	0.4428906	11.92124
46020	-4306.619	-4594.696	288.0771	0.7602747	0.4076456	11.53981
46026	-4310.988	-4599.215	288.2272	0.8768474	0.3372191	11.475
46032	-4311.97	-4598.063	286.0932	0.7782848	0.356199	12.61863
46038	-4317.096	-4604.275	287.1785	0.8724429	0.356199	12.00396
46044	-4326.939	-4613.123	286.1841	0.7540836	0.3444502	12.5968
46050	-4334.189	-4619.437	285.2485	0.8635019	0.3427395	13.02857
46056	-4331.287	-4615.703	284.4158	0.7668792	0.4044956	13.44663
46062	-4330.187	-4616.035	285.8484	0.8872684	0.4813343	12.56717
46068	-4332.008	-4620.986	288.9777	0.8220929	0.3974678	11.04655
46074	-4324.007	-4609.028	285.0218	0.6928867	0.3971243	13.17763
46080	-4319.852	-4609.601	289.7491	0.869298	0.5099312	10.51275
46086	-4314.232	-4599.764	285.5323	0.7449995	0.2574857	13.04622
46092	-4323.606	-4609.298	285.6923	0.921238	0.3486542	12.76114
46098	-4325.175	-4610.559	285.3844	0.9434282	0.3866906	12.86944
46104	-4332.993	-4619.314	286.3211	0.9217192	0.4521938	12.3293
46110	-4332.137	-4616.328	284.191	0.8577315	0.4521938	13.47059
46116	-4331.106	-4615.614	284.5075	0.8172839	0.4920078	13.29166
46122	-4330.465	-4614.046	283.5807	0.8265125	0.363175	13.89164
46128	-4317.871	-4605.604	287.7325	0.8831052	0.4331187	11.6309
46134	-4326.078	-4612.688	286.6105	0.9738582	0.3374729	12.26796
46140	-4327.903	-4620.038	292.1355	0.9536965	0.2901103	9.438062
46146	-4325.887	-4614.787	288.8996	0.9860159	0.2901103	11.12195
46152	-4324.821	-4611.366	286.5449	0.8367672	0.4966874	12.21715
46158	-4318.861	-4607.393	288.5326	0.9969313	0.4375488	11.14874
46164	-4315.513	-4602.554	287.0408	0.9290964	0.4738739	11.93044
46170	-4327.897	-4616.447	288.5504	1.00333	0.4683815	11.10751
46176	-4326.719	-4615.596	288.8773	0.8533182	0.3806976	11.09999
46182	-4319.399	-4606.576	287.1763	0.8841741	0.4260195	11.92759
46188	-4321.304	-4612.154	290.8499	0.794612	0.3790964	10.09731
46194	-4331.817	-4619.756	287.9381	0.8654893	0.4270899	11.53848
46200	-4333.463	-4622.408	288.9448	0.7648706	0.3418854	11.15292
46206	-4330.981	-4618.46	287.4793	0.8449721	0.4512173	11.76606
46212	-4321.725	-4608.411	286.6853	0.9695738	0.4618323	12.10565
46218	-4319.98	-4604.621	284.6412	0.7846824	0.4598984	13.26768
46224	-4328.656	-4613.436	284.7796	0.8156084	0.3699822	13.26768
46230	-4333.638	-4618.263	284.6252	0.8883858	0.4116682	13.26768
46236	-4328.557	-4615.977	287.4202	0.9682334	0.4006094	11.7814
46242	-4333.342	-4619.864	286.5214	0.8313657	0.3017541	12.43029
46248	-4321.598	-4608.32	286.7223	0.7825661	0.409955	12.23306
46254	-4327.586	-4615.736	288.1498	0.8203942	0.459384	11.42103
46260	-4316.256	-4603.522	287.2653	0.7484707	0.4429316	11.93585
46266	-4311.475	-4599.241	287.7655	0.7463688	0.3547891	11.76492
46272	-4326.315	-4614.227	287.9125	0.8137903	0.4164671	11.58915
46278	-4316.446	-4603.179	286.7328	0.7635727	0.3317492	12.32029
46284	-4318.045	-4604.042	285.9976	0.7899642	0.4872913	12.53488
46290	-4319.949	-4606.044	286.0957	0.7899642	0.3203391	12.6515
46296	-4322.441	-4607.855	285.414	0.7854744	0.4390521	12.8848
46302	-4318.395	-4606.885	288.4902	0.8257357	0.4357567	11.26226
46308	-4317.156	-4603.157	286.0015	0.7750858	0.4156061	12.60692
46314	-4316.545	-4605.322	288.7771	0.8805196	0.3839837	11.13483
46320	-4327.169	-4610.963	283.7947	0.8385866	0.2962365	13.85057
46326	-4324.685	-4613.154	288.4687	1.094605	0.3114854	11.26463
46332	-4326.508	-4610.25	283.7421	0.7899347	0.3114854	13.88479
46338	-4328.488	-4610.834	282.3459	0.8844656	0.4455958	14.41973
46344	-4315.108	-4598.604	283.4965	0.8044844	0.4756691	13.83748
46350	-4322.789	-4606.047	283.258	0.9314593	0.4756691	13.89535
46356	-4317.75	-4604.634	286.8839	0.805345	0.4088662	12.13798
46362	-4315.758	-4603.229	287.4705	0.786908	0.4088662	11.84153
46368	-4314.862	-4601.538	286.6767	0.7042074	0.3316007	12.38062
46374	-4320.233	-4606.69	286.4561	0.807273	0.4213395	12.3478
46380	-4309.647	-4594.853	285.2056	0.8063579	0.4213395	12.9992
46386	-4326.003	-4613.775	287.7712	0.9031717	0.4213395	11.61157
46392	-4328.656	-4618.073	289.4171	0.9862013	0.3971227	10.73063
46398	-4324.39	-4609.912	285.5221	0.7958419	0.33123	12.93439
46404	-4329.722	-4613.805	284.083	0.7998709	0.33123	13.67994
46410	-4330.25	-4612.229	281.979	0.7831428	0.3648507	14.74216
46416	-4329.489	-4611.335	281.8453	0.8428018	0.4096054	14.73479
46422	-4309.313	-4597.801	288.4879	0.8942453	0.3975017	11.26511
46428	-4303.766	-4591.345	287.5795	0.7948928	0.4001711	11.78918
46434	-4307.105	-4597.071	289.9668	0.8647895	0.3691424	10.53503
46440	-4311.232	-4599.041	287.809	0.7886939	0.2858073	11.80067
46446	-4320.803	-4607.755	286.952	0.8444941	0.3994994	12.09142
46452	-4328.9	-4613.382	284.4815	0.9906166	0.4949903	13.21248
46458	-4320.982	-4605.845	284.8632	0.9302437	0.4596949	13.07679
46464	-4306.738	-4591.554	284.816	0.8716821	0.3367254	13.25584
46470	-4303.33	-4594.14	290.8092	0.9093654	0.540349	9.908772
46476	-4322.68	-4609.73	287.0505	0.8579859	0.4767304	11.95991
46482	-4334.956	-4621.403	286.4471	0.8824293	0.3785643	12.35632
46488	-4330.732	-4617.773	287.0407	0.7996268	0.4130844	12.05504
46494	-4341.835	-4629.943	288.1078	0.9059513	0.3605683	11.49641
46500	-4340.64	-4630.368	289.7279	1.075537	0.428724	10.48934
46506	-4324.888	-4610.853	285.9651	0.7706988	0.3521751	12.69367
46512	-4327.697	-4611.188	283.4913	0.8899686	0.2944551	13.98344
46518	-4316.571	-4603.733	287.1622	0.8230277	0.3233186	12.0751
46524	-4318.211	-4602.326	284.1154	0.7372062	0.4718136	13.55466
46530	-4323.405	-4608.956	285.5508	0.9054554	0.3823539	12.80709
46536	-4333.03	-4616.212	283.1824	0.8503528	0.3601868	14.08897
46542	-4338.317	-4624.375	286.0577	0.9916055	0.4478972	12.43411
46548	-4326.952	-4611.51	284.5581	0.7564674	0.4762738	13.31078
46554	-4311.42	-4597.083	285.6628	0.7801468	0.4569622	12.74148
46560	-4309.047	-4596.724	287.6772	0.7615291	0.3398768	11.8196
46566	-4299.46	-4587.391	287.9312	0.86681	0.3343053	11.63824
46572	-4303.273	-4586.801	283.5274	0.823628	0.4998749	13.79039
46578	-4303.559	-4587.567	284.0074	0.7822485	0.399535	13.65565
46584	-4303.562	-4589.476	285.9138	0.799085	0.4661636	12.59256
46590	-4305.871	-4594.513	288.6426	0.8703861	0.4625904	11.13409
46596	-4321.817	-4610.765	288.9482	1.043894	0.3949599	10.94835
46602	-4320.102	-4606.465	286.3633	0.7864428	0.4303505	12.39831
46608	-4315.473	-4604.601	289.1284	0.9086328	0.4034354	10.91626
46614	-4316.564	-4602.498	285.9342	0.717016	0.4216352	12.66632
46620	-4312.639	-4599.882	287.2427	0.8533651	0.3551097	11.98161
46626	-4307.116	-4594.325	287.2091	0.8067645	0.3949381	11.98161
46632	-4310.595	-4593.23	282.6355	0.8544969	0.3306223	14.40282
46638	-4308.515	-4594.221	285.7053	0.9219309	0.3372892	12.76664
46644	-4312.041	-4600.248	288.2067	0.8555825	0.4058	11.42411
46650	-4314.705	-4602.049	287.344	0.8059433	0.3019923	12.01441
46656	-4317.046	-4605.553	288.5072	0.8419261	0.4267374	11.25353
46662	-4326.407	-4613.655	287.2479	0.9186853	0.3925877	11.90533
46668	-4314.554	-4598.825	284.2704	0.7202413	0.4733256	13.48162
46674	-4316.051	-4603.26	287.2087	0.640312	0.4337182	12.03053
46680	-4316.372	-4603.833	287.4614	0.8400319	0.4337182	11.79443
46686	-4317.865	-4604.712	286.8473	0.8617089	0.5069358	12.03763
46692	-4317.476	-4603.318	285.8412	0.8461857	0.4481104	12.6224
46698	-4321.716	-4607.437	285.7207	0.7629136	0.3331528	12.84605
46704	-4315.989	-4601.635	285.6466	0.8562231	0.3203401	12.85072
46710	-4319.66	-4604.613	284.9526	0.8958461	0.3878153	13.11758
46716	-4314.734	-4599.32	284.5856	0.8799325	0.4343427	13.27079
46722	-4322.971	-4608.824	285.8534	0.7806237	0.4345602	12.66291
46728	-4324.813	-4611.755	286.9416	0.7922652	0.4094868	12.1141
46734	-4308.008	-4594.543	286.535	0.8292158	0.3934074	12.32296
46740	-4321.114	-4610.084	288.9694	0.8678937	0.294637	11.14165
46746	-4310.059	-4598.678	288.6197	0.9327678	0.3489982	11.22731
46752	-4306.149	-4591.09	284.9412	0.8241516	0.3988966	13.1495
46758	-4306.31	-4592.824	286.5139	0.8076852	0.4753155	12.26726
46764	-4326.316	-4613.168	286.8525	0.9220948	0.3382517	12.16794
46770	-4319.1	-4606.774	287.6735	0.9455044	0.4511332	11.61219
46776	-4318.901	-4606.659	287.7584	0.8787195	0.440979	11.61219
46782	-4330.439	-4615.005	284.5655	0.9514581	0.369212	13.30914
46788	-4334.07	-4620.214	286.1436	0.8671388	0.5302432	12.38207
46794	-4316.009	-4601.115	285.1065	0.7340122	0.4641108	13.04833
46800	-4322.889	-4608.435	285.5458	0.835078	0.4812507	12.75191
46806	-4325.798	-4612.04	286.2411	0.9029014	0.3675161	12.46459
46812	-4322.495	-4609.44	286.9458	0.821364	0.4808237	12.03001
46818	-4320.507	-4607.875	287.3687	0.8372704	0.4667098	11.81363
46824	-4312.256	-4601.169	288.9132	0.9053615	0.3456831	11.09169
46830	-4331.5	-4621.155	289.6542	0.915382	0.3698313	10.6718
46836	-4336.946	-4626.052	289.106	0.7996419	0.5367563	10.86409
46842	-4318.371	-4606.105	287.7335	0.8352955	0.3558844	11.73397
46848	-4320.964	-4610.176	289.2114	0.9455778	0.3866079	10.87051
46854	-4314.032	-4602.006	287.974	0.8036636	0.3208106	11.66438
46860	-4325.759	-4611.838	286.0797	0.8521919	0.3744121	12.56777
46866	-4326.702	-4617.118	290.4159	0.89684	0.3744121	10.27669
46872	-4310.16	-4595.617	285.4568	0.8829685	0.4214199	12.82859
46878	-4312.218	-4594.463	282.2452	0.9739351	0.3680133	14.50222
46884	-4320.165	-4603.685	283.5196	0.858816	0.4115994	13.85707
46890	-4339.785	-4621.777	281.9925	0.793912	0.5367737	14.57046
46896	-4335.076	-4619.72	284.6437	0.7808177	0.4926838	13.2392
46902	-4339.074	-4623.531	284.4564	0.8544448	0.5641448	13.2392
46908	-4316.183	-4604.359	288.1751	0.8738306	0.3861942	11.45097
46914	-4321.059	-4607.497	286.4386	0.9376337	0.5870168	12.14627
46920	-4320.611	-4607.504	286.8932	0.7990218	0.3990504	12.14627
46926	-4321.264	-4609.595	288.3308	0.7929039	0.3990504	11.39873
46932	-4334.635	-4623.701	289.0666	0.9639578	0.2550068	11.09161
46938	-4326.255	-4615.283	289.0276	0.9639578	0.2704131	11.09161
46944	-4327.938	-4615.398	287.4603	0.7962667	0.3358579	11.9192
46950	-4298.331	-4582.661	284.3294	0.9254111	0.3466688	13.46962
46956	-4322.632	-4609.321	286.6883	0.9471447	0.3466688	12.23107
46962	-4320.406	-4603.412	283.0059	0.8582328	0.3635211	14.17282
46968	-4330.351	-4614.358	284.0068	0.7680136	0.355618	13.70901
46974	-4328.749	-4614.918	286.1682	0.7785323	0.3174089	12.62314
46980	-4321.164	-4605.426	284.2626	0.7475969	0.3613016	13.58076
46986	-4313.512	-4599.832	286.3209	0.8390983	0.4316527	12.39172
46992	-4326.995	-4614.548	287.5523	0.836113	0.3244167	11.86345
46998	-4329.248	-4617.23	287.9821	0.8394084	0.3718166	11.58488
47004	-4328.257	-4615.284	287.0271	0.7988056	0.4335124	12.04279
47010	-4330.637	-4615.77	285.1333	0.7268307	0.4304407	13.06938
47016	-4336.083	-4624.094	288.0105	0.8320146	0.3665759	11.57947
47022	-4317.077	-4605.6	288.5229	0.9229908	0.3494372	11.28256
47028	-4295.811	-4584.627	288.8161	0.9547398	0.4965392	10.96878
47034	-4304.538	-4590.045	285.5075	0.8207635	0.5229482	12.74349
47040	-4311.287	-4598.304	287.0172	0.8473799	0.3182199	12.14396
47046	-4315.546	-4604.07	288.5238	1.015622	0.4922352	11.09376
47052	-4322.375	-4606.791	284.4159	0.7042821	0.3193661	13.5704
47058	-4313.669	-4606.213	292.5436	1.057909	0.475708	8.970454
47064	-4317.026	-4604.196	287.17	1.06394	0.4464719	11.81761
47070	-4306.633	-4595.139	288.5062	1.197156	0.3781795	11.11694
47076	-4315.293	-4604.916	289.6235	1.051825	0.4464744	10.53974
47082	-4303.964	-4591.818	287.854	0.8730773	0.4140014	11.59121
47088	-4305.526	-4593.511	287.9854	0.8516719	0.5014038	11.45324
47094	-4318.209	-4602.92	284.7106	0.6807726	0.3728975	13.37049
47100	-4322.228	-4606.376	284.1475	0.7543437	0.6261172	13.40456
47106	-4321.848	-4608.345	286.4971	0.8288328	0.4815935	12.25943
47112	-4303.686	-4590.624	286.9377	0.8150737	0.4145363	12.09928
47118	-4321.109	-4608.197	287.0877	0.8927871	0.3049301	12.09928
47124	-4312.628	-4601.885	289.2562	0.8150391	0.3226107	10.9856
47130	-4303.596	-4590.174	286.5785	0.9007539	0.4203099	12.23628
47136	-4304.855	-4591.055	286.2	0.7940263	0.4619966	12.44992
47142	-4322.36	-4606.344	283.9836	0.6585885	0.3645454	13.76824
47148	-4324.569	-4613.585	289.0157	0.7505299	0.3868229	11.07499
47154	-4308.51	-4593.641	285.1308	0.8001083	0.5194204	12.95318
47160	-4337.219	-4624.98	287.7609	0.8427754	0.4002721	11.66933
47166	-4343.9	-4630.468	286.5684	0.8099706	0.3963881	12.31253
47172	-4325.925	-4611.201	285.2757	0.7324369	0.2938922	13.13955
47178	-4321.32	-4608.747	287.4271	0.8888685	0.3544862	11.86752
47184	-4318.398	-4601.754	283.3563	0.7203024	0.4147222	14.01052
47190	-4308.672	-4595.675	287.0027	0.7697272	0.4147222	12.08886
47196	-4315.118	-4601.344	286.2253	0.6936077	0.3362659	12.61598
47202	-4308.001	-4594.011	286.0102	0.884791	0.3474384	12.61598
47208	-4307.077	-4599.33	292.2523	0.9190636	0.3764494	9.295157
47214	-4305.42	-4597.804	292.3837	0.9068842	0.3764494	9.232142
47220	-4300.591	-4590.035	289.4444	1.029838	0.3916997	10.69892
47226	-4314.867	-4603.925	289.0581	0.8216649	0.3829797	11.01954
47232	-4308.059	-4598.308	290.2491	0.9774513	0.2944731	10.4134
47238	-4308.146	-4598.52	290.3738	0.9702329	0.5184328	10.12421
47244	-4339.173	-4626.216	287.0422	0.7057325	0.3119437	12.21218
47250	-4307.196	-4593.948	286.7519	0.8384655	0.3836396	12.21509
47256	-4307.348	-4595.59	288.2423	0.7853454	0.4031991	11.4448
47262	-4311.562	-4597.796	286.2341	0.8812315	0.3169596	12.5359
47268	-4324.142	-4607.369	283.2263	0.8094622	0.3890682	14.05725
47274	-4325.103	-4610.551	285.448	0.7581042	0.3406012	12.98201
47280	-4325.167	-4610.364	285.1976	0.7243652	0.3585747	13.11004
47286	-4316.866	-4601.181	284.3147	0.7421883	0.3290833	13.59206
47292	-4313.227	-4602.19	288.9629	0.8294631	0.3831287	11.06515
47298	-4315.175	-4604.116	288.9412	0.8163185	0.4009447	11.06515
47304	-4316.964	-4607.137	290.1732	0.8382622	0.335252	10.47796
47310	-4314.823	-4603.529	288.7058	0.7259356	0.504622	11.13935
47316	-4319.001	-4606.028	287.0262	0.8618696	0.3703438	12.07372
47322	-4317.127	-4604.904	287.7766	0.8950622	0.5479513	11.5008
47328	-4308.102	-4598.724	290.622	0.9830196	0.4620381	10.03666
47334	-4316.013	-4608.101	292.0883	1.078118	0.414769	9.258457
47340	-4304.155	-4594.232	290.0777	0.9149569	0.3286261	10.49543
47346	-4305.883	-4595.522	289.6393	0.7790744	0.4012042	10.71859
47352	-4314.618	-4602.1	287.4818	0.8060345	0.447483	11.78857
47358	-4313.754	-4601.776	288.0222	0.9508586	0.3665849	11.51121
47364	-4327.485	-4614.256	286.7712	0.8632917	0.3982573	12.17714
47370	-4328.4	-4617.184	288.7846	1.028435	0.3878841	11.04941
47376	-4322.116	-4609.89	287.7749	1.023149	0.3778694	11.59076
47382	-4325.416	-4612.66	287.2446	0.9441355	0.4565494	11.83193
47388	-4320.011	-4608.227	288.216	0.9797436	0.4036914	11.35643
47394	-4319.973	-4604.347	284.3747	0.7603738	0.3938846	13.482
47400	-4325.705	-4614.3	288.5948	0.7808482	0.3950299	11.27105
47406	-4314.628	-4598.864	284.2363	0.8043796	0.3508617	13.57621
47412	-4327.979	-4610.926	282.947	0.7922137	0.5218176	14.08916
47418	-4333.482	-4617.441	283.9591	0.7806731	0.3663719	13.71568
47424	-4331.285	-4615.917	284.6317	0.8393414	0.4390711	13.26344
47430	-4336.053	-4620.467	284.4143	0.8272661	0.497081	13.33047
47436	-4334.971	-4619.526	284.5548	0.8656263	0.3971703	13.33047
47442	-4325.428	-4612.675	287.2475	0.7311845	0.4407862	11.95622
47448	-4328.104	-4614.574	286.4692	0.7113167	0.4407862	12.37237
47454	-4327.517	-4613.606	286.0896	0.779134	0.4407862	12.53482
47460	-4337.972	-4624.272	286.3002	0.764112	0.3420676	12.53378
47466	-4337.993	-4623.014	285.0211	0.9684532	0.4378582	12.99507
47472	-4341.194	-4626.16	284.9659	0.8479257	0.3909317	13.13236
47478	-4342.019	-4630.572	288.5535	0.8908965	0.3436458	11.28977
47484	-4314.073	-4600.94	286.8671	0.9469938	0.36747	12.11539
47490	-4327.437	-4611.428	283.9911	0.8585875	0.3650528	13.66004
47496	-4316.212	-4599.742	283.5305	0.8682362	0.3020219	13.96522
47502	-4311.45	-4597.589	286.1392	0.8896565	0.5112441	12.38855
47508	-4296.024	-4582.284	286.2597	0.8123374	0.3707723	12.49861
47514	-4308.513	-4597.685	289.1722	0.7742649	0.4244276	10.94297
47520	-4296.795	-4585.39	288.5945	1.029055	0.4388659	11.09828
47526	-4299.163	-4586.809	287.6455	0.8942149	0.3376691	11.76934
47532	-4302.447	-4590.69	288.2434	0.8942149	0.4104504	11.3801
47538	-4306.927	-4593.238	286.3105	0.8409039	0.5201261	12.31718
47544	-4312.498	-4602.403	289.9055	0.8648387	0.4058776	10.52922
47550	-4308.234	-4595.421	287.1871	0.7750474	0.4068734	11.99764
47556	-4307.623	-4594.382	286.7584	0.7296489	0.4440316	12.20904
47562	-4307.472	-4592.085	284.6128	0.7038575	0.4230158	13.35892
47568	-4313.677	-4599.443	285.7653	0.7701439	0.3865121	12.76157
47574	-4311.371	-4596.199	284.8275	0.7557998	0.4702402	13.17649
47580	-4327.821	-4612.394	284.5729	0.827806	0.5459158	13.20702
47586	-4322.922	-4610.811	287.8887	0.854216	0.3793049	11.61807
47592	-4325.638	-4612.927	287.2886	0.9233754	0.3608222	11.91492
47598	-4326.863	-4612.507	285.644	0.7737206	0.3847191	12.82468
47604	-4320.444	-4602.32	281.8753	0.6997786	0.4396697	14.76448
47610	-4315.679	-4603.036	287.3562	0.7847754	0.3502041	11.96354
47616	-4314.654	-4600.178	285.5241	0.7509048	0.3778709	12.906
47622	-4307.002	-4593.631	286.629	0.7717382	0.3871419	12.31031
47628	-4304.082	-4592.87	288.7881	0.8789356	0.3871419	11.12662
47634	-4299.136	-4587.195	288.0589	0.8168498	0.3440287	11.58669
47640	-4331.961	-4619.566	287.6049	0.8964018	0.3795586	11.74398
47646	-4317.278	-4605.464	288.1869	0.9692213	0.3858463	11.39528
47652	-4313.174	-4602.239	289.0646	0.8794894	0.3375503	11.03506
47658	-4332.559	-4614.427	281.8678	0.6830177	0.4344099	14.78199
47664	-4333.111	-4618.515	285.4042	0.7376111	0.3478923	13.0074
47670	-4318.55	-4606.963	288.413	0.7984065	0.383898	11.36836
47676	-4316.633	-4603.325	286.6921	0.7721534	0.383898	12.28053
47682	-4333.949	-4623.466	289.5162	0.8349919	0.4036984	10.75128
47688	-4340.68	-4628.993	288.3129	0.845537	0.4411989	11.33947
47694	-4337.303	-4626.186	288.8831	0.9187024	0.3678118	11.07633
47700	-4333.692	-4622.527	288.8352	0.872183	0.3678118	11.12578
47706	-4340.689	-4629.999	289.3092	0.8932352	0.4731187	10.76332
47712	-4328.82	-4617.838	289.0184	0.8657255	0.4329151	10.96745
47718	-4329.678	-4615.026	285.3483	0.8145111	0.4354868	12.90723
47724	-4314.662	-4600.857	286.1948	0.8225067	0.3573695	12.54145
47730	-4325.125	-4611.687	286.5612	0.8922942	0.4220308	12.24801
47736	-4321.824	-4606.034	284.21	0.8980666	0.3708086	13.51985
47742	-4321.637	-4613.076	291.439	0.9524218	0.5206713	9.570594
47748	-4325.85	-4613.865	288.0153	0.8110693	0.4831366	11.47479
47754	-4336.383	-4621.196	284.8134	0.820725	0.3599539	13.25814
47760	-4327.309	-4612.922	285.6124	0.8580869	0.4140366	12.76778
47766	-4322.92	-4609.908	286.9885	0.8580869	0.4391629	12.02665
47772	-4337.862	-4628.316	290.4536	0.8109718	0.352581	10.3256
47778	-4305.593	-4595.504	289.9117	0.9176084	0.4103771	10.49375
47784	-4320.737	-4608.279	287.5419	0.9022457	0.4138874	11.73911
47790	-4322.107	-4609.627	287.5191	0.8004058	0.4950985	11.72918
47796	-4319.143	-4607.127	287.9838	0.78545	0.4859662	11.50219
47802	-4315.978	-4605.167	289.189	0.9740511	0.2881298	10.97911
47808	-4329.268	-4619.698	290.4298	0.9296274	0.3485112	10.28028
47814	-4325.378	-4612.467	287.0884	0.8277228	0.493363	11.94127
47820	-4326.03	-4612.819	286.7897	0.803502	0.2931616	12.31552
47826	-4330.635	-4620.019	289.3838	0.9524291	0.4517901	10.71269
47832	-4314.316	-4600.883	286.5679	0.7668592	0.5182219	12.22322
47838	-4330.101	-4615.461	285.3599	0.6844076	0.36103	13.04379
47844	-4327.582	-4617.141	289.5587	0.951487	0.4969796	10.58074
47850	-4317.18	-4606.82	289.6404	0.9151289	0.4702064	10.58074
47856	-4310.771	-4598.863	288.0917	0.7839062	0.3542369	11.57546
47862	-4318.715	-4606.411	287.6966	0.7599794	0.4583401	11.69037
47868	-4309.143	-4599.432	290.2892	0.8944745	0.3731004	10.34594
47874	-4299.266	-4588.176	288.9101	0.7948494	0.3678287	11.12704
47880	-4316.105	-4603.164	287.0594	0.8586676	0.4146384	12.01294
47886	-4309.171	-4596.16	286.9895	0.8101795	0.4162541	12.07316
47892	-4302.655	-4588.976	286.3212	0.7897712	0.333687	12.51887
47898	-4306.03	-4592.478	286.4485	0.7109499	0.4518927	12.37303
47904	-4317.859	-4604.181	286.3222	0.7965751	0.4752217	12.37303
47910	-4309.539	-4594.228	284.6886	0.802557	0.5046523	13.19431
47916	-4320.409	-4606.928	286.5191	0.8254934	0.5216804	12.21522
47922	-4326.035	-4609.915	283.8807	0.8852372	0.4623039	13.60819
47928	-4321.979	-4608.907	286.9275	0.7853387	0.3490507	12.18809
47934	-4317.493	-4604.192	286.699	0.8783535	0.4172364	12.18809
47940	-4316.422	-4601.352	284.9291	0.723101	0.414801	13.19256
47946	-4321.283	-4607.317	286.0343	0.6775141	0.3579177	12.69988
47952	-4305.477	-4591.07	285.5937	0.7855634	0.4195347	12.80991
47958	-4304.609	-4590.512	285.9029	0.7858743	0.3415408	12.72986
47964	-4298.508	-4587.45	288.9422	0.9318269	0.3632654	11.04341
47970	-4298.541	-4586.233	287.6914	0.9757006	0.4986049	11.54451
47976	-4298.241	-4586.069	287.8282	1.000404	0.480334	11.47614
47982	-4304.257	-4588.505	284.2481	0.7536246	0.489726	13.46142
47988	-4311.216	-4596.844	285.6286	0.8580842	0.4183784	12.7551
47994	-4324.951	-4613.827	288.8759	0.8812358	0.3122543	11.16229
48000	-4309.21	-4597.009	287.7993	0.8926397	0.4203216	11.60336
48006	-4305.43	-4590.738	285.3081	0.8764634	0.3765674	12.95441
48012	-4303.384	-4590.689	287.3043	0.7633003	0.4233192	11.92645
48018	-4302.356	-4592.519	290.1633	0.7460158	0.404999	10.4571
48024	-4299.341	-4589.041	289.7	0.9079891	0.4775854	10.54655
48030	-4310.996	-4598.279	287.2835	0.8141203	0.357139	11.97858
48036	-4314.168	-4600.911	286.743	0.7270472	0.3696655	12.29242
48042	-4316.695	-4605.654	288.9586	0.7344335	0.3520732	11.15031
48048	-4312.976	-4597.622	284.6462	0.7259039	0.4713506	13.28526
48054	-4311.887	-4603.136	291.2493	0.9971508	0.4175957	9.741173
48060	-4316.967	-4604.932	287.965	0.857234	0.3820971	11.57369
48066	-4316.91	-4602.946	286.0364	0.8036149	0.4119084	12.57751
48072	-4314.902	-4602.731	287.8285	0.7301766	0.4512319	11.64362
48078	-4312.752	-4602.548	289.7957	0.8936918	0.5348469	10.45449
48084	-4311.493	-4601.67	290.177	0.7786071	0.383788	10.45449
48090	-4318.522	-4606.976	288.4542	0.8150264	0.3719155	11.35067
48096	-4327.127	-4615.79	288.6622	0.7799988	0.2861105	11.35896
48102	-4319.458	-4604.42	284.9619	0.6256624	0.3560627	13.28656
48108	-4309.346	-4594.2	284.8546	0.7451627	0.3502272	13.28656
48114	-4325.053	-4612.546	287.4932	0.7537129	0.4190074	11.83709
48120	-4320.617	-4608.865	288.2478	0.7537129	0.3847579	11.47724
48126	-4330.828	-4617.311	286.4835	0.7863703	0.4215033	12.34423
48132	-4336.801	-4622.719	285.9185	0.9856812	0.7583776	12.27235
48138	-4336.201	-4622.377	286.1766	0.8660233	0.3862202	12.49785
48144	-4336.686	-4621.033	284.3473	0.9313497	0.3862202	13.41525
48150	-4327.708	-4616.842	289.134	0.9699993	0.4210455	10.86372
48156	-4352.059	-4638.347	286.2885	0.9837824	0.392138	12.37216
48162	-4335.387	-4622.657	287.27	0.8924377	0.385099	11.91515
48168	-4328.684	-4615.126	286.4421	0.8924377	0.3808302	12.35134
48174	-4328.4	-4613.745	285.3455	0.916594	0.3421754	12.95114
48180	-4330.696	-4617.38	286.6837	0.827833	0.415558	12.22408
48186	-4326.301	-4610.194	283.8932	0.7052924	0.3816264	13.77304
48192	-4327.22	-4614.051	286.8309	0.8960535	0.3601941	12.16859
48198	-4323.016	-4610.738	287.7219	0.8267305	0.4330076	11.666
48204	-4327.553	-4611.71	284.1573	0.8420055	0.4017707	13.54455
48210	-4314.904	-4600.673	285.7695	0.842044	0.4287316	12.68012
48216	-4327.185	-4614.832	287.6479	0.7792065	0.3786487	11.7837
48222	-4317.64	-4602.837	285.1968	0.7540611	0.4790089	12.97761
48228	-4319.162	-4601.779	282.6164	0.7716117	0.4790089	14.30781
48234	-4304.23	-4590.718	286.4879	0.8641207	0.4395037	12.28422
48240	-4315.527	-4600.276	284.7482	0.8042553	0.464831	13.1974
48246	-4325.79	-4611.269	285.4794	0.8124727	0.3929732	12.88169
48252	-4327.244	-4614.813	287.5687	0.9480313	0.5498788	11.58023
48258	-4328.217	-4615.332	287.1157	0.9811983	0.5208939	11.82337
48264	-4320.657	-4606.747	286.0902	0.8948006	0.3336457	12.58452
48270	-4326.773	-4612.933	286.1596	0.8035734	0.3485268	12.57927
48276	-4312.73	-4599.595	286.8651	0.7784845	0.3462719	12.22729
48282	-4326.389	-4613.685	287.2954	0.6712603	0.4215307	11.98086
48288	-4321.662	-4606.781	285.1195	0.7304019	0.3849721	13.11971
48294	-4322.345	-4610.632	288.2877	0.7718177	0.3648716	11.46786
48300	-4325.076	-4615.285	290.2096	0.9013694	0.3202731	10.44299
48306	-4307.089	-4592.2	285.1115	0.7113126	0.4437817	13.07621
48312	-4319.32	-4604.593	285.2733	0.8142016	0.4584309	12.92504
48318	-4310.012	-4595.446	285.4337	0.6628255	0.4533106	12.92504
48324	-4319.642	-4603.357	283.7145	0.5826099	0.4533106	13.85968
48330	-4312.385	-4597.602	285.2177	0.7794533	0.4533106	12.97674
48336	-4318.069	-4603.222	285.1529	0.7898938	0.4193108	13.03711
48342	-4322.082	-4606.343	284.2614	0.7898938	0.4193108	13.50034
48348	-4307.899	-4594.482	286.5828	0.7353199	0.405954	12.33435
48354	-4321.392	-4603.491	282.0987	0.7353199	0.3753141	14.69396
48360	-4319.888	-4602.817	282.9295	0.8197191	0.3692591	14.22631
48366	-4313.407	-4599.13	285.723	0.8197191	0.3692591	12.77577
48372	-4324.943	-4615.486	290.5429	0.7678477	0.3692591	10.28325
48378	-4302.819	-4590.243	287.424	0.8807297	0.3692591	11.85746
48384	-4309.222	-4599.307	290.0847	0.8423314	0.2609581	10.61374
48390	-4311.413	-4601.951	290.5382	0.999636	0.3323236	10.20475
48396	-4308.153	-4597.313	289.1599	0.8271625	0.3890175	10.95707
48402	-4308.731	-4595.513	286.7826	0.9222566	0.3890175	12.14986
48408	-4315.579	-4608.143	292.5638	0.9667805	0.309611	9.180825
48414	-4320.903	-4614.435	293.5319	1.057612	0.3146471	8.613793
48420	-4336.116	-4622.111	285.9948	0.6569758	0.3221073	12.77121
48426	-4328.896	-4616.84	287.9436	0.8813099	0.3545825	11.60162
48432	-4355.069	-4640.563	285.4945	0.7374308	0.3677497	12.93907
48438	-4348.203	-4633.75	285.5463	0.6856512	0.3677497	12.93907
48444	-4324.404	-4612.819	288.4149	1.021114	0.3677497	11.26786
48450	-4321.274	-4611.695	290.4208	0.874624	0.3725773	10.28777
48456	-4306.54	-4592.634	286.0938	0.782311	0.3590286	12.61319
48462	-4301.112	-4587.085	285.9733	0.8538432	0.4849143	12.51636
48468	-4324.851	-4609.932	285.0803	0.7991024	0.4849143	13.00956
48474	-4329.101	-4613.414	284.3128	0.7774021	0.3146312	13.5915
48480	-4320.637	-4607.319	286.682	0.7905871	0.4220871	12.238
48486	-4307.8	-4593.906	286.1051	0.929	0.4220871	12.46649
48492	-4302.199	-4589.95	287.7509	0.8793029	0.4365844	11.61999
48498	-4296.79	-4585.124	288.3346	0.9551097	0.4849939	11.2308
48504	-4301.592	-4590.023	288.4309	0.9825525	0.4154817	11.2308
48510	-4307.843	-4595.365	287.5216	0.8616275	0.5794613	11.62652
48516	-4296.847	-4582.836	285.989	0.8616275	0.4833596	12.50552
48522	-4310.417	-4596.518	286.1011	0.8831922	0.3524049	12.56406
48528	-4324.592	-4612.369	287.777	0.799352	0.3686757	11.71627
48534	-4318.847	-4604.09	285.2422	0.8267018	0.2995514	13.10106
48540	-4311.659	-4595.971	284.3124	0.7818224	0.4715735	13.42941
48546	-4313.781	-4597.896	284.1144	0.7163805	0.368582	13.66614
48552	-4316.918	-4606.542	289.6242	1.003547	0.5780562	10.45206
48558	-4312.094	-4600.346	288.2519	0.8857031	0.3621055	11.43002
48564	-4321.864	-4606.629	284.7649	0.8272698	0.5099424	13.13728
48570	-4326.901	-4612.486	285.5845	0.8104525	0.4101631	12.81092
48576	-4333.874	-4619.627	285.7527	0.7395624	0.3609182	12.81092
48582	-4336.045	-4619.93	283.8856	0.7123313	0.2851628	13.88258
48588	-4324.243	-4610.089	285.8467	0.7120317	0.3946436	12.74118
48594	-4323.865	-4609.801	285.9354	0.7740322	0.4560023	12.60362
48600	-4325.081	-4610.098	285.0173	0.6923082	0.3572492	13.22184
48606	-4317.086	-4601.865	284.779	0.7472283	0.4529633	13.22184
48612	-4316.622	-4603.06	286.438	0.8131625	0.3076514	12.47612
48618	-4312.111	-4598.26	286.1491	0.8039645	0.4567216	12.47612
48624	-4304.206	-4591.548	287.3425	0.7392538	0.4287656	11.91386
48630	-4318.298	-4601.425	283.1267	0.6732675	0.4091384	14.15938
48636	-4309.868	-4592.558	282.6901	0.7077287	0.4108395	14.36609
48642	-4316.205	-4598.706	282.501	0.7717188	0.4752808	14.37084
48648	-4319.693	-4605.111	285.4172	0.8025775	0.4752808	12.84106
48654	-4322.838	-4610.846	288.0072	0.8687416	0.3894869	11.538
48660	-4307.601	-4597.453	289.852	0.9602531	0.3610082	10.55391
48666	-4313.375	-4601.294	287.9192	0.734482	0.3938417	11.64972
48672	-4320.433	-4607.951	287.5177	0.801826	0.3547018	11.86543
48678	-4313.599	-4599.601	286.0017	0.8673976	0.4463521	12.5294
48684	-4304.562	-4590.775	286.2125	0.8673976	0.3387137	12.5294
48690	-4308.616	-4596.501	287.8849	0.9572403	0.3304339	11.61957
48696	-4332.883	-4616	283.1169	0.9665828	0.4998801	13.92916
48702	-4332.716	-4615.925	283.2092	1.00754	0.3884421	13.96407
48708	-4318.545	-4602.019	283.4741	0.9111744	0.2783749	14.00142
48714	-4320.263	-4606.116	285.8532	0.8587518	0.4690132	12.59049
48720	-4322.706	-4603.547	280.8414	0.7126161	0.469829	15.26506
48726	-4326.785	-4608.296	281.5102	0.8012829	0.498287	14.84842
48732	-4328.546	-4612.276	283.7307	0.7752011	0.4572156	13.74777
48738	-4333.279	-4620.946	287.6671	0.8715969	0.3745269	11.72974
48744	-4313.856	-4598.212	284.3564	0.8004424	0.4109133	13.45375
48750	-4323.933	-4609.165	285.2315	1.020658	0.4109133	12.88446
48756	-4320.701	-4604.814	284.1124	0.8787345	0.4354986	13.5161
48762	-4333.645	-4617.705	284.0606	0.8978681	0.4296231	13.53863
48768	-4331.516	-4616.199	284.6838	0.9270804	0.5540146	13.0913
48774	-4327.225	-4612	284.7755	0.9618819	0.4434216	13.12095
48780	-4334.893	-4622.588	287.6943	0.7367117	0.3666525	11.79433
48786	-4341.421	-4628.47	287.0483	0.8824351	0.4308137	11.9907
48792	-4336.845	-4625.114	288.2691	0.8825032	0.3731042	11.41093
48798	-4326.654	-4617.437	290.7836	0.9968984	0.4706791	9.936405
48804	-4337.897	-4625.571	287.6745	0.9160656	0.467573	11.61196
48810	-4324.348	-4610.348	286.0002	0.8604652	0.4104911	12.56819
48816	-4322.336	-4607.644	285.3078	0.9391185	0.3534311	12.94665
48822	-4328.383	-4617.873	289.4906	0.986749	0.3361631	10.7572
48828	-4326.149	-4609.896	283.7469	0.741583	0.4282122	13.78387
48834	-4323.71	-4613.164	289.4542	0.9142647	0.4474938	10.6998
48840	-4327.639	-4612.776	285.1368	0.7209407	0.3350784	13.16932
48846	-4331.249	-4619.324	288.0758	0.9326227	0.4010466	11.45699
48852	-4318.924	-4607.128	288.2041	0.8078944	0.3992254	11.45699
48858	-4323.49	-4607.397	283.9074	0.8470774	0.4104074	13.6631
48864	-4305.512	-4592.708	287.1961	0.7539056	0.3649156	12.04719
48870	-4309.953	-4595.2	285.2478	0.8374893	0.3930325	12.98911
48876	-4325.466	-4610.679	285.2129	0.9014774	0.3782963	12.98911
48882	-4320.341	-4608.081	287.7398	0.9054785	0.3647976	11.68439
48888	-4320.494	-4608.118	287.6242	0.9796257	0.3854238	11.68439
48894	-4311.058	-4597.274	286.2162	0.7848363	0.3854238	12.52034
48900	-4316.363	-4607.626	291.2637	0.9312012	0.3854238	9.800966
48906	-4335.732	-4622.003	286.2705	0.7846595	0.3433539	12.53711
48912	-4320.986	-4610.238	289.2519	0.884629	0.5355328	10.74405
48918	-4324.857	-4611.424	286.5671	0.7911065	0.4597631	12.26221
48924	-4332.533	-4617.356	284.8229	0.7719983	0.4597631	13.17997
48930	-4325.659	-4612.137	286.4783	0.7611934	0.3509859	12.43267
48936	-4322.277	-4609.731	287.4538	0.9521341	0.4357047	11.73796
48942	-4318.662	-4606.134	287.4721	0.7547219	0.3584742	11.90971
48948	-4318.6	-4603.076	284.476	0.8184058	0.3842437	13.40908
48954	-4316.358	-4602.319	285.961	0.8132549	0.3352351	12.69246
48960	-4312.701	-4599.808	287.1075	0.7464322	0.4316058	12.03001
48966	-4311.948	-4599.382	287.4341	0.8812784	0.3560233	11.86615
48972	-4332.161	-4621.708	289.5468	0.9722796	0.332665	10.7393
48978	-4315.074	-4605.429	290.3541	1.023511	0.3733929	10.24368
48984	-4322.951	-4610.538	287.5873	0.9605863	0.4002237	11.69853
48990	-4318.346	-4606.989	288.6424	0.8267645	0.330837	11.29131
48996	-4323.343	-4612.036	288.6927	0.8552428	0.344571	11.23455
49002	-4323.78	-4610.826	287.0465	0.7941468	0.308474	12.16797
49008	-4315.479	-4603.917	288.4384	0.722559	0.3748113	11.40428
49014	-4331.127	-4617.261	286.1344	0.8003264	0.3748099	12.56588
49020	-4332.305	-4619.543	287.2384	0.942587	0.3220244	11.97445
49026	-4331.032	-4620.4	289.3682	0.8995823	0.358856	10.84184
49032	-4314.79	-4603.37	288.58	0.8818507	0.3413903	11.28319
49038	-4330.995	-4616.92	285.9244	0.8368509	0.5243048	12.51697
49044	-4329.109	-4617.863	288.7541	0.8611087	0.3414416	11.20286
49050	-4315.566	-4602.864	287.2973	0.8328168	0.4556364	11.86333
49056	-4303.879	-4590.273	286.3932	0.9063978	0.3318985	12.42266
49062	-4320.738	-4609.054	288.3158	0.7784265	0.3556265	11.4597
49068	-4334.826	-4620.864	286.0374	0.8006517	0.4198002	12.57085
49074	-4332.711	-4617.9	285.1891	0.8006517	0.3616318	13.0715
49080	-4330.991	-4620.326	289.3348	0.8791811	0.327407	10.90524
49086	-4321.849	-4610.503	288.6537	0.9389445	0.4007876	11.15162
49092	-4317.189	-4605.527	288.338	0.8128229	0.3922242	11.39151
49098	-4319.289	-4607.817	288.5277	0.8595578	0.4947309	11.17122
49104	-4313.897	-4603.939	290.0422	0.986932	0.4947309	10.31018
49110	-4317.099	-4601.846	284.7467	0.874	0.4631018	13.16348
49116	-4310.68	-4597.832	287.1522	0.8200025	0.4022981	11.99696
49122	-4313.262	-4600.907	287.6452	0.8169907	0.3434299	11.80336
49128	-4318.129	-4605.623	287.4939	0.8725021	0.3058109	11.89684
49134	-4323.176	-4609.592	286.4157	0.7489254	0.4056649	12.41464
49140	-4316.82	-4603.194	286.3738	0.7907807	0.4056649	12.41464
49146	-4321.863	-4606.568	284.7044	0.6696061	0.3823282	13.36969
49152	-4340.484	-4627.451	286.9666	0.806681	0.3191869	12.19042
49158	-4336.943	-4624.013	287.0692	0.7851805	0.4537925	12.00894
49164	-4324.491	-4608.219	283.7273	0.6636395	0.4200365	13.84234
49170	-4327.109	-4613.384	286.275	0.7512304	0.3119907	12.58814
49176	-4326.183	-4613.002	286.8191	0.719387	0.4408759	12.18574
49182	-4331.118	-4618.167	287.0487	0.7263637	0.4408759	12.06234
49188	-4332.759	-4618.386	285.6273	0.6443432	0.3291477	12.96084
49194	-4322.555	-4605.788	283.2333	0.7498922	0.455489	14.02047
49200	-4335.88	-4620.612	284.732	0.6646808	0.3767718	13.36371
49206	-4340.814	-4627.075	286.261	0.686506	0.4741108	12.46325
49212	-4329.712	-4615.617	285.9052	0.7198874	0.4004889	12.70077
49218	-4338.109	-4624.122	286.0132	0.7010339	0.3559463	12.70077
49224	-4327.021	-4613.592	286.5715	0.7836002	0.3559463	12.36705
49230	-4337.431	-4620.385	282.9544	0.8432451	0.4655729	14.10749
49236	-4326.585	-4612.725	286.1403	0.7035367	0.4166591	12.57085
49242	-4319.441	-4606.656	287.2156	0.7780845	0.3510972	12.03937
49248	-4324.896	-4609.186	284.2899	0.7654138	0.3513992	13.56802
49254	-4329.667	-4614.313	284.6461	0.8742305	0.4499994	13.22764
49260	-4346.341	-4629.101	282.7602	0.7943922	0.387317	14.30842
49266	-4346.79	-4631.758	284.9677	0.778429	0.3876501	13.17089
49272	-4303.173	-4588.847	285.6743	0.7911628	0.3641602	12.82139
49278	-4302.274	-4590.584	288.3096	0.8356888	0.3453767	11.4443
49284	-4310.054	-4596.55	286.4968	0.7621085	0.3453767	12.42873
49290	-4317.441	-4603.697	286.2567	0.7621085	0.3360962	12.56416
49296	-4312.146	-4599.353	287.2075	0.7290599	0.361266	12.05815
49302	-4317.43	-4604.107	286.6765	0.7067947	0.361266	12.34661
49308	-4335.345	-4618.95	283.6058	0.5096917	0.361266	14.04495
49314	-4324.075	-4610.627	286.5515	0.7927729	0.361266	12.36693
49320	-4337.96	-4621.599	283.6392	0.8807897	0.4881569	13.71285
49326	-4339.348	-4624.083	284.7351	0.8252764	0.4352662	13.22063
49332	-4340.497	-4622.142	281.6454	1.017253	0.3687588	14.78948
49338	-4326.442	-4614.888	288.4463	0.8641582	0.3845472	11.31589
49344	-4330.909	-4614.503	283.5936	0.7893583	0.3845472	13.88183
49350	-4359.659	-4644.602	284.9434	0.8819872	0.3522098	13.16712
49356	-4351.4	-4636.997	285.5963	0.9308673	0.3634206	12.79006
49362	-4355.058	-4639.853	284.795	0.8248398	0.356843	13.26891
49368	-4351.239	-4634.411	283.1715	0.775013	0.4101147	14.08248
49374	-4344.271	-4629.815	285.5441	0.7807777	0.3411843	12.9196
49380	-4344.259	-4629.782	285.5222	0.8026454	0.3411843	12.9196
49386	-4340.371	-4625.701	285.3305	0.7417516	0.4447643	12.94557
49392	-4355.26	-4639.818	284.5576	0.8547735	0.4229708	13.30925
49398	-4346.523	-4628.187	281.6642	0.6834156	0.3985248	14.92195
49404	-4332.917	-4617.236	284.3196	0.8061176	0.3789875	13.50213
49410	-4350.856	-4636.851	285.9949	0.7558437	0.3697853	12.66694
49416	-4351.672	-4634.149	282.4776	0.914481	0.3074051	14.48048
49422	-4352.478	-4638.16	285.6819	0.8092758	0.321772	12.85517
49428	-4350.337	-4635.499	285.1625	0.739248	0.3188479	13.16502
49434	-4349.282	-4633.994	284.7117	0.7179435	0.3763663	13.347
49440	-4345.227	-4632.113	286.8861	0.8962108	0.4087622	12.08956
49446	-4338.711	-4625.346	286.6356	0.7446992	0.3403114	12.37115
49452	-4333.689	-4622.107	288.4177	0.8184481	0.3220938	11.42325
49458	-4339.025	-4625.043	286.0183	0.6996196	0.4364677	12.61741
49464	-4353.741	-4641.516	287.7754	0.745491	0.3431486	11.77303
49470	-4339.017	-4625.005	285.9877	0.8444377	0.3636189	12.63114
49476	-4339.084	-4624.588	285.5041	0.7231044	0.3981303	12.91013
49482	-4345.27	-4630.5	285.2301	0.8294227	0.4914705	12.91013
49488	-4356.115	-4639.588	283.4727	0.814748	0.3738222	13.94251
49494	-4359.88	-4645.442	285.5623	1.028755	0.3486737	12.77283
49500	-4347.865	-4633.58	285.7146	0.9496203	0.3151361	12.77283
49506	-4336.485	-4623.204	286.7193	0.9496203	0.4850425	12.07753
49512	-4343.501	-4627.25	283.7492	0.7373975	0.431809	13.78142
49518	-4356.993	-4641.341	284.3476	0.7032836	0.3472742	13.57483
49524	-4352.419	-4636.051	283.6316	0.7816497	0.366287	13.88517
49530	-4332.629	-4616.942	284.3129	0.7461716	0.4331274	13.48305
49536	-4346.996	-4634.038	287.0422	0.8173946	0.3124688	12.15335
49542	-4339.087	-4622.991	283.9039	0.7918049	0.4494281	13.65641
49548	-4335.855	-4621.472	285.6174	0.8029439	0.3582545	12.8512
49554	-4330.184	-4617.573	287.3894	0.6797228	0.4185814	11.9303
49560	-4317.536	-4603.47	285.9347	0.7555357	0.4185814	12.649
49566	-4325.518	-4610.535	285.0167	0.670323	0.4185814	13.17079
49572	-4347.393	-4633.958	286.5653	0.7885795	0.407084	12.31459
49578	-4343.519	-4630.296	286.7771	0.6348445	0.3773572	12.31459
49584	-4336.17	-4624.741	288.5709	0.7333785	0.4273664	11.27635
49590	-4327.101	-4613.364	286.2632	0.6967456	0.3965322	12.53037
49596	-4324.633	-4610.942	286.309	0.7249646	0.359572	12.53037
49602	-4331.212	-4617.4	286.1874	0.8859391	0.3937176	12.47418
49608	-4325.602	-4611.761	286.1592	0.8428135	0.3828814	12.52243
49614	-4315.053	-4601.01	285.9579	0.7840036	0.4107698	12.62975
49620	-4323.189	-4609.398	286.2083	0.7138883	0.3227276	12.62975
49626	-4331.656	-4617.739	286.0838	0.7642345	0.3572407	12.62975
49632	-4339.539	-4624.645	285.1064	0.7829554	0.4334833	13.05132
49638	-4323.262	-4607.366	284.1038	0.6715443	0.4933209	13.57581
49644	-4305.136	-4591.946	286.8103	0.8146797	0.3834814	12.19722
49650	-4314.385	-4598.441	284.0564	0.7287956	0.4240225	13.63395
49656	-4317.31	-4600.04	282.73	0.7066537	0.4747122	14.28644
49662	-4311.284	-4596.773	285.4892	0.8680514	0.4500447	12.79245
49668	-4319.649	-4607.694	288.0449	0.8060004	0.504876	11.44306
49674	-4325.622	-4613.423	287.8008	0.8656455	0.4018192	11.63497
49680	-4317.355	-4606.328	288.973	0.9039899	0.4018192	11.00171
49686	-4314.883	-4602.871	287.9886	0.9106293	0.4730185	11.44576
49692	-4304.044	-4591.096	287.0514	0.7648873	0.4197225	12.06106
49698	-4316.047	-4603.207	287.1603	0.7810473	0.3562701	12.06106
49704	-4327.142	-4615.808	288.6661	0.7667434	0.4554458	11.18261
49710	-4322.015	-4610.778	288.7631	0.7774517	0.3971491	11.18261
49716	-4325.053	-4611.681	286.6279	0.7998425	0.4850184	12.20329
49722	-4321.824	-4608.265	286.4409	0.7040689	0.401593	12.42891
49728	-4326.442	-4613.045	286.6027	0.806999	0.3740035	12.31929
49734	-4306.329	-4592.957	286.6276	0.7881012	0.3710308	12.31929
49740	-4310.18	-4597.949	287.7688	0.8442154	0.4972645	11.57394
49746	-4307.452	-4590.735	283.2836	0.7243246	0.4235962	14.03752
49752	-4319.293	-4605.078	285.785	0.7659486	0.4597396	12.68274
49758	-4322.616	-4608.784	286.168	0.8119743	0.4597396	12.45933
49764	-4311.304	-4598.484	287.1804	0.7814835	0.3584363	12.04796
49770	-4318.12	-4604.815	286.6945	0.8163799	0.2905527	12.36161
49776	-4321.014	-4609.605	288.5908	0.9067423	0.3808336	11.22188
49782	-4318.254	-4606.747	288.4923	0.9107555	0.4302543	11.22188
49788	-4315.426	-4602.547	287.1206	0.8503678	0.3650756	12.03609
49794	-4316.683	-4603.347	286.6643	0.9276774	0.4203801	12.17744
49800	-4333.792	-4618.606	284.8138	0.7626481	0.4203801	13.2265
49806	-4318.611	-4601.571	282.96	0.7770485	0.4113888	14.18982
49812	-4311.287	-4595.85	284.5632	0.7418667	0.347708	13.44238
49818	-4313.252	-4600.534	287.2821	0.7678944	0.3478262	12.01361
49824	-4323.862	-4609.202	285.3403	0.7929552	0.4926117	12.8708
49830	-4338.302	-4628.329	290.0266	1.108017	0.4428745	10.3019
49836	-4336.248	-4621.702	285.4538	0.7889392	0.3941046	12.90614
49842	-4329.071	-4615.546	286.4756	0.8425973	0.4493321	12.29269
49848	-4330.781	-4618.448	287.667	0.9478055	0.4179836	11.64595
49854	-4330.13	-4616.066	285.9361	0.9578983	0.4469933	12.51585
49860	-4332.801	-4619.051	286.2497	0.7445148	0.3932758	12.51585
49866	-4331.996	-4617.098	285.1014	0.7575899	0.3632482	13.13775
49872	-4327.163	-4613.25	286.0869	0.7816044	0.527838	12.45817
49878	-4325.802	-4612.029	286.2271	0.8487925	0.4083601	12.45817
49884	-4322.488	-4608.133	285.6455	0.8487925	0.3474922	12.82448
49890	-4330.358	-4617.888	287.53	0.9828898	0.4708082	11.64964
49896	-4323.94	-4611.622	287.6812	0.8900184	0.4377994	11.64964
49902	-4336.907	-4621.018	284.1113	0.9131514	0.3624796	13.57209
49908	-4323.918	-4610.99	287.0721	0.8402258	0.4265493	12.00439
49914	-4330.296	-4616.15	285.854	0.7913117	0.4628733	12.63076
49920	-4326.308	-4614.255	287.9467	1.053218	0.386751	11.47603
49926	-4311.988	-4598.811	286.823	0.8025158	0.4848907	12.10028
49932	-4314.904	-4602.608	287.7038	0.9428625	0.3475776	11.7024
49938	-4319.221	-4606.825	287.6045	0.8727227	0.4339447	11.7024
49944	-4313.17	-4599.901	286.7306	0.8464276	0.4387729	12.16759
49950	-4319.661	-4606.156	286.4947	0.8801733	0.5606703	12.16759
49956	-4325.767	-4609.425	283.658	0.768481	0.4512062	13.79447
49962	-4320.914	-4607.968	287.0537	0.9707261	0.4825843	11.89418
49968	-4315.853	-4602.706	286.8527	0.8083902	0.4720763	12.09311
49974	-4318.738	-4605.768	287.0298	0.7890406	0.3863794	12.09311
49980	-4316.337	-4606.281	289.9445	0.9481832	0.4216225	10.44943
49986	-4320.925	-4608.505	287.5804	0.8548579	0.4395571	11.719
49992	-4328.279	-4612.938	284.6591	0.8833981	0.4739814	13.19438
49998	-4316.857	-4598.072	281.2154	0.8189575	0.4687282	15.01768
50004	-4316.827	-4603.549	286.7221	0.8576702	0.4373936	12.1675
50010	-4308.171	-4593.555	285.3835	0.8403661	0.3954861	12.91457
50016	-4305.372	-4590.534	285.1618	0.7670939	0.3954861	13.06791
50022	-4307.618	-4593.259	285.641	0.8753285	0.3786616	12.77963
50028	-4307.486	-4591.883	284.3969	0.8377279	0.366087	13.45913
50034	-4321.923	-4605.89	283.9677	0.9203017	0.5637372	13.45913
50040	-4315.457	-4601.603	286.1464	0.9220798	0.3722316	12.49893
50046	-4323.528	-4608.643	285.1147	0.8485456	0.3523644	13.09529
50052	-4325.33	-4613.337	288.007	0.9904797	0.3876517	11.47638
50058	-4311	-4595.316	284.3169	0.7305072	0.3809808	13.54073
50064	-4304.645	-4593.263	288.6183	0.8554366	0.4237149	11.19123
50070	-4316.356	-4600.969	284.6129	0.8554366	0.2793703	13.4381
50076	-4310.366	-4598.868	288.5025	0.8554366	0.3733157	11.30279
50082	-4312.72	-4597.151	284.4311	0.9007418	0.3997783	13.3739
50088	-4320.593	-4609.1	288.5069	0.9007418	0.3674666	11.28302
50094	-4311.381	-4597.116	285.7357	0.9271842	0.3754	12.70679
50100	-4330.065	-4615.334	285.269	0.8971476	0.4566266	12.88578
50106	-4329.542	-4615.526	285.9847	0.8262035	0.4566266	12.55023
50112	-4339.459	-4627.751	288.2917	0.8507282	0.3946409	11.39345
50118	-4334.286	-4623.842	289.5563	0.997278	0.3186759	10.73739
50124	-4310.14	-4594.922	284.7824	0.8132136	0.3335565	13.30724
50130	-4320.281	-4606.79	286.509	0.8497179	0.3015607	12.42742
50136	-4316.163	-4604.008	287.8448	0.8324575	0.4271328	11.60443
50142	-4316.755	-4603.448	286.693	0.8324906	0.4271328	12.20555
50148	-4323.353	-4610.632	287.2792	0.9188671	0.4411947	11.84131
50154	-4325.349	-4615.073	289.7246	0.9871528	0.403112	10.56276
50160	-4325.71	-4615.278	289.5682	1.003932	0.4543654	10.58655
50166	-4311.205	-4601.031	289.8251	0.8906543	0.4019235	10.56181
50172	-4311.019	-4593.266	282.2478	0.8906543	0.41355	14.49781
50178	-4320.862	-4601.365	280.5028	0.793433	0.4670277	15.4008
50184	-4328.396	-4615.9	287.5043	0.8421715	0.3440545	11.86305
50190	-4322.339	-4608.413	286.0743	0.7137946	0.3440545	12.67536
50196	-4327.114	-4612.836	285.7224	0.9476688	0.3762949	12.70212
50202	-4318.292	-4606.084	287.7921	0.8359906	0.4677953	11.59217
50208	-4319.092	-4604.828	285.7357	0.9284522	0.3018553	12.78871
50214	-4311.99	-4602.014	290.0234	0.9541907	0.4303095	10.39639
50220	-4312.75	-4601.926	289.176	0.8501785	0.4201033	10.90542
50226	-4318.466	-4606.401	287.9352	0.9283284	0.4090923	11.52475
50232	-4312.896	-4601.701	288.8046	0.8939447	0.4468337	11.05151
50238	-4308.833	-4599.632	290.7992	1.073046	0.4779958	9.881517
50244	-4314.426	-4602.143	287.7168	1.049566	0.6179717	11.39695
50250	-4313.409	-4601.893	288.4835	0.8150353	0.4188671	11.28763
50256	-4320.341	-4609.024	288.6826	0.9512448	0.4698482	11.06423
50262	-4322.671	-4611.018	288.3467	0.8195521	0.4890076	11.2919
50268	-4331.819	-4615.119	283.2996	0.9362801	0.3319727	14.01473
50274	-4315.508	-4599.339	283.8311	0.9373209	0.5740619	13.51317
50280	-4308.486	-4594.533	286.0471	0.7553462	0.3649497	12.64518
50286	-4316.759	-4603.568	286.8084	0.7772542	0.4841636	12.12174
50292	-4332.868	-4618.277	285.4093	0.9755225	0.6012777	12.65194
50298	-4321.962	-4608.221	286.2595	0.8480999	0.4340912	12.41674
50304	-4329.398	-4614.819	285.4215	0.7873426	0.3450359	12.97565
50310	-4318.987	-4605.611	286.6239	0.7716307	0.3979733	12.30201
50316	-4328.926	-4620.592	291.6656	0.9120056	0.3449033	9.643017
50322	-4324.642	-4616.018	291.3757	1.049991	0.4213521	9.643017
50328	-4318.666	-4607.923	289.2568	0.7999698	0.4739646	10.8389
50334	-4318.764	-4607.888	289.1237	0.7999698	0.3925419	10.98667
50340	-4313.937	-4604.704	290.7675	0.8195403	0.4300871	10.07621
50346	-4316.776	-4604.501	287.7243	0.7663985	0.423816	11.70511
50352	-4322.632	-4612.323	289.6905	1.077089	0.4790588	10.46143
50358	-4323.244	-4611.935	288.6904	0.9073865	0.3572275	11.19457
50364	-4324.994	-4614.229	289.2344	0.823153	0.3909084	10.91819
50370	-4318.812	-4607.794	288.982	0.9633369	0.3909084	10.97701
50376	-4319.562	-4605.513	285.9514	0.7686525	0.3823025	12.66986
50382	-4315.065	-4601.003	285.9382	0.8502414	0.3488629	12.66986
50388	-4327.683	-4610.997	283.3143	0.9873611	0.4602754	13.85096
50394	-4335.407	-4623.017	287.6108	0.9551515	0.374733	11.71527
50400	-4318.94	-4605.977	287.0378	0.7540643	0.4091839	12.08419
50406	-4310.285	-4596.067	285.7826	0.8320624	0.4277439	12.67949
50412	-4318.187	-4602.933	284.7459	0.9506647	0.4277439	13.15702
50418	-4310.101	-4597.35	287.2493	0.8738576	0.385717	11.93505
50424	-4306.777	-4595.633	288.8564	0.8838084	0.3479397	11.13022
50430	-4313.145	-4601.924	288.7784	0.7688019	0.4474048	11.13022
50436	-4324.885	-4612.694	287.8081	0.9436929	0.3202424	11.67854
50442	-4320.909	-4605.091	284.1818	0.7643686	0.4734025	13.50463
50448	-4325.363	-4611.292	285.9291	0.6890158	0.4182632	12.68683
50454	-4309.628	-4595.272	285.6442	0.7763603	0.4186816	12.78922
50460	-4294.949	-4582.849	287.9005	0.9179217	0.4186816	11.53885
50466	-4302.606	-4590.432	287.8261	0.9019324	0.4288794	11.57621
50472	-4318.099	-4601.306	283.2076	0.7953129	0.4187447	14.04484
50478	-4323.572	-4607.714	284.1421	0.7925258	0.3379536	13.64554
50484	-4299.661	-4583.842	284.181	0.8449635	0.4368061	13.49676
50490	-4294.334	-4584.448	290.114	1.024505	0.326159	10.42168
50496	-4301.298	-4588.101	286.8035	0.8894607	0.5214967	12.03368
50502	-4306.364	-4595.237	288.8739	0.815737	0.4423575	11.06039
50508	-4303.697	-4592.773	289.0756	0.8118653	0.3413784	11.06039
50514	-4321.334	-4608.094	286.7596	0.8714475	0.4047335	12.17247
50520	-4322.932	-4609.735	286.8032	0.8245204	0.3476093	12.23409
50526	-4318.999	-4604.922	285.923	0.6500618	0.375688	12.7532
50532	-4322.467	-4605.712	283.2446	0.8259799	0.4351411	13.99404
50538	-4308.328	-4591.956	283.6282	0.7874949	0.4009414	13.84827
50544	-4318.761	-4606.719	287.9588	0.9158035	0.4013936	11.52664
50550	-4310.485	-4599.893	289.4084	0.9158035	0.4411418	10.72896
50556	-4313.41	-4600.578	287.1682	0.958592	0.3264092	11.99767
50562	-4320.092	-4609.292	289.2006	0.7858993	0.3302298	11.02116
50568	-4310.381	-4596.137	285.7567	0.8855116	0.3730239	12.72002
50574	-4303.529	-4589.755	286.2264	0.7718214	0.3585773	12.55009
50580	-4306.439	-4594.253	287.8133	0.9133291	0.6073416	11.42566
50586	-4308.291	-4591.881	283.5894	0.8772619	0.4917166	13.73745
50592	-4317.262	-4602.847	285.5853	0.795648	0.3893448	12.83909
50598	-4310.136	-4597.501	287.3649	0.8107536	0.3706965	11.92331
50604	-4317.623	-4604.763	287.1402	0.8437636	0.4670566	11.92921
50610	-4314.173	-4603.158	288.9852	0.948052	0.3661134	11.00932
50616	-4319.432	-4606.107	286.6743	0.8614739	0.4853397	12.1467
50622	-4316.161	-4602.899	286.7379	0.8610033	0.4489028	12.1467
50628	-4318.458	-4606.203	287.7457	0.7953817	0.4489028	11.65498
50634	-4320.072	-4607.412	287.3393	0.8122223	0.478401	11.83156
50640	-4309.848	-4597.329	287.4808	0.8211453	0.395622	11.83156
50646	-4307.16	-4594.505	287.3455	0.7533041	0.4676792	11.8687
50652	-4315.067	-4599.448	284.3814	0.7331991	0.4899951	13.40259
50658	-4306.922	-4591.341	284.4187	0.7040285	0.3688242	13.51431
50664	-4318.407	-4606.149	287.7413	0.7954643	0.414822	11.68983
50670	-4303.94	-4592.104	288.1643	0.886758	0.4117191	11.42409
50676	-4303.969	-4591.461	287.4921	0.820766	0.4551722	11.76837
50682	-4304.29	-4589.733	285.4432	0.6889146	0.44918	12.91036
50688	-4311.27	-4599	287.7303	0.8466975	0.4874491	11.60135
50694	-4313.627	-4602.638	289.0111	0.9331344	0.3443209	11.02737
50700	-4302.923	-4589.529	286.6062	0.8787515	0.3775849	12.27633
50706	-4299.063	-4588.033	288.9695	0.8498894	0.4362213	10.99823
50712	-4305.016	-4592.042	287.0266	0.7877272	0.3758734	12.1064
50718	-4308.268	-4595.419	287.1513	0.839936	0.4785095	11.91513
50724	-4310.856	-4598.8	287.9441	0.8273321	0.4785095	11.50766
50730	-4321.041	-4605.905	284.8641	0.7392338	0.3834198	13.24948
50736	-4309.992	-4596.455	286.4628	0.6798641	0.3834198	12.44859
50742	-4323.601	-4609.82	286.2192	0.7928215	0.4532496	12.44859
50748	-4321.511	-4605.491	283.981	0.8691728	0.4037303	13.62006
50754	-4312.116	-4596.303	284.1869	0.6570111	0.398311	13.62871
50760	-4319.125	-4606.41	287.2844	0.6714968	0.3057668	12.11107
50766	-4313.236	-4599.735	286.4991	0.8247445	0.4576323	12.28204
50772	-4319.468	-4605.644	286.176	0.6841442	0.4576323	12.52366
50778	-4318.201	-4604.483	286.2822	0.7031227	0.3901578	12.52366
50784	-4310.288	-4596.054	285.7658	0.8889965	0.3957424	12.69007
50790	-4308.113	-4591.645	283.5327	0.7975496	0.4667222	13.83028
50796	-4315.321	-4598.863	283.5414	0.7246636	0.3679987	13.95969
50802	-4327.111	-4613.211	286.0994	0.7231786	0.4378764	12.5616
50808	-4319.735	-4607.074	287.3392	0.8086136	0.361285	11.94788
50814	-4311.972	-4599.317	287.3454	0.7319399	0.3965678	11.94788
50820	-4308.142	-4589.026	280.8844	0.7030854	0.3516158	15.36387
50826	-4295.78	-4579.311	283.5311	0.7427882	0.3468283	13.97845
50832	-4296.708	-4580.494	283.7865	0.7506019	0.370434	13.81657
50838	-4314.94	-4599.992	285.0527	0.7823852	0.4919135	13.0265
50844	-4311.679	-4597.624	285.9448	0.8359697	0.3015732	12.72837
50850	-4309.727	-4595.848	286.1211	0.8961528	0.3984241	12.49866
50856	-4312.295	-4599.046	286.7505	0.7292969	0.3984241	12.25763
50862	-4326.574	-4611.758	285.1839	0.6967177	0.3984241	13.09009
50868	-4335.466	-4622.087	286.6203	0.9159862	0.4017075	12.22489
50874	-4330.606	-4614.306	283.6999	0.8466413	0.405105	13.77626
50880	-4323.739	-4606.507	282.7677	0.7530937	0.3944835	14.31866
50886	-4330.021	-4614.576	284.5552	0.6898676	0.3944835	13.42427
50892	-4319.812	-4604.063	284.2511	0.785093	0.3944835	13.53275
50898	-4325.012	-4611.368	286.3558	0.8165426	0.3472104	12.4718
50904	-4341.058	-4624.432	283.3741	0.8547477	0.3856554	13.96062
50910	-4321.524	-4610.641	289.1178	0.7449872	0.4169731	10.99409
50916	-4316.367	-4602.32	285.953	0.6907217	0.4308515	12.66135
50922	-4321.947	-4607.693	285.7454	0.7225534	0.3776151	12.80589
50928	-4319.054	-4604.759	285.7053	0.7225534	0.39801	12.80589
50934	-4319.783	-4605.45	285.6678	0.7600126	0.39801	12.80589
50940	-4322.473	-4608.299	285.8268	0.7012321	0.3915694	12.7603
50946	-4319.244	-4604.549	285.3048	0.8284272	0.403632	12.95349
50952	-4324.987	-4611.394	286.4072	0.9550775	0.4799994	12.24188
50958	-4327.477	-4613.747	286.2696	0.7628727	0.3682522	12.52191
50964	-4323.358	-4608.359	285.0012	0.7889867	0.5371314	13.01169
50970	-4319.893	-4607.203	287.3099	0.6511821	0.3572626	12.04966
50976	-4324.387	-4611.198	286.8113	0.8680586	0.5109609	12.04966
50982	-4312.052	-4598.808	286.7562	0.7460925	0.36306	12.28262
50988	-4313.055	-4597.081	284.0264	0.7196341	0.36306	13.71596
50994	-4331.883	-4613.727	281.8438	0.8102357	0.4422482	14.72125
51000	-4318.788	-4602.562	283.7741	0.7080789	0.3565031	13.8599
51006	-4333.479	-4617.807	284.3288	0.6889279	0.3749034	13.56246
51012	-4326.864	-4615.27	288.4065	0.7890909	0.3593075	11.40271
51018	-4324.194	-4608.572	284.378	0.7673697	0.3427408	13.5308
51024	-4325.666	-4612.571	286.9047	0.9032396	0.2992115	12.19616
51030	-4335.977	-4621.537	285.5603	0.8977877	0.5081352	12.68843
51036	-4317.53	-4603.658	286.1278	0.753038	0.3372185	12.63473
51042	-4337.582	-4624.614	287.0314	0.6102455	0.4071288	12.16457
51048	-4325.574	-4612.75	287.1768	0.7685442	0.460414	11.95542
51054	-4330.714	-4614.598	283.8835	0.7262137	0.3774526	13.77156
51060	-4337.11	-4623.925	286.8147	0.8565608	0.4846315	12.07664
51066	-4321.927	-4605.809	283.8818	0.7432951	0.3941474	13.74645
51072	-4310.404	-4592.375	281.9713	0.8232834	0.32903	14.76466
51078	-4309.462	-4597.55	288.0882	0.8735619	0.4088426	11.47361
51084	-4316.727	-4604.04	287.3131	0.7341428	0.5377766	11.83528
51090	-4309.111	-4595.596	286.4843	0.9279311	0.4811646	12.21477
51096	-4315.017	-4600.786	285.7686	0.7174591	0.3273426	12.85138
51102	-4310.097	-4598.077	287.9802	0.8283287	0.3273426	11.64069
51108	-4322.241	-4606.274	284.0327	0.7648149	0.3383764	13.71621
51114	-4332.074	-4616.569	284.4951	0.6781554	0.3097489	13.55413
51120	-4321.991	-4606.261	284.2702	0.7049732	0.4047504	13.55413
51126	-4327.814	-4612.775	284.961	0.7365118	0.381446	13.20256
51132	-4347.952	-4630.367	282.4153	0.851111	0.4031083	14.44183
51138	-4363.534	-4648.281	284.7464	0.690928	0.4585564	13.26294
51144	-4332.091	-4614.784	282.6929	0.6993648	0.4500667	14.3317
51150	-4342.145	-4625.077	282.932	0.7839945	0.424503	14.18802
51156	-4338.105	-4620.913	282.8079	0.7349637	0.5252753	14.18802
51162	-4328.785	-4614.873	286.0877	0.7597718	0.4670931	12.52167
51168	-4319.817	-4605.391	285.5738	0.8102272	0.3810962	12.84593
51174	-4324.563	-4610.025	285.4625	0.8251446	0.2766007	13.01587
51180	-4328.334	-4613.744	285.41	0.7562959	0.4792406	12.86533
51186	-4323.195	-4608.238	285.0428	0.7374514	0.4482643	13.09419
51192	-4321.495	-4608.164	286.6691	0.8481136	0.3388504	12.30141
51198	-4320.395	-4602.942	282.5466	0.8883548	0.2980173	14.46953
51204	-4318.6	-4603.669	285.0697	0.7756133	0.2980173	13.21917
51210	-4339.456	-4621.085	281.6287	0.7160144	0.401854	14.92015
51216	-4337.776	-4621.036	283.2601	0.6447919	0.401854	14.11225
51222	-4322.41	-4608.415	286.0045	0.8634937	0.401854	12.57293
51228	-4319.293	-4607.057	287.7642	0.8496527	0.3784886	11.68634
51234	-4325.322	-4612.876	287.554	0.9431298	0.3784886	11.74731
51240	-4332.93	-4620.381	287.4515	1.011982	0.3955458	11.74731
51246	-4329.72	-4612.182	282.4624	0.7018647	0.3948437	14.50296
51252	-4325.991	-4614.025	288.0339	1.004902	0.4333534	11.4095
51258	-4320.622	-4605.694	285.0714	0.795399	0.4850995	13.01596
51264	-4301.633	-4588.135	286.502	0.7122561	0.4850995	12.31455
51270	-4312.663	-4600.222	287.5594	0.9081576	0.5128909	11.63654
51276	-4320.418	-4609.658	289.2402	0.9837677	0.4304001	10.79177
51282	-4319.637	-4607.898	288.2612	0.7783459	0.4638286	11.38068
51288	-4313.997	-4601.227	287.2308	0.9102187	0.3585772	11.95439
51294	-4313.208	-4601.785	288.5779	0.7852126	0.337012	11.33976
51300	-4321.544	-4609.307	287.7624	1.049927	0.5199099	11.45044
51306	-4302.685	-4592.822	290.137	0.8973058	0.3737243	10.42371
51312	-4320.407	-4609.409	289.0012	1.020425	0.3339802	10.99851
51318	-4328.726	-4617.727	289.0011	0.8114344	0.4396821	10.99851
51324	-4320.394	-4604.781	284.3872	0.8114344	0.3539132	13.49089
51330	-4320.492	-4604.954	284.4628	0.8018098	0.386699	13.42206
51336	-4317.612	-4602.117	284.5044	0.770624	0.3920105	13.4112
51342	-4329.984	-4618.737	288.7527	0.6462876	0.4082946	11.2455
51348	-4328.141	-4613.837	285.6954	0.7036236	0.4204562	12.7987
51354	-4336.364	-4627.985	291.6214	0.9420147	0.401424	9.590241
51360	-4327.858	-4613.847	285.988	0.7932171	0.317904	12.7087
51366	-4335.396	-4617.175	281.7793	0.5712366	0.3124399	15.01354
51372	-4317.697	-4605.129	287.4322	0.853861	0.3994016	11.83607
51378	-4329.399	-4617.155	287.7563	0.9047277	0.4374431	11.60309
51384	-4318.559	-4603.921	285.362	0.8847847	0.4105687	12.88756
51390	-4317.336	-4604.003	286.667	0.8818909	0.3375892	12.28634
51396	-4317.647	-4603.444	285.7977	0.8698387	0.4333607	12.64659
51402	-4328.629	-4615.543	286.9143	0.8876577	0.3209495	12.17345
51408	-4323.714	-4608.743	285.0292	0.8876577	0.3436526	13.129
51414	-4313.39	-4601.075	287.685	0.9038665	0.4123775	11.66499
51420	-4306.141	-4591.62	285.4786	0.8969036	0.3305815	12.90523
51426	-4310.994	-4594.874	283.8799	0.7217345	0.4652079	13.69083
51432	-4302.813	-4589.208	286.3951	0.8453017	0.3405123	12.44382
51438	-4293.943	-4580.569	286.6267	0.7427404	0.4825858	12.23583
51444	-4301.678	-4589.661	287.9823	0.8057142	0.4656531	11.51055
51450	-4301.307	-4587.654	286.3471	0.8320919	0.3356964	12.48108
51456	-4313.621	-4599.885	286.264	0.729369	0.3294238	12.58497
51462	-4304.893	-4590.932	286.0391	0.8497531	0.3794028	12.58497
51468	-4306.334	-4592.631	286.297	0.9162881	0.3794028	12.41601
51474	-4313.083	-4599.378	286.2957	0.7241082	0.4213786	12.47463
51480	-4325.665	-4613.899	288.2337	0.6990982	0.4327909	11.46543
51486	-4325.515	-4614.044	288.5293	0.6354558	0.3179394	11.46543
51492	-4318.323	-4604.846	286.5224	0.669732	0.4562499	12.35198
51498	-4314.571	-4599.785	285.2134	0.9335555	0.534484	12.82832
51504	-4320.181	-4604.479	284.2979	0.6925464	0.4112223	13.5398
51510	-4318.622	-4605.51	286.8882	0.8519092	0.3825412	12.13815
51516	-4318.674	-4603.584	284.9097	0.6315779	0.3610934	13.30514
51522	-4325.473	-4613.743	288.2698	0.8566176	0.3666128	11.43103
51528	-4309.439	-4594.995	285.5565	0.816898	0.4048333	12.8274
51534	-4319.495	-4603.918	284.4228	0.7521854	0.4123533	13.44287
51540	-4317.802	-4603.118	285.3157	0.7763392	0.3695927	13.00985
51546	-4322.19	-4609.164	286.9742	0.8310839	0.397756	12.08861
51552	-4333.802	-4620.747	286.9456	0.8039907	0.4272441	12.08861
51558	-4342.421	-4624.213	281.7915	0.7655993	0.5328939	14.69233
51564	-4339.42	-4622.379	282.9585	0.7379029	0.3767857	14.24577
51570	-4341.561	-4630.634	289.0728	0.9123581	0.3537961	10.99549
51576	-4347.67	-4631.988	284.318	0.9168807	0.5006659	13.33084
51582	-4332.796	-4615.233	282.4367	0.8161946	0.5055782	14.35483
51588	-4330.47	-4612.805	282.3353	0.7451263	0.4515065	14.49193
51594	-4333.914	-4619.456	285.5419	0.8396404	0.4351539	12.79373
51600	-4327.543	-4613.553	286.0098	0.7796718	0.3470126	12.67141
51606	-4334.731	-4619.703	284.9723	0.7506934	0.4376385	13.13386
51612	-4346.72	-4628.672	281.9525	0.791666	0.3998096	14.7155
51618	-4338.519	-4623.363	284.8437	0.7924467	0.4236844	13.19231
51624	-4344.237	-4630.708	286.4713	0.8127969	0.4137524	12.34439
51630	-4330.196	-4618.533	288.3368	0.8034147	0.3501108	11.44169
51636	-4341.06	-4622.464	281.4043	0.6837328	0.2635533	15.20983
51642	-4330.402	-4618.873	288.4704	1.008394	0.4057716	11.20625
51648	-4332.897	-4621.685	288.788	0.8350917	0.3348012	11.20625
51654	-4330.138	-4618.022	287.8838	0.8489074	0.2674228	11.75375
51660	-4336.014	-4622.83	286.8163	0.7486752	0.4434884	12.16944
51666	-4321.708	-4608.476	286.7682	0.8135594	0.3629433	12.24137
51672	-4326.771	-4612.731	285.96	0.7113071	0.3914821	12.68579
51678	-4318.229	-4603.878	285.6486	0.7594121	0.4072548	12.807
51684	-4330.72	-4617.534	286.8135	0.8418796	0.4256018	12.13934
51690	-4322.604	-4612.638	290.0347	0.94947	0.3708522	10.45313
51696	-4320.014	-4607.571	287.5575	0.94947	0.4798936	11.64459
51702	-4318.423	-4605.976	287.5532	0.8884502	0.3255285	11.83438
51708	-4326.635	-4613.609	286.9742	0.7833084	0.4527507	12.06042
51714	-4339.278	-4626.364	287.0856	0.7541346	0.4079584	12.06042
51720	-4340.702	-4623.354	282.6512	0.7529703	0.4267503	14.34741
51726	-4337.704	-4623.131	285.4266	0.7371572	0.4250716	12.91664
51732	-4340.851	-4624.992	284.1409	0.8009311	0.4193222	13.55714
51738	-4322.931	-4608.251	285.32	0.7748335	0.4195574	12.95783
51744	-4325.197	-4609.696	284.4995	0.6894538	0.3581423	13.49135
51750	-4316.949	-4599.888	282.9388	0.7626217	0.5114141	14.11742
51756	-4314.336	-4600.859	286.5233	0.8614436	0.4590094	12.24905
51762	-4319.32	-4608.864	289.5437	0.9521616	0.5015135	10.58434
51768	-4323.848	-4612.558	288.7098	0.8883533	0.35691	11.1947
51774	-4332.037	-4615.692	283.6549	0.8757642	0.4222323	13.76773
51780	-4335.089	-4618.438	283.3484	0.6786341	0.4345178	14.0172
51786	-4341.98	-4626.448	284.4686	0.6742293	0.4015335	13.47031
51792	-4325.191	-4611.417	286.2265	0.8767124	0.3500397	12.50471
51798	-4323.492	-4610.45	286.958	0.757681	0.4010681	12.13198
51804	-4321.219	-4605.89	284.6716	0.8472259	0.4010681	13.27545
51810	-4322.598	-4607.2	284.602	0.6777928	0.4016343	13.39904
51816	-4316.519	-4602.908	286.3891	0.663496	0.3921652	12.48655
51822	-4321.861	-4608.474	286.6131	0.7605626	0.487859	12.22901
51828	-4325.931	-4613.61	287.6797	0.8986054	0.3637719	11.72048
51834	-4334.332	-4622.684	288.3524	0.8157595	0.3737978	11.40156
51840	-4319.993	-4609.814	289.8201	0.8201299	0.4268869	10.57679
51846	-4320.32	-4608.192	287.8723	0.8380075	0.3254521	11.69419
51852	-4315.523	-4602.598	287.0755	0.869213	0.445177	11.96979
51858	-4308.206	-4596.877	288.6713	0.7716585	0.3829687	11.24823
51864	-4323.111	-4611.424	288.313	0.8601113	0.4560127	11.31797
51870	-4318.741	-4606.128	287.3872	0.7767178	0.3346671	11.9689
51876	-4311.24	-4600.091	288.8514	0.7954436	0.3244853	11.20565
51882	-4331.867	-4618.955	287.0887	0.7708266	0.3271842	12.13621
51888	-4327.434	-4616.622	289.1885	0.8582316	0.3562046	10.96056
51894	-4320.378	-4606.182	285.8049	0.9296221	0.2764873	12.78359
51900	-4333.73	-4619.333	285.6024	0.7882609	0.4408687	12.78359
51906	-4324.333	-4607.555	283.222	0.7397131	0.317669	14.17327
51912	-4325.113	-4609.224	284.1113	0.7927117	0.4103441	13.58556
51918	-4330.889	-4617.51	286.6211	0.8456029	0.54287	12.13405
51924	-4323.102	-4609.063	285.9615	0.7080706	0.4761827	12.60613
51930	-4336.559	-4623.556	286.9975	0.7812936	0.4981597	12.00874
51936	-4348.583	-4635.925	287.3424	0.7782001	0.4696418	11.85556
51942	-4339.746	-4623.287	283.5405	0.7577701	0.4524678	13.85986
51948	-4342.929	-4626.228	283.2988	0.7869082	0.3255211	14.09996
51954	-4338.929	-4623.218	284.2892	0.8431452	0.4677852	13.41301
51960	-4340.692	-4626.322	285.6292	0.9765417	0.4126225	12.69877
51966	-4342.838	-4635.343	292.5056	1.02423	0.4686073	9.014849
51972	-4328.176	-4616.952	288.7763	1.025863	0.5920245	10.87433
51978	-4347.978	-4632.859	284.8805	0.9538872	0.3317248	13.18523
51984	-4337.482	-4621.91	284.4283	0.7859357	0.3477136	13.48955
51990	-4326.196	-4609.752	283.5562	0.8500769	0.422157	13.83232
51996	-4341.156	-4629.711	288.555	0.8166836	0.4274857	11.24099
52002	-4349.518	-4635.423	285.9043	0.8104051	0.5203651	12.5445
52008	-4320.807	-4607.462	286.6551	0.7661147	0.3239654	12.36839
52014	-4323.598	-4610.257	286.6594	0.7814111	0.3152145	12.36839
52020	-4328.898	-4615.348	286.4496	0.7669717	0.3445489	12.45173
52026	-4329.908	-4617.717	287.809	0.7144203	0.3437083	11.7711
52032	-4335.154	-4621.077	285.923	0.7939265	0.3831849	12.67057
52038	-4335.47	-4622.455	286.9853	0.8234857	0.2680458	12.23497
52044	-4324.614	-4610.466	285.8522	0.7708062	0.3741908	12.72882
52050	-4328.208	-4613.431	285.2222	0.8942355	0.3380981	13.03146
52056	-4342.063	-4630.24	288.1774	0.8942355	0.2673429	11.57677
52062	-4324.991	-4610.143	285.152	0.8368431	0.346222	13.08874
52068	-4332.459	-4614.785	282.326	0.8087636	0.3293432	14.58821
52074	-4328.93	-4615.63	286.7002	0.8755453	0.3947513	12.21133
52080	-4332.045	-4619.283	287.2383	0.7868494	0.4078352	11.9638
52086	-4325.948	-4615.7	289.7522	1.056693	0.4476099	10.46855
52092	-4317.738	-4607.785	290.0475	1.005581	0.3244482	10.46855
52098	-4320.015	-4608.442	288.4264	0.9287792	0.4740734	11.20629
52104	-4310.087	-4597.821	287.7348	0.7498382	0.3426824	11.79248
52110	-4318.473	-4604.311	285.8381	0.6777689	0.3854426	12.77285
52116	-4321.187	-4603.311	282.1242	0.7564138	0.4194154	14.62559
52122	-4324.218	-4607.656	283.4384	0.7619655	0.3221914	14.04432
52128	-4324.808	-4609.098	284.2901	0.8309724	0.4154866	13.46784
52134	-4321.758	-4605.745	283.9862	0.7210173	0.4636709	13.63743
52140	-4328.461	-4614.71	286.2492	0.7543526	0.3751436	12.5297
52146	-4336.054	-4621.58	285.5268	0.7543526	0.3639082	12.91756
52152	-4334.746	-4620.129	285.3835	0.7661055	0.4318198	12.91756
52158	-4330.519	-4617.958	287.4392	0.8385575	0.3630128	11.87821
52164	-4330.087	-4614.78	284.693	0.8263461	0.3552528	13.32287
52170	-4317.976	-4602.436	284.4595	0.7754946	0.5099504	13.32287
52176	-4331.42	-4615.94	284.5191	0.7871367	0.4675845	13.32287
52182	-4334.618	-4622.64	288.0215	0.7298717	0.391035	11.60151
52188	-4331.287	-4618.034	286.7472	0.7540113	0.3755326	12.27001
52194	-4333.697	-4620.363	286.6663	0.7363109	0.482269	12.21884
52200	-4351.195	-4639.891	288.6955	0.7578058	0.3604224	11.26667
52206	-4336.359	-4624.035	287.6761	0.8102146	0.379748	11.75161
52212	-4338.383	-4627.113	288.7301	0.8655174	0.5046175	11.0536
52218	-4348.947	-4635.355	286.4084	0.8977492	0.5112341	12.24405
52224	-4330.842	-4621.155	290.3135	0.9147428	0.383827	10.31121
52230	-4327.943	-4616.109	288.1655	0.8643994	0.3197401	11.53383
52236	-4322.084	-4610.174	288.0904	0.8548793	0.3778039	11.51385
52242	-4322.83	-4607.926	285.0957	0.8679735	0.4562987	12.99142
52248	-4320.508	-4604.357	283.8483	0.7928293	0.4121236	13.72027
52254	-4317.546	-4604.373	286.8269	0.8437822	0.4304815	12.12666
52260	-4319.676	-4606.367	286.6905	0.713347	0.3604492	12.33675
52266	-4330.099	-4615.07	284.9717	0.7609646	0.3928577	13.17259
52272	-4325.614	-4613.95	288.3356	0.8631956	0.3708754	11.38864
52278	-4330.901	-4616.241	285.3398	0.7679555	0.5608229	12.82746
52284	-4336.333	-4623.892	287.5592	0.8775608	0.382515	11.77462
52290	-4326.166	-4611.488	285.3221	0.7957494	0.3861572	12.97918
52296	-4344.921	-4630.381	285.4606	0.8725578	0.3051734	12.95688
52302	-4336.751	-4624.446	287.695	0.8657079	0.3241601	11.77377
52308	-4334.853	-4619.35	284.4967	0.9158618	0.4201464	13.31191
52314	-4333.363	-4620.03	286.6669	0.8457788	0.4175043	12.22156
52320	-4332.504	-4616.987	284.4829	0.8457788	0.3624209	13.41419
52326	-4344.269	-4630.82	286.5506	0.8943782	0.424081	12.25047
52332	-4322.357	-4609.303	286.9465	0.8460205	0.3287288	12.16938
52338	-4314.389	-4599.484	285.0951	0.8225268	0.5068157	12.97075
52344	-4316.685	-4602.655	285.9708	0.7371605	0.3686178	12.69043
52350	-4335.941	-4623.299	287.358	0.7039794	0.430713	11.92231
52356	-4340.959	-4626.099	285.1397	0.6913498	0.3622409	13.15338
52362	-4328.102	-4615.409	287.3071	0.8718616	0.3146053	11.9842
52368	-4337.26	-4625.75	288.4901	0.8304183	0.3935623	11.30137
52374	-4337.088	-4624.789	287.7011	0.8076213	0.3935623	11.72571
52380	-4341.569	-4629.839	288.2695	0.9182771	0.3935033	11.37086
52386	-4343.673	-4629.508	285.8343	0.9664256	0.3897548	12.62018
52392	-4337.869	-4626.171	288.3025	0.8741536	0.4142186	11.35596
52398	-4340.259	-4628.496	288.2368	0.9600598	0.4035698	11.35596
52404	-4328.737	-4617.078	288.3413	0.7939405	0.4365755	11.35596
52410	-4333.768	-4621.239	287.4705	0.8231551	0.3659593	11.86679
52416	-4326.566	-4608.851	282.2853	0.9324029	0.382144	14.48824
52422	-4341.317	-4627.548	286.2311	0.8882187	0.382144	12.46209
52428	-4335.57	-4622.003	286.4324	0.9929822	0.3919592	12.29254
52434	-4339.951	-4629.417	289.4657	0.9447136	0.3265473	10.80331
52440	-4329.458	-4616.872	287.4131	0.8659209	0.4032209	11.83592
52446	-4333.694	-4622.97	289.2757	0.9958187	0.3394999	10.8613
52452	-4335.742	-4620.81	285.0683	0.8311136	0.4087507	13.07
52458	-4344.906	-4631.856	286.9499	0.9005747	0.3604686	12.1039
52464	-4334.947	-4620.494	285.5471	0.7619	0.3427266	12.92616
52470	-4337.841	-4623.32	285.4791	0.7441768	0.3844206	12.92616
52476	-4323.731	-4609.145	285.4139	0.7579901	0.4109637	12.92616
52482	-4318.432	-4604.719	286.2871	0.9560928	0.374201	12.40584
52488	-4328.601	-4614.914	286.3121	0.9035163	0.3746556	12.41975
52494	-4334.145	-4622.138	287.9929	0.8808335	0.4408681	11.48864
52500	-4335.743	-4625.365	289.6223	0.9000254	0.3693173	10.69713
52506	-4328.142	-4611.493	283.3518	0.823344	0.4569193	13.91965
52512	-4311.942	-4599.828	287.8861	0.8813283	0.4068024	11.57721
52518	-4307.021	-4594.227	287.2064	0.8629347	0.338451	12.01398
52524	-4341.93	-4627.403	285.4733	0.8686157	0.370094	12.87935
52530	-4334.751	-4622.165	287.4144	0.7654752	0.370094	11.92175
52536	-4329.388	-4617.681	288.2932	0.8926506	0.412281	11.35302
52542	-4329.841	-4615.084	285.2435	0.9203454	0.3980154	12.94324
52548	-4341.681	-4631.653	289.9723	0.9761643	0.3980154	10.44363
52554	-4327.374	-4615.901	288.5277	0.9230442	0.4051816	11.22149
52560	-4311.917	-4599.485	287.5682	0.9230442	0.4783069	11.65422
52566	-4322.753	-4610.523	287.7701	0.8369057	0.4217352	11.64636
52572	-4326.337	-4613.437	287.1001	0.8100313	0.4217352	12.0102
52578	-4324.611	-4610.631	286.0197	0.8100313	0.4100432	12.58472
52584	-4329.638	-4616.532	286.894	0.8317965	0.4337386	12.09482
52590	-4322.327	-4609.792	287.4649	0.8411435	0.4666566	11.76142
52596	-4326.491	-4612.972	286.4805	0.6965467	0.4033052	12.41051
52602	-4344.824	-4632.284	287.4603	0.8742378	0.2959476	11.92548
52608	-4335.612	-4623.085	287.4737	0.7940595	0.3252277	11.92548
52614	-4349.513	-4634.591	285.0784	0.8185214	0.507562	12.98087
52620	-4333.466	-4618.414	284.9473	0.9368787	0.3635695	13.12433
52626	-4331.986	-4621.023	289.037	0.9193051	0.5192524	10.85211
52632	-4339.214	-4624.011	284.7971	0.6285519	0.3475183	13.37999
52638	-4331.39	-4615.747	284.3569	0.8716703	0.4491689	13.37999
52644	-4337.484	-4622.323	284.8384	0.8806567	0.4156036	13.15705
52650	-4326.028	-4610.807	284.7795	0.8799965	0.5338576	13.08233
52656	-4333.305	-4618.312	285.007	0.8380946	0.4250954	13.08233
52662	-4318.793	-4603.6	284.8074	0.8824745	0.4016861	13.18596
52668	-4335.021	-4623.445	288.4243	0.9780375	0.4648099	11.18998
52674	-4326.479	-4614.892	288.413	0.9540083	0.3517209	11.3213
52680	-4333.801	-4618.799	284.9971	0.9189843	0.3517209	13.12054
52686	-4333.226	-4618.883	285.6564	0.8442523	0.3578826	12.80981
52692	-4337.562	-4625.684	288.1214	0.906294	0.3030949	11.55477
52698	-4331.299	-4615.495	284.1957	0.878092	0.5607138	13.36503
52704	-4318.263	-4604.261	285.9979	0.8542022	0.3729156	12.61089
52710	-4324.488	-4609.685	285.1969	0.8082796	0.3713912	13.0531
52716	-4321.628	-4608.328	286.6998	0.7999405	0.390272	12.25551
52722	-4312.146	-4599.306	287.1593	0.8630609	0.3870617	11.98624
52728	-4324.395	-4612.553	288.1581	0.8239455	0.3806293	11.49171
52734	-4328.396	-4614.948	286.5518	0.879437	0.4203553	12.26123
52740	-4321.794	-4606.887	285.0925	0.790168	0.4133636	13.0742
52746	-4312.77	-4601.1	288.3296	0.9423886	0.3741748	11.34684
52752	-4333.399	-4621.342	287.9422	0.9438846	0.5359779	11.39851
52758	-4327.786	-4616.637	288.8507	1.064066	0.5359779	10.85995
52764	-4325.385	-4610.475	285.0899	0.9290069	0.3530794	13.06561
52770	-4326.529	-4609.161	282.6319	0.7763427	0.4915456	14.28638
52776	-4331.645	-4615.381	283.7365	0.8496015	0.3908242	13.77003
52782	-4330.431	-4619.004	288.5723	0.7115309	0.4124677	11.30158
52788	-4333.552	-4619.665	286.113	0.8670525	0.3766335	12.54039
52794	-4323.129	-4610.754	287.6251	1.00323	0.3454336	11.71437
52800	-4327.034	-4616.481	289.4469	1.085234	0.4521733	10.60954
52806	-4337.745	-4620.301	282.5559	0.8487609	0.4561802	14.31968
52812	-4341.066	-4628.034	286.9678	0.859962	0.4221812	12.05274
52818	-4338.125	-4624.37	286.2455	0.8194474	0.4137894	12.45855
52824	-4335.815	-4622.351	286.5365	0.8194474	0.4137894	12.30689
52830	-4321.377	-4609.854	288.4774	0.8986694	0.4975717	11.17463
52836	-4320.207	-4608.219	288.0123	0.7964854	0.3312536	11.63609
52842	-4327.627	-4617.79	290.1628	0.9007783	0.4280813	10.35335
52848	-4318.776	-4606.776	287.9999	0.9197931	0.4551609	11.45128
52854	-4319.778	-4607.54	287.7626	0.7793952	0.4004895	11.70131
52860	-4328.975	-4617.542	288.5665	0.9583271	0.4117158	11.17624
52866	-4340.453	-4627.724	287.2706	0.9688772	0.5058642	11.76164
52872	-4312.29	-4602.194	289.9033	0.9583092	0.4134188	10.47378
52878	-4321.882	-4610.429	288.5472	0.9508696	0.4387219	11.16408
52884	-4328.034	-4615.813	287.7786	0.910477	0.3456998	11.68235
52890	-4331.097	-4615.353	284.2566	0.8521168	0.3366189	13.55667
52896	-4315.449	-4603.707	288.2582	0.9155565	0.4783888	11.29735
52902	-4323.224	-4614.143	290.9183	0.9932829	0.4959558	9.844826
52908	-4314.073	-4601.917	287.8438	0.8287878	0.5319354	11.51345
52914	-4315.962	-4601.69	285.7277	0.9052394	0.4165274	12.68078
52920	-4312.932	-4597.646	284.7143	0.8556445	0.4483487	13.20341
52926	-4310.116	-4596.185	286.0687	1.010865	0.3332785	12.53571
52932	-4318.532	-4603.978	285.4459	0.9253363	0.4139542	12.81953
52938	-4326.36	-4611.78	285.4197	0.9170674	0.4139542	12.83746
52944	-4325.307	-4612.105	286.7985	0.7688933	0.3591395	12.25291
52950	-4337.791	-4626.664	288.8726	0.8491735	0.4472778	11.03892
52956	-4340.979	-4626.192	285.2136	0.7656545	0.3774647	13.06022
52962	-4340.972	-4625.419	284.4471	0.7654113	0.3407279	13.49816
52968	-4330.523	-4615.9	285.377	0.8156654	0.3746914	12.95217
52974	-4323.576	-4612.325	288.7493	1.051194	0.2885066	11.1685
52980	-4338.351	-4630.819	292.4682	1.105803	0.4847149	8.976906
52986	-4342.888	-4630.939	288.0509	0.8294407	0.3788226	11.54674
52992	-4335.386	-4620.316	284.9303	0.8322617	0.4676132	13.08569
52998	-4332.67	-4617.828	285.1577	0.8023394	0.4858114	12.96685
53004	-4315.478	-4604.335	288.8565	0.8687332	0.4586162	11.0266
53010	-4315.679	-4604.736	289.0577	0.8893441	0.4510583	10.91736
53016	-4327.041	-4611.773	284.7315	0.865126	0.4510583	13.18704
53022	-4333.287	-4615.476	282.1891	0.6220593	0.3755788	14.70549
53028	-4316.46	-4601.888	285.4275	0.8647922	0.3755788	12.89944
53034	-4304.266	-4590.208	285.9416	0.7172806	0.4474552	12.63786
53040	-4318.357	-4605.012	286.6548	0.9586438	0.4151439	12.17133
53046	-4318.663	-4606.741	288.0783	0.9487364	0.3301478	11.52328
53052	-4326.942	-4615.008	288.0661	0.8724319	0.2948275	11.61144
53058	-4312.397	-4599.476	287.0788	0.9920458	0.5317357	11.82794
53064	-4315.653	-4604.001	288.3474	0.9600413	0.4365879	11.2659
53070	-4320.714	-4608.97	288.256	0.748076	0.4310052	11.42988
53076	-4318.92	-4605.303	286.3833	0.714672	0.3630554	12.49331
53082	-4333.837	-4621.01	287.1726	0.8274766	0.3196732	12.07161
53088	-4319.183	-4606.61	287.4266	0.9206184	0.4244999	11.77936
53094	-4326.209	-4609.589	283.3798	0.7871262	0.4198052	13.95874
53100	-4326.302	-4614.242	287.94	0.8803672	0.4188644	11.53764
53106	-4321.012	-4610.638	289.6258	0.8909857	0.3155963	10.76032
53112	-4310.075	-4594.299	284.2238	0.7568133	0.473557	13.48662
53118	-4307.714	-4592.095	284.381	0.7100696	0.4121824	13.48662
53124	-4328.275	-4614.984	286.709	0.7997997	0.3616546	12.28077
53130	-4319.428	-4605.151	285.723	0.765954	0.416229	12.75605
53136	-4311.381	-4600.119	288.7374	0.8956733	0.3930411	11.13836
53142	-4307.4	-4596.817	289.4173	0.9272575	0.3523283	10.80873
53148	-4325.903	-4615.406	289.5037	0.9944767	0.2839978	10.80873
53154	-4322.168	-4610.834	288.6665	1.087731	0.4042157	11.06358
53160	-4323.938	-4609.052	285.1141	1.006733	0.4042157	12.95937
53166	-4325.77	-4614.949	289.179	1.007113	0.3965155	10.8451
53172	-4328.419	-4613.45	285.0317	0.7239438	0.4732382	13.08423
53178	-4328.641	-4615.231	286.5899	0.818722	0.3228793	12.37619
53184	-4335.528	-4624.086	288.5576	0.8051767	0.4606829	11.21445
53190	-4331.008	-4616.001	284.9934	0.758568	0.424804	13.131
53196	-4328.987	-4614.513	285.5263	0.7771454	0.3119378	12.96429
53202	-4334.34	-4618.93	284.5895	0.8075596	0.3828875	13.35715
53208	-4331.141	-4615.73	284.5895	0.8075596	0.3828875	13.35715
53214	-4320.883	-4606.623	285.7392	0.7363606	0.4077833	12.77128
53220	-4323.118	-4608.809	285.6908	0.7833414	0.4085561	12.77128
53226	-4328.344	-4615.966	287.6216	0.7475384	0.3064303	11.89467
53232	-4337.3	-4622.552	285.2517	0.895978	0.3421443	13.01069
53238	-4317.064	-4602.122	285.0572	0.7574239	0.3926236	13.13025
53244	-4316.431	-4603.531	287.0995	0.850775	0.4155598	11.99526
53250	-4313.895	-4601.075	287.1808	0.6937215	0.4325825	12.01835
53256	-4312.374	-4599.933	287.5589	0.7571163	0.4700195	11.75319
53262	-4348.528	-4637.483	288.9555	0.7969689	0.3284699	11.14574
53268	-4336.793	-4623.147	286.3539	1.020057	0.3501552	12.36351
53274	-4322.096	-4606.735	284.6391	0.8250692	0.4188438	13.28636
53280	-4315.711	-4603.354	287.6431	0.9074351	0.5189184	11.58811
53286	-4324.358	-4614.905	290.5464	0.9774925	0.4103583	10.12876
53292	-4320.381	-4610.568	290.1867	0.9606042	0.5131359	10.23215
53298	-4330.041	-4617.019	286.9783	0.7725178	0.4398093	12.07598
53304	-4327.526	-4611.546	284.0201	0.8388517	0.4223221	13.5973
53310	-4333.423	-4620.227	286.8041	0.6469464	0.5190474	12.16189
53316	-4333.639	-4618.112	284.4735	0.7769803	0.447687	13.37
53322	-4330.756	-4617.355	286.5988	0.8899521	0.430004	12.22197
53328	-4333.164	-4620.535	287.3718	0.8286001	0.5080112	11.78026
53334	-4324.846	-4610.424	285.5786	0.8033193	0.401946	12.82585
53340	-4332.266	-4616.925	284.6586	0.8451308	0.2881945	13.40865
53346	-4320.057	-4609.24	289.183	0.9257302	0.4438088	10.83945
53352	-4328.545	-4615.557	287.0117	0.8161801	0.3641898	12.11171
53358	-4328.909	-4611.121	282.2121	0.8558646	0.4625329	14.48831
53364	-4321.839	-4608.081	286.2424	0.6730359	0.4851863	12.47012
53370	-4308.223	-4595.015	286.7923	0.8678261	0.3022434	12.26954
53376	-4311.461	-4596.042	284.581	0.8928699	0.5312332	13.18098
53382	-4322.698	-4608.264	285.5654	0.8181907	0.4676514	12.76265
53388	-4320.267	-4606.531	286.2644	0.968066	0.5012366	12.29099
53394	-4315.314	-4605.594	290.28	0.9204199	0.4324121	10.27729
53400	-4314.393	-4604.868	290.4745	0.9204199	0.3345911	10.27729
53406	-4327.453	-4617.966	290.5134	0.936344	0.3099399	10.27729
53412	-4321.773	-4608.251	286.4779	0.7989275	0.3436649	12.42129
53418	-4321.701	-4607.152	285.4511	1.011428	0.3436649	12.84521
53424	-4325.211	-4609.726	284.515	1.023512	0.5930741	13.0984
53430	-4331.157	-4614.713	283.5563	0.821944	0.372631	13.89666
53436	-4335.078	-4622.359	287.2808	0.8267519	0.372631	11.95679
53442	-4315.54	-4601.384	285.8435	0.8411254	0.3953376	12.67495
53448	-4303.925	-4588.076	284.1513	0.8362036	0.3744825	13.57858
53454	-4324.575	-4611.468	286.8936	0.7326771	0.318193	12.26821
53460	-4324.991	-4611.895	286.9037	0.7226528	0.318193	12.26821
53466	-4320.822	-4607.912	287.0901	0.8069429	0.5377346	11.91375
53472	-4317.744	-4604.937	287.1924	0.8889391	0.4169548	11.92551
53478	-4320.568	-4605.446	284.8781	0.7048366	0.3835895	13.25987
53484	-4332.739	-4618.424	285.6844	0.7801125	0.3354393	12.85339
53490	-4314.612	-4602.948	288.336	0.8357062	0.3691353	11.40466
53496	-4316.607	-4601.939	285.3323	0.7716362	0.4203247	12.95237
53502	-4330.244	-4615.812	285.5676	0.8103195	0.4115797	12.81836
53508	-4336.207	-4623.542	287.3347	0.956594	0.3837734	11.84926
53514	-4324.722	-4609.929	285.2075	0.6746367	0.4359441	13.05275
53520	-4333.97	-4619.277	285.3074	0.8334433	0.4471131	12.90775
53526	-4323.498	-4608.86	285.3619	0.7789808	0.447065	12.90775
53532	-4321.658	-4608.502	286.8433	0.9119892	0.4499459	12.06422
53538	-4317.771	-4605.894	288.1227	1.002491	0.4043373	11.39268
53544	-4323.971	-4609.355	285.3839	1.01993	0.2747563	12.95783
53550	-4311.146	-4598.744	287.5979	0.771861	0.444553	11.7485
53556	-4313.049	-4601.952	288.9029	0.8240659	0.4439809	11.03931
53562	-4325.85	-4609.832	283.9821	0.797374	0.45945	13.60374
53568	-4330.414	-4617.246	286.8319	0.7580768	0.4515483	12.14892
53574	-4316.709	-4602.317	285.608	0.7949159	0.4515483	12.76726
53580	-4328.436	-4613.169	284.7327	0.8225405	0.4433465	13.21572
53586	-4330.669	-4619.218	288.5488	1.000481	0.5954097	11.0042
53592	-4332.629	-4623.266	290.6365	0.9072478	0.3527498	10.17869
53598	-4322.808	-4610.664	287.8552	0.9870924	0.3527498	11.5945
53604	-4320.322	-4606.461	286.1393	0.76566	0.408012	12.54756
53610	-4318.656	-4603.332	284.6758	0.7779232	0.399541	13.31081
53616	-4305.901	-4592.814	286.9131	0.793023	0.3042205	12.24317
53622	-4305.806	-4592.529	286.7227	0.8002683	0.3918234	12.24184
53628	-4306.827	-4591.387	284.5599	0.730904	0.4428835	13.35354
53634	-4302.694	-4588.53	285.8361	0.8405899	0.4552919	12.62134
53640	-4303.969	-4591.026	287.0568	0.7489032	0.3422784	12.14716
53646	-4313.848	-4602.216	288.3682	0.7489032	0.3264505	11.48043
53652	-4309.005	-4595.894	286.889	0.9437458	0.3264505	12.15101
53658	-4307.224	-4594.132	286.908	0.8616807	0.3569292	12.14986
53664	-4305.505	-4594.816	289.311	0.8521655	0.3283442	10.93078
53670	-4317.364	-4606.772	289.4081	0.8090447	0.3283442	10.90253
53676	-4318.382	-4607.208	288.8259	0.8059009	0.3871	11.14509
53682	-4316.179	-4602.633	286.454	0.799277	0.4149109	12.35932
53688	-4309.122	-4596.475	287.3521	0.8461065	0.3773156	11.90458
53694	-4316.09	-4606.952	290.8616	0.8461065	0.2949325	10.15998
53700	-4306.89	-4594.561	287.6711	0.9543642	0.4824006	11.58048
53706	-4310.708	-4598.892	288.184	0.9828728	0.6588154	11.15766
53712	-4303.249	-4595.034	291.7851	0.9834803	0.3723111	9.512264
53718	-4312.858	-4603.854	290.9967	0.920954	0.3312398	10.00618
53724	-4309.684	-4596.244	286.5608	0.8481896	0.2918635	12.4131
53730	-4310.018	-4599.47	289.4522	0.8900112	0.3404258	10.8232
53736	-4309.87	-4595.348	285.4783	0.789173	0.4473215	12.84168
53742	-4312.37	-4599.42	287.0496	0.9018077	0.3496361	12.06302
53748	-4313.811	-4600.563	286.7525	0.9048992	0.5087343	12.06302
53754	-4319.64	-4604.144	284.5046	0.7267122	0.4037696	13.42212
53760	-4331.54	-4621.004	289.4643	0.9275365	0.3972197	10.73652
53766	-4331.117	-4616.664	285.5465	0.7155635	0.396461	12.89371
53772	-4324.581	-4612.247	287.6669	0.8543716	0.4094782	11.70319
53778	-4315.07	-4600.908	285.838	0.7748635	0.350367	12.75962
53784	-4315.296	-4600.75	285.4534	0.8470674	0.3959615	12.87425
53790	-4321.171	-4605.828	284.6572	0.8882432	0.3946757	13.26807
53796	-4317.339	-4603.145	285.8058	0.7062874	0.3926698	12.76746
53802	-4315.803	-4601.533	285.7305	0.7827897	0.3920204	12.76746
53808	-4336.215	-4624.884	288.6694	0.9735651	0.3920204	11.13422
53814	-4333.935	-4621.441	287.5055	0.9382589	0.6066235	11.57406
53820	-4325.645	-4612.298	286.6538	0.9965936	0.4341287	12.13375
53826	-4327.27	-4611.765	284.4959	0.7639715	0.5259722	13.29652
53832	-4330.364	-4616.828	286.4647	0.85132	0.4554179	12.28816
53838	-4330.095	-4616.037	285.9419	0.85132	0.3325692	12.68562
53844	-4333.525	-4620.417	286.8924	0.7648174	0.486644	12.08223
53850	-4338.64	-4628.013	289.3726	0.9263297	0.4384866	10.74472
53856	-4331.51	-4616.11	284.6005	0.7800772	0.4384866	13.31099
53862	-4339.912	-4624.988	285.0761	0.852037	0.5026018	12.96887
53868	-4336.036	-4619.383	283.3469	0.8251922	0.3853587	13.99034
53874	-4329.604	-4614.031	284.4266	0.9044961	0.3339453	13.44421
53880	-4326.509	-4614.547	288.0383	0.8690735	0.4015979	11.50929
53886	-4338.173	-4624.058	285.8851	0.6904741	0.442022	12.68626
53892	-4349.811	-4634.905	285.0942	0.7989996	0.4409274	13.0423
53898	-4338.882	-4626.809	287.9266	0.7312279	0.4414363	11.60099
53904	-4343.031	-4630.27	287.2391	0.71211	0.4035478	12.00665
53910	-4329.155	-4618.172	289.0165	0.7001735	0.482391	11.00957
53916	-4327.858	-4617.335	289.4767	0.7862548	0.3960296	10.80529
53922	-4321.979	-4608.265	286.2852	0.8423245	0.3750687	12.46521
53928	-4328.005	-4613.704	285.6984	0.8878299	0.4481856	12.67497
53934	-4347.755	-4637.323	289.5675	0.8156099	0.4222822	10.71619
53940	-4324.85	-4611.096	286.2463	0.7457763	0.3468528	12.56606
53946	-4324.073	-4613.158	289.0847	0.8310869	0.3031367	11.09014
53952	-4327.063	-4617.314	290.2513	0.8027113	0.370633	10.41664
53958	-4337.297	-4622.597	285.3003	0.8859714	0.3824875	12.94739
53964	-4346.015	-4633.409	287.3941	0.8840691	0.3678354	11.87285
53970	-4324.973	-4613.809	288.8357	0.6830257	0.3527636	11.24081
53976	-4346.466	-4631.232	284.7657	0.7046371	0.4367041	13.26606
53982	-4340.315	-4624.234	283.9191	0.7868509	0.4131603	13.6856
53988	-4333.851	-4618.402	284.5516	0.7796412	0.3859631	13.38821
53994	-4335.932	-4620.393	284.4609	0.8098866	0.4173984	13.38821
54000	-4331.977	-4619.119	287.1423	0.6271006	0.3522351	12.1551
54006	-4335.575	-4620.717	285.1425	0.6506995	0.347741	13.18875
54012	-4317.967	-4602.979	285.0122	0.7000898	0.3873769	13.18875
54018	-4322.473	-4607.781	285.3075	0.7409632	0.3066506	13.10315
54024	-4320.548	-4604.2	283.6519	0.8553087	0.5087885	13.70173
54030	-4334.11	-4617.544	283.434	0.668719	0.4374258	13.97526
54036	-4335.969	-4620.768	284.7998	0.7915595	0.3509824	13.29009
54042	-4326.958	-4615.262	288.304	0.8224258	0.4412647	11.35614
54048	-4336.692	-4626.291	289.599	0.6530339	0.4046943	10.80227
54054	-4315.829	-4602.215	286.3857	0.8935661	0.3785008	12.38256
54060	-4325.405	-4612.25	286.8449	0.7990599	0.4328146	12.13836
54066	-4338.817	-4623.336	284.5186	0.8056276	0.3575142	13.42174
54072	-4337.535	-4624.095	286.5598	0.8448901	0.2681147	12.44545
54078	-4348.937	-4636.856	287.9196	0.8006308	0.3131453	11.70338
54084	-4334.456	-4622.172	287.7168	0.7899878	0.3652682	11.75625
54090	-4320.014	-4609.875	289.8613	0.8807439	0.3485916	10.60441
54096	-4329.556	-4614.975	285.4193	1.025051	0.3913286	12.80409
54102	-4330.498	-4617.854	287.3565	0.8975343	0.4271214	11.82548
54108	-4326.341	-4613.67	287.3289	0.9643476	0.4869714	11.75001
54114	-4331.212	-4616.988	285.7762	0.8103103	0.5327709	12.60094
54120	-4331.823	-4617.06	285.2375	0.8236335	0.4017875	12.99285
54126	-4332.432	-4618.829	286.3965	0.9430125	0.2739083	12.47191
54132	-4335.28	-4621.552	286.272	0.7369015	0.4427025	12.45999
54138	-4338.473	-4623.228	284.7553	0.8043861	0.3438728	13.31436
54144	-4313.77	-4600.127	286.3573	0.7961043	0.3858182	12.44056
54150	-4317.706	-4606.237	288.5315	0.8509776	0.378671	11.28436
54156	-4316.699	-4603.966	287.2666	0.8491567	0.4488611	11.87712
54162	-4316.186	-4602.567	286.3811	0.8020308	0.4009114	12.40975
54168	-4330.084	-4617.686	287.6024	0.8072435	0.4009114	11.77
54174	-4320.34	-4609.4	289.0601	0.8698615	0.421817	10.95416
54180	-4302.343	-4588.784	286.4408	0.8055826	0.484341	12.29846
54186	-4316.613	-4602.874	286.2612	0.6635825	0.5044058	12.44859
54192	-4316.409	-4601.447	285.0386	0.864161	0.452367	13.02669
54198	-4321.346	-4608.307	286.9605	0.7383472	0.4656523	12.07922
54204	-4313.924	-4601.151	287.2273	0.8856843	0.3733218	11.95325
54210	-4319.181	-4606.446	287.2656	0.747809	0.5310252	11.85851
54216	-4323.743	-4610.836	287.0926	0.8960353	0.5468005	11.85851
54222	-4329.384	-4614.325	284.9403	0.9105016	0.4899142	13.02003
54228	-4341.12	-4626.171	285.0508	0.9105016	0.4270767	13.02003
54234	-4333.791	-4619.289	285.4985	1.012644	0.4497199	12.71262
54240	-4325.11	-4612.172	287.0623	0.9189669	0.4612337	11.93593
54246	-4332.696	-4619.71	287.0148	0.8395386	0.392961	12.06785
54252	-4323.35	-4605.46	282.11	0.9260377	0.3447571	14.62211
54258	-4322.795	-4608.606	285.8107	0.7971271	0.3939392	12.71634
54264	-4314.959	-4600.746	285.7867	0.9039888	0.3529114	12.71634
54270	-4314.936	-4602.554	287.618	0.8218993	0.3689297	11.78724
54276	-4323.396	-4609.416	286.0198	0.7985648	0.4089134	12.59176
54282	-4317.894	-4605.527	287.6325	0.7985648	0.425569	11.73455
54288	-4315.145	-4603.118	287.9734	0.8831959	0.3808598	11.55706
54294	-4314.688	-4602.811	288.1227	0.7692323	0.3527297	11.56863
54300	-4320.628	-4607.108	286.4797	0.7215164	0.4089491	12.3923
54306	-4322.82	-4611.76	288.9395	0.7784685	0.501709	10.99197
54312	-4318.734	-4603.307	284.5727	0.7515162	0.501709	13.28355
54318	-4322.165	-4606.507	284.3427	0.7192974	0.4243835	13.48988
54324	-4323.901	-4605.399	281.4981	0.585393	0.3628573	15.09538
54330	-4335.387	-4622.138	286.7507	0.7251466	0.353662	12.30658
54336	-4317.6	-4606.11	288.5092	0.7384084	0.4754366	11.26136
54342	-4320.756	-4607.607	286.851	0.7820787	0.3930203	12.18317
54348	-4319.309	-4606.203	286.8944	0.7321444	0.3964015	12.18317
54354	-4327.857	-4611.425	283.5672	0.7321444	0.3964015	13.91314
54360	-4341.159	-4626.129	284.9704	0.5822232	0.340875	13.32136
54366	-4326.59	-4611.19	284.5992	0.6898012	0.3527211	13.44522
54372	-4328.561	-4613.022	284.4605	0.699047	0.3272333	13.54091
54378	-4330.774	-4619.16	288.3862	0.8011904	0.4064097	11.35806
54384	-4326.898	-4611.608	284.7098	0.7914968	0.4297669	13.25657
54390	-4331.158	-4615.407	284.2489	0.7906918	0.340267	13.58847
54396	-4325.219	-4608.969	283.7494	0.7259859	0.3916782	13.82662
54402	-4332.732	-4618.357	285.6256	0.8061641	0.4243475	12.77792
54408	-4328.611	-4615.513	286.9022	0.8451962	0.471451	12.0487
54414	-4334.976	-4620.433	285.457	0.8725105	0.3598206	12.89678
54420	-4328.174	-4613.606	285.4321	0.750036	0.4358732	12.89678
54426	-4315.879	-4603.273	287.3937	0.8654805	0.4202528	11.82947
54432	-4310.33	-4598.184	287.8537	0.7653499	0.3810403	11.68096
54438	-4318.661	-4604.607	285.9462	0.8817768	0.4536016	12.54411
54444	-4322.788	-4608.968	286.1799	0.8058974	0.4077364	12.50572
54450	-4320.827	-4609.248	288.4207	0.8484154	0.4077364	11.314
54456	-4310.726	-4599.234	288.508	0.7951743	0.3901032	11.314
54462	-4309.769	-4595.926	286.1577	0.7563047	0.3915725	12.55937
54468	-4308.785	-4597.957	289.1719	0.8718947	0.3915725	10.92472
54474	-4324.558	-4609.876	285.3174	0.7614572	0.3801558	13.00567
54480	-4316.821	-4602.401	285.5794	0.7311435	0.4035386	12.86139
54486	-4323.243	-4607.651	284.4086	0.7450991	0.4395616	13.42786
54492	-4312.178	-4599.477	287.2989	0.77906	0.4481362	11.89749
54498	-4324.331	-4611.807	287.4758	0.7389645	0.3758302	11.89749
54504	-4333.739	-4622.326	288.5867	0.7657974	0.3835167	11.29498
54510	-4339.3	-4625.361	286.0606	0.761715	0.4215107	12.57735
54516	-4334.058	-4620.676	286.6174	0.785045	0.4215107	12.27515
54522	-4331.113	-4617.577	286.4634	0.8707427	0.4215107	12.31072
54528	-4320.298	-4603.08	282.7824	0.7475953	0.4215107	14.28726
54534	-4333.937	-4620.429	286.4917	0.9424806	0.4502364	12.23135
54540	-4318.112	-4604.905	286.7926	0.7775201	0.3781346	12.23135
54546	-4327.24	-4613.985	286.745	0.7775201	0.4024	12.23135
54552	-4321.418	-4608.107	286.6889	0.836346	0.4010073	12.23135
54558	-4324.756	-4611.262	286.5053	0.8345825	0.505467	12.23135
54564	-4318.261	-4606.835	288.5744	0.8440871	0.3532075	11.29276
54570	-4320.979	-4609.8	288.8214	0.7855178	0.2705179	11.29276
54576	-4322.454	-4609.12	286.6659	0.8327531	0.4095102	12.23676
54582	-4310.71	-4595.992	285.2828	0.8127283	0.4960911	12.88743
54588	-4316.718	-4603.503	286.7848	0.7762745	0.3853004	12.22862
54594	-4325.069	-4612.622	287.5534	0.8941226	0.3868395	11.76456
54600	-4313.779	-4596.891	283.1127	0.8060803	0.515569	14.00126
54606	-4307.04	-4591.74	284.6997	0.9467475	0.4291503	13.18172
54612	-4305.426	-4593.648	288.2217	0.8526023	0.4177082	11.40604
54618	-4311.076	-4600.291	289.2147	0.8744169	0.4924323	10.80557
54624	-4328.637	-4619.45	290.8136	1.188207	0.6283344	9.690794
54630	-4338.521	-4627.008	288.4873	0.8015842	0.3613677	11.35166
54636	-4328.329	-4613.443	285.1141	0.9221872	0.3613677	13.04759
54642	-4332.446	-4615.973	283.5275	0.8051253	0.4428154	13.85096
54648	-4329.325	-4618.287	288.9623	0.9997896	0.3603781	11.00039
54654	-4319.053	-4605.596	286.5426	0.7931724	0.4685026	12.26595
54660	-4323.426	-4610.353	286.9269	0.7915253	0.4685026	12.06645
54666	-4326.675	-4612.347	285.6724	0.8357309	0.4685026	12.69706
54672	-4340.665	-4624.629	283.9646	0.8822528	0.5125764	13.52227
54678	-4345.805	-4633.279	287.4732	0.9397549	0.5537692	11.63129
54684	-4321.064	-4605.833	284.7689	0.7883851	0.5309756	13.13786
54690	-4315.008	-4594.439	279.4307	0.787932	0.405716	16.01492
54696	-4320.1	-4607.106	287.0055	0.8630443	0.3909268	12.06252
54702	-4327.993	-4618.201	290.2076	1.043269	0.4072263	10.27544
54708	-4321.396	-4608.239	286.8425	0.9516737	0.5705769	11.94106
54714	-4335.182	-4624.378	289.1951	1.089229	0.540058	10.66279
54720	-4334.416	-4624.336	289.9204	0.9939239	0.3836706	10.47626
54726	-4340.294	-4626.14	285.8466	0.9505527	0.4027	12.60896
54732	-4320.812	-4608.214	287.4019	0.8184222	0.465413	11.80733
54738	-4311.201	-4598.102	286.901	0.6843941	0.4476478	12.15495
54744	-4321.556	-4611.749	290.1932	0.9064199	0.41271	10.34948
54750	-4311.553	-4601.439	289.8862	0.9048407	0.5398166	10.397
54756	-4316.089	-4603.69	287.6012	0.8264332	0.3999231	11.76163
54762	-4312.593	-4600.046	287.453	0.9746056	0.3999231	11.76163
54768	-4312.042	-4601.425	289.3836	0.9090404	0.395083	10.7907
54774	-4330.753	-4617.257	286.5043	0.7893493	0.4220632	12.33131
54780	-4339.022	-4625.228	286.2061	0.7675417	0.4122495	12.50762
54786	-4307.794	-4595.078	287.2834	0.7675417	0.4122495	11.94597
54792	-4301.873	-4589.789	287.9154	0.7755744	0.3874039	11.63682
54798	-4308.949	-4597.068	288.1182	0.801761	0.3838381	11.52082
54804	-4309.902	-4596.54	286.6385	0.9047421	0.318605	12.31103
54810	-4314.843	-4602.091	287.2479	0.8081774	0.2736711	12.09876
54816	-4325.863	-4613.077	287.2132	0.8081774	0.2879181	12.09876
54822	-4323.731	-4610.012	286.2809	0.7703984	0.4094795	12.46989
54828	-4339.158	-4625.046	285.8885	0.9577408	0.5276586	12.46989
54834	-4327.33	-4615.897	288.5676	0.8198461	0.4161471	11.24375
54840	-4319.5	-4606.174	286.6739	0.8526431	0.3489665	12.28534
54846	-4319.369	-4606.146	286.777	0.8504477	0.4065228	12.17253
54852	-4320.995	-4609.504	288.5094	0.9535898	0.3858392	11.23477
54858	-4310.526	-4601.794	291.2684	1.130272	0.5583292	9.535626
54864	-4316.552	-4604.575	288.0226	0.8968415	0.4138445	11.49078
54870	-4321.634	-4608.56	286.9254	0.8127716	0.4223957	12.09924
54876	-4320.975	-4606.386	285.4105	0.7611539	0.3962021	12.941
54882	-4317.097	-4605.796	288.6988	0.9347615	0.4056747	11.12533
54888	-4312.219	-4601.958	289.7388	0.8824362	0.3313023	10.68728
54894	-4318.391	-4607.81	289.4186	1.005021	0.4301749	10.68728
54900	-4319.571	-4607.478	287.9065	0.8904712	0.4301749	11.53894
54906	-4319.607	-4608.222	288.6148	0.7636228	0.4152622	11.24935
54912	-4325.46	-4614.625	289.165	0.769256	0.3758838	10.99843
54918	-4317.901	-4606.174	288.2729	0.8464269	0.3758838	11.42488
54924	-4321.956	-4611.104	289.1477	0.7561	0.3758838	11.01434
54930	-4337.757	-4627.835	290.0781	1.016513	0.3450073	10.42329
54936	-4330.518	-4616.656	286.1379	0.9233279	0.4640052	12.41313
54942	-4333.251	-4617.004	283.753	0.6951416	0.4391962	13.7944
54948	-4323.529	-4610.197	286.6677	0.7281712	0.4003869	12.29942
54954	-4330.066	-4618.562	288.4965	0.8119944	0.4003869	11.30077
54960	-4329.603	-4613.258	283.6548	0.790378	0.5162981	13.72758
54966	-4318.674	-4604.398	285.7244	0.8372562	0.3853001	12.74917
54972	-4321.449	-4611.326	289.8775	0.8617232	0.5061429	10.45257
54978	-4332.161	-4615.948	283.7867	0.689884	0.412601	13.80514
54984	-4325.044	-4610.577	285.533	0.7858361	0.412601	12.84813
54990	-4353.877	-4642.96	289.0835	0.849904	0.4064066	10.96758
54996	-4350.567	-4635.631	285.0634	0.784864	0.373192	13.13282
55002	-4333.9	-4617.67	283.7701	0.8703054	0.371865	13.76145
55008	-4324.66	-4610.158	285.4988	0.7300801	0.3845952	12.92304
55014	-4311.393	-4597.867	286.4743	0.8460868	0.3845952	12.35482
55020	-4328.555	-4620.23	291.6743	0.9678895	0.4450516	9.505939
55026	-4320	-4605.711	285.7109	0.9034534	0.3404932	12.76974
55032	-4312.199	-4600.565	288.3654	0.7424451	0.3626048	11.44503
55038	-4311.396	-4601.657	290.2606	0.7955302	0.4103981	10.37461
55044	-4319.809	-4607.712	287.9034	0.7237669	0.4169103	11.64051
55050	-4317.658	-4606.836	289.1787	0.7351439	0.4101735	10.97408
55056	-4323.173	-4608.667	285.4938	0.8845897	0.4101735	12.81951
55062	-4329.72	-4617.524	287.8037	0.784983	0.3805599	11.6973
55068	-4331.929	-4620.926	288.9971	0.754205	0.3819842	11.08786
55074	-4325.224	-4611.311	286.0876	0.8376867	0.4257487	12.51966
55080	-4323.334	-4611.728	288.3945	0.8654854	0.3633824	11.36462
55086	-4323.101	-4608.312	285.2102	0.9172039	0.3612038	13.00039
55092	-4313.878	-4596.84	282.9625	0.8089012	0.3555554	14.22942
55098	-4325.566	-4612.781	287.2153	0.8689428	0.4890118	11.85731
55104	-4323.129	-4611.699	288.57	0.9758895	0.4095022	11.16739
55110	-4331.407	-4616.431	285.024	0.8826943	0.3710356	13.1047
55116	-4322.11	-4611.561	289.4512	0.898641	0.4183406	10.73748
55122	-4320.468	-4608.012	287.5439	0.9611421	0.4255493	11.69592
55128	-4326.463	-4613.969	287.5066	1.011222	0.4187037	11.69592
55134	-4313.251	-4599.174	285.9232	0.8133904	0.3757823	12.66799
55140	-4316.767	-4602.38	285.6135	0.8478495	0.5304819	12.66799
55146	-4316.547	-4603.519	286.9722	0.731447	0.3947382	12.14465
55152	-4321.796	-4607.196	285.4002	0.760766	0.3806245	12.96245
55158	-4325.336	-4610.557	285.2207	0.8972541	0.5309282	12.84635
55164	-4321.495	-4608.701	287.2057	0.7291276	0.4593196	11.9619
55170	-4328.217	-4616.834	288.617	0.7600948	0.4057203	11.25952
55176	-4337.945	-4624.134	286.1882	0.859123	0.4679266	12.41679
55182	-4336.896	-4626.558	289.6627	0.9096273	0.3861617	10.65321
55188	-4328.099	-4618.561	290.4622	0.8274599	0.3364564	10.33046
55194	-4329.912	-4616.59	286.6779	0.7848253	0.3970312	12.26795
55200	-4311.039	-4598.361	287.3226	0.8482166	0.3532858	11.94457
55206	-4304.639	-4588.629	283.9905	0.886248	0.4339018	13.57697
55212	-4327.283	-4611.91	284.6271	0.962446	0.4391488	13.20178
55218	-4325.384	-4613.668	288.2838	0.9334047	0.4391488	11.31066
55224	-4313.278	-4603.675	290.3965	0.9698346	0.4075996	10.2144
55230	-4309.599	-4598.927	289.3275	1.079757	0.4909083	10.64004
55236	-4310.492	-4597.807	287.3149	0.9311647	0.5076281	11.75674
55242	-4305.781	-4590.543	284.7613	0.73243	0.4193569	13.27049
55248	-4300.744	-4585.102	284.3583	0.7354341	0.4193569	13.47824
55254	-4302.373	-4588.669	286.2964	0.792901	0.4129817	12.44666
55260	-4296.021	-4583.002	286.9812	0.8379949	0.484163	11.99992
55266	-4298.034	-4584.525	286.4903	0.8238728	0.4670758	12.27854
55272	-4300.904	-4587.68	286.7762	0.9020368	0.4345897	12.1188
55278	-4306.486	-4593.343	286.8571	0.8368179	0.4260124	12.1188
55284	-4310.623	-4595.587	284.9648	0.8206551	0.4132322	13.12487
55290	-4319.772	-4604.03	284.2578	0.879567	0.4802423	13.39929
55296	-4322.379	-4609.421	287.0411	0.9336814	0.4726848	11.92895
55302	-4309.042	-4598.191	289.1497	0.9147875	0.333035	10.97712
55308	-4304.038	-4592.263	288.2246	0.8410953	0.3532024	11.47728
55314	-4301.117	-4587.399	286.2823	0.8388545	0.3300668	12.51768
55320	-4302.426	-4589.196	286.7701	0.8938235	0.3848583	12.17545
55326	-4313.545	-4601.751	288.2054	0.9174064	0.3848583	11.41374
55332	-4313.489	-4605.065	291.576	1.013782	0.4830152	9.498702
55338	-4325.224	-4615.206	289.9818	1.112192	0.3793467	10.38647
55344	-4321.435	-4610.072	288.637	1.042546	0.3136348	11.20124
55350	-4314.635	-4602.619	287.984	0.8956308	0.3140022	11.61911
55356	-4319.505	-4607.564	288.0594	0.9773741	0.3840019	11.4596
55362	-4323.023	-4609.484	286.4604	0.92156	0.3840019	12.32332
55368	-4317.47	-4605.554	288.0838	0.9528047	0.2902567	11.56586
55374	-4317.998	-4602.056	284.0588	0.8886662	0.2902567	13.69489
55380	-4319.385	-4606.964	287.5786	0.9930501	0.3223738	11.77016
55386	-4319.303	-4606.73	287.4275	0.9930501	0.4855782	11.68472
55392	-4334.899	-4621.554	286.6554	0.7533979	0.3974176	12.29568
55398	-4323.602	-4613.135	289.5324	1.004462	0.4960011	10.5676
55404	-4358.147	-4644.875	286.7279	0.831439	0.3556332	12.26091
55410	-4313.866	-4600.085	286.2189	0.8092009	0.4164963	12.47505
55416	-4321.505	-4608.321	286.8161	0.7988353	0.4342515	12.15215
55422	-4321.455	-4607.236	285.7809	0.7864784	0.3870207	12.74443
55428	-4323.531	-4609.272	285.7404	0.8444042	0.3782678	12.74443
55434	-4329.474	-4616.531	287.0572	0.8514835	0.3756986	12.05733
55440	-4335.321	-4622.584	287.2624	0.9745121	0.4118871	11.84928
55446	-4335.382	-4624.533	289.1505	0.9458951	0.4523242	10.83795
55452	-4339.537	-4626.935	287.3984	0.9157297	0.4646956	11.75899
55458	-4316.582	-4605.509	288.927	0.9655765	0.4479853	10.94877
55464	-4309.14	-4598.28	289.1402	0.8917768	0.3744134	10.94877
55470	-4312.111	-4601.174	289.0627	0.8782516	0.3616946	11.01003
55476	-4311.101	-4597.961	286.8601	0.8064233	0.4839659	12.07974
55482	-4315.153	-4603.591	288.438	0.8746208	0.3960518	11.30299
55488	-4319.519	-4607.796	288.2767	0.8248649	0.3325336	11.4816
55494	-4324.955	-4610.163	285.2078	0.7643696	0.4160891	13.02498
55500	-4322.237	-4607.608	285.3707	0.7979698	0.376985	12.96224
55506	-4322.372	-4607.407	285.0349	0.7979698	0.3042761	13.21807
55512	-4316.105	-4604.187	288.0816	0.8443524	0.4129268	11.4883
55518	-4312.015	-4599.065	287.0501	0.8319168	0.3520477	12.09658
55524	-4314.401	-4600.967	286.5666	0.8031713	0.4173975	12.29619
55530	-4322.594	-4609.412	286.8176	0.8031713	0.2971881	12.29619
55536	-4315.824	-4602.007	286.1832	0.8721313	0.4098073	12.46743
55542	-4324.165	-4607.711	283.546	0.7194005	0.4098073	13.91745
55548	-4315.383	-4604.2	288.8171	0.9245978	0.4789163	10.99957
55554	-4317.174	-4605.681	288.5068	0.8958951	0.552404	11.11478
55560	-4316.877	-4601.048	284.1703	0.7923263	0.3654729	13.60101
55566	-4320.737	-4606.14	285.4036	0.7994903	0.5307816	12.80218
55572	-4315.415	-4604.416	289.0008	0.8988271	0.3552039	11.03872
55578	-4310.367	-4597.524	287.1566	0.8460069	0.3005718	12.09302
55584	-4324.626	-4609.866	285.24	0.8913142	0.4322149	12.92667
55590	-4316.11	-4601.517	285.4068	0.8541247	0.4178083	12.87314
55596	-4314.14	-4599.553	285.4127	0.9726918	0.3547879	12.87314
55602	-4324.53	-4613.246	288.7155	1.030329	0.3674434	11.10605
55608	-4338.686	-4628.902	290.216	1.006244	0.4513342	10.24787
55614	-4338.612	-4632.077	293.4644	1.216257	0.3738562	8.498302
55620	-4324.977	-4612.251	287.274	0.948295	0.389367	11.87953
55626	-4325.2	-4610.852	285.6518	0.9342114	0.4065419	12.71508
55632	-4322.194	-4610.312	288.1188	0.9817984	0.4128668	11.39703
55638	-4328.307	-4617.991	289.6838	0.8247889	0.3875482	10.68521
55644	-4316.881	-4603.189	286.3081	0.8343397	0.3875482	12.44451
55650	-4312.28	-4598.551	286.2715	0.8708624	0.3875482	12.44451
55656	-4305.44	-4592.665	287.2246	1.069243	0.4145792	11.8169
55662	-4313.244	-4603.72	290.4766	1.095981	0.4278756	10.08598
55668	-4304.252	-4592.647	288.3953	1.04222	0.3660717	11.26885
55674	-4305.722	-4591.966	286.2443	0.7954578	0.4350103	12.45116
55680	-4330.992	-4620.979	289.9867	0.8838419	0.3203877	10.56911
55686	-4354.172	-4644.129	289.9573	0.7506103	0.3082562	10.66883
55692	-4326.403	-4616.177	289.7738	0.92525	0.4152684	10.55727
55698	-4320.675	-4607.945	287.2701	0.9043066	0.4128739	11.8809
55704	-4325.853	-4610.52	284.6664	0.8074601	0.3448963	13.35784
55710	-4304.42	-4590.366	285.9457	0.7740439	0.3902869	12.66178
55716	-4307.173	-4596.917	289.7437	0.9785012	0.3022148	10.66865
55722	-4315.338	-4604.968	289.63	0.9415992	0.4685713	10.57375
55728	-4319.793	-4611.346	291.5528	0.9782756	0.3346684	9.679146
55734	-4320.464	-4608.58	288.116	0.992927	0.3339198	11.47616
55740	-4318.679	-4604.179	285.4994	0.9016318	0.4898098	12.73393
55746	-4306.2	-4593.415	287.2148	0.8596639	0.4898098	11.86171
55752	-4306.78	-4591.537	284.7568	0.7411429	0.3937763	13.29365
55758	-4308.76	-4596.602	287.8418	0.8313107	0.3938795	11.63954
55764	-4318.893	-4608.03	289.1369	1.038297	0.383208	10.86452
55770	-4314.069	-4603.332	289.263	0.934609	0.3719886	10.86452
55776	-4321.699	-4612.821	291.1216	1.153409	0.3083713	9.844946
55782	-4310.688	-4597.519	286.8312	0.9564458	0.5369006	11.97148
55788	-4312.68	-4600.122	287.4417	0.9229646	0.5956035	11.62374
55794	-4297.694	-4584.452	286.7586	0.7661729	0.4164967	12.21625
55800	-4317.431	-4601.736	284.3046	0.6921602	0.5270115	13.43234
55806	-4329.5	-4615.666	286.1663	0.6929888	0.3544458	12.6269
55812	-4319.913	-4611.204	291.2911	1.077007	0.3793583	9.715996
55818	-4308.77	-4597.802	289.0322	1.007835	0.3793583	10.93937
55824	-4312.387	-4595.694	283.307	0.8958599	0.4216947	13.9383
55830	-4308.532	-4596.579	288.0465	0.9636644	0.4216947	11.43568
55836	-4321.01	-4606.97	285.9602	0.8722466	0.4216947	12.5719
55842	-4323.85	-4610.631	286.781	0.7917411	0.407544	12.20007
55848	-4325.769	-4612.461	286.692	0.8422322	0.407544	12.22012
55854	-4320.896	-4607.197	286.3005	0.8264705	0.3865181	12.45359
55860	-4331.898	-4618.751	286.8531	0.7605605	0.4035404	12.18269
55866	-4332.968	-4619.314	286.3463	0.8967577	0.3632511	12.41751
55872	-4340.102	-4626.585	286.4832	0.9683795	0.5724728	12.11826
55878	-4342.442	-4628.756	286.3138	0.8212902	0.4120833	12.42367
55884	-4324.732	-4610.734	286.002	0.7416194	0.4510081	12.59043
55890	-4322.406	-4608.336	285.9295	0.8651723	0.4228564	12.59043
55896	-4317.799	-4602.114	284.3148	0.8707602	0.4327098	13.41777
55902	-4313.638	-4598.195	284.5565	0.7788272	0.3558826	13.41777
55908	-4320.784	-4606.713	285.929	0.807285	0.3454177	12.70083
55914	-4327.593	-4613.478	285.885	0.8557153	0.3433579	12.70083
55920	-4331.898	-4615.355	283.4565	0.7740975	0.3774184	13.9682
55926	-4333.413	-4618.432	285.0189	0.7608921	0.3774184	13.16395
55932	-4327.718	-4612.514	284.7963	0.8560442	0.3652017	13.24307
55938	-4324.112	-4613.57	289.4575	0.9243191	0.3992305	10.73974
55944	-4315.211	-4602.681	287.4702	0.8416195	0.4607716	11.76378
55950	-4310.598	-4595.552	284.9534	0.8308577	0.3127324	13.23328
55956	-4295.368	-4583.386	288.0183	0.835477	0.3542423	11.58688
55962	-4308.062	-4598.744	290.6812	0.8887829	0.3107894	10.21305
55968	-4308.824	-4597.253	288.4287	0.7901952	0.4452202	11.30405
55974	-4301.22	-4590.23	289.01	0.9066783	0.4009787	10.98178
55980	-4300.352	-4587.614	287.2621	0.735202	0.3952571	11.99097
55986	-4317.272	-4605.253	287.981	0.8549371	0.5227266	11.43573
55992	-4316.933	-4603.078	286.1454	0.9089487	0.4422291	12.43675
55998	-4329.991	-4616.319	286.3279	0.791984	0.4653802	12.38131
56004	-4318.368	-4607.073	288.7056	0.91174	0.3067113	11.24207
56010	-4322.294	-4607.524	285.2307	0.8296818	0.2883809	13.11924
56016	-4310.331	-4594.975	284.6439	0.7145471	0.3515647	13.41045
56022	-4308.581	-4593.06	284.4791	0.7648606	0.3567548	13.46426
56028	-4313.073	-4596.769	283.696	0.7748161	0.3877138	13.833
56034	-4302.058	-4585.842	283.7846	0.7577915	0.3525006	13.833
56040	-4311.565	-4599.04	287.475	0.9502626	0.5631282	11.61738
56046	-4314.967	-4599.263	284.2957	0.7636278	0.4258104	13.48991
56052	-4319.703	-4606.863	287.1604	0.8271588	0.367623	12.02473
56058	-4319.734	-4606.857	287.1232	0.8479702	0.3757036	12.02473
56064	-4324.352	-4611.778	287.4264	0.9183399	0.3194175	11.89208
56070	-4316.393	-4605.872	289.4792	0.8939892	0.4872717	10.66114
56076	-4317.913	-4607.616	289.7035	0.8127851	0.4084223	10.65999
56082	-4312.896	-4597.861	284.9647	0.785592	0.3786189	13.17804
56088	-4326.313	-4613.21	286.8966	0.8039873	0.409933	12.13104
56094	-4324.148	-4611.245	287.0962	0.7960569	0.4104861	12.03051
56100	-4313.707	-4598.331	284.6239	0.7791129	0.4004244	13.33624
56106	-4304.898	-4592.323	287.4252	0.7940608	0.4116163	11.85875
56112	-4302.571	-4589.48	286.9095	0.7513036	0.4116163	12.15013
56118	-4310.397	-4597.477	287.0797	0.7928292	0.4116163	12.03969
56124	-4310.156	-4600.02	289.8639	0.9129161	0.4116163	10.52008
56130	-4302.849	-4588.562	285.7129	0.8243114	0.5342363	12.62541
56136	-4307.476	-4592.563	285.0874	0.8303175	0.2760784	13.20887
56142	-4312.847	-4597.31	284.4636	0.6548992	0.3629118	13.52278
56148	-4305.025	-4591.375	286.3492	0.7948284	0.3565366	12.47637
56154	-4305.822	-4594.411	288.5886	0.9718028	0.4436297	11.12684
56160	-4310.612	-4594.926	284.3143	0.8087542	0.3515937	13.53265
56166	-4321.73	-4609.061	287.331	1.034164	0.4560362	11.74025
56172	-4307.238	-4595.18	287.942	0.779435	0.2988038	11.71999
56178	-4310.379	-4597.697	287.3179	0.8872514	0.4478806	11.83135
56184	-4316.104	-4604.733	288.6289	0.8565027	0.3267897	11.28743
56190	-4310.073	-4599.231	289.1574	0.9094087	0.4804406	10.82788
56196	-4322.954	-4608.678	285.7239	0.8100383	0.4072079	12.74149
56202	-4306.116	-4593.492	287.3761	0.7869538	0.3830488	11.91698
56208	-4318.049	-4606.29	288.2406	0.8100206	0.4528592	11.38497
56214	-4322.663	-4612.232	289.5691	0.8724881	0.3896157	10.71823
56220	-4313.481	-4602.214	288.7333	0.8739915	0.4672721	11.08045
56226	-4320.597	-4610.61	290.0123	0.8396919	0.4463081	10.44715
56232	-4317.36	-4604.648	287.2879	0.8273012	0.4749186	11.85366
56238	-4315.141	-4602.015	286.8739	0.8253977	0.4373808	12.10517
56244	-4307.992	-4596.649	288.6571	0.9173981	0.3726485	11.19021
56250	-4307.181	-4597.221	290.0394	0.9958607	0.514552	10.28984
56256	-4309.257	-4598.803	289.5459	0.8382547	0.3205097	10.82407
56262	-4331.925	-4618.972	287.0467	0.931033	0.59943	11.82292
56268	-4324.47	-4608.754	284.2839	0.8870261	0.5350343	13.33527
56274	-4320.127	-4605.626	285.499	0.7526128	0.389022	12.90667
56280	-4320.337	-4605.775	285.4375	0.7635807	0.4153636	12.90667
56286	-4320.96	-4606.678	285.7173	0.7798195	0.4049831	12.76287
56292	-4315.055	-4601.937	286.882	0.8974919	0.5657243	11.95255
56298	-4309.125	-4596.081	286.9567	0.8284567	0.3605013	12.1379
56304	-4312.868	-4601.632	288.7644	0.8855095	0.3605101	11.1637
56310	-4299.524	-4587.676	288.1518	0.8377852	0.3966381	11.47132
56316	-4303.805	-4593.273	289.4677	1.000641	0.4676687	10.62878
56322	-4304.968	-4589.206	284.2373	0.938334	0.3594947	13.49679
56328	-4302.171	-4591.685	289.5144	0.9028729	0.3773207	10.74375
56334	-4295.463	-4586.091	290.6281	0.9248332	0.3500366	10.17682
56340	-4311.478	-4602.167	290.6884	0.9074594	0.3300567	10.17682
56346	-4321.717	-4612.484	290.7671	0.923412	0.2886637	10.17682
56352	-4310.884	-4598.247	287.3626	1.069188	0.55475	11.62069
56358	-4305.12	-4596.524	291.4039	1.011524	0.3656685	9.705677
56364	-4307.538	-4596.777	289.2394	0.9846185	0.3651703	10.85797
56370	-4296.05	-4583.453	287.4027	0.7876134	0.4520772	11.83518
56376	-4283.831	-4568.486	284.655	0.7662651	0.4242396	13.30343
56382	-4292.77	-4578.585	285.8145	0.751578	0.4396422	12.69346
56388	-4299.241	-4584.366	285.1244	0.8103224	0.4964612	12.97075
56394	-4303.417	-4590.729	287.3116	0.8270662	0.4964612	11.82242
56400	-4316.875	-4602.238	285.3637	0.8902212	0.3223184	12.97792
56406	-4335.675	-4624.101	288.4259	0.8372889	0.3506401	11.37681
56412	-4320.607	-4609.189	288.5815	0.888066	0.3562928	11.26268
56418	-4324.935	-4611.249	286.3142	0.7247789	0.4221678	12.46392
56424	-4319.468	-4606.995	287.527	0.8813056	0.3716025	11.80094
56430	-4317.667	-4602.222	284.555	0.9031213	0.4439211	13.26565
56436	-4312.683	-4597.892	285.2094	0.7720042	0.3982094	13.03787
56442	-4316.16	-4601.384	285.2234	0.7702879	0.3620674	13.06902
56448	-4306.344	-4591.414	285.0701	0.7637257	0.4399672	13.07409
56454	-4311.501	-4596.346	284.8445	0.8940604	0.4948784	13.07409
56460	-4326.528	-4615.124	288.5951	0.7830761	0.5187695	11.15537
56466	-4306.6	-4591.632	285.032	0.8151631	0.413699	13.09234
56472	-4309.492	-4599.257	289.7646	0.8408291	0.3606046	10.66292
56478	-4314.735	-4600.385	285.6502	0.8373629	0.3650549	12.80895
56484	-4309.053	-4599.78	290.7276	1.061797	0.3925468	10.00712
56490	-4309.699	-4596.973	287.2741	0.977009	0.3301105	11.92858
56496	-4306.521	-4593.866	287.3455	0.6942799	0.5332904	11.84288
56502	-4308.903	-4596.169	287.2661	0.8858635	0.3969167	11.90859
56508	-4313.008	-4599.798	286.7902	0.8102264	0.4781778	12.11933
56514	-4302.449	-4589.697	287.2475	0.8587843	0.3477343	11.98437
56520	-4295.59	-4585.492	289.9025	0.6729326	0.346915	10.69366
56526	-4299.118	-4586.592	287.474	0.740674	0.3203398	11.95883
56532	-4290.653	-4578.171	287.5186	0.794521	0.3395382	11.88553
56538	-4313.373	-4602.322	288.9488	0.8964082	0.3395382	11.08462
56544	-4309.144	-4592.218	283.0738	0.7447413	0.5293847	14.04177
56550	-4319.68	-4606.205	286.5247	0.7376865	0.3534167	12.41807
56556	-4311.511	-4597.142	285.6312	0.8538874	0.4037169	12.77037
56562	-4305.184	-4590.934	285.7498	0.8225777	0.3598507	12.77037
56568	-4303.565	-4591.933	288.3678	0.7736966	0.415798	11.37279
56574	-4300.181	-4585.695	285.5138	0.7992755	0.415798	12.84795
56580	-4319.951	-4608.209	288.258	0.8620379	0.3394255	11.46415
56586	-4324.295	-4614.692	290.3976	0.853238	0.5206379	10.17138
56592	-4314.881	-4604.229	289.3472	0.9930653	0.4277285	10.73338
56598	-4297.515	-4583.812	286.2968	0.8106815	0.3546215	12.49746
56604	-4296.57	-4580.602	284.0323	0.832607	0.436094	13.58106
56610	-4302.441	-4590.817	288.376	0.7948618	0.3536801	11.42173
56616	-4307.014	-4594.415	287.4014	0.8094196	0.3368341	11.94196
56622	-4314.232	-4604.111	289.8793	0.9407986	0.3707763	10.53933
56628	-4308.838	-4598.735	289.8966	0.9599848	0.395834	10.49406
56634	-4303.748	-4591.238	287.4903	0.9505841	0.5122102	11.65104
56640	-4313.182	-4603.482	290.3002	0.9185238	0.3718178	10.32886
56646	-4316.257	-4601.972	285.7149	0.7953897	0.4029417	12.75807
56652	-4314.142	-4600.873	286.731	0.6971578	0.4475907	12.23697
56658	-4316.614	-4607.422	290.8082	0.8048541	0.3900629	10.10244
56664	-4306.04	-4593.401	287.3603	0.9451078	0.3419801	11.88684
56670	-4308.572	-4595.895	287.3223	0.7714464	0.5495754	11.80141
56676	-4315.163	-4600.765	285.6022	0.8401323	0.3225944	12.87959
56682	-4317.958	-4601.668	283.71	0.7409683	0.473099	13.76195
56688	-4312.004	-4598.202	286.1977	0.7971681	0.3397379	12.57255
56694	-4310.442	-4596.23	285.788	0.8873691	0.323541	12.75726
56700	-4317.057	-4602.704	285.6478	0.7874828	0.4138522	12.7863
56706	-4330.017	-4616.606	286.5893	0.7717989	0.4539382	12.26605
56712	-4336.134	-4621.901	285.7666	0.8680411	0.4267431	12.67005
56718	-4320.012	-4606.041	286.0293	0.8600755	0.3827026	12.58129
56724	-4323.183	-4614.468	291.2846	0.9098375	0.3878356	9.79867
56730	-4304.179	-4593.025	288.8463	0.9574073	0.3954456	11.04653
56736	-4317.108	-4604.152	287.044	0.8277433	0.3954278	12.05627
56742	-4318.895	-4608.203	289.3076	0.889206	0.4074887	10.82844
56748	-4325.913	-4615.457	289.5438	0.9566202	0.4275924	10.64949
56754	-4326.942	-4613.183	286.2409	0.8096651	0.39876	12.48097
56760	-4319.123	-4605.143	286.0206	0.838772	0.3834037	12.59616
56766	-4329.234	-4618.442	289.208	0.9643598	0.4138429	10.83495
56772	-4322.812	-4608.954	286.1421	0.7236173	0.42103	12.55522
56778	-4326.935	-4611.038	284.1028	0.7946912	0.4431573	13.55752
56784	-4326.396	-4612.468	286.0724	0.8508535	0.3945375	12.55153
56790	-4313.077	-4600.722	287.6447	0.7924627	0.4144293	11.74224
56796	-4311.181	-4602.317	291.1362	1.03305	0.4786714	9.724429
56802	-4327.747	-4612.524	284.777	0.8333723	0.3990683	13.22988
56808	-4341.053	-4625.457	284.4034	0.7062347	0.4183562	13.47096
56814	-4310.584	-4599.069	288.4848	0.7827241	0.3738001	11.34961
56820	-4320.903	-4610.912	290.0093	0.8982203	0.5686073	10.31257
56826	-4299.711	-4587.793	288.0815	0.872746	0.4718725	11.418
56832	-4321.326	-4606.441	285.1148	0.830838	0.477861	12.98133
56838	-4310.892	-4597.808	286.9166	0.9331835	0.3982229	12.0649
56844	-4308.681	-4595.075	286.3943	0.8923912	0.3982229	12.35846
56850	-4321.144	-4604.885	283.7403	0.8476394	0.4092257	13.75067
56856	-4314.636	-4602.346	287.7097	0.9920069	0.3686454	11.6508
56862	-4320.521	-4606.334	285.8127	0.8335758	0.5458202	12.55917
56868	-4325.257	-4613.765	288.5084	0.9542061	0.3350699	11.28988
56874	-4303.051	-4591.749	288.6977	0.9142714	0.4388735	11.10433
56880	-4317.894	-4604.748	286.8543	0.8712424	0.4491012	12.08048
56886	-4315.023	-4603.787	288.7647	0.8993867	0.3712696	11.14474
56892	-4314.501	-4601.566	287.0647	1.019402	0.3445427	11.99946
56898	-4332.773	-4620.539	287.7661	0.9561736	0.4587889	11.55117
56904	-4328.434	-4616.335	287.9009	0.7624896	0.3230348	11.72149
56910	-4323.799	-4611.16	287.3607	0.6951002	0.3359214	12.02389
56916	-4315.527	-4600.589	285.0624	0.7937506	0.4104458	13.09083
56922	-4317.929	-4603.159	285.2303	0.6884483	0.3783027	13.09083
56928	-4318.553	-4610.229	291.6763	0.8691227	0.3050843	9.706435
56934	-4315.251	-4600.527	285.2758	0.8044428	0.3750422	13.01026
56940	-4315.318	-4600.524	285.2057	0.8745001	0.3750422	13.01026
56946	-4314.831	-4604.785	289.9539	0.9851885	0.4059186	10.44058
56952	-4310.672	-4597.352	286.6803	0.9181277	0.4153976	12.17892
56958	-4316.541	-4606.907	290.3662	0.850472	0.3327691	10.37303
56964	-4312.814	-4601.045	288.2312	0.9389703	0.3557521	11.41985
56970	-4307.853	-4597.152	289.2994	0.8815926	0.4806186	10.76785
56976	-4320.137	-4605.935	285.7972	0.6719256	0.4042142	12.7782
56982	-4307.64	-4595.211	287.5712	0.8882037	0.4362825	11.70949
56988	-4305.565	-4590.785	285.22	0.9006853	0.3332807	13.03465
56994	-4318.464	-4607.11	288.6464	0.9184886	0.3868302	11.18041
57000	-4313.803	-4597.707	283.9038	0.8561311	0.3712357	13.70009
57006	-4317.158	-4600.262	283.104	0.778165	0.3712357	14.15534
57012	-4324.855	-4608.162	283.3072	0.8213484	0.4817113	13.92158
57018	-4315.576	-4603.481	287.9057	0.9426251	0.3122659	11.6375
57024	-4324.992	-4614.149	289.1573	0.881294	0.3109859	11.01642
57030	-4333.465	-4618.134	284.6693	0.8228613	0.4745035	13.22006
57036	-4326.044	-4613.345	287.3005	0.9392934	0.4725585	11.79072
57042	-4325.395	-4609.171	283.7758	0.6451517	0.4303593	13.81688
57048	-4330.136	-4616.965	286.8289	0.7620081	0.4268387	12.17175
57054	-4318.312	-4601.447	283.1351	0.6624416	0.3899795	14.17979
57060	-4321.778	-4604.709	282.931	0.6769238	0.474922	14.19751
57066	-4318.855	-4601.137	282.2819	0.8113244	0.474922	14.46412
57072	-4310.81	-4594.142	283.332	0.9557161	0.414913	13.90088
57078	-4332.605	-4620.712	288.107	0.9038665	0.4116521	11.44516
57084	-4337.285	-4621.211	283.9263	0.8568279	0.4924738	13.57254
57090	-4326.543	-4617.492	290.9491	0.9949449	0.4632942	9.857026
57096	-4311.502	-4601.899	290.397	1.092361	0.4710227	10.08935
57102	-4314.445	-4602.149	287.7042	1.114465	0.4253626	11.53225
57108	-4306.78	-4595.98	289.1993	0.8450404	0.4084265	10.90744
57114	-4316.458	-4604.89	288.4322	0.8302116	0.3474676	11.38074
57120	-4329.493	-4613.897	284.4047	0.816	0.3857221	13.44583
57126	-4330.529	-4615.181	284.6512	0.8312996	0.3417479	13.35681
57132	-4322.432	-4612.219	289.787	0.7949072	0.4837278	10.55473
57138	-4312.154	-4600.373	288.2181	0.8448924	0.3874681	11.44229
57144	-4330.926	-4616.848	285.9219	0.8026305	0.3516756	12.70007
57150	-4310.062	-4595.575	285.5131	0.8731118	0.5600493	12.68317
57156	-4296.626	-4583.233	286.6078	0.6931315	0.4141671	12.33521
57162	-4320.816	-4608.977	288.1614	0.7877358	0.3491203	11.54269
57168	-4335.549	-4623.576	288.0269	0.8173116	0.401218	11.54269
57174	-4315.306	-4604.725	289.4189	0.794135	0.329845	10.90295
57180	-4310.645	-4599.843	289.1982	0.9506892	0.3599783	10.90295
57186	-4304.511	-4591.33	286.819	0.8117911	0.3967573	12.18058
57192	-4309.403	-4594.075	284.6721	0.7335436	0.3767771	13.35907
57198	-4305.413	-4594.324	288.9108	0.8535806	0.3755514	11.08774
57204	-4312.151	-4597.747	285.5953	0.8284426	0.4097855	12.79631
57210	-4309.159	-4595.819	286.6598	0.7673753	0.3487281	12.33738
57216	-4312.572	-4599.09	286.5174	0.7062931	0.4542269	12.33738
57222	-4314.611	-4604.159	289.5476	0.8294362	0.3708268	10.77169
57228	-4314.12	-4601.315	287.1957	0.8039375	0.3696288	12.01629
57234	-4313.516	-4600.899	287.3826	0.8026476	0.362458	11.92711
57240	-4305.381	-4591.566	286.1843	0.8187673	0.4101425	12.49437
57246	-4318.72	-4602.243	283.5229	0.8251042	0.4116286	13.87282
57252	-4325.959	-4610.155	284.1963	0.7876014	0.3966769	13.55766
57258	-4320.574	-4607.722	287.148	0.8353389	0.5051286	11.89601
57264	-4328.346	-4613.736	285.3895	0.8829992	0.4045687	12.88016
57270	-4324.214	-4611.943	287.7282	0.9504064	0.2620301	11.78909
57276	-4320.65	-4607.987	287.3369	0.9584043	0.393662	11.83707
57282	-4321.983	-4604.74	282.7575	0.8753041	0.3852393	14.27002
57288	-4320.551	-4603.873	283.322	0.9402367	0.434431	13.89532
57294	-4332.567	-4620.307	287.7395	0.847416	0.434431	11.64463
57300	-4332.055	-4617.386	285.3308	0.8289257	0.3306001	13.01739
57306	-4332.073	-4616.501	284.4276	0.7138489	0.359553	13.51446
57312	-4327.61	-4617.516	289.9056	0.9367048	0.4709275	10.42951
57318	-4333.458	-4627.551	294.0935	1.112012	0.4709275	8.122962
57324	-4317.67	-4605.385	287.7143	0.8469512	0.3883632	11.70358
57330	-4326.093	-4610.179	284.0865	0.7649617	0.418801	13.60457
57336	-4332.826	-4616.933	284.1065	0.7449342	0.418801	13.60457
57342	-4325.448	-4609.603	284.1552	0.7580829	0.3865881	13.60457
57348	-4313.995	-4599.634	285.6393	0.8786658	0.434551	12.72331
57354	-4332.741	-4618.579	285.8381	0.7121415	0.4170699	12.72331
57360	-4329.169	-4611.885	282.7164	0.8507123	0.4170699	14.27231
57366	-4325.334	-4609.606	284.2714	0.8576632	0.3846284	13.49458
57372	-4335.469	-4626.669	291.2	0.9738193	0.3581417	9.841167
57378	-4334.677	-4619.77	285.0923	0.7985259	0.3683356	13.11577
57384	-4335.865	-4622.173	286.308	0.9239394	0.3683356	12.4179
57390	-4331.663	-4619.427	287.7644	0.9350484	0.3113436	11.71638
57396	-4327.506	-4615.86	288.3535	0.9331045	0.4415616	11.27206
57402	-4328.092	-4612.881	284.789	0.8128126	0.3533716	13.28204
57408	-4335.872	-4623.224	287.352	0.827913	0.4266976	11.86461
57414	-4320.568	-4609.924	289.3558	0.8398211	0.4232467	10.81354
57420	-4322.033	-4606.908	284.8753	0.7851136	0.4397506	13.16442
57426	-4319.946	-4607.697	287.7513	0.8838859	0.4397506	11.61436
57432	-4315.914	-4601.647	285.7332	0.8154338	0.418643	12.72262
57438	-4308.972	-4596.706	287.734	0.9131088	0.4968541	11.55647
57444	-4309.055	-4597.01	287.9551	0.8879257	0.444743	11.50109
57450	-4319.711	-4607.13	287.4191	0.9645044	0.5744419	11.63022
57456	-4323.823	-4612.381	288.5589	0.8675043	0.3235497	11.32204
57462	-4317.836	-4605.121	287.2855	0.8266042	0.4638602	11.86524
57468	-4325.326	-4611.057	285.7304	0.9435247	0.3684236	12.70837
57474	-4320.619	-4606.081	285.4617	0.7857419	0.4143862	12.8835
57480	-4316.604	-4603.597	286.9935	0.7671092	0.368422	12.14224
57486	-4321.356	-4610.458	289.1018	1.118078	0.4374118	10.78723
57492	-4333.652	-4618.96	285.3077	0.7557019	0.3487987	13.04715
57498	-4333.265	-4618.623	285.3585	0.8408355	0.3276753	13.00015
57504	-4314.338	-4601.775	287.4373	0.9699963	0.4270179	11.74557
57510	-4328.509	-4615.034	286.5249	0.8428613	0.3438179	12.37376
57516	-4320.426	-4605.364	284.9378	0.7730184	0.5002649	13.0839
57522	-4323.887	-4611.666	287.7793	0.8041384	0.3966348	11.68358
57528	-4323.072	-4609.451	286.3791	0.7391171	0.4056316	12.43886
57534	-4313.109	-4599.158	286.0487	0.8971663	0.4056316	12.52862
57540	-4317.553	-4601.711	284.1581	0.8332398	0.3653787	13.58619
57546	-4320.332	-4608.658	288.3255	0.6974934	0.3852422	11.46553
57552	-4316.694	-4603.745	287.0513	0.8380175	0.3473223	12.09799
57558	-4315.377	-4602.479	287.1027	0.6536341	0.3782998	12.1341
57564	-4328.423	-4615.916	287.4932	0.9157008	0.4997751	11.67843
57570	-4324.102	-4611.623	287.5212	0.8877065	0.4997751	11.67843
57576	-4333.178	-4621.611	288.4327	0.9461453	0.2859719	11.39228
57582	-4335.037	-4621.041	286.0044	0.8879581	0.4477133	12.51603
57588	-4314.997	-4601.242	286.2444	0.8045555	0.3657057	12.51603
57594	-4327.1	-4611.066	283.9661	0.7762947	0.3719544	13.70844
57600	-4329.943	-4616.204	286.2615	0.7207702	0.3766678	12.53918
57606	-4331.192	-4620.161	288.9691	0.8065675	0.319373	11.14417
57612	-4330.979	-4614.634	283.6548	0.7371268	0.3851378	13.87658
57618	-4331.157	-4614.884	283.7271	0.7944844	0.3232206	13.87658
57624	-4330.386	-4615.575	285.1892	0.7367465	0.4195383	13.04567
57630	-4321.88	-4606.991	285.1106	0.8153493	0.4195383	13.04567
57636	-4340.096	-4625.849	285.7529	0.8991227	0.6066364	12.50878
57642	-4334.889	-4622.034	287.1447	0.8809007	0.4669027	11.90763
57648	-4345.815	-4632.812	286.9966	0.8316072	0.4013496	12.07304
57654	-4339.729	-4625.357	285.6278	0.7583608	0.3796293	12.84639
57660	-4335.45	-4619.886	284.4355	0.7188874	0.511918	13.36311
57666	-4312.345	-4600.006	287.661	0.8388459	0.3124795	11.81926
57672	-4315.55	-4602.967	287.417	1.082804	0.3124795	11.81926
57678	-4319.106	-4606.786	287.68	0.8198409	0.3124795	11.81926
57684	-4330.074	-4617.877	287.8033	0.8971137	0.3725051	11.64743
57690	-4338.627	-4624.893	286.2659	0.8737233	0.3178076	12.52223
57696	-4331.24	-4619.506	288.2659	0.910725	0.4035944	11.3665
57702	-4329.309	-4617.218	287.9099	1.014289	0.5507428	11.3665
57708	-4331.706	-4615.773	284.0674	0.7623557	0.3563178	13.67977
57714	-4342.637	-4628.632	285.9947	0.8604639	0.3563178	12.62701
57720	-4336.283	-4622.728	286.4445	0.817552	0.3294695	12.44497
57726	-4339.234	-4621.085	281.8505	0.7428506	0.4043604	14.78899
57732	-4340.493	-4627.072	286.5789	0.8067827	0.4096817	12.29543
57738	-4322.906	-4605.934	283.0281	0.776163	0.3026039	14.27268
57744	-4321.889	-4608.942	287.0535	0.8376134	0.3400495	12.10515
57750	-4344.089	-4628.872	284.7833	0.7241484	0.4569487	13.22796
57756	-4330.932	-4615.89	284.9579	0.7698189	0.3430784	13.22796
57762	-4325.262	-4609.034	283.7721	0.8046147	0.419964	13.74602
57768	-4326.323	-4613.737	287.414	0.8544325	0.4475715	11.7986
57774	-4329.004	-4616.482	287.4773	0.8869912	0.3960441	11.7986
57780	-4326.272	-4611.861	285.589	0.7799659	0.3343736	12.9043
57786	-4334.775	-4619.323	284.5474	0.6676531	0.4041491	13.43017
57792	-4348.118	-4635.774	287.6555	0.7869277	0.3580386	11.79763
57798	-4341.958	-4628.374	286.4162	0.8570106	0.3680037	12.39676
57804	-4330.069	-4614.298	284.2285	0.7838037	0.4167467	13.52307
57810	-4332.715	-4615.878	283.1631	0.6966501	0.5306083	14.01936
57816	-4338.946	-4625.238	286.2924	0.9963129	0.5078471	12.25602
57822	-4337.17	-4624.172	287.0022	0.7060223	0.3569183	12.1819
57828	-4333.774	-4620.761	286.9865	0.7186398	0.4335491	12.10574
57834	-4341.341	-4629.801	288.4601	0.8960744	0.4978043	11.18481
57840	-4325.569	-4611.779	286.2103	0.7628858	0.4336977	12.4871
57846	-4317.283	-4602.257	284.9738	0.725233	0.4336977	13.15002
57852	-4321.066	-4608.952	287.8853	0.9360664	0.3909018	11.56508
57858	-4323.64	-4610.532	286.8921	0.8836428	0.4249707	12.07716
57864	-4317.249	-4603.426	286.1774	0.7513854	0.4249707	12.51858
57870	-4317.34	-4603.458	286.1184	0.7827373	0.4401082	12.51858
57876	-4320.144	-4607.621	287.4762	0.8363821	0.3145377	11.91455
57882	-4319.336	-4601.366	282.0308	0.758953	0.416821	14.67515
57888	-4323.436	-4609.017	285.5818	0.8629825	0.4290831	12.7666
57894	-4330.578	-4614.542	283.9642	0.8506053	0.4966759	13.55243
57900	-4329.14	-4615.919	286.7786	0.797893	0.495574	12.11649
57906	-4314.327	-4600.04	285.7132	0.8716524	0.3390863	12.78669
57912	-4326.119	-4614.501	288.382	0.9370431	0.3785762	11.31764
57918	-4327.905	-4617.048	289.1424	1.049761	0.2767585	10.97833
57924	-4322.641	-4608.859	286.218	0.7041705	0.397396	12.54917
57930	-4327.355	-4613.674	286.319	0.7808654	0.3124852	12.54917
57936	-4329.666	-4615.892	286.2255	0.7780137	0.3325073	12.57617
57942	-4326.211	-4614.434	288.2232	0.7780137	0.3589211	11.50475
57948	-4310.665	-4597.845	287.1804	0.8865754	0.4802344	11.87409
57954	-4308.797	-4597.095	288.2981	0.8649054	0.470918	11.30971
57960	-4314.073	-4601.171	287.0983	0.8649054	0.4383382	11.96659
57966	-4319.671	-4605.352	285.6807	0.8390565	0.3665141	12.79063
57972	-4323.473	-4607.2	283.7272	0.8047109	0.4589638	13.73267
57978	-4317.272	-4604.727	287.4554	0.8344733	0.4256207	11.80822
57984	-4328.669	-4613.011	284.3422	0.8407035	0.4160294	13.4352
57990	-4321.268	-4608.593	287.3251	0.8118409	0.3369418	11.98041
57996	-4325.062	-4608.917	283.855	0.7719937	0.4634026	13.67934
58002	-4336.912	-4622.506	285.5943	0.800638	0.4381971	12.78391
58008	-4328.014	-4613.408	285.3945	0.8363545	0.3448508	12.96443
58014	-4335.114	-4616.718	281.6045	0.6207574	0.3815289	15.00248
58020	-4318.505	-4606.551	288.0464	0.8995881	0.3300843	11.56573
58026	-4321.313	-4609.458	288.1441	0.7956322	0.391209	11.50289
58032	-4331.486	-4620.841	289.3547	0.8533665	0.391209	10.839
58038	-4322.172	-4613.688	291.5155	0.9633832	0.3586995	9.679756
58044	-4335.242	-4625.297	290.0551	0.8894439	0.379082	10.46523
58050	-4332.97	-4619.318	286.3487	0.8060497	0.3181489	12.51397
58056	-4334.945	-4618.97	284.0249	0.7976967	0.4474951	13.59236
58062	-4330.985	-4615.051	284.0656	0.7274798	0.4642435	13.59236
58068	-4335.209	-4624.223	289.0138	0.8343915	0.3261683	11.09827
58074	-4328.39	-4618.095	289.7051	0.8766967	0.356601	10.67964
58080	-4338.7	-4624.566	285.8661	0.75459	0.3462347	12.76011
58086	-4329.199	-4613.547	284.3488	0.8095656	0.2729773	13.6072
58092	-4331.123	-4613.94	282.8168	0.7196861	0.4065365	14.29852
58098	-4318.112	-4601.722	283.6101	0.7663688	0.4065365	13.86307
58104	-4321.526	-4608.175	286.649	0.8807229	0.323549	12.31233
58110	-4317.777	-4604.642	286.8644	0.8377721	0.4410923	12.10015
58116	-4323.247	-4605.499	282.2523	0.674644	0.3603681	14.6616
58122	-4317.453	-4602.952	285.4991	0.6753733	0.3382132	13.00111
58128	-4315.725	-4604.114	288.3892	0.8592869	0.4685814	11.26706
58134	-4319.217	-4600.37	281.1535	0.8193549	0.4664877	15.05149
58140	-4326.329	-4613.833	287.5038	0.9459877	0.3072611	11.85159
58146	-4326.249	-4610.92	284.671	0.7709372	0.3758846	13.3411
58152	-4315.884	-4600.45	284.566	0.7762124	0.4277638	13.3411
58158	-4320.801	-4606.179	285.378	0.8296631	0.339509	12.98243
58164	-4328.808	-4616.946	288.1379	0.8955869	0.4756708	11.37315
58170	-4331.517	-4620.148	288.6316	0.8684544	0.4155296	11.18542
58176	-4326.739	-4611.848	285.1096	0.7925405	0.3323332	13.14936
58182	-4331.937	-4617.031	285.0946	0.6753017	0.3966896	13.14936
58188	-4316.389	-4604.706	288.3165	0.7580406	0.3042475	11.52887
58194	-4332.534	-4619.677	287.1432	0.7315946	0.4630082	11.98983
58200	-4343.833	-4633.117	289.2842	0.8776426	0.5946745	10.68367
58206	-4325.643	-4614.044	288.401	0.8864584	0.3662073	11.3472
58212	-4314.727	-4600.521	285.7947	0.8264091	0.4478271	12.65717
58218	-4319.512	-4603.054	283.5422	0.8264091	0.4477202	13.82772
58224	-4319.848	-4605.641	285.7924	1.049339	0.3676893	12.6218
58230	-4318.634	-4604.514	285.8804	0.8827718	0.4076137	12.6218
58236	-4328.584	-4614.74	286.1557	0.8827718	0.4396294	12.44748
58242	-4318.558	-4606.698	288.1399	0.921137	0.4208048	11.40995
58248	-4316.963	-4606.493	289.5293	0.7642479	0.3178341	10.87471
58254	-4323.16	-4608.986	285.826	0.9030375	0.3773993	12.67024
58260	-4311.766	-4597.517	285.7509	0.7736805	0.4910199	12.66857
58266	-4330.57	-4619.039	288.4698	0.9348269	0.4746671	11.1799
58272	-4336.824	-4624.151	287.3271	0.834688	0.2641183	12.05606
58278	-4330.403	-4617.815	287.4116	0.8908351	0.3673416	11.86072
58284	-4329.431	-4617.563	288.1321	0.8109041	0.3673416	11.5261
58290	-4325.315	-4610.856	285.5416	0.7857318	0.4833211	12.77794
58296	-4323.728	-4608.148	284.4197	0.6763492	0.3527813	13.54535
58302	-4333.994	-4621.095	287.1008	0.7833344	0.4780378	11.97143
58308	-4332.03	-4618.313	286.283	0.8262159	0.4579133	12.39368
58314	-4314.981	-4602.345	287.3636	0.7616027	0.3947942	11.92467
58320	-4320.946	-4609.696	288.7492	1.118719	0.3922564	11.01618
58326	-4322.48	-4607.036	284.5559	0.86419	0.3350361	13.39676
58332	-4325.499	-4613.241	287.7425	0.8176006	0.3392726	11.7569
58338	-4325.781	-4611.748	285.9671	0.7684325	0.4817985	12.56681
58344	-4314.366	-4602.248	287.8819	0.8637275	0.4204492	11.57519
58350	-4313.8	-4601.71	287.9098	0.8456014	0.4152199	11.57519
58356	-4320.147	-4605.895	285.7483	0.728521	0.3695343	12.80979
58362	-4321.74	-4609.839	288.0998	0.8871121	0.3598344	11.51124
58368	-4311.754	-4598.465	286.7107	0.8315083	0.3787495	12.24528
58374	-4308.401	-4596.137	287.7359	0.6932931	0.3674851	11.79439
58380	-4317.267	-4606.492	289.2248	0.7793093	0.3668354	10.97141
58386	-4327.017	-4615.873	288.8565	0.7044042	0.3691843	11.20097
58392	-4313.823	-4599.781	285.9583	0.8093726	0.4393489	12.58878
58398	-4312.084	-4598.28	286.1965	0.760138	0.3430454	12.58878
58404	-4317.064	-4603.171	286.1073	0.858929	0.3385729	12.58878
58410	-4319.702	-4606.11	286.4084	0.8622561	0.3417931	12.42661
58416	-4322.643	-4610.946	288.303	0.8947275	0.4082999	11.35079
58422	-4319.694	-4606.467	286.7732	0.7479557	0.4082999	12.22622
58428	-4309.801	-4595.127	285.3262	0.7630592	0.3065488	13.08209
58434	-4307.352	-4595.026	287.6736	0.827952	0.3677367	11.75633
58440	-4313.824	-4600.861	287.037	0.7201236	0.4323445	12.07977
58446	-4316.733	-4606.356	289.6232	0.9613823	0.3877316	10.64517
58452	-4320.388	-4609.214	288.8262	0.7655999	0.3371712	11.21992
58458	-4316.192	-4601.163	284.9708	0.7472145	0.324174	13.25436
58464	-4327.496	-4613.781	286.2854	0.8279542	0.4246247	12.42276
58470	-4317.043	-4604.766	287.7233	0.7531239	0.3826759	11.75375
58476	-4306.765	-4594.929	288.1639	0.7531239	0.3730734	11.53364
58482	-4306.79	-4597.569	290.7797	1.033957	0.6021156	9.809714
58488	-4311.358	-4599.528	288.17	0.8746517	0.419295	11.42001
58494	-4315.443	-4604.462	289.0188	0.7787723	0.4601489	10.98728
58500	-4318.985	-4606.662	287.6776	0.7333988	0.4285163	11.74217
58506	-4315.55	-4601.64	286.0901	0.798944	0.4261782	12.53811
58512	-4306.227	-4592.482	286.2552	0.8040362	0.3405236	12.53811
58518	-4316.229	-4606.042	289.8123	0.9144069	0.2897073	10.68167
58524	-4304.631	-4593.348	288.7169	0.7738661	0.3602269	11.24732
58530	-4299.287	-4585.299	286.0118	0.7738661	0.3803439	12.63772
58536	-4320.36	-4607.728	287.3679	0.7981561	0.3432029	11.95816
58542	-4339.607	-4621.883	282.2755	0.8139442	0.415067	14.52171
58548	-4345.286	-4628.534	283.2478	0.8128722	0.4616177	13.9747
58554	-4329.533	-4614.068	284.5345	0.7847558	0.3894214	13.3909
58560	-4333.867	-4615.067	281.2006	0.7066934	0.4211082	15.12757
58566	-4334.219	-4616.717	282.4976	0.8766318	0.412495	14.37673
58572	-4322.238	-4609.256	287.018	0.812665	0.4781429	11.99924
58578	-4319.515	-4604.259	284.744	0.6903723	0.2793836	13.45572
58584	-4320.734	-4604.861	284.1267	0.8688777	0.4565981	13.49416
58590	-4320.351	-4605.574	285.2236	0.8165435	0.3424699	13.0662
58596	-4318.432	-4603.723	285.2913	0.8174794	0.4866949	12.8887
58602	-4307.586	-4595.102	287.5158	0.8174794	0.4792411	11.73591
58608	-4315.297	-4603.361	288.0645	0.9320582	0.5062816	11.36566
58614	-4300.706	-4584.374	283.6678	0.6492051	0.301552	14.00815
58620	-4292.866	-4578.681	285.8149	0.7202925	0.309156	12.84704
58626	-4298.127	-4581.497	283.3704	0.6926092	0.4308658	14.00204
58632	-4305.022	-4594.509	289.487	0.8677915	0.3195261	10.84062
58638	-4301.06	-4590.992	289.9322	0.9233593	0.3225848	10.57441
58644	-4308.487	-4599.07	290.5833	0.9324899	0.4736909	10.07303
58650	-4304.358	-4591.244	286.886	0.803908	0.4736909	12.07664
58656	-4299.514	-4586.524	287.0103	0.8216607	0.3957918	12.07664
58662	-4302.785	-4587.865	285.0807	0.7993008	0.4461283	13.04429
58668	-4312.477	-4598.556	286.0795	0.6714213	0.3342091	12.70576
58674	-4299.729	-4585.722	285.9925	0.7595399	0.455704	12.58174
58680	-4305.446	-4592.536	287.0903	0.7890225	0.455704	11.99414
58686	-4317.038	-4604.167	287.1289	0.8001213	0.4281397	11.99414
58692	-4312.995	-4600.181	287.186	0.8253883	0.4766471	11.90626
58698	-4313.047	-4600.972	287.9253	0.9151653	0.3539957	11.59409
58704	-4315.672	-4604.393	288.7204	0.8659856	0.4078163	11.14787
58710	-4317.99	-4604.835	286.8455	0.7713174	0.4852879	12.10449
58716	-4314.828	-4601.057	286.2281	0.7928722	0.335381	12.56384
58722	-4309.135	-4595.133	285.9986	0.6555566	0.3565026	12.73145
58728	-4309.386	-4597.143	287.7565	0.8719066	0.396879	11.65981
58734	-4325.542	-4614.294	288.7521	0.8083838	0.4010609	11.16821
58740	-4309.729	-4596.692	286.9631	0.818456	0.5195378	11.98907
58746	-4314.006	-4602.692	288.6856	0.7901081	0.3441657	11.27279
58752	-4313.154	-4601.84	288.6863	0.7670008	0.3548106	11.27279
58758	-4309.675	-4598.448	288.7723	0.6401389	0.3759035	11.27156
58764	-4308.609	-4598.674	290.0655	0.8341146	0.3479512	10.52239
58770	-4318.655	-4605.893	287.2376	0.7302372	0.3865926	12.01519
58776	-4305.267	-4590.269	285.0028	0.7412536	0.4010206	13.15844
58782	-4314.831	-4602.43	287.5989	0.8493938	0.3543255	11.7986
58788	-4315.267	-4602.457	287.1894	0.9177909	0.3543255	11.97666
58794	-4302.772	-4590.288	287.5157	0.8360561	0.3946289	11.80656
58800	-4295.001	-4583.005	288.0038	0.8869604	0.3450489	11.57767
58806	-4299.823	-4585.278	285.455	0.8759952	0.4015293	12.85273
58812	-4301.887	-4584.86	282.973	0.6676781	0.3536697	14.29918
58818	-4297.291	-4582.078	284.7866	0.7245016	0.4110992	13.26953
58824	-4302.887	-4586.584	283.6977	0.7513747	0.342176	13.89275
58830	-4304.758	-4588.244	283.4862	0.8024633	0.3893647	13.92582
58836	-4311.02	-4595.1	284.0796	0.8657456	0.3770307	13.59781
58842	-4318.217	-4604.359	286.1418	0.8269098	0.4693548	12.45645
58848	-4320.366	-4609.381	289.0147	0.870934	0.3625724	11.03807
58854	-4314.573	-4602.811	288.2381	0.7621204	0.4996437	11.36948
58860	-4322.783	-4610.023	287.2401	0.6743873	0.4185498	12.01101
58866	-4324.885	-4612.039	287.1538	0.8016417	0.3969941	12.01101
58872	-4321.453	-4605.951	284.4981	0.709485	0.4115309	13.42676
58878	-4314.191	-4598.711	284.52	0.6244361	0.4458527	13.42676
58884	-4317.597	-4603.85	286.253	0.7183848	0.3210912	12.606
58890	-4306.643	-4592.527	285.8842	0.6939233	0.4313466	12.69504
58896	-4308.481	-4594.335	285.8534	0.6686641	0.3191486	12.84212
58902	-4310.946	-4594.94	283.9948	0.6584078	0.467718	13.66181
58908	-4307.582	-4597.379	289.7973	0.8018918	0.3693374	10.65679
58914	-4315.374	-4596.349	280.9744	0.7245924	0.4095762	15.24646
58920	-4308.293	-4595.128	286.8353	0.8150627	0.5182801	12.0586
58926	-4309.656	-4595.663	286.0073	0.7257998	0.3985393	12.64646
58932	-4314.307	-4598.756	284.4496	0.6727371	0.4754425	13.41136
58938	-4319.27	-4605.005	285.7355	0.8151337	0.4259773	12.71447
58944	-4323.376	-4609.09	285.7134	0.846514	0.4259773	12.70966
58950	-4318.835	-4605.916	287.081	0.8874768	0.4721382	11.93268
58956	-4313.75	-4599.929	286.1786	0.9713801	0.3681854	12.46075
58962	-4326.623	-4613.744	287.1216	0.9713801	0.4550867	11.88323
58968	-4322.685	-4610.753	288.0678	0.8522191	0.3399457	11.5681
58974	-4334.754	-4622.576	287.8217	0.927401	0.4210083	11.57282
58980	-4329.28	-4615.015	285.7345	0.9030512	0.4733512	12.62535
58986	-4325.42	-4611.45	286.0299	0.8106962	0.456038	12.5353
58992	-4311.825	-4598.598	286.7728	0.7390105	0.4424627	12.19813
58998	-4306.537	-4592.434	285.8969	0.6787906	0.4068807	12.72011
59004	-4324.41	-4611.757	287.3471	0.7165632	0.5196696	11.84177
59010	-4307.915	-4595.56	287.645	0.7363065	0.3468691	11.84177
59016	-4304.385	-4592.507	288.1212	0.7757638	0.4498331	11.46811
59022	-4305.463	-4593.645	288.1822	0.8169813	0.3948641	11.46811
59028	-4315.161	-4599.164	284.0029	0.705857	0.4165428	13.68082
59034	-4322.402	-4606.351	283.9485	0.6680785	0.3942722	13.75072
59040	-4325.122	-4609.685	284.5632	0.7383227	0.408611	13.38086
59046	-4320.898	-4608.429	287.5316	0.947346	0.4556315	11.6812
59052	-4322.011	-4610.25	288.2388	0.8021007	0.4556315	11.38748
59058	-4320.149	-4606.741	286.5921	0.801228	0.4301148	12.27163
59064	-4330.823	-4617.184	286.3611	0.8350115	0.444944	12.36036
59070	-4324.04	-4609.364	285.3235	0.7444238	0.444944	12.94766
59076	-4323.416	-4610.893	287.4767	0.8288337	0.4273007	11.79845
59082	-4340.744	-4627.349	286.6051	0.8282277	0.348888	12.33397
59088	-4336.345	-4621.485	285.1393	0.6549827	0.4666076	13.07011
59094	-4335.526	-4620.024	284.4982	0.6178686	0.3978624	13.48787
59100	-4315.878	-4602.251	286.3732	0.7501601	0.3922834	12.44961
59106	-4310.596	-4596.244	285.6476	0.7085656	0.4270148	12.81471
59112	-4309.548	-4596.011	286.4635	0.6667881	0.4767257	12.36571
59118	-4300.495	-4586.511	286.0159	0.8653427	0.3725979	12.59605
59124	-4301.925	-4588.091	286.1666	0.7733154	0.3443227	12.59605
59130	-4297.323	-4583.244	285.9214	0.7560063	0.3847366	12.68952
59136	-4304.269	-4589.514	285.2447	0.7708846	0.4329203	12.9862
59142	-4300.186	-4585.647	285.4615	0.6700449	0.3725324	12.9862
59148	-4294.497	-4581.043	286.5455	0.7951414	0.3725324	12.3568
59154	-4303.04	-4590.507	287.4667	0.8215909	0.398909	11.83538
59160	-4309.148	-4597.145	287.9972	0.8304423	0.3750119	11.57826
59166	-4315.406	-4602.258	286.8514	0.6764076	0.3750119	12.25666
59172	-4312.189	-4600.408	288.2187	0.7962108	0.3750119	11.48039
59178	-4302.558	-4592.314	289.7562	0.8031569	0.3750119	10.67164
59184	-4340.403	-4625.619	285.2154	0.7389616	0.3624166	13.08906
59190	-4327.43	-4613.31	285.8803	0.693142	0.3874547	12.74086
59196	-4318.059	-4602.57	284.5107	0.6676831	0.4174535	13.43614
59202	-4314.875	-4598.719	283.8444	0.8253435	0.5117933	13.61483
59208	-4314.659	-4603.738	289.0796	0.8454892	0.3694011	11.01006
59214	-4305.384	-4595.398	290.0141	0.8022707	0.4898474	10.42622
59220	-4327.257	-4614.402	287.1454	0.7546708	0.4160067	12.02099
59226	-4325.46	-4612.856	287.396	0.7422043	0.3773678	11.93584
59232	-4297.078	-4586.962	289.8836	0.8425085	0.5322438	10.43736
59238	-4296.444	-4580.374	283.9299	0.7728951	0.4318245	13.66925
59244	-4307.339	-4591.363	284.0235	0.7074821	0.4165823	13.66925
59250	-4295.029	-4581.4	286.3714	0.7879916	0.388234	12.43493
59256	-4300.294	-4584.902	284.6074	0.7939853	0.4005533	13.33698
59262	-4315.148	-4602.04	286.8922	0.8223315	0.3825435	12.15148
59268	-4309.54	-4596.314	286.774	0.8920323	0.3825435	12.17676
59274	-4312.946	-4598.447	285.5014	0.9051828	0.3924619	12.82258
59280	-4319.926	-4605.57	285.6439	0.8083445	0.3695375	12.82258
59286	-4319.017	-4604.007	284.9898	0.8148891	0.4829505	13.05015
59292	-4321.2	-4607.121	285.9213	0.8386174	0.3715279	12.66035
59298	-4313.957	-4601.867	287.9103	0.8347488	0.3873442	11.60863
59304	-4315.286	-4601.514	286.2285	0.7032932	0.3850512	12.55676
59310	-4313.71	-4599.859	286.1492	0.782568	0.3850512	12.55676
59316	-4308.798	-4595.588	286.7904	0.7600351	0.4378467	12.18234
59322	-4301.139	-4587.026	285.8868	0.6843404	0.3967518	12.73261
59328	-4317.542	-4603.246	285.7038	0.7221227	0.4766045	12.73261
59334	-4322.64	-4610.17	287.5301	0.6373891	0.4051273	11.8922
59340	-4340.333	-4625.845	285.5117	0.849976	0.529529	12.72067
59346	-4335.454	-4621.194	285.7396	0.8130064	0.4185254	12.72067
59352	-4341.974	-4627.855	285.8811	0.8107593	0.4011363	12.66534
59358	-4334.562	-4619.098	284.5359	0.7542199	0.4227596	13.373
59364	-4325.995	-4610.483	284.4885	0.6523951	0.5085135	13.373
59370	-4351.471	-4639.174	287.7027	0.983474	0.4165465	11.61006
59376	-4352.887	-4638.256	285.3696	0.9259852	0.4111228	12.86164
59382	-4318.32	-4602.133	283.8127	0.6968374	0.3695619	13.83175
59388	-4303.672	-4588.935	285.2635	0.7191872	0.4474581	12.98967
59394	-4312.091	-4599.423	287.3323	0.7735608	0.4156455	11.91396
59400	-4316.225	-4603.515	287.2898	0.8161168	0.4156455	11.91396
59406	-4313.852	-4600.106	286.254	0.7329605	0.4059567	12.50688
59412	-4303.284	-4590.745	287.4614	0.7665369	0.4401002	11.82677
59418	-4303.607	-4589.496	285.8896	0.8459042	0.3391005	12.70826
59424	-4306.199	-4590.206	284.0074	0.6606598	0.3636147	13.75582
59430	-4320.057	-4605.73	285.6728	0.7202239	0.4731339	12.75283
59436	-4326.159	-4613.312	287.1525	0.7940715	0.4272287	11.98586
59442	-4308.629	-4595.846	287.217	0.7590066	0.4114786	11.98586
59448	-4311.784	-4598.84	287.0555	0.8242997	0.4645314	11.98586
59454	-4306.553	-4593.588	287.0352	0.8445887	0.4645314	11.98586
59460	-4310.868	-4597.289	286.4209	0.7913561	0.4661728	12.33246
59466	-4312.409	-4598.892	286.4834	0.7685337	0.3249902	12.4554
59472	-4308.551	-4595.977	287.4261	0.844027	0.446005	11.79919
59478	-4305.839	-4593.345	287.5061	0.8780137	0.3853519	11.79919
59484	-4308.638	-4596.799	288.1607	0.7753757	0.3830347	11.51324
59490	-4303.754	-4590.233	286.4789	0.8157735	0.3627261	12.39122
59496	-4301.581	-4587.985	286.4048	0.7013573	0.3178812	12.53956
59502	-4302.357	-4588.185	285.828	0.7400077	0.3947556	12.73622
59508	-4314.242	-4600.786	286.5433	0.826122	0.3947556	12.31884
59514	-4312.205	-4600.864	288.6587	0.786129	0.3372131	11.29675
59520	-4337.17	-4623.376	286.2055	0.871735	0.3012082	12.57448
59526	-4317.347	-4603.082	285.7345	0.812962	0.4244506	12.71758
59532	-4329.477	-4615.96	286.4837	0.7899809	0.4717105	12.29543
59538	-4334.627	-4621.264	286.6371	0.7889189	0.3888327	12.29543
59544	-4331.596	-4618.46	286.8635	0.7150397	0.4142747	12.19039
59550	-4323.079	-4608.48	285.4018	0.7656546	0.3791353	12.96061
59556	-4334.889	-4619.133	284.2437	0.7913203	0.4169296	13.51109
59562	-4331.76	-4618.044	286.2844	0.8008082	0.3814956	12.48055
59568	-4315.034	-4602.234	287.1999	0.7853192	0.4413703	11.95225
59574	-4319.502	-4602.326	282.8244	0.726587	0.4115616	14.28604
59580	-4310.787	-4599.451	288.6643	0.726587	0.4115616	11.2465
59586	-4319.138	-4605.2	286.0617	0.8162693	0.3404767	12.63257
59592	-4330.972	-4615.767	284.7957	0.8058753	0.4297685	13.20442
59598	-4317.202	-4604.863	287.6608	0.6751404	0.4427776	11.76783
59604	-4319.197	-4603.938	284.7413	0.7566562	0.4242228	13.26358
59610	-4325.639	-4611.845	286.2059	0.7045484	0.4697957	12.4864
59616	-4316.072	-4602.399	286.3268	0.8538147	0.3303339	12.4864
59622	-4318.289	-4604.646	286.3572	0.7554179	0.3624141	12.4864
59628	-4323.16	-4609.264	286.1042	0.7489347	0.4594637	12.52564
59634	-4325.332	-4612.712	287.3798	0.8380924	0.4331134	11.83865
59640	-4337.442	-4623.777	286.3356	0.8306679	0.3576605	12.46354
59646	-4333.544	-4621.06	287.516	0.7465575	0.5114991	11.7448
59652	-4333.215	-4616.046	282.8313	0.8657815	0.3205574	14.30705
59658	-4314.089	-4600.683	286.5942	0.8451919	0.3859161	12.29145
59664	-4314.396	-4599.414	285.018	0.796871	0.5108593	13.02076
59670	-4314.079	-4599.897	285.818	0.6761939	0.5108593	12.66731
59676	-4315.972	-4602.941	286.9687	0.7224938	0.4823173	12.06829
59682	-4329.029	-4614.073	285.0439	0.7757085	0.3613412	13.16029
59688	-4330.008	-4616.961	286.9534	0.8701654	0.4321166	12.04537
59694	-4324.415	-4612.086	287.6707	0.8204384	0.3734065	11.75578
59700	-4326	-4608.521	282.5202	0.8099822	0.4514493	14.36259
59706	-4329.433	-4616.875	287.4422	0.782084	0.4400168	11.82876
59712	-4344.896	-4630.194	285.298	0.8905379	0.3068753	13.03008
59718	-4345.277	-4632.404	287.1266	0.8905379	0.3641365	12.01301
59724	-4323.498	-4608.641	285.1434	0.7450369	0.4310087	13.05413
59730	-4318.11	-4605.238	287.1285	0.6989851	0.4511619	12.02539
59736	-4312.797	-4598.817	286.0195	0.7269409	0.4505708	12.58938
59742	-4322.932	-4609.154	286.2225	0.6438823	0.3864289	12.58938
59748	-4314.347	-4601.62	287.2732	0.7151029	0.3448695	12.04905
59754	-4312.892	-4600.834	287.9423	0.8157055	0.3936813	11.59537
59760	-4323.04	-4610.214	287.1735	0.868932	0.3107274	12.06001
59766	-4318.63	-4608.719	290.0895	0.7858407	0.4591741	10.42288
59772	-4324.968	-4612.096	287.1285	0.8380335	0.3841548	12.01836
59778	-4331.382	-4616.398	285.0156	0.6425482	0.3533623	13.25278
59784	-4329.317	-4617.899	288.5814	0.8433314	0.5073568	11.1407
59790	-4322.843	-4609.854	287.011	0.8433314	0.3509966	12.1122
59796	-4320.654	-4607.534	286.8797	0.8331483	0.4226542	12.1122
59802	-4323.472	-4608.522	285.0493	0.8019555	0.4546312	13.05137
59808	-4318.454	-4605.609	287.155	0.8947602	0.4254798	11.93372
59814	-4333.633	-4618.179	284.5465	0.8507514	0.373988	13.36634
59820	-4331.891	-4618.15	286.2584	0.7429627	0.3870882	12.51842
59826	-4336.95	-4625.493	288.5434	1.018268	0.4063204	11.16232
59832	-4325.791	-4611.517	285.7266	0.8203783	0.4246506	12.71767
59838	-4322.212	-4609.564	287.3515	0.8219671	0.4042262	11.89001
59844	-4320.376	-4604.922	284.5462	0.8882975	0.419891	13.30075
59850	-4328.828	-4613.763	284.9351	0.852381	0.4486476	13.09007
59856	-4320.501	-4607.99	287.4889	0.9043998	0.3276964	11.85711
59862	-4318.783	-4606.358	287.5749	0.8077589	0.3325787	11.85711
59868	-4326.037	-4613.626	287.5886	0.7961	0.3316398	11.85711
59874	-4313.723	-4603.889	290.1654	0.9257385	0.3521781	10.41715
59880	-4321.39	-4607.535	286.145	0.8195105	0.39398	12.53062
59886	-4339.609	-4625.761	286.1515	0.7967039	0.3680773	12.56595
59892	-4334.732	-4620.842	286.11	0.8625481	0.3562612	12.56595
59898	-4333.382	-4618.956	285.5737	0.6650135	0.3971251	12.90516
59904	-4323.697	-4609.592	285.8945	0.7548997	0.4588377	12.63228
59910	-4331.372	-4617.631	286.259	0.8394033	0.4203713	12.43466
59916	-4342.376	-4631.041	288.6656	0.7604233	0.4203713	11.21947
59922	-4329.595	-4614.432	284.8368	0.6727053	0.4710546	13.21413
59928	-4337.926	-4622.927	285.0011	0.8053943	0.4710546	13.05978
59934	-4343.917	-4630.136	286.2191	0.7816108	0.4504664	12.45705
59940	-4338.952	-4627.466	288.5134	0.8485613	0.4913836	11.18739
59946	-4332.608	-4621.136	288.5286	0.7944784	0.4913836	11.20776
59952	-4326.808	-4615.762	288.9545	0.875935	0.3303235	11.10282
59958	-4330.188	-4617.877	287.6893	0.8554301	0.4622384	11.64079
59964	-4317.521	-4605.439	287.9187	0.7440778	0.397945	11.64079
59970	-4331.174	-4618.223	287.0498	0.7795393	0.397945	12.07583
59976	-4326.133	-4612.278	286.1452	0.7364056	0.369329	12.59929
59982	-4316.669	-4602.212	285.5429	0.7041997	0.3912022	12.90682
59988	-4329.196	-4618.533	289.337	0.6745135	0.3912022	10.94205
59994	-4338.124	-4627.431	289.3076	0.8177126	0.4347461	10.83934
60000	-4329.888	-4618.892	289.0049	0.8308696	0.4758066	10.95309
60006	-4330.569	-4619.207	288.6375	0.8116634	0.303453	11.33396
60012	-4333.075	-4620.486	287.4117	0.8849759	0.3601275	11.87143
60018	-4325.262	-4613.735	288.4724	0.9129982	0.4324102	11.22908
60024	-4328.207	-4615.933	287.7254	0.8790235	0.5582843	11.52763
60030	-4327.866	-4615.194	287.3287	0.7978113	0.456656	11.86429
60036	-4335.894	-4624.131	288.2365	0.8173621	0.4655042	11.37166
60042	-4336.924	-4625.126	288.202	0.9219971	0.4263493	11.37166
60048	-4336.017	-4623.897	287.8792	0.7539162	0.3795226	11.67522
60054	-4342.246	-4630.815	288.5694	0.9499187	0.4071057	11.18372
60060	-4330.22	-4618.66	288.4395	0.8572193	0.4058685	11.30141
60066	-4339.783	-4628.028	288.2444	0.945219	0.4646555	11.30141
60072	-4327.396	-4613.818	286.4223	0.8284101	0.4048619	12.37059
60078	-4311.862	-4599.562	287.6992	0.8035297	0.4152866	11.70715
60084	-4315.99	-4602.32	286.3304	0.8786883	0.4152866	12.38199
60090	-4331.797	-4618.11	286.3134	0.9118375	0.4067483	12.38199
60096	-4324.997	-4612.269	287.2717	0.8966152	0.3777915	11.91968
60102	-4323.923	-4613.23	289.3062	1.077951	0.3692626	10.76966
60108	-4319.408	-4605.09	285.6818	0.8875336	0.2994452	12.84096
60114	-4331.066	-4614.315	283.2486	0.8424781	0.4399478	13.97891
60120	-4323.962	-4611.089	287.1261	0.8092505	0.3063093	12.12114
60126	-4330.958	-4615.209	284.2507	0.6485446	0.3063093	13.70044
60132	-4320.73	-4606.909	286.1785	0.9067562	0.4515911	12.41195
60138	-4329.779	-4616.256	286.477	0.7738249	0.3646731	12.41195
60144	-4323.831	-4609.842	286.0105	0.7738249	0.4442393	12.57553
60150	-4317.827	-4605.014	287.187	0.8067496	0.3595112	12.03021
60156	-4318.341	-4602.474	284.133	0.7907106	0.4622589	13.52631
60162	-4323.092	-4608.484	285.3916	0.8496394	0.3932617	12.90776
60168	-4323.435	-4609.167	285.7321	0.8195995	0.2542939	12.90776
60174	-4308.513	-4592.509	283.996	0.7581045	0.3521911	13.72351
60180	-4330.625	-4619.446	288.8214	0.857565	0.420164	11.08723
60186	-4331.63	-4615.303	283.6733	0.8477933	0.3828531	13.81193
60192	-4315.702	-4602.24	286.5374	0.797015	0.3828531	12.34931
60198	-4313.315	-4598.351	285.036	0.7412919	0.4765931	13.06998
60204	-4318.297	-4604.376	286.079	0.7267587	0.4479176	12.56095
60210	-4316.118	-4602.083	285.9649	0.6844863	0.3952302	12.69338
60216	-4315.282	-4601.748	286.466	0.7282883	0.3382438	12.47037
60222	-4320.155	-4606.409	286.2541	0.7912793	0.4619088	12.42328
60228	-4327.249	-4612.135	284.8861	0.6871398	0.5124939	13.14499
60234	-4329.832	-4617.427	287.595	0.834646	0.4023933	11.75809
60240	-4328.227	-4613.633	285.4059	0.8335112	0.4459291	12.85756
60246	-4328.215	-4609.456	281.2405	0.6812105	0.408845	15.13205
60252	-4335.942	-4621.111	285.1691	0.6479522	0.3955433	13.12602
60258	-4327.906	-4615.042	287.1353	0.748297	0.3955433	12.04999
60264	-4335.001	-4629.093	294.092	1.037126	0.4220581	8.21017
60270	-4331.31	-4620.787	289.477	0.9797912	0.5032641	10.6033
60276	-4318.299	-4605.575	287.2766	0.8214209	0.4402561	11.89444
60282	-4328.564	-4615.48	286.916	0.6866686	0.4122721	12.1798
60288	-4333.502	-4621.258	287.7567	0.8013995	0.2962884	11.80833
60294	-4310.993	-4596.57	285.5777	0.916753	0.3940112	12.77524
60300	-4324.134	-4611.057	286.9228	0.6949664	0.4980401	12.09287
60306	-4314.719	-4603.113	288.3945	0.8439124	0.4240495	11.31405
60312	-4321.01	-4609.158	288.1473	0.9279326	0.2858383	11.55118
60318	-4314.768	-4602.576	287.8086	0.8897987	0.4725068	11.55118
60324	-4315.492	-4602.351	286.8591	0.7362988	0.4465824	12.15068
60330	-4326.321	-4610.86	284.5387	0.9176487	0.4305929	13.27912
60336	-4325.734	-4611.379	285.6454	0.9057575	0.4305929	12.7098
60342	-4326.596	-4612.197	285.6008	0.9043647	0.4561704	12.7098
60348	-4327.829	-4615.769	287.9399	0.8170451	0.3458107	11.64675
60354	-4324.878	-4611.756	286.8784	0.7097759	0.381065	12.2189
60360	-4326.19	-4613.335	287.1452	0.7420514	0.3727774	12.07159
60366	-4309.544	-4594.745	285.2014	0.8117913	0.4859578	12.93906
60372	-4311.623	-4598.191	286.5682	0.8301244	0.4403406	12.25929
60378	-4323.133	-4607.423	284.2901	0.7040121	0.3667939	13.58321
60384	-4309.526	-4598.726	289.2003	0.9255906	0.4547574	10.82019
60390	-4298.839	-4588.504	289.6645	0.9278289	0.3820786	10.64694
60396	-4303.601	-4589.86	286.2593	0.7809827	0.3977558	12.4873
60402	-4314.93	-4601.483	286.5528	0.8939369	0.3994104	12.27388
60408	-4332.299	-4618.618	286.3197	0.9992044	0.3256528	12.41976
60414	-4328.908	-4613.788	284.8799	0.940872	0.3536123	13.16798
60420	-4322.919	-4610.281	287.3613	0.7628685	0.4404642	11.88057
60426	-4348.685	-4633.242	284.5565	0.6222185	0.3703154	13.48369
60432	-4322.873	-4608.916	286.0435	0.8713435	0.389074	12.56143
60438	-4329.77	-4615.845	286.0747	0.8359806	0.3912408	12.56143
60444	-4338.119	-4623.621	285.5012	0.7924381	0.3406098	12.93648
60450	-4336.437	-4624.038	287.6013	0.8278411	0.4377343	11.72394
60456	-4327.441	-4614.191	286.7502	0.7756224	0.352312	12.28203
60462	-4330.79	-4620.857	290.0674	0.9470757	0.364997	10.44346
60468	-4325.381	-4610.841	285.4593	0.7860649	0.356387	12.94422
60474	-4333.554	-4620.147	286.5928	0.7860649	0.4547951	12.25602
60480	-4336.348	-4623.388	287.0393	0.9140106	0.4088018	12.00031
60486	-4341.34	-4627.273	285.9336	0.7133845	0.4299641	12.66054
60492	-4328.98	-4617.749	288.7685	0.7817759	0.326125	11.25428
60498	-4332.886	-4614.722	281.8367	0.8667176	0.3205271	14.82158
60504	-4339.908	-4627.511	287.6027	0.8480402	0.3190399	11.83717
60510	-4343.479	-4632.177	288.6975	0.845049	0.5268423	11.06254
60516	-4335.988	-4622.831	286.843	0.8580899	0.4869271	12.05911
60522	-4328.083	-4613.122	285.0389	0.6478147	0.324118	13.27067
60528	-4331.782	-4614.999	283.2175	0.7017631	0.5407669	13.98022
60534	-4322.337	-4608.383	286.0455	0.8139214	0.4104098	12.56892
60540	-4311.505	-4599.342	287.8363	0.8311199	0.4236363	11.61297
60546	-4307.236	-4592.726	285.4906	0.6455412	0.3394867	13.01965
60552	-4318.994	-4604.89	285.896	0.8035966	0.5014481	12.56839
60558	-4327.984	-4617.46	289.4768	0.8748556	0.3763355	10.77921
60564	-4313.522	-4600.872	287.3498	0.7336473	0.3755528	11.96634
60570	-4323.866	-4612.942	289.0754	0.9409977	0.432524	10.89855
60576	-4320.768	-4609.158	288.3898	0.8296285	0.3785145	11.36979
60582	-4313.492	-4600.048	286.5568	0.774035	0.3848306	12.34914
60588	-4319.235	-4605.048	285.8132	0.7184648	0.3824071	12.76779
60594	-4314.305	-4603.167	288.8629	0.9579009	0.4983568	10.94103
60600	-4342.483	-4629.063	286.5795	0.9255531	0.4724948	12.17412
60606	-4316.28	-4604.163	287.8825	0.8131891	0.3545423	11.66915
60612	-4310.254	-4596.306	286.052	0.7340263	0.3757249	12.64236
60618	-4306.921	-4591.111	284.1898	0.7875682	0.3638395	13.59506
60624	-4307.864	-4591.636	283.7715	0.719236	0.4355835	13.77572
60630	-4303.412	-4590.069	286.6561	0.7612465	0.4114988	12.27714
60636	-4305.847	-4590.025	284.1781	0.6910752	0.5017736	13.51985
60642	-4321.283	-4607.908	286.6249	0.8419464	0.5458848	12.13153
60648	-4320.8	-4607.048	286.2479	0.8747684	0.5001421	12.34918
60654	-4314.519	-4603.116	288.597	0.9806082	0.3725636	11.18868
60660	-4307.894	-4592.597	284.703	0.7560463	0.4155987	13.29216
60666	-4311.25	-4597.362	286.1124	0.9160457	0.532293	12.37117
60672	-4323.156	-4606.453	283.2972	0.7944938	0.4110263	14.0063
60678	-4319.433	-4603.436	284.0022	0.7944938	0.4620512	13.59244
60684	-4308.268	-4591.764	283.496	0.7978602	0.5160749	13.8063
60690	-4300.783	-4587.519	286.736	0.9580181	0.6609567	11.92593
60696	-4304.713	-4593.728	289.015	0.8168238	0.4237534	11.00369
60702	-4312.091	-4602.957	290.866	0.7796925	0.4065227	10.06857
60708	-4319.28	-4607.656	288.3761	0.8086846	0.3888098	11.37725
60714	-4300.386	-4585.397	285.0116	0.7286375	0.3701127	13.19218
60720	-4297.468	-4581.771	284.303	0.7286375	0.4072843	13.52229
60726	-4305.813	-4590.635	284.822	0.7681234	0.3865486	13.25312
60732	-4302.53	-4592.572	290.0421	0.8361816	0.4308267	10.44804
60738	-4316.669	-4603.925	287.2562	0.7292219	0.3448691	12.05058
60744	-4318.995	-4605.523	286.5283	0.6912905	0.4365137	12.35609
60750	-4311.213	-4599.131	287.918	0.8231377	0.4365137	11.56206
60756	-4310.412	-4598.341	287.9285	0.7776936	0.4560625	11.56206
60762	-4310.124	-4592.449	282.3257	0.8251749	0.3556587	14.55074
60768	-4309.022	-4597.017	287.9951	0.9503792	0.3794709	11.51204
60774	-4317.041	-4601.547	284.5066	0.861793	0.3780615	13.37708
60780	-4327.928	-4614.726	286.7984	0.8021642	0.379791	12.21374
60786	-4334.796	-4624.069	289.2726	0.7765341	0.2735771	11.05733
60792	-4331.412	-4621.08	289.6687	0.8590095	0.4195843	10.64299
60798	-4323.21	-4610.122	286.9115	0.7364973	0.3677975	12.20162
60804	-4317.669	-4602.265	284.5961	0.8607717	0.3807854	13.32826
60810	-4320.871	-4605.482	284.611	0.8458618	0.3807854	13.32826
60816	-4326.026	-4611.846	285.8202	0.8271062	0.45146	12.64017
60822	-4348.396	-4634.49	286.0936	0.7838463	0.4925405	12.48349
60828	-4343.19	-4629.269	286.0785	0.767438	0.3658961	12.62154
60834	-4336.188	-4622.886	286.6981	0.7351017	0.4498948	12.2322
60840	-4335.159	-4617.302	282.1433	0.7321423	0.4492741	14.60009
60846	-4323.181	-4608.928	285.7473	0.745228	0.4677279	12.7059
60852	-4337.187	-4622.857	285.6703	0.5729913	0.3828209	12.91737
60858	-4333.767	-4619.75	285.983	0.7078673	0.349196	12.7203
60864	-4325.08	-4610.95	285.8706	0.8203046	0.349196	12.7203
60870	-4314.279	-4602.175	287.8959	0.7338815	0.3122451	11.75167
60876	-4324.397	-4608.497	284.0999	0.6145798	0.3856517	13.70873
60882	-4319.289	-4606.023	286.7338	0.8424188	0.4719377	12.1375
60888	-4335.375	-4617.403	282.028	0.8597628	0.3934306	14.64755
60894	-4318.67	-4603.347	284.6769	0.7924903	0.3077335	13.40275
60900	-4311.427	-4601.21	289.7832	0.9360988	0.340358	10.62552
60906	-4319.07	-4608.191	289.1203	0.8270851	0.373114	10.99446
60912	-4333.291	-4623.095	289.8043	0.8614496	0.3974303	10.59264
60918	-4321.791	-4611.628	289.8369	0.8802338	0.3714648	10.59264
60924	-4311.815	-4601.761	289.9461	0.8669872	0.3260602	10.59264
60930	-4305.093	-4592.259	287.166	0.7292886	0.4412996	11.99921
60936	-4306.809	-4591.5	284.6907	0.9637619	0.3670212	13.24006
60942	-4321.595	-4609.27	287.6755	0.7775665	0.3706459	11.77855
60948	-4313.881	-4597	283.1189	0.7964057	0.3744769	14.13476
60954	-4301.745	-4588.545	286.7998	0.8546479	0.4223121	12.14297
60960	-4305.69	-4592.541	286.8508	0.8023525	0.4359764	12.13055
60966	-4302.87	-4589.35	286.4796	0.7494608	0.4359764	12.35162
60972	-4310.956	-4595.791	284.8353	0.7555175	0.4134767	13.22578
60978	-4309.033	-4596.034	287.0011	0.8556279	0.46835	11.99441
60984	-4321.356	-4606.058	284.7025	0.6040132	0.46835	13.32204
60990	-4308.917	-4592.944	284.0268	0.7725983	0.2930237	13.76835
60996	-4302.139	-4591.028	288.8884	0.8664429	0.3757522	11.09251
61002	-4308.693	-4597.733	289.0397	0.7982912	0.3358974	11.09251
61008	-4317.225	-4606.936	289.7109	0.7916623	0.3358974	10.74426
61014	-4320.464	-4607.516	287.0519	0.8339035	0.4628226	11.98428
61020	-4319.823	-4603.34	283.517	0.8556543	0.3881977	13.88346
61026	-4317.342	-4604.003	286.661	0.8556543	0.4357423	12.20197
61032	-4318.435	-4604.177	285.7417	0.8099318	0.4357423	12.70468
61038	-4325.136	-4608.632	283.4966	0.9342811	0.4657773	13.77892
61044	-4306.832	-4590.593	283.761	0.8288093	0.4080356	13.75089
61050	-4319.568	-4605.808	286.24	0.9104001	0.3337663	12.49826
61056	-4313.441	-4598.37	284.9289	0.8285643	0.4032427	13.1493
61062	-4313.175	-4600.642	287.4662	0.7637057	0.2745936	12.00689
61068	-4304.883	-4590.642	285.7588	0.7321001	0.4366801	12.7354
61074	-4325.784	-4612.081	286.2965	0.8592545	0.4013789	12.42352
61080	-4327.407	-4613.131	285.7243	0.8428925	0.4039853	12.72739
61086	-4320.106	-4607.6	287.494	0.7722848	0.4009467	11.84481
61092	-4310.778	-4597.492	286.714	0.8012828	0.4009467	12.23658
61098	-4326.273	-4613.519	287.2457	0.773702	0.4009467	11.97369
61104	-4326.286	-4611.458	285.1726	0.8378639	0.3706419	13.05117
61110	-4310.614	-4597.409	286.7952	0.7021506	0.3238879	12.3288
61116	-4333.743	-4620.807	287.0639	0.7781269	0.5467309	11.93509
61122	-4327.406	-4615.737	288.3317	0.8437102	0.3433919	11.43074
61128	-4326.083	-4613.071	286.9877	0.6982282	0.3433919	12.20839
61134	-4318.862	-4604.523	285.6609	0.7528262	0.3825459	12.82902
61140	-4335.394	-4624.368	288.9737	0.8571071	0.3628903	11.06642
61146	-4307.496	-4592.016	284.52	0.7072645	0.4408561	13.3884
61152	-4336.718	-4619.993	283.2759	0.663089	0.3604119	14.13737
61158	-4322.313	-4611.276	288.9632	0.8817154	0.4150751	11.00531
61164	-4298.087	-4585.537	287.4502	0.7487011	0.4094011	11.87155
61170	-4307.121	-4594.289	287.1678	0.7568842	0.373367	12.05145
61176	-4307.609	-4594.859	287.2509	0.7706287	0.327413	12.05145
61182	-4306.515	-4594.856	288.3416	0.8338835	0.5447404	11.23993
61188	-4305.153	-4595.081	289.9275	0.8123264	0.4934058	10.4633
61194	-4304.026	-4588.987	284.9609	0.9290693	0.4934058	12.99666
61200	-4310.914	-4594.011	283.0969	0.7390619	0.30772	14.25015
61206	-4313.238	-4596.633	283.3958	0.720049	0.3937295	14.01101
61212	-4311.296	-4600.256	288.9602	0.804648	0.3937295	11.06866
61218	-4308.189	-4597.433	289.244	1.020784	0.4264609	10.77416
61224	-4318.783	-4606.619	287.836	0.8658415	0.4224619	11.59611
61230	-4332.643	-4618.693	286.0497	0.7327857	0.43978	12.58064
61236	-4324.658	-4609.66	285.0016	0.8013132	0.4999726	13.03626
61242	-4323.831	-4606.534	282.7023	0.9713827	0.4111435	14.22287
61248	-4324.319	-4609.968	285.6483	0.8458942	0.4111435	12.75831
61254	-4323.665	-4608.851	285.1856	0.7670686	0.4592292	12.99442
61260	-4319.669	-4604.752	285.0838	0.85782	0.4655885	12.99442
61266	-4317.004	-4600.544	283.5399	0.722901	0.3405494	13.99114
61272	-4318.342	-4605.254	286.912	0.8868904	0.4639483	12.02861
61278	-4309.959	-4597.691	287.7326	0.8135305	0.3937199	11.70598
61284	-4310.388	-4595.966	285.5782	0.7191334	0.433536	12.83906
61290	-4298.863	-4583.426	284.5622	0.8238698	0.3771115	13.36884
61296	-4305.277	-4590.863	285.5859	0.775804	0.3771115	12.86171
61302	-4313.074	-4600.576	287.5023	0.8528232	0.306649	11.90172
61308	-4304.602	-4592.024	287.4226	0.8440157	0.3416505	11.90741
61314	-4304.444	-4589.484	285.0394	0.719652	0.346387	13.20802
61320	-4296.691	-4583.49	286.7991	0.7447143	0.414543	12.20822
61326	-4309.233	-4595.997	286.7643	0.9093832	0.3493055	12.20822
61332	-4333.577	-4618.93	285.3528	0.7274355	0.5425362	12.85645
61338	-4318.82	-4605.529	286.7088	0.8083969	0.3845149	12.25233
61344	-4314.22	-4600.073	285.8526	0.8120415	0.3787169	12.70238
61350	-4321.385	-4609.822	288.4372	0.8864265	0.4592138	11.2363
61356	-4314.143	-4600.167	286.0243	0.7738342	0.4282028	12.58352
61362	-4317.415	-4604.67	287.2546	0.7444253	0.3437657	12.04469
61368	-4315.427	-4601.664	286.2367	0.8132129	0.3977679	12.48227
61374	-4331.605	-4614.655	283.0495	0.6894324	0.4123923	14.18783
61380	-4323.932	-4607.594	283.6623	0.7748402	0.3650094	13.87413
61386	-4320.261	-4607.359	287.0976	0.7741393	0.4387026	12.01396
61392	-4326.45	-4613.555	287.1052	0.7665506	0.4387026	12.01396
61398	-4326.947	-4612.568	285.6213	0.7329833	0.4387026	12.80455
61404	-4325.239	-4608.444	283.2046	0.8209541	0.3721759	14.08002
61410	-4309.108	-4595.166	286.0572	0.8662965	0.4047896	12.54109
61416	-4306.144	-4593.75	287.6057	0.6707282	0.3928697	11.84769
61422	-4304.935	-4591.121	286.1861	0.8352523	0.4200025	12.47517
61428	-4319.535	-4606.849	287.3145	0.7826011	0.4037751	11.93032
61434	-4316.443	-4603.394	286.9508	0.9519849	0.5142429	11.93032
61440	-4318.543	-4605.687	287.1445	0.9124829	0.4774346	11.88177
61446	-4320.551	-4606.911	286.3593	0.8213071	0.4775906	12.33871
61452	-4313.965	-4598.422	284.4572	0.8319046	0.4860737	13.31535
61458	-4317.32	-4603.716	286.3962	0.7088913	0.4283182	12.42353
61464	-4312.588	-4596.441	283.8526	0.6466286	0.3829728	13.82316
61470	-4319.011	-4605.969	286.9581	0.7721265	0.3634876	12.16335
61476	-4321.71	-4608.183	286.4733	0.8726389	0.359495	12.36795
61482	-4330.999	-4615.572	284.573	0.7039864	0.3300769	13.47669
61488	-4321.475	-4607.617	286.1417	0.7683898	0.3714418	12.58227
61494	-4314.581	-4602.271	287.69	0.7549221	0.4467956	11.70718
61500	-4311.319	-4599.988	288.6692	0.7705322	0.2947654	11.3495
61506	-4312.7	-4598.868	286.1674	0.7718386	0.341697	12.59929
61512	-4329.673	-4616.34	286.667	0.7264397	0.341697	12.36275
61518	-4328.238	-4614.949	286.7111	0.7669065	0.341697	12.31864
61524	-4312.892	-4598.503	285.6117	0.8090663	0.3470734	12.86318
61530	-4301.045	-4587.811	286.766	0.8123729	0.3964441	12.20826
61536	-4313.056	-4597.19	284.1333	0.7384521	0.3707093	13.64259
61542	-4294.49	-4583.934	289.4441	0.8303254	0.3978358	10.79749
61548	-4298.734	-4584.155	285.4202	0.73305	0.3998329	12.94689
61554	-4299.276	-4584.653	285.377	0.7665286	0.4049148	12.94689
61560	-4293.275	-4580.497	287.2218	0.8364074	0.3634161	11.99235
61566	-4300.013	-4585.362	285.349	0.838357	0.4386412	12.89144
61572	-4299.171	-4584.752	285.581	0.7138805	0.3819763	12.89144
61578	-4287.395	-4578.402	291.0065	0.948551	0.4305442	9.882065
61584	-4287.812	-4573.394	285.5817	0.767435	0.3768313	12.86855
61590	-4303.409	-4587.724	284.3149	0.8123623	0.4915892	13.39462
61596	-4307.654	-4596.002	288.3476	0.7129735	0.4883122	11.34778
61602	-4318.045	-4603.58	285.5347	0.7168768	0.3652784	12.93147
61608	-4309.916	-4594.769	284.853	0.7699471	0.3652784	13.25825
61614	-4307.534	-4593.797	286.2627	0.7733164	0.3652784	12.52321
61620	-4303.221	-4590.385	287.1638	0.9144461	0.4560367	11.89003
61626	-4298.439	-4583.907	285.4677	0.7077803	0.3962321	12.93896
61632	-4289.553	-4576.982	287.4293	0.746877	0.3674256	11.92652
61638	-4291.359	-4578.635	287.2757	0.857727	0.4197278	11.89558
61644	-4300.073	-4587.427	287.3539	0.9801181	0.3211906	11.89558
61650	-4304.928	-4594.839	289.911	0.9091926	0.4120753	10.49684
61656	-4299.782	-4586.647	286.8642	0.8585506	0.3701188	12.16022
61662	-4298.547	-4584.344	285.7974	0.7679351	0.3701188	12.76308
61668	-4298.643	-4587.266	288.6235	0.7652847	0.3400966	11.32283
61674	-4302.006	-4590.019	288.013	0.8572229	0.3135183	11.62457
61680	-4288.881	-4576.476	287.5947	0.7585007	0.3135183	11.89455
61686	-4298.437	-4586.929	288.4913	0.7907778	0.3456113	11.37248
61692	-4299.105	-4585.791	286.6859	0.7488618	0.3456113	12.33683
61698	-4297.698	-4586.665	288.9669	0.8024336	0.3264633	11.13924
61704	-4305.259	-4595.886	290.6267	0.8458458	0.3264633	10.24582
61710	-4299.251	-4586.693	287.4422	0.8458458	0.31896	11.92215
61716	-4297.236	-4584.724	287.4878	0.7676213	0.4688316	11.78587
61722	-4315.856	-4597.021	281.1646	0.7022547	0.3429759	15.22891
61728	-4314.086	-4602.757	288.6716	0.7707309	0.3819698	11.2496
61734	-4311.574	-4594.83	283.2562	0.8562394	0.3708449	14.03634
61740	-4304.814	-4592.865	288.0517	0.6877521	0.4989155	11.50643
61746	-4294.235	-4579.919	285.6846	0.7417239	0.3728937	12.83252
61752	-4297.182	-4582.63	285.4472	0.7181136	0.3386458	13.00544
61758	-4299.076	-4588.46	289.3842	0.7966653	0.3119338	10.94076
61764	-4305.834	-4594.999	289.1656	0.7920031	0.4206992	10.94076
61770	-4307.674	-4593.234	285.5599	0.784374	0.3789915	12.8688
61776	-4307.886	-4594.978	287.0924	0.8774023	0.508114	11.90054
61782	-4314.039	-4603.96	289.9212	0.8975882	0.3411479	10.57245
61788	-4299.422	-4589.356	289.9338	1.014954	0.373865	10.46848
61794	-4303.235	-4590.697	287.4621	0.9263865	0.4268954	11.7555
61800	-4302.492	-4589.821	287.3289	0.6942633	0.3587354	12.01569
61806	-4296.012	-4582.811	286.7996	0.7609242	0.3544312	12.2616
61812	-4294.41	-4581.977	287.5671	0.7991236	0.3473861	11.84907
61818	-4298.729	-4585.848	287.1195	0.8532022	0.3985529	12.00045
61824	-4298.429	-4586.276	287.8468	0.9002039	0.4946702	11.50615
61830	-4306.221	-4594.155	287.9345	0.8908861	0.3618095	11.59349
61836	-4308.929	-4597.461	288.5318	1.016436	0.4465004	11.13049
61842	-4298.065	-4584.256	286.1912	0.8756403	0.3163625	12.56181
61848	-4302.847	-4587.936	285.0886	0.7731434	0.3845513	13.11398
61854	-4311.378	-4598.439	287.0614	0.786707	0.2590606	12.22632
61860	-4302.102	-4586.343	284.2404	0.7351503	0.3935666	13.56512
61866	-4298.727	-4585.868	287.1412	0.8651902	0.4263356	11.95551
61872	-4305.235	-4595.107	289.8723	1.051981	0.4263356	10.42822
61878	-4320.905	-4607.325	286.4206	0.8241356	0.3308481	12.45245
61884	-4315.171	-4601.245	286.0742	0.8128914	0.3884981	12.57652
61890	-4304.567	-4592.363	287.7953	0.7186932	0.3929127	11.72362
61896	-4313.927	-4601.18	287.2522	0.7802713	0.3634171	12.00578
61902	-4327.712	-4615.614	287.9025	0.9984391	0.5259642	11.39902
61908	-4315.07	-4604.013	288.9426	0.8974648	0.3775728	11.04596
61914	-4311.501	-4599.932	288.4311	0.907447	0.3518604	11.33604
61920	-4315.023	-4600.015	284.9918	0.7239765	0.3518604	13.2245
61926	-4323.534	-4607.719	284.1849	0.8640294	0.3619156	13.55995
61932	-4319.42	-4605.978	286.5583	0.8640294	0.4462438	12.24127
61938	-4316.262	-4604.342	288.0801	0.8905414	0.3653231	11.51385
61944	-4309.303	-4597.342	288.0384	0.8091227	0.356557	11.58765
61950	-4300.082	-4589.246	289.1642	0.8390114	0.3429168	10.99805
61956	-4334.04	-4622.94	288.9006	0.7860398	0.3437196	11.16293
61962	-4317.14	-4605.876	288.7363	0.8798902	0.3778011	11.16293
61968	-4319.032	-4606.594	287.5628	0.8244291	0.2609316	11.94263
61974	-4327.856	-4614.296	286.4399	0.7024038	0.4061461	12.4258
61980	-4330.344	-4620.088	289.7444	0.908858	0.347261	10.65245
61986	-4324.391	-4612.863	288.4718	0.9352115	0.4604797	11.19148
61992	-4326.473	-4613.412	286.9388	0.9238678	0.3322721	12.12877
61998	-4324.097	-4613.327	289.2298	0.8465259	0.4137862	10.88536
62004	-4326.099	-4610.226	284.1267	0.8703754	0.4017455	13.54575
62010	-4317.539	-4602.288	284.7487	0.7261196	0.3712293	13.32891
62016	-4308.953	-4593.539	284.5869	0.7705838	0.432265	13.32891
62022	-4318.465	-4605.257	286.7917	0.7526866	0.3617039	12.26214
62028	-4313.754	-4600.383	286.6294	0.8167063	0.3810851	12.29295
62034	-4321.359	-4607.745	286.3861	0.8216124	0.4086907	12.38916
62040	-4317.628	-4603.96	286.3323	0.8649442	0.414231	12.38916
62046	-4326.808	-4614.304	287.4964	0.9085457	0.5347291	11.65098
62052	-4319.158	-4606.062	286.9041	0.8103967	0.3630684	12.17201
62058	-4320.899	-4610.826	289.9274	0.9951222	0.3630684	10.49384
62064	-4310.823	-4602.093	291.2704	1.13336	0.2711464	9.823875
62070	-4296.579	-4587.729	291.1501	1.019215	0.3764387	9.823875
62076	-4301.118	-4588.21	287.0926	1.019215	0.4574688	11.87122
62082	-4301.284	-4589.255	287.971	0.9473974	0.4574688	11.44988
62088	-4295.219	-4580.553	285.334	0.838483	0.365785	12.97204
62094	-4312.592	-4602.618	290.026	1.029281	0.4367904	10.34934
62100	-4327.323	-4616.219	288.8958	0.8174923	0.5079213	10.98912
62106	-4320.969	-4604.979	284.0106	0.7611566	0.5079213	13.56515
62112	-4317.86	-4603.211	285.3516	0.8460524	0.4917351	12.83804
62118	-4325.517	-4613.982	288.4645	0.9459105	0.3199639	11.3346
62124	-4317.104	-4599.303	282.1989	0.9451506	0.4503087	14.46004
62130	-4324.115	-4608.986	284.8709	0.9047502	0.4503087	13.09466
62136	-4311.223	-4598.082	286.8595	0.9047502	0.4011822	12.10654
62142	-4312.576	-4597.06	284.4842	0.9137048	0.2713326	13.48494
62148	-4306.519	-4595.711	289.1915	0.936986	0.4138953	10.8579
62154	-4314.03	-4599.305	285.2744	0.7795001	0.4252661	12.97361
62160	-4310.207	-4598.218	288.0103	0.8867906	0.3742383	11.54281
62166	-4313.231	-4604.208	290.9764	0.8806311	0.2792444	10.10118
62172	-4320.471	-4612.339	291.8675	0.9250778	0.5393233	9.343211
62178	-4324.39	-4609.597	285.2071	1.023507	0.3336733	12.97708
62184	-4302.415	-4589.482	287.0675	0.8474058	0.4611035	11.97067
62190	-4312.974	-4601.389	288.4151	0.9581712	0.4091162	11.25815
62196	-4310.316	-4594.852	284.5359	0.9136862	0.462178	13.25328
62202	-4325.116	-4610.64	285.5238	0.8828305	0.3748983	12.84064
62208	-4340.864	-4624.89	284.0255	0.861221	0.3640163	13.64193
62214	-4339.476	-4621.472	281.9964	0.861221	0.3831112	14.67365
62220	-4330.728	-4621.308	290.5796	0.9703416	0.355365	10.17253
62226	-4312.87	-4601.228	288.3583	0.9245863	0.4685461	11.24908
62232	-4310.628	-4594.782	284.1536	0.8817385	0.3950746	13.53259
62238	-4308.039	-4595.765	287.726	0.9433089	0.4008192	11.63447
62244	-4307.225	-4595.013	287.788	0.881316	0.4008192	11.63447
62250	-4301.825	-4589.421	287.5957	0.8199689	0.3850064	11.78307
62256	-4304.135	-4591.885	287.7493	0.8768191	0.5258867	11.54274
62262	-4298.28	-4586.105	287.8248	0.7067978	0.3428197	11.76779
62268	-4313.598	-4602.707	289.1088	0.8174846	0.4206337	10.95725
62274	-4310.184	-4600.533	290.3489	0.8670115	0.4723058	10.23198
62280	-4304.295	-4592.344	288.0489	0.8971983	0.3659724	11.52594
62286	-4316.735	-4603.733	286.9984	0.8904196	0.4176203	12.02532
62292	-4305.621	-4592.535	286.9143	0.901153	0.3821994	12.0992
62298	-4301.299	-4587.35	286.051	0.8166851	0.4495769	12.52714
62304	-4304.674	-4590.93	286.2564	0.7499464	0.3761917	12.52714
62310	-4315.645	-4597.898	282.2532	0.8541352	0.3380262	14.59264
62316	-4330.75	-4614.567	283.817	0.7575913	0.2994885	13.87706
62322	-4327.817	-4613.767	285.9502	0.8426791	0.5070045	12.5151
62328	-4330.508	-4623.533	293.025	1.119205	0.358029	8.80016
62334	-4342.722	-4635.911	293.1883	1.119205	0.4511068	8.618908
62340	-4342.821	-4627.55	284.7292	0.737475	0.3209211	13.38865
62346	-4333.158	-4617.888	284.7303	0.7364195	0.3209211	13.38865
62352	-4329.86	-4618.684	288.8241	0.8088291	0.3592988	11.17391
62358	-4324.529	-4612.152	287.6225	0.828955	0.4429241	11.70737
62364	-4323.267	-4609.93	286.6632	0.828955	0.3582806	12.2931
62370	-4311.879	-4598.396	286.5178	0.8105276	0.325535	12.41496
62376	-4308.501	-4593.097	284.5959	0.8390441	0.4170951	13.30322
62382	-4312.802	-4598.486	285.6835	0.8511505	0.3474707	12.80348
62388	-4316.452	-4605.051	288.5991	1.007389	0.3928063	11.1525
62394	-4303.928	-4588.274	284.3459	0.8036543	0.4113522	13.45709
62400	-4324.007	-4612.108	288.1007	0.8036543	0.4463171	11.46754
62406	-4323.863	-4606.504	282.6403	0.6933014	0.4787717	14.33621
62412	-4332.847	-4620.198	287.351	0.886792	0.3879072	11.87296
62418	-4332.05	-4620.221	288.1704	0.887519	0.3879072	11.44452
62424	-4319.697	-4604.119	284.4217	0.8160108	0.4459595	13.37824
62430	-4318.35	-4605.892	287.5419	0.8160108	0.3009838	11.90711
62436	-4324.477	-4609.009	284.5322	0.9006172	0.3924155	13.32887
62442	-4326.867	-4609.737	282.8692	0.7533025	0.3954232	14.265
62448	-4325.826	-4611.342	285.5161	0.8420482	0.366671	12.87453
62454	-4330.791	-4618.063	287.2722	0.8420482	0.3958553	11.92933
62460	-4323.69	-4608.974	285.2836	0.8923817	0.4551218	12.88205
62466	-4313.607	-4598.052	284.4459	0.8963919	0.4564196	13.31428
62472	-4318.514	-4609.294	290.7795	0.971071	0.363723	10.05793
62478	-4328.473	-4617.667	289.1946	0.9054144	0.3431971	10.94704
62484	-4320.45	-4606.327	285.8766	0.8610728	0.4344769	12.60903
62490	-4318.099	-4604.855	286.7557	0.789291	0.2844609	12.35144
62496	-4314.29	-4603.45	289.1601	0.8172898	0.4791102	10.87594
62502	-4304.634	-4593.196	288.5616	0.9267218	0.4561805	11.15288
62508	-4302.23	-4586.464	284.2339	0.8095212	0.3528371	13.57264
62514	-4314.753	-4602.661	287.9087	0.7944243	0.4423053	11.57649
62520	-4319.652	-4609.477	289.8252	0.9558129	0.334716	10.59951
62526	-4317.467	-4604.878	287.4112	0.887122	0.3110171	11.92619
62532	-4337.952	-4626.192	288.2392	0.8710436	0.4357896	11.36983
62538	-4320.263	-4607.994	287.7308	0.8689372	0.4357896	11.63666
62544	-4317.878	-4602.739	284.8606	0.7746347	0.4357896	13.18125
62550	-4338.372	-4620.782	282.4096	0.9850811	0.3698513	14.40937
62556	-4335.486	-4617.832	282.3457	0.7505705	0.4084973	14.52461
62562	-4315.055	-4603.535	288.4798	0.9380595	0.3700415	11.27495
62568	-4320.875	-4609.439	288.5637	0.9342914	0.3446544	11.26059
62574	-4317.939	-4607.177	289.238	0.9245979	0.5544811	10.71488
62580	-4315.375	-4602.562	287.1867	0.9792583	0.5544811	11.75976
62586	-4309.418	-4595.517	286.099	0.8453838	0.3254158	12.61505
62592	-4302.36	-4589.997	287.6369	0.9613624	0.4375367	11.63575
62598	-4306.906	-4594.592	287.686	0.8739408	0.4590286	11.63575
62604	-4304.929	-4590.463	285.5337	0.8702868	0.4590286	12.75986
62610	-4309.99	-4598.092	288.1019	0.807283	0.3553465	11.55672
62616	-4319.568	-4608.453	288.8846	0.9669875	0.4183896	10.99859
62622	-4319.744	-4606.762	287.018	0.8194955	0.3733122	12.09698
62628	-4339.998	-4629.117	289.1191	0.7891461	0.3733122	11.01473
62634	-4310.569	-4595.773	285.204	0.717048	0.343465	13.12702
62640	-4309.254	-4594.447	285.193	0.6634162	0.3746478	13.12702
62646	-4318.096	-4602.555	284.4593	0.7322963	0.3746478	13.47242
62652	-4319.247	-4607.167	287.9201	0.9901932	0.3231912	11.59232
62658	-4319.414	-4606.166	286.7521	0.8952929	0.354079	12.21672
62664	-4315.657	-4602.536	286.8794	0.7668107	0.3905151	12.17889
62670	-4313.888	-4599.452	285.5636	0.7316985	0.3234809	12.95507
62676	-4317.746	-4602.764	285.0186	0.738432	0.402313	13.15042
62682	-4320.068	-4608.89	288.8221	0.9105324	0.3535006	11.12805
62688	-4316.916	-4604.115	287.1991	0.8517118	0.3548495	12.00548
62694	-4322.794	-4611.802	289.0075	0.9749789	0.5918994	10.77989
62700	-4307.667	-4595.962	288.2956	0.7646805	0.4063021	11.42466
62706	-4307.262	-4593.42	286.1582	0.8854622	0.3888959	12.49455
62712	-4305.123	-4595.143	290.0194	0.8866145	0.3203878	10.55048
62718	-4304.313	-4589.794	285.4813	0.7120614	0.4092421	12.91668
62724	-4327.363	-4613.465	286.1016	0.8764339	0.3525688	12.56709
62730	-4317.366	-4603.56	286.1939	0.7701001	0.412111	12.51275
62736	-4323.112	-4609.221	286.1091	0.8598548	0.4519974	12.47215
62742	-4308.7	-4594.406	285.7061	0.7282485	0.3988122	12.80167
62748	-4318.297	-4604.664	286.3665	0.7735665	0.3252603	12.51337
62754	-4322.452	-4603.598	281.1461	0.7423423	0.3095922	15.25584
62760	-4314.8	-4600.776	285.9764	0.7294403	0.4069296	12.65231
62766	-4319.275	-4603.176	283.9016	0.8394386	0.3396132	13.74415
62772	-4329.388	-4617.257	287.8698	0.663854	0.3976315	11.70856
62778	-4319.507	-4610.137	290.6295	0.781189	0.3724158	10.22735
62784	-4308.344	-4594.957	286.6122	0.7526208	0.3452732	12.37368
62790	-4332.95	-4616.428	283.4782	0.7868772	0.3459145	13.98403
62796	-4329.726	-4616.264	286.5375	0.9175443	0.3746483	12.29499
62802	-4323.174	-4607.502	284.3273	0.7745275	0.4120621	13.48114
62808	-4319.188	-4603.428	284.2399	0.8889267	0.4860336	13.39863
62814	-4328.231	-4613.588	285.3568	0.8214727	0.3783959	12.95576
62820	-4325.145	-4607.236	282.091	0.7722385	0.4323896	14.62221
62826	-4323.712	-4609.189	285.4768	0.6799337	0.4600156	12.88761
62832	-4313.282	-4599.17	285.8875	0.7795865	0.3837757	12.6959
62838	-4316.37	-4601.547	285.1762	0.7795865	0.3945097	13.05497
62844	-4314.879	-4599.933	285.0539	0.7795865	0.4608326	13.05497
62850	-4324.165	-4606.782	282.6167	0.8314083	0.4608326	14.29294
62856	-4324.488	-4610.733	286.2449	0.8566788	0.4241326	12.42937
62862	-4314.502	-4602.286	287.7843	1.017793	0.3186433	11.65413
62868	-4323.432	-4609.325	285.8933	0.9060297	0.4446149	12.56734
62874	-4323.652	-4609.652	285.9999	0.802694	0.4428213	12.56734
62880	-4314.175	-4599.038	284.8629	0.8254513	0.4428213	13.14703
62886	-4320.516	-4605.395	284.8791	0.809188	0.4428213	13.14703
62892	-4314.371	-4598.309	283.9371	0.7788164	0.4410139	13.65378
62898	-4315.085	-4601.494	286.4092	0.9511152	0.4410139	12.27848
62904	-4325.294	-4613.918	288.624	0.7820199	0.2912809	11.37145
62910	-4320.094	-4608.977	288.8832	0.8836471	0.4578962	11.00545
62916	-4327.962	-4616.823	288.8606	0.8935293	0.359933	11.10977
62922	-4304.631	-4594.291	289.6596	0.9220933	0.4469827	10.58841
62928	-4315.669	-4606.065	290.3961	1.062783	0.5869255	10.0082
62934	-4319.432	-4604.226	284.7942	0.7210822	0.4168545	13.26172
62940	-4331.171	-4618.242	287.0708	0.926099	0.3434727	12.04615
62946	-4328.844	-4614.732	285.8879	0.8377665	0.3916741	12.65729
62952	-4342.562	-4629.814	287.2526	0.8993906	0.3054021	12.00924
62958	-4341.422	-4626.936	285.5145	0.7207366	0.4373165	12.86778
62964	-4320.75	-4607.916	287.1658	0.9825344	0.5402476	11.78051
62970	-4317.15	-4602.597	285.4465	0.9679578	0.408793	12.80208
62976	-4318.59	-4604.27	285.68	0.9031952	0.290406	12.84482
62982	-4322.423	-4609.654	287.2313	0.87301	0.4871948	11.84846
62988	-4312.146	-4596.054	283.9086	0.8648047	0.3549555	13.71048
62994	-4320.503	-4608.987	288.4834	1.021955	0.4250949	11.17334
63000	-4318.713	-4601.324	282.6109	0.7837417	0.4588563	14.32243
63006	-4312.94	-4599.41	286.4703	0.7638767	0.3763314	12.40829
63012	-4312.225	-4597.99	285.7646	0.8829048	0.3435143	12.74916
63018	-4322.123	-4608.249	286.1257	0.7049893	0.3435143	12.65379
63024	-4335.919	-4625.097	289.1782	0.8133157	0.5074222	10.84376
63030	-4322.354	-4609.752	287.3984	0.7059106	0.3645225	11.9671
63036	-4316.408	-4602.683	286.2745	0.8551797	0.4780233	12.36483
63042	-4305.172	-4589.613	284.4406	0.8116925	0.4532802	13.36387
63048	-4322.527	-4606.987	284.4601	0.8122743	0.442046	13.36387
63054	-4333.501	-4619.216	285.7146	0.6872226	0.3577318	12.86139
63060	-4325.842	-4611.218	285.3766	0.9054073	0.4186056	12.86139
63066	-4325.648	-4611.032	285.3846	0.9181648	0.3969941	12.87196
63072	-4329.481	-4611.664	282.1827	0.6700776	0.3969941	14.66208
63078	-4328.234	-4612.16	283.9263	0.7361507	0.4174523	13.70398
63084	-4324.573	-4608.552	283.9788	0.7557809	0.3801325	13.70398
63090	-4325.779	-4611.517	285.7371	0.7038181	0.4354996	12.7625
63096	-4325.324	-4609.651	284.3263	0.830715	0.3305308	13.53847
63102	-4328.61	-4616.069	287.4585	0.8211601	0.3457063	11.89612
63108	-4322.903	-4610.215	287.3118	0.8740003	0.4398222	11.84902
63114	-4314.645	-4603.244	288.5983	0.7761327	0.4077406	11.25887
63120	-4315.683	-4595.169	279.4857	0.8349946	0.3632971	16.00556
63126	-4322.111	-4605.741	283.6297	0.8170071	0.4248332	13.80879
63132	-4340.74	-4627.288	286.5483	0.7815539	0.4562097	12.28026
63138	-4349.904	-4636.308	286.4037	0.8367667	0.4155899	12.36532
63144	-4339.037	-4627.783	288.7458	0.7922062	0.4105526	11.17049
63150	-4347.272	-4638.006	290.7336	1.022908	0.4915702	9.930365
63156	-4329.604	-4614.935	285.3314	0.8415686	0.3968305	12.93966
63162	-4330.373	-4618.466	288.0935	0.8776704	0.4029031	11.47465
63168	-4325.962	-4614.97	289.0078	0.9340766	0.4345339	10.93564
63174	-4307.942	-4597.259	289.3174	0.689569	0.3998085	10.93564
63180	-4307.673	-4597.14	289.4674	0.8489219	0.4396137	10.73456
63186	-4310.998	-4597.103	286.1045	0.855525	0.4357941	12.49197
63192	-4321.656	-4609.545	287.8891	0.8557172	0.4357941	11.56086
63198	-4321.253	-4608.422	287.1685	0.7348592	0.5116718	11.93217
63204	-4335.035	-4617.98	282.9455	0.7348592	0.3875656	14.24299
63210	-4322.506	-4606.665	284.1594	0.8317525	0.426165	13.52493
63216	-4320.564	-4604.403	283.839	0.7784435	0.3278969	13.82146
63222	-4316.764	-4602.182	285.4176	0.7372207	0.4036711	12.94223
63228	-4325.072	-4611.315	286.2433	0.7444919	0.4710213	12.44502
63234	-4322.513	-4609.797	287.2842	0.7565611	0.4723909	11.89477
63240	-4310.986	-4595.706	284.72	0.7311375	0.4723909	13.24327
63246	-4324.724	-4609.485	284.761	0.793303	0.4149846	13.24327
63252	-4325.268	-4611.795	286.5268	0.6992832	0.4740121	12.31817
63258	-4329.69	-4609.485	279.7947	0.6475297	0.4075222	15.89771
63264	-4328.494	-4612.166	283.6718	0.687617	0.3468894	13.93403
63270	-4330.644	-4615.605	284.9606	0.7449588	0.4339758	13.14639
63276	-4335.554	-4620.558	285.0033	0.7022648	0.4339758	13.14639
63282	-4344.747	-4628.974	284.2269	0.727309	0.43605	13.53474
63288	-4336.605	-4622.745	286.1408	0.8438418	0.4331654	12.48167
63294	-4337.101	-4625.539	288.438	0.790096	0.3976429	11.34558
63300	-4333.347	-4618.478	285.1311	0.7121143	0.468279	13.04315
63306	-4332.272	-4616.782	284.5094	0.7851705	0.5757076	13.23857
63312	-4322.9	-4610.626	287.7266	0.8530449	0.3871625	11.69523
63318	-4331.43	-4619.683	288.2533	0.7281369	0.4280128	11.44458
63324	-4357.356	-4638.795	281.4393	1.037686	0.4793295	14.77929
63330	-4341.708	-4630.39	288.6823	1.018219	0.3931869	11.10286
63336	-4342.794	-4634.551	291.7565	1.000065	0.444782	9.44581
63342	-4330.212	-4619.118	288.906	0.9198248	0.5009426	10.93613
63348	-4339.274	-4627.07	287.7954	0.7523487	0.4819565	11.62147
63354	-4317.676	-4604.651	286.9751	0.785102	0.3837989	12.12637
63360	-4329.767	-4616.647	286.8795	0.7178342	0.4330042	12.16248
63366	-4322.168	-4608.276	286.108	0.7186923	0.458435	12.54034
63372	-4342.641	-4628.409	285.7686	0.7233627	0.3392736	12.83483
63378	-4329.379	-4613.564	284.1851	0.7635103	0.4283899	13.54494
63384	-4320.388	-4608.223	287.8354	0.6426112	0.3870791	11.74838
63390	-4327.991	-4617.546	289.5548	0.7826073	0.427623	10.73494
63396	-4328.479	-4617.709	289.2305	0.8158463	0.4543443	10.86229
63402	-4332.611	-4621.627	289.0159	0.865474	0.3708352	11.03147
63408	-4323.417	-4609.547	286.13	0.6678054	0.3423477	12.6722
63414	-4335.944	-4623.586	287.6417	0.7555718	0.4438308	11.7348
63420	-4322.266	-4606.908	284.6416	0.7642604	0.3040502	13.44015
63426	-4306.88	-4592.403	285.5237	0.6018261	0.3920159	12.96921
63432	-4310.528	-4596.256	285.7282	0.6676022	0.3920159	12.82862
63438	-4305.074	-4592.323	287.2483	0.688594	0.3835303	12.03446
63444	-4310.655	-4598.544	287.8891	0.8309107	0.3668658	11.64316
63450	-4309.941	-4597.884	287.943	0.7518601	0.3793165	11.64316
63456	-4295.245	-4579.962	284.7174	0.7070907	0.3669958	13.35956
63462	-4299.282	-4586.516	287.2341	0.7376119	0.3741721	12.02605
63468	-4305.889	-4594.16	288.2712	0.6631431	0.5504737	11.36142
63474	-4298.37	-4586.762	288.3916	0.7086594	0.4502466	11.36142
63480	-4306.067	-4593.383	287.3164	0.8006864	0.2943745	12.04086
63486	-4320.89	-4608.158	287.2678	0.6636437	0.3801283	12.04086
63492	-4308.785	-4596.067	287.2815	0.7179516	0.3470464	12.04086
63498	-4308.56	-4591.19	282.6307	0.6572169	0.4072496	14.42659
63504	-4313.991	-4599.697	285.7061	0.7238717	0.3569415	12.84761
63510	-4308.302	-4593.724	285.4222	0.76524	0.4868839	12.84761
63516	-4307.704	-4595.565	287.861	0.8133593	0.3683061	11.66549
63522	-4309.764	-4597.17	287.4057	0.8556113	0.4507741	11.79934
63528	-4306.157	-4594.593	288.4364	0.8556113	0.3496465	11.36282
63534	-4306.697	-4595.371	288.6743	0.8752473	0.4187621	11.15635
63540	-4320.475	-4605.069	284.5941	0.7212609	0.4414814	13.34206
63546	-4317.177	-4601.857	284.6801	0.8021708	0.440354	13.25639
63552	-4309.09	-4597.653	288.563	0.7283662	0.4138844	11.29629
63558	-4310.548	-4596.273	285.7248	0.6817065	0.3836507	12.83159
63564	-4308.734	-4594.505	285.7711	0.6354881	0.3836507	12.83159
63570	-4304.924	-4591.082	286.1587	0.729821	0.4857935	12.48364
63576	-4302.68	-4586.987	284.3068	0.752118	0.3684853	13.54778
63582	-4311.652	-4598.567	286.9154	0.7547285	0.286084	12.28423
63588	-4302.026	-4588.776	286.7505	0.7505694	0.317256	12.33458
63594	-4324.571	-4607.946	283.3753	0.624535	0.360297	14.10591
63600	-4299.814	-4582.394	282.5797	0.630261	0.4461993	14.42974
63606	-4306.693	-4592.361	285.6674	0.79737	0.3504746	12.83654
63612	-4302.169	-4584.512	282.3425	0.7198197	0.3712721	14.57996
63618	-4306	-4588.618	282.618	0.7014725	0.4952648	14.32916
63624	-4306.301	-4593.115	286.8145	0.7657261	0.4343801	12.17009
63630	-4319.936	-4603.519	283.583	0.7023996	0.4838952	13.83831
63636	-4306.016	-4592.621	286.6052	0.7881819	0.3188928	12.3888
63642	-4302.956	-4589.753	286.7979	0.7431642	0.3509951	12.27554
63648	-4308.732	-4593.107	284.3743	0.8366882	0.347332	13.49163
63654	-4315.955	-4600.429	284.4745	0.7365059	0.347332	13.49163
63660	-4313.002	-4601.506	288.5045	0.7069538	0.4449464	11.30824
63666	-4317.748	-4609.281	291.5326	0.8284551	0.3354013	9.767899
63672	-4306.306	-4595.637	289.3308	0.7188974	0.3935109	10.91968
63678	-4306.224	-4593.448	287.2237	0.7221602	0.4327727	11.9809
63684	-4312.889	-4599.904	287.0145	0.7903117	0.3478318	12.14149
63690	-4317.476	-4605.169	287.6933	0.6360063	0.3478318	11.86785
63696	-4309.531	-4593.762	284.2313	0.7446352	0.4960419	13.46934
63702	-4299.289	-4585.618	286.3291	0.7502244	0.3972302	12.46749
63708	-4306.062	-4595.142	289.0798	0.7270686	0.4357606	11.0052
63714	-4306.098	-4593.52	287.4216	0.6548347	0.3881285	11.95693
63720	-4311.076	-4598.373	287.2972	0.7444184	0.406113	11.95693
63726	-4317.233	-4602.717	285.4846	0.7070887	0.3984125	12.92833
63732	-4311.663	-4597.575	285.9122	0.7435552	0.3984125	12.68686
63738	-4308.507	-4596.769	288.2623	0.8009131	0.4273604	11.40245
63744	-4312.094	-4596.431	284.3366	0.7176933	0.4534809	13.46652
63750	-4304.287	-4590.834	286.5478	0.8447612	0.4534809	12.25009
63756	-4307.933	-4597.441	289.508	0.9159809	0.3403814	10.78039
63762	-4300.586	-4590.123	289.5374	0.9205698	0.4602845	10.64095
63768	-4307.041	-4595.474	288.4331	0.6882574	0.3942581	11.40483
63774	-4301.885	-4590.298	288.413	0.7083219	0.3942581	11.40483
63780	-4305.168	-4592.057	286.8885	0.6874052	0.4076787	12.19827
63786	-4310.605	-4598.983	288.3784	0.8148089	0.4084654	11.35297
63792	-4314.946	-4601.728	286.7816	0.7551118	0.4122322	12.21419
63798	-4317.013	-4603.659	286.6465	0.9067104	0.3719494	12.24666
63804	-4318.833	-4605.458	286.6252	0.8554607	0.4089757	12.24666
63810	-4316.293	-4602.728	286.4351	0.9253653	0.475703	12.24666
63816	-4325.878	-4615.299	289.4206	0.9108249	0.3023964	10.87331
63822	-4309.315	-4596.28	286.9649	0.8069431	0.3023964	12.21114
63828	-4309.061	-4596.083	287.0214	0.7507716	0.3355644	12.17218
63834	-4315.142	-4603.101	287.9598	0.7136186	0.3628529	11.67179
63840	-4318.525	-4607.132	288.6073	0.7596612	0.3628529	11.30923
63846	-4317.611	-4605.4	287.7888	0.8206541	0.4274642	11.63953
63852	-4315.802	-4603.59	287.788	0.7792038	0.3628961	11.72721
63858	-4317.875	-4607.108	289.2332	0.8211221	0.3520828	10.96112
63864	-4299.658	-4587.37	287.7118	0.7713543	0.4779792	11.65876
63870	-4308.329	-4595.923	287.5941	0.8424964	0.4097342	11.74715
63876	-4317.157	-4603.493	286.3353	0.8342233	0.355837	12.46381
63882	-4330.935	-4615.78	284.8456	0.7973468	0.3613567	13.25206
63888	-4329.79	-4612.795	283.0049	0.7532364	0.320719	14.27521
63894	-4326.156	-4610.967	284.811	0.6658526	0.4821633	13.22123
63900	-4329.054	-4618.715	289.6608	0.9322908	0.4521597	10.57755
63906	-4343.775	-4630.65	286.8748	0.8473183	0.3926197	12.13718
63912	-4316.182	-4602.639	286.4576	0.6790013	0.3972114	12.43768
63918	-4325.912	-4611.942	286.0302	0.6792834	0.4889593	12.57409
63924	-4325.582	-4612.748	287.1663	0.7882456	0.4973802	11.91774
63930	-4320.294	-4605.428	285.1332	0.7323465	0.3413455	13.15822
63936	-4315.662	-4603.219	287.5569	0.772431	0.4327854	11.78073
63942	-4323.286	-4609.5	286.2143	0.7958385	0.4929556	12.414
63948	-4323.522	-4610.088	286.5658	0.7378253	0.3803579	12.36794
63954	-4312.68	-4599.882	287.2024	0.7577938	0.3625573	12.0444
63960	-4321.541	-4608.693	287.1516	0.8464066	0.344495	12.0444
63966	-4329.954	-4618.744	288.7905	0.9151453	0.3713733	11.12292
63972	-4320.913	-4608.642	287.7285	0.9330646	0.4161851	11.62329
63978	-4313.069	-4598.507	285.4377	0.6976674	0.4237786	12.93268
63984	-4327.434	-4616.051	288.6174	0.872075	0.4516247	11.15648
63990	-4328.071	-4614.573	286.5017	0.8487369	0.3227848	12.40664
63996	-4321.375	-4606.885	285.51	0.8551621	0.4026672	12.83383
64002	-4324.724	-4608.793	284.0692	0.8118544	0.4579295	13.55243
64008	-4335.063	-4620.566	285.5034	0.7506697	0.4870144	12.81281
64014	-4322.317	-4606.535	284.2181	0.6085985	0.3855367	13.65061
64020	-4327.366	-4611.995	284.629	0.6447176	0.3276153	13.48118
64026	-4325.855	-4610.383	284.528	0.7280326	0.3543267	13.46064
64032	-4328.106	-4613.843	285.7363	0.668735	0.4174776	12.79846
64038	-4330.126	-4613.965	283.839	0.6398178	0.373491	13.84355
64044	-4329.901	-4617.819	287.9187	0.9633978	0.4133136	11.51086
64050	-4307.361	-4592.494	285.1332	0.7439	0.4660615	13.02752
64056	-4314.59	-4601.25	286.6594	0.7439	0.4297635	12.26677
64062	-4331.579	-4618.352	286.7733	0.8441245	0.3463725	12.24081
64068	-4326.805	-4615.753	288.9484	0.8638318	0.2984744	11.15002
64074	-4316.592	-4599.815	283.2227	0.8061995	0.3571703	14.09422
64080	-4306.018	-4589.845	283.8278	0.7582985	0.3459482	13.81752
64086	-4316.68	-4603.779	287.0988	0.7564562	0.3545782	12.10778
64092	-4315.388	-4603.419	288.0311	0.8017099	0.3823742	11.56788
64098	-4316.058	-4601.529	285.4711	0.7659899	0.3890909	12.91417
64104	-4324.014	-4609.266	285.2519	0.7756877	0.3922213	13.01992
64110	-4314.667	-4603.346	288.6786	0.8250895	0.4450996	11.15512
64116	-4304.151	-4589.132	284.9807	0.7794123	0.311588	13.24714
64122	-4329.49	-4614.355	284.8647	0.8150915	0.3180426	13.28132
64128	-4325.787	-4616.444	290.6572	1.027003	0.3346876	10.12505
64134	-4297.385	-4582.686	285.3012	0.8154987	0.3512335	13.01677
64140	-4316.113	-4604.908	288.7944	0.9500787	0.3736488	11.10013
64146	-4324.271	-4610.562	286.2916	0.8139777	0.4269745	12.42456
64152	-4325.294	-4611.574	286.2792	0.8245795	0.4279661	12.42456
64158	-4321.319	-4605.127	283.808	0.8133876	0.4088353	13.73371
64164	-4321.16	-4605.014	283.8545	0.8134901	0.525801	13.60407
64170	-4331.573	-4621.53	289.9572	1.087054	0.3917845	10.39966
64176	-4333.708	-4624.646	290.9378	1.028231	0.3585792	9.950091
64182	-4334.381	-4617.328	282.9474	0.8085136	0.4053519	14.18597
64188	-4326.421	-4611.256	284.8345	0.7480611	0.3439603	13.3024
64194	-4321.552	-4606.319	284.7661	0.8450187	0.4154696	13.21327
64200	-4320.966	-4605.449	284.4825	0.8653247	0.4154696	13.35007
64206	-4329.077	-4613.98	284.9032	0.8254034	0.338275	13.23285
64212	-4340.87	-4627.194	286.3246	0.7602053	0.395777	12.4661
64218	-4355.305	-4646.486	291.1814	0.883174	0.4058591	9.848694
64224	-4327.682	-4614.598	286.9158	0.7266995	0.3677947	12.20452
64230	-4341.037	-4628.788	287.7502	0.7858086	0.559466	11.56244
64236	-4341.235	-4623.657	282.4213	0.7198177	0.3109246	14.60623
64242	-4343.658	-4629.794	286.1361	0.7507728	0.3787921	12.58662
64248	-4330.679	-4616.449	285.77	0.7514468	0.3787921	12.77685
64254	-4333.956	-4619.509	285.5536	0.855733	0.4351116	12.77932
64260	-4338.76	-4625.792	287.0327	0.7867095	0.4246512	12.05467
64266	-4338.766	-4625.446	286.6807	0.85016	0.3445659	12.2879
64272	-4347.901	-4634.09	286.1888	0.7439348	0.295249	12.65697
64278	-4338.683	-4624.71	286.027	0.7336514	0.5023795	12.53584
64284	-4333.073	-4619.301	286.2272	0.7721734	0.3083312	12.60645
64290	-4330.984	-4615.81	284.8261	0.6943066	0.4332648	13.24327
64296	-4326.996	-4613.649	286.6536	0.8027646	0.4332648	12.23573
64302	-4329.767	-4619.04	289.2727	0.8332583	0.4183366	10.86533
64308	-4329.162	-4620.151	290.9892	0.8050156	0.3361488	10.06552
64314	-4349.168	-4632.718	283.5498	0.7644313	0.3540838	13.94963
64320	-4342.425	-4628.462	286.0373	0.8531483	0.3287506	12.6393
64326	-4339.198	-4624.717	285.5194	0.9004863	0.4072927	12.80075
64332	-4340.334	-4624.387	284.0526	0.7540585	0.3640729	13.68342
64338	-4342.527	-4628.735	286.2082	0.9343815	0.262233	12.5897
64344	-4330.546	-4616.652	286.1057	0.770346	0.3812836	12.5897
64350	-4331.144	-4616.783	285.6391	0.9540769	0.3376795	12.78395
64356	-4346.759	-4633.491	286.7317	0.8056659	0.3376795	12.29223
64362	-4353.621	-4640.489	286.8676	0.9072968	0.4026098	12.09954
64368	-4327.843	-4613.329	285.4856	0.9462848	0.4039653	12.79783
64374	-4336.428	-4624.386	287.9587	0.9454172	0.2996674	11.6235
64380	-4337.636	-4626.365	288.7294	0.8783279	0.5345109	11.02202
64386	-4327.956	-4613.367	285.4108	0.7643594	0.3864165	12.94909
64392	-4322.027	-4609.04	287.0126	0.8094765	0.3661172	12.11263
64398	-4331.81	-4620.694	288.8837	0.7617097	0.3436278	11.18459
64404	-4327.033	-4613.922	286.8896	0.654124	0.4323566	12.19108
64410	-4308.544	-4596.847	288.3023	0.8106381	0.3526245	11.45321
64416	-4311.907	-4597.205	285.2985	0.7732259	0.4253786	12.96421
64422	-4308.56	-4593.426	284.8656	0.7474028	0.5285915	13.11083
64428	-4307.875	-4593.405	285.5302	0.8271832	0.3937722	12.8468
64434	-4317.773	-4600.928	283.155	0.7369375	0.3275378	14.19807
64440	-4316.589	-4606.329	289.7399	0.9006996	0.3466706	10.65973
64446	-4314.096	-4602.167	288.0706	0.9208341	0.3716483	11.49625
64452	-4312.038	-4599.782	287.7441	0.8862172	0.4327554	11.62357
64458	-4310.964	-4599.364	288.4	0.826838	0.4244204	11.31974
64464	-4326.305	-4613.368	287.0629	0.9168681	0.3343467	12.06533
64470	-4321.485	-4607.994	286.5093	1.016925	0.4347631	12.19792
64476	-4325.776	-4612.807	287.0312	0.9152196	0.4985285	11.92096
64482	-4314.736	-4597.823	283.0871	0.9309532	0.4482833	14.00902
64488	-4323.778	-4605.364	281.586	0.7884334	0.3357808	14.97443
64494	-4325.864	-4606.981	281.1172	0.8961037	0.5320098	14.97443
64500	-4319.373	-4605.475	286.102	0.8961037	0.5492867	12.37309
64506	-4326.609	-4611.778	285.1689	0.8457539	0.4736789	12.94915
64512	-4323.197	-4609.826	286.6281	0.7352736	0.3989283	12.31783
64518	-4315.395	-4602.489	287.0934	0.7592731	0.3069088	12.16354
64524	-4331.11	-4618.985	287.8747	0.7857173	0.3920449	11.64801
64530	-4323.794	-4611.573	287.7793	0.7905517	0.427058	11.66061
64536	-4325.647	-4609.074	283.4273	0.6546266	0.4223268	14.00041
64542	-4325.18	-4608.498	283.3175	0.7164269	0.4486757	14.00041
64548	-4319.164	-4603.218	284.054	0.6877126	0.4496982	13.6323
64554	-4318.329	-4606.473	288.1435	0.8288507	0.3341405	11.54729
64560	-4313.767	-4601.702	287.9347	0.7619803	0.495305	11.53191
64566	-4325.289	-4613.349	288.0591	0.8086576	0.3996714	11.53191
64572	-4336.493	-4619.35	282.8578	0.7992096	0.3558041	14.28845
64578	-4331.876	-4616.893	285.0175	0.6935801	0.3668473	13.21078
64584	-4324.894	-4611.49	286.5962	0.7115793	0.3998155	12.34588
64590	-4329.581	-4614.543	284.9621	0.7966304	0.3998155	13.15205
64596	-4327.497	-4612.027	284.5297	0.7966304	0.4030996	13.37344
64602	-4326.828	-4611.025	284.1975	0.6406726	0.4194328	13.61085
64608	-4327.327	-4612.806	285.479	0.7046405	0.4194328	12.91178
64614	-4330.653	-4611.54	280.8872	0.6862768	0.3649309	15.35682
64620	-4333.878	-4614.608	280.7308	0.7349071	0.3413	15.43808
64626	-4337.166	-4623.738	286.5722	0.7854452	0.4076106	12.31211
64632	-4350.31	-4631.768	281.4581	0.7500374	0.4518145	14.94311
64638	-4331.866	-4618.11	286.2441	0.9151465	0.4025259	12.42056
64644	-4344.618	-4629.333	284.7155	0.8086648	0.4006157	13.27314
64650	-4323.507	-4608.599	285.0918	0.7995509	0.4035734	13.07935
64656	-4313.058	-4599.754	286.6959	0.7491562	0.4029736	12.27118
64662	-4317.262	-4602.37	285.1079	0.7545504	0.46366	13.03731
64668	-4322.287	-4606.914	284.6271	0.7509317	0.3589749	13.39223
64674	-4313.521	-4600.328	286.8076	0.8286884	0.4846258	12.0949
64680	-4342.136	-4628.589	286.4532	0.6650715	0.3892614	12.45531
64686	-4342.531	-4627.841	285.3105	0.802699	0.3714249	12.99691
64692	-4334.505	-4623.453	288.9485	0.8849872	0.5430787	10.89669
64698	-4332.459	-4620.224	287.7659	0.7256266	0.408471	11.71968
64704	-4331.797	-4619.107	287.3096	0.7155376	0.3965387	11.97513
64710	-4327.556	-4615.644	288.0886	0.7673122	0.3579786	11.58169
64716	-4316.219	-4605.492	289.2721	0.9027375	0.4182651	10.82931
64722	-4329.01	-4615.14	286.1292	0.8390064	0.3782266	12.54487
64728	-4330.052	-4616.354	286.3019	0.6817953	0.4278022	12.48727
64734	-4317.114	-4601.861	284.7464	0.7429622	0.4037704	13.28805
64740	-4343.389	-4628.319	284.9304	0.7425128	0.4352603	13.16216
64746	-4329.712	-4616.055	286.3424	0.8296231	0.3424072	12.4773
64752	-4332.492	-4617.05	284.5587	0.829347	0.3803974	13.36441
64758	-4325.19	-4613.812	288.6222	0.833997	0.3887584	11.2353
64764	-4333.847	-4619.748	285.9013	0.7142785	0.3977878	12.70843
64770	-4336.241	-4621.475	285.234	0.6290977	0.372613	13.1257
64776	-4334.688	-4623.119	288.4306	0.9146826	0.372613	11.31018
64782	-4338.502	-4624.357	285.8543	0.8053918	0.3879582	12.69544
64788	-4340.075	-4627.378	287.3027	0.8676294	0.2808784	12.02994
64794	-4337.763	-4621.621	283.8583	0.9257875	0.3397507	13.72166
64800	-4328.055	-4614.78	286.7255	0.7874885	0.359519	12.28089
64806	-4329.688	-4614.882	285.1939	0.879393	0.3591518	13.03077
64812	-4324.176	-4609.344	285.1681	0.8320666	0.3955848	13.03077
64818	-4331.816	-4616.468	284.6517	1.037231	0.4800749	13.11282
64824	-4338.778	-4623.345	284.5678	1.006409	0.4050052	13.24273
64830	-4330.755	-4615.605	284.8496	0.9029254	0.3187429	13.24273
64836	-4315.479	-4601.878	286.3997	0.75408	0.4082265	12.41774
64842	-4319.97	-4609.859	289.8887	0.8443829	0.3575886	10.5992
64848	-4316.978	-4604.773	287.7952	0.9164411	0.380158	11.63349
64854	-4318.324	-4601.873	283.5487	0.772807	0.5973002	13.72729
64860	-4329.151	-4614.831	285.68	0.7856113	0.4585802	12.72819
64866	-4343.617	-4628.469	284.8521	0.6211268	0.3692764	13.33182
64872	-4327.602	-4613.728	286.1259	0.766334	0.4004243	12.56173
64878	-4322.007	-4608.286	286.2794	0.7018766	0.4004243	12.51539
64884	-4333.476	-4620.768	287.292	0.7740954	0.5119576	11.84698
64890	-4341.995	-4630.186	288.1913	0.9191695	0.3721888	11.43343
64896	-4337.593	-4625	287.4064	0.8256631	0.4665948	11.80012
64902	-4332.445	-4619.082	286.6372	0.7604716	0.3825527	12.31662
64908	-4337.638	-4622.84	285.2027	0.6548249	0.4173935	13.08334
64914	-4335.749	-4618.641	282.8921	0.7819879	0.4873179	14.15229
64920	-4331.071	-4615.941	284.8702	0.8143699	0.3540128	13.23834
64926	-4329.487	-4612.202	282.7153	0.7064353	0.530311	14.24664
64932	-4325.562	-4611.917	286.3559	0.782952	0.3305459	12.50793
64938	-4323.976	-4610.277	286.3008	0.897448	0.4012025	12.40158
64944	-4325.907	-4612.963	287.0559	0.861341	0.3432443	12.08793
64950	-4335.235	-4621.609	286.3737	0.8214073	0.4287721	12.37617
64956	-4331.923	-4619.729	287.8061	0.7085318	0.4287721	11.68784
64962	-4330.311	-4615.853	285.5418	0.741425	0.4041276	12.87502
64968	-4340.693	-4622.363	281.6697	0.6712913	0.497485	14.83385
64974	-4325.75	-4610.233	284.4833	0.9534552	0.3768624	13.34278
64980	-4310.875	-4594.97	284.0954	0.7758822	0.423185	13.59006
64986	-4320.127	-4606.189	286.0613	0.7907568	0.3905149	12.59266
64992	-4321.045	-4607.991	286.9464	0.7734668	0.3978442	12.13306
64998	-4321.647	-4606.726	285.0783	0.8789322	0.4995046	12.95639
65004	-4323.768	-4608.931	285.1632	0.6838267	0.3963246	13.10965
65010	-4332.534	-4616.134	283.5997	0.7169581	0.3809148	13.91998
65016	-4319.304	-4602.791	283.4874	0.7664702	0.3462723	13.98946
65022	-4318.386	-4604.84	286.4545	0.7382251	0.3883693	12.41746
65028	-4325.302	-4611.729	286.4269	0.8135926	0.3645403	12.41746
65034	-4325.65	-4610.387	284.7371	0.8135926	0.3447203	13.31809
65040	-4335.673	-4620.051	284.3782	0.6989423	0.4603273	13.44841
65046	-4335.464	-4620.599	285.1351	0.785133	0.3769161	13.09152
65052	-4327.315	-4611.828	284.5122	0.8123595	0.4133205	13.36424
65058	-4326.231	-4611.572	285.3417	0.7427107	0.3738779	13.00933
65064	-4324.765	-4611.745	286.9804	0.8528139	0.3331461	12.14312
65070	-4319.432	-4606.328	286.896	0.8804921	0.3598666	12.14312
65076	-4313.418	-4602.175	288.7566	0.8804921	0.3914034	11.13789
65082	-4314.075	-4598.043	283.9687	0.7310212	0.3920175	13.7099
65088	-4322.156	-4606.064	283.9078	0.7663114	0.4052585	13.7099
65094	-4326.291	-4610.263	283.9715	0.7928214	0.443624	13.62621
65100	-4317.47	-4606.384	288.9139	0.9538989	0.3607277	11.04941
65106	-4321.238	-4610.897	289.6592	0.9245692	0.4534988	10.58124
65112	-4332.516	-4616.976	284.4604	0.8780097	0.3207462	13.45547
65118	-4315.669	-4601.016	285.347	0.7639233	0.3571444	13.01334
65124	-4315.969	-4600.961	284.993	0.7037769	0.4036765	13.1804
65130	-4351.263	-4629.519	278.2559	0.7546245	0.5167343	16.53769
65136	-4351.803	-4637.049	285.2457	0.8422153	0.399661	12.98104
65142	-4345.003	-4629.687	284.6835	0.8989576	0.4712707	13.17603
65148	-4336.333	-4621.046	284.713	0.7857284	0.3508213	13.33836
65154	-4339.732	-4626.5	286.7675	0.7926119	0.4695447	12.14805
65160	-4343.631	-4630.838	287.2078	0.9044615	0.5277488	11.80962
65166	-4355.33	-4646.154	290.8238	1.05795	0.3923251	9.958744
65172	-4337.768	-4626.494	288.7258	0.7206234	0.350545	11.28105
65178	-4342.168	-4627.343	285.1747	0.7407673	0.350545	13.12215
65184	-4345.941	-4632.628	286.6872	0.8629456	0.3576697	12.26352
65190	-4353.853	-4636.604	282.7513	0.6635693	0.4193015	14.34906
65196	-4353.073	-4636.3	283.2266	0.7747145	0.348419	14.11804
65202	-4345.254	-4630.438	285.1843	0.7484859	0.4070586	13.05434
65208	-4344.934	-4629.99	285.0564	0.8328405	0.5339648	12.96281
65214	-4339.296	-4626.277	286.9811	0.8025456	0.5339648	11.97599
65220	-4337.399	-4624.327	286.928	0.8557044	0.3920415	12.10564
65226	-4333.118	-4620.282	287.1639	0.9739411	0.4887031	11.8296
65232	-4343.508	-4630.991	287.4828	0.8582387	0.5374307	11.68216
65238	-4324.48	-4607.988	283.5088	0.6608444	0.4805837	13.90124
65244	-4324.586	-4612.761	288.1752	0.7811655	0.4056987	11.47958
65250	-4325.85	-4611.992	286.1422	0.7375995	0.3905961	12.57813
65256	-4335.74	-4622.867	287.1267	0.7308878	0.3930955	12.06606
65262	-4325.591	-4613.768	288.177	0.7985917	0.3930955	11.48221
65268	-4319.29	-4606.896	287.6058	0.7678446	0.4651965	11.72743
65274	-4334.563	-4623.957	289.3946	0.8888202	0.5364907	10.66622
65280	-4328.484	-4614.204	285.7202	0.8100021	0.3417611	12.81215
65286	-4330.422	-4617.369	286.9474	0.7284718	0.4438345	12.11129
65292	-4331.732	-4620.213	288.4807	0.8418683	0.4075583	11.28622
65298	-4317.331	-4605.814	288.4831	0.8549439	0.3994622	11.28622
65304	-4319.691	-4608.781	289.0907	0.7783461	0.4256895	10.9823
65310	-4322.588	-4609.258	286.6698	0.7783461	0.4142269	12.25844
65316	-4335.837	-4621.032	285.1956	0.8854146	0.3629928	13.02261
65322	-4314.008	-4597.563	283.5557	0.6844675	0.4243239	13.91641
65328	-4313.45	-4597.644	284.1938	0.7948686	0.4133593	13.53863
65334	-4314.734	-4599.272	284.5378	0.7305655	0.2819831	13.53863
65340	-4306.198	-4591.861	285.6636	0.8242691	0.4252533	12.74787
65346	-4315.46	-4601.043	285.5829	0.8231718	0.471069	12.74787
65352	-4314.946	-4598.489	283.5431	0.6646577	0.4069374	13.95015
65358	-4315.307	-4599.015	283.7082	0.8180617	0.3185352	13.87954
65364	-4312.239	-4596.59	284.3508	0.740053	0.5736921	13.34598
65370	-4325.208	-4609.673	284.4644	0.6698036	0.3603449	13.51737
65376	-4320.93	-4609.082	288.1522	0.8804975	0.3839358	11.46177
65382	-4329.322	-4616.115	286.7927	0.8042883	0.3544916	12.24253
65388	-4317.035	-4604.651	287.6155	0.7737715	0.4160438	11.76564
65394	-4322.764	-4610.358	287.5934	0.7836066	0.4225862	11.76564
65400	-4323.983	-4611.57	287.5871	0.8459626	0.3563388	11.80436
65406	-4326.431	-4614.415	287.9849	0.9151361	0.5090405	11.41379
65412	-4324.371	-4609.447	285.0761	0.7949206	0.4218923	13.07195
65418	-4321.52	-4610.9	289.3806	0.9402659	0.4180683	10.75296
65424	-4322.928	-4607.42	284.4922	0.8020915	0.4338727	13.36017
65430	-4327.866	-4612.014	284.1474	0.6907981	0.5225893	13.51833
65436	-4332.331	-4618.166	285.8346	0.8839032	0.4645821	12.59107
65442	-4337.678	-4621.944	284.2666	0.7754723	0.388676	13.53556
65448	-4323.639	-4609.906	286.2675	0.9336829	0.3955232	12.40575
65454	-4320.707	-4604.01	283.3031	0.7987813	0.4058589	14.00612
65460	-4326.936	-4611.612	284.6763	0.6963014	0.4246469	13.32831
65466	-4319.257	-4606.13	286.8724	0.7796755	0.4246469	12.14197
65472	-4324.951	-4611.202	286.2515	0.7811883	0.3598325	12.53079
65478	-4322.445	-4606.021	283.5758	0.6615327	0.3598325	13.98327
65484	-4318.599	-4604.57	285.9713	0.7752384	0.3466217	12.69417
65490	-4316.518	-4603.625	287.1068	0.7158019	0.3875023	12.09002
65496	-4311.516	-4598.649	287.1334	0.9547794	0.3650574	11.97494
65502	-4311.397	-4598.548	287.1512	0.8456968	0.4114742	11.97494
65508	-4313.581	-4599.284	285.7031	0.8028863	0.4291595	12.7347
65514	-4313.409	-4599.865	286.4558	0.8261877	0.3771799	12.38249
65520	-4326.043	-4614.453	288.4103	0.7703807	0.4061356	11.36186
65526	-4312.674	-4599.768	287.0943	0.7245381	0.4061356	12.07314
65532	-4320.243	-4610.613	290.3703	0.8660416	0.3942688	10.29623
65538	-4311	-4597.14	286.1401	0.8564602	0.3942688	12.51363
65544	-4309.712	-4597.8	288.0879	0.9163714	0.4216547	11.4388
65550	-4309.562	-4596.759	287.1975	0.8533446	0.344561	12.01677
65556	-4318.908	-4601.665	282.7576	0.8388331	0.5119883	14.1714
65562	-4315.682	-4597.877	282.1952	0.8187107	0.42119	14.55488
65568	-4305.425	-4591.053	285.6284	0.7301384	0.462717	12.78012
65574	-4300.005	-4587.051	287.0463	0.8580442	0.4453922	11.99066
65580	-4306.212	-4592.595	286.3822	0.6319257	0.3447978	12.55689
65586	-4302.125	-4588.83	286.7049	0.794294	0.4103075	12.23565
65592	-4311.922	-4599.394	287.4717	0.7590472	0.3842314	11.88043
65598	-4327.784	-4614.968	287.1845	0.8952675	0.4656907	11.88043
65604	-4322.402	-4608.088	285.6862	0.834983	0.3591831	12.79774
65610	-4314.984	-4600.776	285.792	0.7509114	0.3488075	12.79774
65616	-4309.069	-4595.575	286.5063	0.7081757	0.3369352	12.46129
65622	-4304.622	-4591.136	286.5137	0.7264794	0.324661	12.4619
65628	-4298.328	-4584.771	286.4427	0.7050484	0.4065044	12.42257
65634	-4298.529	-4587.242	288.7133	0.8605941	0.368563	11.19482
65640	-4304.448	-4589.057	284.609	0.6828796	0.368563	13.42677
65646	-4311.451	-4600.037	288.5858	0.7591346	0.5399148	11.15519
65652	-4303.062	-4588.031	284.9698	0.8212207	0.4060271	13.12905
65658	-4321.19	-4610.384	289.1944	0.7921728	0.3829337	10.96361
65664	-4299.84	-4588.175	288.3351	0.870387	0.4848647	11.27501
65670	-4306.51	-4589.875	283.3654	0.8165858	0.3125325	14.06511
65676	-4308.612	-4593.355	284.7429	0.8110832	0.3926182	13.26571
65682	-4319.755	-4606.173	286.418	0.7256204	0.4550475	12.37838
65688	-4315.528	-4601.889	286.361	0.9254534	0.3919952	12.36493
65694	-4313.821	-4600.163	286.3419	0.7940191	0.4743058	12.36493
65700	-4320.552	-4607.902	287.3499	0.8508605	0.4743058	11.8095
65706	-4325.592	-4612.94	287.3482	0.8912989	0.2659192	12.01314
65712	-4323.846	-4613.462	289.6167	0.9334784	0.4523816	10.59991
65718	-4315.562	-4600.905	285.3431	0.8459191	0.3643197	12.965
65724	-4322.002	-4607.77	285.7676	0.6908039	0.3743786	12.81424
65730	-4318.278	-4603.978	285.7007	0.7782213	0.5326343	12.65706
65736	-4317.12	-4606.154	289.034	0.8193477	0.4833998	10.93709
65742	-4313.834	-4599.704	285.87	0.7994334	0.3366692	12.74537
65748	-4312.366	-4595.279	282.9124	0.7655206	0.396077	14.23564
65754	-4311.267	-4596.121	284.8547	0.6785018	0.4421056	13.22831
65760	-4297.783	-4584.173	286.3892	0.8085565	0.4548544	12.35031
65766	-4304.48	-4594.033	289.5526	0.8397229	0.3604564	10.77481
65772	-4312.105	-4597.305	285.1997	0.8145048	0.2997343	13.1293
65778	-4307.353	-4593.633	286.2794	0.8517542	0.3404467	12.50078
65784	-4343.393	-4632.379	288.9865	0.9367147	0.4324395	10.94745
65790	-4331.082	-4617.512	286.43	0.782546	0.4830371	12.31721
65796	-4322.238	-4606.14	283.9013	0.7798458	0.4864334	13.6307
65802	-4351.66	-4636.336	284.6767	1.024023	0.3309009	13.25566
65808	-4349.666	-4639.594	289.9283	1.030843	0.3728429	10.46415
65814	-4321.42	-4608.491	287.0708	0.9101135	0.4361539	11.95941
65820	-4309.691	-4596.106	286.416	0.7739599	0.3763166	12.43137
65826	-4315.686	-4601.91	286.2241	0.9674729	0.3249699	12.48685
65832	-4325.364	-4611.648	286.2838	0.9674729	0.3270451	12.45336
65838	-4309.931	-4595.079	285.1481	0.7380721	0.4007454	13.08488
65844	-4320.166	-4603.599	283.433	0.6732084	0.4210503	13.98906
65850	-4324.862	-4610.713	285.8514	0.8186723	0.492285	12.5917
65856	-4340.178	-4625.484	285.3063	0.7319557	0.492285	12.92052
65862	-4328.585	-4614.431	285.8459	0.8104996	0.3668394	12.7192
65868	-4321.642	-4606.5	284.8582	0.8291494	0.4105831	13.17847
65874	-4328.521	-4616.401	287.8807	0.8654683	0.4732651	11.52553
65880	-4329.144	-4617.288	288.1444	0.8706038	0.3596289	11.49677
65886	-4328.67	-4615.556	286.8859	0.8293033	0.4049308	12.12836
65892	-4326.354	-4614.058	287.7038	0.8877872	0.3339354	11.74644
65898	-4322.474	-4609.822	287.3483	0.9365697	0.4225039	11.81387
65904	-4324.947	-4610.289	285.3425	0.7754018	0.4225039	12.94299
65910	-4329.126	-4613.913	284.7873	0.8595884	0.424197	13.18622
65916	-4327.286	-4611.566	284.2803	0.8124933	0.3678572	13.5309
65922	-4337.439	-4623.131	285.6923	0.8087413	0.4087462	12.7571
65928	-4331.965	-4616.895	284.9298	0.8443682	0.3324523	13.21571
65934	-4335.936	-4616.72	280.784	0.7782056	0.412353	15.31447
65940	-4327.906	-4617.234	289.328	0.8729012	0.3914034	10.84257
65946	-4311.915	-4595.385	283.4699	0.6756612	0.375745	14.01403
65952	-4314.432	-4600.868	286.4362	0.880066	0.3851738	12.35636
65958	-4318.573	-4603.71	285.1373	0.7411119	0.3433013	13.14935
65964	-4332.169	-4621.557	289.388	0.8522739	0.4004316	10.81276
65970	-4336.392	-4625.389	288.9977	0.7357916	0.3889343	11.08999
65976	-4330.003	-4618.749	288.7461	0.7045386	0.3791199	11.24823
65982	-4323.296	-4611.074	287.7782	0.7485294	0.2992822	11.82104
65988	-4314.321	-4599.969	285.6484	0.7810997	0.4622552	12.74364
65994	-4301.732	-4588.247	286.5149	0.8246138	0.4434462	12.28704
66000	-4313.108	-4599.672	286.5639	0.8207668	0.4188057	12.28704
66006	-4308.548	-4595.293	286.7446	0.6908693	0.3921845	12.28704
66012	-4307.945	-4594.746	286.8017	0.7481039	0.3797326	12.24026
66018	-4305.383	-4592.145	286.7622	0.7603649	0.393568	12.24026
66024	-4320.115	-4608.963	288.8477	1.067365	0.2970494	11.09793
66030	-4311.272	-4596.261	284.9891	0.9551531	0.2931154	13.17372
66036	-4323.3	-4610.775	287.4754	1.01244	0.36988	11.76123
66042	-4345.105	-4632.891	287.7863	0.9134603	0.3555316	11.66597
66048	-4346.783	-4630.958	284.175	0.7124517	0.3541708	13.65212
66054	-4339.723	-4624.157	284.4344	0.6863305	0.4790185	13.40901
66060	-4324.453	-4611.615	287.1619	0.9175786	0.4674741	11.87899
66066	-4324.172	-4608.029	283.8566	0.7442337	0.421668	13.73184
66072	-4319.884	-4606.98	287.0963	1.019065	0.421668	11.90313
66078	-4318.108	-4604.69	286.5816	0.8744506	0.412026	12.25645
66084	-4318.975	-4606.605	287.6301	0.873189	0.3744501	11.74834
66090	-4336.26	-4624.364	288.1034	0.9486255	0.5009154	11.34128
66096	-4331.961	-4616.488	284.5265	0.7409015	0.3690789	13.43893
66102	-4334.59	-4619.467	284.8778	0.81912	0.3928448	13.19117
66108	-4338.404	-4625.536	287.1316	0.7830214	0.362059	12.06873
66114	-4329.028	-4618.053	289.0251	0.8196193	0.3451205	11.07858
66120	-4323.843	-4611.924	288.0808	0.8576044	0.3882869	11.50659
66126	-4324.63	-4611.929	287.2995	0.9727569	0.5586891	11.70087
66132	-4329.718	-4613.945	284.2274	0.809812	0.4371282	13.49064
66138	-4329.917	-4614.694	284.7766	0.5800693	0.3898825	13.37098
66144	-4326.758	-4614.601	287.8426	0.806304	0.3712784	11.6756
66150	-4320.354	-4605.204	284.85	0.6918629	0.5135386	13.16041
66156	-4317.77	-4603.274	285.504	0.7586506	0.4445193	12.84678
66162	-4327.515	-4613.963	286.4481	0.8617951	0.3944676	12.35021
66168	-4315.796	-4600.67	284.8745	0.93153	0.5082992	13.02752
66174	-4315.555	-4603.748	288.1925	0.8122035	0.4038686	11.45611
66180	-4321.101	-4609.164	288.0633	0.9881046	0.3800001	11.45611
66186	-4327.206	-4615.504	288.2983	0.9186704	0.3800001	11.36952
66192	-4319.582	-4605.321	285.739	0.8103671	0.3800001	12.76105
66198	-4316.452	-4603.649	287.1969	0.9340743	0.369066	11.94835
66204	-4312.328	-4597.643	285.3154	0.9984775	0.4396673	12.82468
66210	-4314.815	-4601.789	286.9733	0.8843599	0.4732168	11.98954
66216	-4309.204	-4600.833	291.6292	1.042942	0.3420281	9.596364
66222	-4312.184	-4601.218	289.0343	0.9855886	0.3798717	10.94939
66228	-4315.884	-4604.149	288.2644	0.833589	0.3476133	11.46654
66234	-4320.648	-4606.545	285.8965	0.7967458	0.4279932	12.63831
66240	-4306.95	-4595.536	288.5859	0.8879276	0.4080002	11.20661
66246	-4317.813	-4604.76	286.9474	0.874065	0.4814519	12.00114
66252	-4307.906	-4593.026	285.1201	0.7484325	0.3366063	13.16201
66258	-4310.879	-4596.572	285.6932	0.8727663	0.4995323	12.63963
66264	-4316.52	-4603.683	287.163	0.8727663	0.4420099	11.92529
66270	-4330.202	-4616.573	286.3703	0.7796094	0.3304541	12.50227
66276	-4319.923	-4604.53	284.6067	0.7531216	0.3056604	13.46214
66282	-4325.734	-4612.738	287.0035	0.7740529	0.2892053	12.2243
66288	-4329.288	-4614.765	285.4762	0.8481959	0.340103	12.92105
66294	-4321.025	-4605.727	284.7022	0.8013819	0.356254	13.32997
66300	-4328.605	-4616.094	287.4887	0.8578154	0.356254	11.84965
66306	-4332.065	-4619.669	287.6036	0.8188925	0.3095202	11.86316
66312	-4323.445	-4611.432	287.9873	0.8425892	0.3474582	11.60682
66318	-4324.59	-4611.062	286.4723	0.8997695	0.3800668	12.33258
66324	-4326.479	-4617.94	291.4614	0.8780748	0.3109013	9.80796
66330	-4323.592	-4609.194	285.6018	0.804675	0.4164219	12.79875
66336	-4306.68	-4594.899	288.2191	0.8206033	0.3897189	11.45218
66342	-4313.186	-4601.804	288.6178	0.9523621	0.4682085	11.09907
66348	-4316.237	-4602.216	285.9785	0.7735349	0.4320468	12.60383
66354	-4317.727	-4604.473	286.7459	0.7650618	0.3667157	12.27421
66360	-4311.102	-4601.134	290.0314	0.9113859	0.3311247	10.51872
66366	-4309.881	-4600.486	290.6049	0.8924689	0.434017	10.11961
66372	-4311.929	-4602.295	290.3663	0.7947036	0.436836	10.29377
66378	-4308.861	-4594.812	285.9511	0.8066594	0.4162873	12.61603
66384	-4313.237	-4599.544	286.3073	0.8392972	0.4162873	12.41352
66390	-4315.468	-4600.931	285.4629	0.9288909	0.4235044	12.79953
66396	-4318.63	-4604.357	285.7264	0.9288909	0.2967189	12.79953
66402	-4333.089	-4617.891	284.8017	0.7800342	0.4206545	13.2235
66408	-4322.618	-4607.708	285.0894	0.7696134	0.351637	13.15031
66414	-4302.096	-4591.533	289.4378	0.9788709	0.351637	10.7717
66420	-4317.772	-4605.932	288.1604	0.962662	0.4290416	11.36954
66426	-4308.908	-4598.1	289.1925	0.96088	0.467445	10.79419
66432	-4306.934	-4593.02	286.086	0.8503127	0.3897325	12.54961
66438	-4312.9	-4602.514	289.6142	0.9669636	0.2585769	10.79833
66444	-4318.446	-4610.248	291.8018	1.040848	0.4382874	9.406553
66450	-4317.872	-4609.755	291.8835	0.9240059	0.3814009	9.482093
66456	-4317.017	-4608.845	291.8279	0.9288491	0.3619897	9.529646
66462	-4321.424	-4611.487	290.0633	0.9597279	0.4431547	10.36026
66468	-4326.038	-4614.967	288.9292	0.8826575	0.3665313	11.07243
66474	-4325.287	-4614.21	288.9235	0.8167279	0.3523019	11.12535
66480	-4323.062	-4609.752	286.6902	0.8856058	0.3054735	12.30962
66486	-4317.774	-4605.604	287.8302	1.017947	0.2993794	11.65307
66492	-4316.004	-4605.594	289.5904	0.9360722	0.3492294	10.71675
66498	-4318.198	-4604.581	286.3838	1.003104	0.4024784	12.30199
66504	-4314.337	-4601.453	287.116	0.819972	0.3692832	12.04988
66510	-4321.606	-4609.259	287.6532	0.8395458	0.4074769	11.72007
66516	-4308.772	-4597.673	288.9006	0.8717384	0.3093158	11.15779
66522	-4312.645	-4598.757	286.1117	0.8632853	0.4380716	12.48201
66528	-4305.408	-4593.642	288.2333	0.9196727	0.3117059	11.47896
66534	-4307.14	-4595.544	288.4041	0.9039334	0.2481396	11.47896
66540	-4304.906	-4596.399	291.4935	0.9907801	0.4027688	9.630597
66546	-4316.579	-4607.22	290.6416	0.9379369	0.4204675	10.0895
66552	-4315.733	-4603.888	288.1546	0.9470538	0.2786368	11.54651
66558	-4305.989	-4597.474	291.4852	0.905646	0.4338688	9.64921
66564	-4315.503	-4604.119	288.6156	0.9274006	0.4825529	11.10039
66570	-4314.176	-4606.448	292.2716	0.9310666	0.3948227	9.259412
66576	-4320.624	-4615.915	295.2913	1.174201	0.32364	7.603353
66582	-4323.329	-4617.46	294.1313	1.114939	0.3512334	8.222276
66588	-4320.401	-4610.988	290.587	0.8643921	0.3512334	10.22889
66594	-4316.164	-4603.821	287.6569	0.9348609	0.3431472	11.73603
66600	-4318.12	-4607.893	289.773	0.8881127	0.3871505	10.60561
66606	-4326.008	-4613.963	287.9548	0.7846322	0.3871505	11.61175
66612	-4318.689	-4605.05	286.3613	0.8251138	0.3572149	12.45354
66618	-4319.023	-4607.473	288.4503	0.9126613	0.3564917	11.31821
66624	-4322.651	-4610.252	287.6018	0.9358779	0.4759949	11.63202
66630	-4337.148	-4623.577	286.4289	0.7959592	0.4528341	12.33804
66636	-4326.77	-4613.509	286.7387	0.8481349	0.524237	12.08673
66642	-4332.399	-4622.512	290.1127	0.9522359	0.4411069	10.34018
66648	-4334.012	-4624.583	290.5717	0.9522359	0.3298362	10.21491
66654	-4330.088	-4620.73	290.6423	0.9829871	0.3532379	10.13527
66660	-4334.629	-4622.517	287.8876	0.9445949	0.4119735	11.53826
66666	-4322.498	-4611.001	288.5031	0.8890219	0.3623172	11.29664
66672	-4328.391	-4616.603	288.2126	0.9016205	0.5978536	11.23015
66678	-4318.786	-4604.892	286.1061	0.8078837	0.547016	12.41876
66684	-4323.631	-4611.326	287.695	0.786798	0.4175579	11.71581
66690	-4329.157	-4616.254	287.0971	0.9806122	0.2788802	12.08076
66696	-4325.575	-4610.397	284.8213	0.8728497	0.4206264	13.16512
66702	-4331.662	-4620.955	289.2927	0.9565987	0.3046595	10.91362
66708	-4322.877	-4611.311	288.4338	0.9946304	0.4243341	11.21434
66714	-4315.3	-4603.568	288.2675	1.00883	0.2888231	11.44233
66720	-4312.501	-4597.277	284.7763	0.8174062	0.3826101	13.25529
66726	-4306.412	-4594.486	288.0745	0.893199	0.4537319	11.42752
66732	-4318.635	-4605.984	287.3498	0.7863225	0.3607162	11.9546
66738	-4319.481	-4608.413	288.9328	0.9480776	0.3445474	11.06033
66744	-4323.626	-4610.511	286.8847	0.7859381	0.3639728	12.1939
66750	-4315.086	-4600.602	285.5159	0.7995999	0.3295675	12.93757
66756	-4312.91	-4599.076	286.1656	0.7725321	0.3788774	12.55984
66762	-4323.068	-4609.438	286.37	0.7708517	0.3245	12.51382
66768	-4335.275	-4618.184	282.9099	0.8008158	0.3501952	14.26667
66774	-4338.911	-4624.415	285.5049	0.9448698	0.4318066	12.76141
66780	-4326.011	-4614.88	288.8697	0.9196554	0.3438256	11.10902
66786	-4327.465	-4615.342	287.8778	0.8963703	0.4171357	11.56349
66792	-4341.321	-4629.699	288.3785	1.032969	0.4440947	11.20437
66798	-4339.27	-4624.204	284.9344	0.8607348	0.4549016	13.08033
66804	-4329.993	-4615.259	285.2661	0.8643456	0.4864392	12.87765
66810	-4327.288	-4617.259	289.971	0.8643456	0.3487713	10.5552
66816	-4326.748	-4612.377	285.6292	0.9511917	0.450845	12.67558
66822	-4331.984	-4617.708	285.7236	0.9991308	0.3754688	12.67558
66828	-4334.867	-4622.502	287.6346	0.8272723	0.4218092	11.72208
66834	-4346.933	-4632.565	285.6327	0.7759741	0.4964265	12.72419
66840	-4332.586	-4620.547	287.9608	0.9011665	0.4064448	11.52816
66846	-4320.418	-4608.783	288.3646	0.9786655	0.3723996	11.31145
66852	-4311.045	-4597.673	286.6283	0.8749789	0.4270478	12.21723
66858	-4326.959	-4611.533	284.5734	0.8997702	0.5150251	13.19483
66864	-4327.966	-4613.781	285.8154	0.7973247	0.3880644	12.71979
66870	-4334.64	-4622.346	287.7061	0.8436983	0.3687382	11.73007
66876	-4314.622	-4603.127	288.5052	0.8432541	0.4051813	11.27504
66882	-4325.89	-4613.294	287.4048	0.6716596	0.3699549	11.97586
66888	-4329.214	-4616.464	287.2494	0.7769586	0.3951593	11.97586
66894	-4345.848	-4631.895	286.0467	0.7859899	0.390787	12.60247
66900	-4330.554	-4615.777	285.2231	0.8392815	0.3889951	13.00514
66906	-4329.765	-4616.96	287.1948	0.805739	0.4349668	11.95028
66912	-4333.692	-4623.37	289.6781	0.8640535	0.4788345	10.57998
66918	-4335.089	-4622.722	287.6324	0.8825004	0.3705556	11.74636
66924	-4328.273	-4615.789	287.5155	0.8042528	0.4754315	11.74636
66930	-4315.028	-4600.351	285.3231	0.7782958	0.4238983	12.95023
66936	-4319.544	-4605.493	285.9489	0.7874776	0.3551004	12.69015
66942	-4323.84	-4608.819	284.979	0.832094	0.3360832	13.19241
66948	-4323.157	-4608.596	285.4394	0.9401898	0.3925658	12.83648
66954	-4328.717	-4616.26	287.5431	0.9602985	0.4390912	11.68384
66960	-4325.248	-4610.372	285.1241	0.8580147	0.4397982	12.99714
66966	-4323.937	-4608.296	284.3589	0.7443413	0.3296628	13.56737
66972	-4326.421	-4611.267	284.8452	0.8329034	0.3135591	13.28743
66978	-4319.345	-4604.711	285.3661	0.8052161	0.39035	12.9471
66984	-4306.806	-4594.881	288.0741	0.8283738	0.4206312	11.49302
66990	-4324.048	-4613.694	289.6466	0.8877944	0.5250837	10.54403
66996	-4314.786	-4600.155	285.3693	0.8274583	0.4055148	12.9186
67002	-4315.813	-4604.681	288.8681	0.8274583	0.4480131	11.05194
67008	-4321.86	-4607.895	286.0353	0.755607	0.3187255	12.70273
67014	-4328.138	-4617.017	288.8789	0.8303236	0.3440948	11.15068
67020	-4318.997	-4607.801	288.804	0.9052703	0.3440948	11.15068
67026	-4317.464	-4605.411	287.9461	1.008488	0.2854693	11.61467
67032	-4314.787	-4600.65	285.8626	0.860105	0.3144211	12.74326
67038	-4316.275	-4601.212	284.937	0.8350654	0.3144211	13.23759
67044	-4313.237	-4601.289	288.0523	0.8098856	0.4074197	11.52708
67050	-4299.575	-4585.859	286.2842	0.8553525	0.5518373	12.29736
67056	-4308.974	-4599.426	290.4525	1.106278	0.4541171	10.06834
67062	-4311.007	-4600.997	289.9903	1.151636	0.4425773	10.29832
67068	-4306.121	-4590.794	284.6725	0.9333994	0.389774	13.24161
67074	-4318.29	-4608.187	289.8963	0.9733179	0.5278004	10.36568
67080	-4327.656	-4612.378	284.7218	0.7558644	0.3951763	13.30278
67086	-4314.148	-4598.834	284.6865	0.8247597	0.4861409	13.19985
67092	-4325.055	-4609.687	284.6323	0.9260388	0.3942797	13.26172
67098	-4325.237	-4612.043	286.8059	0.9513273	0.4755825	12.03984
67104	-4328.109	-4616.83	288.7209	0.8953382	0.5636801	10.99389
67110	-4336.538	-4623.782	287.2448	0.8469156	0.435858	11.90187
67116	-4343.632	-4624.493	280.8608	0.8165622	0.3402928	15.32983
67122	-4337.558	-4625.849	288.2904	0.9570226	0.3120201	11.42919
67128	-4331.297	-4617.663	286.3665	0.8383825	0.5124188	12.2958
67134	-4320.414	-4606.268	285.854	0.8734217	0.3514218	12.69883
67140	-4303.058	-4588.902	285.8435	0.7776274	0.4551707	12.65039
67146	-4301.973	-4589.078	287.1053	0.8088491	0.3685387	12.06204
67152	-4307.754	-4594.93	287.1764	0.8327249	0.3788292	12.0017
67158	-4300.372	-4587.72	287.3477	0.8677862	0.3802136	11.89252
67164	-4306.615	-4593.651	287.0359	0.8192042	0.4299039	12.03104
67170	-4304.965	-4594.394	289.4291	0.7924301	0.3946196	10.82845
67176	-4299.537	-4585.133	285.5956	0.7993147	0.5152198	12.71529
67182	-4304.727	-4590.683	285.9563	0.7629075	0.3404123	12.71529
67188	-4313.752	-4604.34	290.5884	0.9354745	0.4760433	10.06661
67194	-4321.337	-4609.297	287.9598	0.9601356	0.4158238	11.48857
67200	-4306.611	-4592.68	286.0693	0.8400346	0.3292949	12.62889
67206	-4306.898	-4592.493	285.5953	0.7103075	0.3520324	12.91764
67212	-4342.339	-4627.581	285.242	0.7956093	0.4627221	12.94712
67218	-4342.514	-4629.136	286.6224	0.9250954	0.454252	12.16856
67224	-4302.996	-4587.433	284.436	0.7772355	0.4602453	13.37779
67230	-4329.839	-4617.223	287.3843	0.8524794	0.3081327	11.96174
67236	-4326.664	-4613.782	287.1185	0.8684065	0.3280849	12.06871
67242	-4329.087	-4615.046	285.9589	0.9263776	0.4205469	12.54551
67248	-4319.971	-4604.562	284.5905	0.8114268	0.3629728	13.37552
67254	-4324.956	-4608.724	283.7684	0.7498844	0.3826792	13.81355
67260	-4317.254	-4601.054	283.8002	0.7562751	0.377288	13.79932
67266	-4331.875	-4617.625	285.75	0.7950531	0.3969616	12.74593
67272	-4326.708	-4610.625	283.9167	0.7271547	0.3837215	13.74732
67278	-4330.348	-4614.763	284.4149	0.7800241	0.3959159	13.44889
67284	-4312.365	-4596.288	283.9228	0.6751105	0.3074956	13.85538
67290	-4327.576	-4615.862	288.2859	0.8569527	0.3994525	11.38833
67296	-4328.799	-4613.893	285.0935	0.7546624	0.3682685	13.13802
67302	-4320.909	-4608.013	287.1034	0.7847356	0.3578962	12.08706
67308	-4330.103	-4613.816	283.7136	0.7200049	0.3524097	13.88951
67314	-4317.914	-4603.738	285.8237	0.7802564	0.4063151	12.70595
67320	-4331.169	-4619.115	287.9457	0.7939796	0.363886	11.63607
67326	-4326.641	-4615.699	289.0582	0.7384184	0.4438565	11.00294
67332	-4318.417	-4607.18	288.7627	0.8087869	0.4679658	11.09855
67338	-4314.982	-4603.641	288.6593	0.8548895	0.3688046	11.22582
67344	-4321.071	-4605.761	284.6908	0.7665888	0.3818194	13.32693
67350	-4326.334	-4613.271	286.937	0.8581122	0.3911862	12.10057
67356	-4334.936	-4620.08	285.1443	0.7227873	0.4594862	13.03872
67362	-4327.676	-4612.343	284.6669	0.7601613	0.3426219	13.38464
67368	-4319.405	-4604.723	285.3188	0.775659	0.3969345	12.98041
67374	-4333.825	-4616.656	282.8312	0.8469918	0.3969345	14.23465
67380	-4334.059	-4616.981	282.9217	0.7859738	0.3819142	14.23465
67386	-4333.13	-4618.526	285.3963	0.7958382	0.4281615	12.89893
67392	-4333.315	-4619.372	286.0565	0.7822568	0.4281615	12.56242
67398	-4321.832	-4608.136	286.304	0.9483628	0.4039246	12.37067
67404	-4326.765	-4611.691	284.9261	0.7942993	0.3281246	13.24856
67410	-4321.378	-4607.483	286.105	0.900727	0.3730125	12.53079
67416	-4324.129	-4608.845	284.7162	0.7612923	0.3610296	13.33837
67422	-4322.966	-4610.407	287.4406	0.9523442	0.3999165	11.77975
67428	-4317.986	-4606.046	288.0592	0.8685133	0.3999165	11.50037
67434	-4327.023	-4614.06	287.0376	0.8470493	0.4274865	12.01791
67440	-4331.367	-4620.058	288.6912	0.8688	0.3316127	11.24288
67446	-4331.407	-4619.892	288.4851	0.8385028	0.501329	11.19879
67452	-4332.169	-4620.546	288.3768	0.8814517	0.364303	11.36454
67458	-4332.389	-4620.821	288.4327	0.8721424	0.34208	11.36454
67464	-4325.288	-4612.409	287.1205	0.9476675	0.3868786	11.9625
67470	-4331.401	-4616.419	285.018	1.033858	0.3868786	13.01276
67476	-4325.066	-4614.206	289.1391	0.9462409	0.5037829	10.79767
67482	-4320.993	-4607.393	286.3998	0.7284738	0.3976042	12.44163
67488	-4317.286	-4603.689	286.4036	0.8121883	0.3541088	12.44163
67494	-4332.455	-4618.747	286.2917	0.8647297	0.3832653	12.44163
67500	-4319.511	-4605.843	286.3314	0.8545729	0.4122274	12.39701
67506	-4310.935	-4593.822	282.8866	0.7295511	0.4911821	14.17893
67512	-4310.968	-4598.479	287.5113	0.9466949	0.3638962	11.78319
67518	-4312.076	-4598.14	286.0643	0.9044469	0.4105681	12.51178
67524	-4297.497	-4581.718	284.2208	0.7752895	0.4992141	13.45612
67530	-4303.478	-4588.006	284.5285	0.7340739	0.3336828	13.48006
67536	-4306.358	-4590.513	284.1548	0.7040933	0.401005	13.61822
67542	-4331.524	-4618.261	286.737	0.8406483	0.434425	12.17141
67548	-4332.658	-4616.978	284.3201	0.7303414	0.3981758	13.52163
67554	-4326.035	-4613.951	287.9157	0.9640978	0.5991251	11.35177
67560	-4325.109	-4609.563	284.4538	0.6917189	0.5646843	13.32462
67566	-4317.674	-4602.352	284.6782	0.6764926	0.4383162	13.32462
67572	-4316.21	-4602.721	286.5112	0.7400052	0.4574674	12.32007
67578	-4323.38	-4609.918	286.5382	0.7060214	0.4670465	12.315
67584	-4325.378	-4610.673	285.2945	0.8503453	0.4370768	12.91507
67590	-4321.199	-4606.32	285.1214	0.8647302	0.5307075	12.91507
67596	-4317.069	-4603.542	286.4732	0.921908	0.3988459	12.30134
67602	-4319.569	-4605.92	286.3511	0.808744	0.382505	12.44059
67608	-4314.801	-4597.467	282.6659	0.9394401	0.429484	14.24061
67614	-4311.744	-4597.725	285.9809	0.8981983	0.4763172	12.49692
67620	-4318.626	-4609.145	290.5198	1.039026	0.448424	10.07361
67626	-4314.006	-4601.049	287.0431	0.9423928	0.622015	11.80198
67632	-4309.805	-4595.116	285.3107	0.8878951	0.3728255	12.95106
67638	-4314.034	-4598.006	283.9723	0.8248861	0.432321	13.6198
67644	-4320.666	-4605.602	284.9356	0.7775985	0.4240978	13.15186
67650	-4326.173	-4614.704	288.531	0.9240984	0.457419	11.16916
67656	-4329.315	-4617.979	288.6645	0.9926724	0.457419	11.06336
67662	-4330.967	-4619.37	288.403	0.9111955	0.3704073	11.32878
67668	-4319.773	-4605.323	285.55	0.7039965	0.4292498	12.86571
67674	-4327.868	-4615.431	287.5633	0.9036476	0.4327491	11.70894
67680	-4324.856	-4609.783	284.9275	0.8045605	0.4281982	13.13813
67686	-4328.866	-4614.331	285.4649	0.8281609	0.5726645	12.72169
67692	-4321.329	-4611.112	289.7829	1.023516	0.4357985	10.48103
67698	-4330.412	-4617.457	287.0451	0.8322134	0.4102504	12.03857
67704	-4313.215	-4600.729	287.5137	0.8910024	0.4416782	11.73299
67710	-4335.781	-4624.017	288.2359	0.7652646	0.4374117	11.4253
67716	-4331.861	-4619.469	287.6079	0.7939712	0.3754821	11.8002
67722	-4333.217	-4620.882	287.6656	0.7954494	0.3894736	11.75479
67728	-4325.137	-4613.754	288.6173	0.8522158	0.3892128	11.22786
67734	-4330.405	-4618.789	288.3847	0.8754793	0.5001982	11.23298
67740	-4326.585	-4612.21	285.6249	0.8182598	0.5228214	12.68384
67746	-4324.626	-4611.165	286.5388	0.7900809	0.3111423	12.43149
67752	-4322.808	-4610.385	287.5763	0.7562671	0.3360141	11.87935
67758	-4317.199	-4601.918	284.719	0.6566312	0.3360141	13.41873
67764	-4319.779	-4600.054	280.2749	0.6540441	0.3360141	15.72128
67770	-4320.287	-4606.237	285.9504	0.8327545	0.4509259	12.5699
67776	-4328.79	-4612.723	283.9326	0.7925892	0.3368076	13.75547
67782	-4315.906	-4599.362	283.4553	0.7842031	0.4026858	13.93789
67788	-4322.168	-4608.41	286.2417	0.8217347	0.4108668	12.46217
67794	-4317.688	-4599.889	282.2013	0.8263958	0.4319732	14.53746
67800	-4352.096	-4636.518	284.422	0.9963614	0.5066667	13.23041
67806	-4336.627	-4618.508	281.8815	1.006961	0.5086437	14.54095
67812	-4333.33	-4617.126	283.7952	0.8063289	0.3485507	13.80664
67818	-4341.419	-4624.996	283.5776	0.8220213	0.4531291	13.80664
67824	-4322.644	-4610.063	287.419	0.7550338	0.4553105	11.84071
67830	-4330.639	-4614.852	284.2127	0.7620131	0.3656142	13.59458
67836	-4323.884	-4608.013	284.1285	0.710038	0.4362605	13.59458
67842	-4336.438	-4621.235	284.7975	0.7917626	0.357321	13.28428
67848	-4338.794	-4625.989	287.1943	0.7920355	0.4967083	11.90171
67854	-4325.82	-4612.462	286.6419	0.6678774	0.426323	12.31879
67860	-4310.142	-4596.809	286.6671	0.7061027	0.3929081	12.31879
67866	-4307.87	-4592.677	284.8066	0.7353758	0.3851438	13.27955
67872	-4301.549	-4587.615	286.0655	0.7534159	0.3813708	12.61935
67878	-4318.948	-4605.422	286.4733	0.7592111	0.3506298	12.43671
67884	-4316.792	-4603.108	286.316	0.7551399	0.3506298	12.52078
67890	-4306.392	-4595.251	288.8592	0.8783527	0.464055	11.01515
67896	-4311.803	-4597.578	285.7743	0.7034785	0.4066215	12.77129
67902	-4336.807	-4625.675	288.8682	0.8325161	0.4681068	11.03079
67908	-4336.075	-4624.693	288.6179	0.908721	0.5763825	11.03079
67914	-4331.259	-4620.666	289.4069	0.838323	0.2975066	10.92448
67920	-4324.022	-4611.327	287.3057	0.7888997	0.3538619	11.98373
67926	-4321.631	-4609.54	287.9093	0.7326111	0.4319937	11.61823
67932	-4332.749	-4618.681	285.9312	0.7952957	0.4347569	12.61456
67938	-4324.73	-4613.395	288.6651	0.914151	0.4368025	11.1234
67944	-4317.232	-4605.846	288.614	0.8719395	0.4297506	11.17903
67950	-4317.351	-4605.52	288.1697	0.8185601	0.3467893	11.52479
67956	-4320.796	-4611.075	290.279	1.002726	0.3407921	10.32971
67962	-4329.252	-4620.492	291.2406	0.999051	0.3676074	9.796196
67968	-4318.371	-4608.333	289.9613	0.9261618	0.3495286	10.52703
67974	-4331.772	-4618.466	286.6943	0.8063826	0.4605435	12.18723
67980	-4334.786	-4622.19	287.4038	0.7638045	0.4304305	11.86746
67986	-4328.916	-4615.321	286.4053	0.807857	0.4304305	12.36521
67992	-4326.76	-4612.05	285.2901	0.833143	0.4304305	12.93258
67998	-4334.673	-4623.67	288.9971	0.727033	0.4304305	11.05366
68004	-4325.279	-4612.708	287.4284	0.7685131	0.4214544	11.86081
68010	-4324.41	-4609.811	285.4002	0.7954575	0.3757891	12.94946
68016	-4317.422	-4606.36	288.938	0.8933119	0.3836061	11.04424
68022	-4315.154	-4603.747	288.5929	0.9578246	0.4004957	11.17387
68028	-4338.816	-4626.943	288.127	0.8092612	0.3731996	11.52342
68034	-4327.583	-4612.676	285.0934	0.8303002	0.3798436	13.08664
68040	-4332.487	-4618.65	286.1621	0.7412165	0.4605781	12.49846
68046	-4338.863	-4625.106	286.2429	0.8990031	0.3130833	12.52658
68052	-4319.819	-4607.458	287.638	0.9033984	0.4712745	11.63431
68058	-4314.312	-4601.231	286.9195	0.8683668	0.4114728	12.08398
68064	-4310.915	-4597.574	286.6594	0.929186	0.4114728	12.18791
68070	-4307.874	-4596.548	288.6748	0.8622336	0.3306855	11.25596
68076	-4309.398	-4596.869	287.4712	0.686628	0.4707885	11.8351
68082	-4344.812	-4628.382	283.5696	0.7460354	0.3964721	13.90464
68088	-4332.257	-4617.818	285.5612	0.7258577	0.4172456	12.86008
68094	-4332.217	-4616.551	284.3341	0.7450842	0.3777935	13.52754
68100	-4322.84	-4606.169	283.3287	0.737884	0.400408	14.02986
68106	-4325.543	-4612.458	286.915	0.7874889	0.3671739	12.1739
68112	-4330.998	-4622.109	291.1109	1.033459	0.278497	9.950932
68118	-4327.591	-4618.3	290.7095	0.965288	0.4255384	10.03446
68124	-4326.253	-4614.499	288.246	0.8581021	0.3692531	11.43986
68130	-4318.841	-4604.686	285.8454	0.9441947	0.3692531	12.64729
68136	-4332.012	-4619.954	287.9421	0.9441947	0.3706775	11.55223
68142	-4344.986	-4630.062	285.0751	0.8144176	0.4806662	13.00801
68148	-4336.132	-4621.357	285.2247	0.7777169	0.4063658	13.01882
68154	-4329.375	-4611.904	282.5294	0.8744343	0.5108774	14.27212
68160	-4328.155	-4611.956	283.8013	0.8734609	0.4264479	13.68894
68166	-4331.531	-4616.635	285.1044	0.7396906	0.49304	13.02084
68172	-4325.812	-4611.333	285.5213	0.7955876	0.4301297	12.83216
68178	-4321.941	-4609.186	287.2451	0.9249407	0.5291219	11.7783
68184	-4316.353	-4602.467	286.1147	0.869853	0.3294129	12.58957
68190	-4307.798	-4592.02	284.2214	0.7118017	0.4220294	13.559
68196	-4312.349	-4596.094	283.7449	0.7018421	0.4137777	13.81948
68202	-4318.878	-4602.656	283.7782	0.7406156	0.3960122	13.79973
68208	-4299.793	-4584.377	284.5846	0.8153853	0.5357398	13.21567
68214	-4305.267	-4591.895	286.6282	1.017223	0.5412045	12.04219
68220	-4307.128	-4594.582	287.4539	0.9193219	0.4198969	11.77023
68226	-4303.382	-4591.951	288.5694	0.9560998	0.4198969	11.16784
68232	-4307.605	-4596.531	288.9256	0.7625054	0.4452615	11.05842
68238	-4305.629	-4588.39	282.761	0.8269254	0.4264201	14.25252
68244	-4299.417	-4586.869	287.4522	0.8075329	0.4416841	11.80864
68250	-4300.918	-4590.429	289.5106	0.8824826	0.4036433	10.72941
68256	-4298.771	-4584.773	286.0023	0.8363274	0.4656003	12.52764
68262	-4303.386	-4589.594	286.2079	0.9310614	0.3686477	12.46599
68268	-4291.837	-4578.256	286.4193	0.8400805	0.3921501	12.37885
68274	-4297.226	-4585.049	287.824	0.7551818	0.2951129	11.79881
68280	-4285.913	-4572.776	286.8627	0.7084205	0.4519651	12.15835
68286	-4281.089	-4569.737	288.6473	0.7228714	0.3859825	11.28315
68292	-4291.575	-4580.437	288.862	0.8371225	0.3859825	11.11102
68298	-4288.015	-4575.527	287.5126	0.6987826	0.3859825	11.8887
68304	-4293.511	-4580.329	286.8182	0.695802	0.3787638	12.25996
68310	-4292.369	-4578.759	286.3896	0.7387521	0.4206891	12.41875
68316	-4302.315	-4588.743	286.4279	0.8085155	0.4206891	12.36248
68322	-4301.021	-4589.823	288.8019	0.8085155	0.4206891	11.1226
68328	-4284.732	-4573.536	288.8039	0.8510682	0.3972496	11.1226
68334	-4291.357	-4580.089	288.7314	0.9236182	0.3972496	11.1226
68340	-4282.49	-4571.245	288.7552	0.8519726	0.3972496	11.14761
68346	-4288.048	-4576.875	288.8277	0.8513539	0.3662087	11.14234
68352	-4292.355	-4578.554	286.1987	0.8183746	0.4493779	12.44955
68358	-4299.431	-4585.315	285.8833	0.7758933	0.453553	12.63203
68364	-4311.364	-4596.843	285.4791	0.8936213	0.3474274	12.88778
68370	-4309.383	-4596.344	286.9613	0.7814952	0.3934014	12.12559
68376	-4303.955	-4592.996	289.0416	0.8024566	0.3934014	11.02752
68382	-4303.872	-4592.403	288.5316	0.8587101	0.4508104	11.20914
68388	-4301.86	-4593.336	291.4759	0.9142431	0.4367815	9.646771
68394	-4294.831	-4586.333	291.5017	0.9292348	0.4146987	9.646771
68400	-4302.548	-4589.553	287.0055	0.9292348	0.440065	11.97982
68406	-4313.712	-4597.812	284.1006	0.8706635	0.4714326	13.49336
68412	-4312.038	-4600.341	288.3036	0.8267601	0.3488216	11.44829
68418	-4309.141	-4594.326	285.1856	0.8239021	0.4683538	12.95661
68424	-4304.448	-4589.786	285.338	0.8410991	0.3771871	12.95661
68430	-4302.206	-4590.029	287.8229	0.7988769	0.3948142	11.66538
68436	-4306.1	-4593.86	287.7599	0.9443371	0.460111	11.55938
68442	-4320.917	-4608.83	287.9129	0.8909872	0.405592	11.55938
68448	-4322.497	-4604.845	282.3479	0.7834299	0.4217435	14.49354
68454	-4323.948	-4611.924	287.9762	0.9880525	0.4097762	11.47138
68460	-4319.572	-4604.013	284.4413	0.8985905	0.303758	13.47476
68466	-4330.993	-4617.215	286.2218	0.9926652	0.4358242	12.35938
68472	-4335.602	-4617.719	282.1172	0.8596439	0.4161567	14.57894
68478	-4326.352	-4611.616	285.2633	0.8100621	0.4272809	12.96155
68484	-4347.013	-4630.176	283.1628	0.7657779	0.4272809	14.07515
68490	-4336.824	-4622.03	285.2061	0.8776998	0.3437434	13.04211
68496	-4344.188	-4631.56	287.372	0.8501381	0.4133276	11.85555
68502	-4339.057	-4625.44	286.3831	0.8405658	0.4533525	12.33823
68508	-4322.224	-4608.061	285.8374	0.8272135	0.3936898	12.68706
68514	-4342.454	-4624.669	282.2148	0.7959498	0.3996428	14.57765
68520	-4338.943	-4627.407	288.464	0.8506334	0.4237597	11.27446
68526	-4335.326	-4623.206	287.8806	0.8115395	0.4392813	11.58509
68532	-4319.003	-4604.927	285.924	0.841259	0.3823072	12.64632
68538	-4325.475	-4613.57	288.0952	0.9062804	0.3713919	11.49124
68544	-4322.045	-4610.387	288.3413	0.789535	0.3713919	11.4236
68550	-4318.495	-4609.062	290.5663	0.9871884	0.4056516	10.1179
68556	-4318.094	-4606.231	288.1372	0.9040894	0.4679731	11.37603
68562	-4324.047	-4612.696	288.6487	0.7688765	0.3259635	11.32386
68568	-4315.765	-4604.032	288.2668	0.9957369	0.4607649	11.26683
68574	-4322.679	-4611.722	289.043	0.8643696	0.3762998	11.01205
68580	-4334.337	-4621.809	287.472	0.9136722	0.3837592	11.8
68586	-4329.089	-4616.14	287.0514	0.7167882	0.2656225	12.2593
68592	-4324.176	-4610.412	286.2359	1.023212	0.5730491	12.21821
68598	-4317.646	-4605.91	288.2641	0.773811	0.3358854	11.51104
68604	-4325.635	-4614.646	289.0108	0.8357322	0.3998569	11.01965
68610	-4307.285	-4593.663	286.3783	0.9066245	0.4877465	12.27538
68616	-4309.073	-4595.774	286.7004	0.9414917	0.3052988	12.27538
68622	-4323.295	-4610.982	287.6871	0.8316178	0.4466327	11.66876
68628	-4317.381	-4605.492	288.1105	0.9585258	0.4607093	11.36812
68634	-4331.555	-4617.68	286.1254	0.9183794	0.466674	12.4198
68640	-4334.714	-4621.171	286.4568	0.723197	0.3925801	12.4198
68646	-4320.258	-4606.44	286.1821	0.7199661	0.433082	12.52473
68652	-4320.519	-4609.988	289.4685	0.786988	0.436264	10.76963
68658	-4326.1	-4613.953	287.8536	0.8775577	0.4351205	11.56861
68664	-4320.429	-4608.429	287.9996	0.9062388	0.4633545	11.45104
68670	-4331.314	-4615.74	284.4268	0.7272966	0.4668399	13.40254
68676	-4336.695	-4624.494	287.7992	0.8449671	0.3892585	11.65935
68682	-4340.197	-4627.163	286.966	0.9030151	0.3858263	12.06751
68688	-4338.179	-4627.209	289.0295	0.8151917	0.3478085	11.07564
68694	-4338.788	-4628.03	289.242	0.8750777	0.4718728	10.80919
68700	-4339.008	-4628.003	288.9952	0.9047181	0.3879195	11.00389
68706	-4347.13	-4633.804	286.6737	0.7805772	0.3345168	12.33911
68712	-4339.171	-4625.368	286.1973	0.8523393	0.4368456	12.44431
68718	-4332.401	-4618.563	286.1617	0.7776199	0.4240659	12.51396
68724	-4331.693	-4617.895	286.2018	0.8459608	0.3682349	12.51396
68730	-4334.961	-4620.093	285.132	0.700845	0.4161492	13.09734
68736	-4332.723	-4617.751	285.0285	0.7861413	0.3962293	13.12657
68742	-4331.018	-4615.727	284.7095	0.7573014	0.3598844	13.34513
68748	-4340.185	-4624.607	284.4223	0.7599947	0.5160442	13.34513
68754	-4331.862	-4620.394	288.5324	0.8625972	0.3754181	11.28121
68760	-4335.353	-4621.497	286.1437	0.7171077	0.3384876	12.64373
68766	-4338.737	-4627.678	288.9412	0.7987193	0.3830339	11.09273
68772	-4344.087	-4630.647	286.56	0.6651222	0.4441905	12.34597
68778	-4342.986	-4626.347	283.3608	0.6763672	0.3446717	14.10359
68784	-4333.407	-4618.787	285.3806	0.7170909	0.3151595	13.06751
68790	-4330.31	-4616.048	285.7378	0.8371793	0.4024039	12.72494
68796	-4320.433	-4606.985	286.5528	0.7801218	0.292241	12.45229
68802	-4326.579	-4611.854	285.2749	0.8150488	0.3809936	12.99902
68808	-4314.39	-4600.611	286.2208	0.9639504	0.4737068	12.34001
68814	-4320.875	-4606.87	285.995	0.7775185	0.3081135	12.72478
68820	-4320.694	-4608.278	287.5847	0.8304334	0.544889	11.63737
68826	-4323.762	-4611.607	287.8448	0.8621478	0.4529196	11.5646
68832	-4317.228	-4603.974	286.7452	0.826114	0.4512545	12.15891
68838	-4329.11	-4615.73	286.6203	0.8365686	0.5189688	12.15891
68844	-4336.189	-4623.209	287.0191	0.8092009	0.5075564	11.97483
68850	-4333.545	-4619.964	286.4186	0.8395759	0.4006573	12.37089
68856	-4327.472	-4613.831	286.3595	0.8582926	0.3025453	12.49964
68862	-4328.001	-4613.778	285.7771	0.7926855	0.4228444	12.70753
68868	-4322.871	-4610.712	287.8419	0.8806041	0.422395	11.58539
68874	-4323.114	-4612.017	288.9028	0.9094873	0.3813954	11.0565
68880	-4317.64	-4603.922	286.2819	0.8949624	0.369891	12.44493
68886	-4312.229	-4596.644	284.4145	0.7650681	0.4745908	13.38241
68892	-4320.43	-4608.036	287.6063	0.9650532	0.4720956	11.61794
68898	-4324.778	-4607.903	283.1253	0.8680235	0.355211	14.11479
68904	-4318.28	-4604.256	285.9759	0.9002532	0.5484153	12.43734
68910	-4323.501	-4610.701	287.2002	1.083517	0.3342381	11.90686
68916	-4322.993	-4611.592	288.5989	1.020546	0.4442004	11.0954
68922	-4323.932	-4612.039	288.1066	1.033131	0.3209303	11.47501
68928	-4314.347	-4602.56	288.2126	0.9512126	0.3102725	11.47501
68934	-4324.571	-4611.045	286.4748	0.8509342	0.5193228	12.22703
68940	-4327.194	-4617.779	290.5847	0.8595139	0.3684977	10.2139
68946	-4318.353	-4604.347	285.9945	0.7637043	0.3896767	12.64241
68952	-4333.307	-4620.707	287.4006	0.8280534	0.2983436	11.97777
68958	-4330.454	-4617.733	287.2793	0.866666	0.3918801	11.91679
68964	-4334.289	-4621.664	287.3751	0.8434268	0.3559537	11.91679
68970	-4320.87	-4606.52	285.65	0.7070575	0.4090862	12.83167
68976	-4332.042	-4616.058	284.0165	0.7428674	0.4016288	13.66928
68982	-4324.688	-4612.577	287.8886	0.835325	0.3973347	11.60947
68988	-4335.653	-4626.213	290.5596	0.8406148	0.3591342	10.24714
68994	-4338.684	-4625.957	287.2723	0.695289	0.3574066	12.0461
69000	-4329.481	-4614.247	284.7656	0.8936492	0.3060182	13.3062
69006	-4327.881	-4612.652	284.7704	0.743485	0.373525	13.3062
69012	-4325.721	-4614.203	288.4824	0.8440252	0.3061545	11.39489
69018	-4324.316	-4610.144	285.8277	0.715849	0.5039569	12.64749
69024	-4332.613	-4622.153	289.5406	0.9243501	0.393994	10.70146
69030	-4325.012	-4612.998	287.986	0.8573315	0.3709204	11.57442
69036	-4322.401	-4608.325	285.9232	0.7809214	0.3683623	12.69274
69042	-4322.485	-4606.025	283.5403	0.7963345	0.371404	13.91949
69048	-4319.626	-4605.643	286.0174	0.7669629	0.3498586	12.67094
69054	-4326.269	-4613.156	286.8869	0.8788294	0.3492535	12.16033
69060	-4326.77	-4615.226	288.4561	0.7287853	0.3920292	11.37388
69066	-4322.818	-4611.089	288.2706	0.8839059	0.4077852	11.37388
69072	-4318.941	-4607.759	288.8183	0.9033251	0.2730494	11.22946
69078	-4314.582	-4599.894	285.3119	0.7312335	0.3629381	13.04235
69084	-4323.066	-4608.696	285.6299	0.7557277	0.3629381	12.86423
69090	-4330.279	-4617.434	287.1555	0.7821073	0.3779117	12.03992
69096	-4339.878	-4621.994	282.1163	0.8543818	0.4441999	14.55547
69102	-4342.741	-4625.996	283.2552	0.7918238	0.3050408	14.14396
69108	-4335.106	-4623.556	288.4499	0.8658384	0.2826613	11.42946
69114	-4333.328	-4618.137	284.8093	0.8315599	0.2999691	13.32302
69120	-4350.258	-4637.174	286.9154	0.8748523	0.420044	12.07436
69126	-4336.884	-4623.985	287.1013	0.8658492	0.4359333	11.9668
69132	-4336.284	-4624.105	287.8213	0.805282	0.3689312	11.68978
69138	-4331.201	-4617.063	285.8618	0.8857892	0.3125485	12.7325
69144	-4329.072	-4614.523	285.4512	0.7815843	0.4142889	12.89122
69150	-4329.137	-4616.212	287.0745	0.7310621	0.3865892	12.09985
69156	-4314.279	-4600.642	286.3628	0.8091561	0.4073149	12.40918
69162	-4314.248	-4600.582	286.3337	0.7275399	0.4291055	12.44562
69168	-4300.918	-4586.35	285.432	0.8647915	0.4253828	12.84716
69174	-4315.136	-4602.706	287.5696	0.6978185	0.3751406	11.87071
69180	-4306.148	-4593.198	287.0496	0.8089679	0.490807	11.97354
69186	-4316.353	-4603.437	287.0834	0.8801349	0.3934527	12.01038
69192	-4318.453	-4606.359	287.9058	0.7963666	0.3934527	11.62474
69198	-4322.545	-4607.649	285.1034	0.7702686	0.3934527	13.09871
69204	-4330.642	-4618.505	287.8636	0.752126	0.4534395	11.61178
69210	-4335.083	-4619.521	284.4375	0.8757822	0.4742541	13.31325
69216	-4334.328	-4622.31	287.9824	0.8035015	0.3180396	11.66332
69222	-4333.151	-4621.704	288.5531	1.011515	0.4755948	11.09529
69228	-4334.499	-4623.142	288.6432	0.8624342	0.4755948	11.12616
69234	-4329.451	-4617.629	288.178	0.9814469	0.5218621	11.26724
69240	-4315.554	-4601.468	285.9135	0.8980865	0.4017455	12.60239
69246	-4328.216	-4615.149	286.9332	0.8445998	0.4620087	12.04134
69252	-4334.397	-4617.757	283.3606	0.7609304	0.4776252	13.92882
69258	-4335.419	-4622.847	287.4282	0.96659	0.4886981	11.69544
69264	-4331.155	-4616.681	285.526	0.7201903	0.4221947	12.87654
69270	-4339.162	-4624.147	284.985	0.7826687	0.4022189	13.14498
69276	-4323.382	-4610.805	287.4235	0.6810673	0.4361701	11.89489
69282	-4315.081	-4602.35	287.269	0.8355394	0.4361701	11.89489
69288	-4326.101	-4611.807	285.7063	0.7800171	0.465382	12.71122
69294	-4325.7	-4610.06	284.36	0.7111416	0.4718621	13.44114
69300	-4315.234	-4600.234	284.9995	0.7639961	0.4417108	13.109
69306	-4322.922	-4607.904	284.9825	0.7562611	0.4555797	13.109
69312	-4319.521	-4607.403	287.8822	1.002111	0.3242045	11.60469
69318	-4313.371	-4599.824	286.4535	0.7942226	0.3045933	12.48161
69324	-4317.286	-4604.725	287.4385	0.7406719	0.3627835	11.92991
69330	-4314.316	-4601.493	287.1765	0.9534537	0.3872406	11.92991
69336	-4318.43	-4604.45	286.0198	0.8339235	0.5079815	12.48254
69342	-4321.954	-4609.397	287.443	0.7611936	0.3512978	11.92932
69348	-4322.075	-4609.273	287.1982	0.8518979	0.5210569	11.84767
69354	-4322.428	-4605.684	283.256	0.7323519	0.3411361	14.1328
69360	-4329.875	-4618.081	288.2057	0.7323519	0.3924136	11.50257
69366	-4339.406	-4625.187	285.7814	0.8329238	0.5246831	12.59317
69372	-4325.737	-4612.883	287.1453	0.8448158	0.4242888	11.96596
69378	-4331.834	-4615.101	283.267	0.775698	0.3487745	14.0962
69384	-4329.048	-4613.825	284.7771	0.8624661	0.4115147	13.20237
69390	-4328.021	-4613.876	285.8548	0.7746796	0.4115147	12.68753
69396	-4328.17	-4615.787	287.6169	0.8200385	0.4442716	11.71371
69402	-4334.725	-4621.831	287.1062	0.7498735	0.430577	12.02986
69408	-4355.532	-4644.297	288.7651	0.9053366	0.2638767	11.26825
69414	-4322.06	-4609.698	287.6384	0.846662	0.4248846	11.70701
69420	-4342.8	-4627.405	284.6055	0.7411598	0.4248846	13.34157
69426	-4329.339	-4617.276	287.9365	0.9474529	0.3368708	11.59044
69432	-4331.263	-4617.829	286.5667	0.8449232	0.3418031	12.35313
69438	-4332.935	-4619.66	286.7247	0.813455	0.2859476	12.35313
69444	-4331.043	-4618.274	287.2305	0.7686128	0.3997926	11.98541
69450	-4328.613	-4611.79	283.1771	0.7826453	0.3534172	14.13411
69456	-4342.43	-4625.419	282.9888	0.9709762	0.3534172	14.13411
69462	-4334.816	-4620.865	286.0484	0.7890497	0.4122287	12.57854
69468	-4337.154	-4623.966	286.8121	0.6896055	0.4122287	12.23248
69474	-4328.858	-4613.865	285.0068	0.8353929	0.3953314	13.11317
69480	-4329.653	-4616.826	287.1728	0.9182032	0.4399663	11.89836
69486	-4325.796	-4610.113	284.3173	0.9418436	0.4632765	13.3512
69492	-4319.997	-4607.33	287.3332	0.8765022	0.392746	11.88266
69498	-4313.933	-4602.651	288.7175	0.9396067	0.3976939	11.12103
69504	-4328.689	-4618.871	290.1826	0.816596	0.3311807	10.48903
69510	-4325.601	-4610.46	284.8586	0.6806962	0.3311807	13.33917
69516	-4321.877	-4608.722	286.8446	0.8752177	0.3608409	12.17162
69522	-4328.377	-4612.661	284.2843	0.9188768	0.3618792	13.47995
69528	-4323.87	-4611.36	287.4901	0.9161437	0.5439673	11.64277
69534	-4329.451	-4617.47	288.0187	0.7936486	0.3966855	11.56391
69540	-4333.968	-4623.762	289.7941	0.9507783	0.3098592	10.64751
69546	-4332.639	-4615.143	282.5041	0.7015345	0.4550099	14.42386
69552	-4314.435	-4599.85	285.4157	0.7522554	0.4550099	12.88635
69558	-4317.074	-4601.66	284.5861	0.7380165	0.4020339	13.37566
69564	-4327.53	-4611.203	283.6727	0.6423538	0.3612669	13.94146
69570	-4314.315	-4599.659	285.3439	0.7029246	0.403724	12.99837
69576	-4313.263	-4599.027	285.7639	0.8103502	0.4485453	12.6809
69582	-4320.69	-4606.171	285.4807	0.8195296	0.4086611	12.86168
69588	-4323.999	-4610.206	286.207	0.9013654	0.4780056	12.37595
69594	-4314.834	-4601.778	286.944	0.8067666	0.431409	12.084
69600	-4314.505	-4600.328	285.8227	0.925803	0.3556492	12.68328
69606	-4319.374	-4605.269	285.8949	0.7296584	0.4184602	12.68328
69612	-4320.084	-4603.286	283.2017	0.7644331	0.3094437	14.18064
69618	-4318.602	-4604.042	285.4404	0.8221404	0.3801426	12.91013
69624	-4320.559	-4606.223	285.664	0.7372459	0.3147395	12.91013
69630	-4306.237	-4592.987	286.7496	0.8191486	0.3230163	12.2926
69636	-4302.514	-4589.312	286.7975	0.8454635	0.2907108	12.2926
69642	-4317.837	-4604.337	286.5002	0.8389883	0.3561834	12.37505
69648	-4320.848	-4608.473	287.6256	0.8106084	0.304959	11.86145
69654	-4325.821	-4613.688	287.8668	0.9438968	0.4264949	11.53532
69660	-4326.635	-4614.607	287.9716	0.8764082	0.4066007	11.53532
69666	-4328.86	-4616.962	288.1018	0.847052	0.3559849	11.53532
69672	-4331.604	-4616.311	284.7062	0.8189807	0.5014726	13.17933
69678	-4337.065	-4620.564	283.4989	0.8266689	0.3589565	13.93848
69684	-4339.139	-4623.575	284.4363	0.8321042	0.4495877	13.35891
69690	-4320.625	-4607.356	286.731	0.890338	0.3356092	12.2508
69696	-4320.182	-4608.176	287.9943	0.8950529	0.3900243	11.53044
69702	-4316.642	-4602.304	285.6615	0.766452	0.2854419	12.93175
69708	-4321.737	-4606.641	284.9049	0.8264126	0.4366422	13.13049
69714	-4324.835	-4611.724	286.8891	0.8691	0.4202591	12.09085
69720	-4319.01	-4606.071	287.0614	0.9674308	0.2911735	12.09085
69726	-4310.185	-4597.418	287.2338	0.9453405	0.3034006	11.99748
69732	-4326.192	-4612.479	286.2864	0.8309336	0.4364308	12.40942
69738	-4321.489	-4606.911	285.422	0.8310068	0.4092602	12.88564
69744	-4324.478	-4610.843	286.3654	0.8310068	0.3761806	12.42814
69750	-4326.602	-4615.288	288.6863	0.8417133	0.4617222	11.12701
69756	-4328.74	-4615.681	286.9412	0.8962236	0.5333017	11.94847
69762	-4319.106	-4606.254	287.1478	0.8432373	0.3986921	11.99076
69768	-4315.481	-4601.901	286.4195	0.829573	0.3854739	12.39104
69774	-4322.697	-4610.431	287.7341	0.8233601	0.3854739	11.70854
69780	-4329.129	-4615.064	285.9352	0.7582481	0.3344971	12.73533
69786	-4326.056	-4609.126	283.0699	0.7304946	0.5090108	14.06817
69792	-4332.372	-4617.24	284.868	0.7125628	0.4079985	13.23647
69798	-4327.15	-4615.525	288.3752	0.766716	0.4249436	11.36364
69804	-4344.182	-4628.011	283.8291	0.8808714	0.4664029	13.63352
69810	-4342.751	-4626.491	283.7401	0.9039268	0.4339601	13.69773
69816	-4345.778	-4632.796	287.0179	0.7468588	0.4036637	12.10379
69822	-4339.034	-4623.69	284.6562	0.7695978	0.3564905	13.37012
69828	-4325.078	-4609.183	284.1048	0.7156977	0.3417583	13.70051
69834	-4325.97	-4609.288	283.3181	0.8748391	0.4014637	13.96325
69840	-4316.285	-4603.17	286.8852	0.7977472	0.3481279	12.20472
69846	-4323.419	-4607.513	284.0942	0.8003081	0.3484544	13.6547
69852	-4313.037	-4600.106	287.0686	0.9570309	0.3309975	12.0452
69858	-4312.43	-4599.293	286.8628	0.9580347	0.4327361	12.0462
69864	-4327.368	-4610.991	283.6225	1.143117	0.3886349	13.67912
69870	-4320.421	-4609.485	289.064	0.8550497	0.3886349	10.9931
69876	-4334.574	-4623.235	288.6603	1.117771	0.4649738	10.9931
69882	-4311.825	-4597.799	285.974	0.6967236	0.515509	12.57149
69888	-4303.168	-4590.468	287.3002	0.8927772	0.4512672	11.83456
69894	-4307.948	-4592.393	284.4457	0.6563804	0.4239483	13.46947
69900	-4305.986	-4590.41	284.4238	0.6994938	0.4126286	13.46947
69906	-4314.696	-4598.022	283.3261	0.8083651	0.444783	13.95191
69912	-4324.13	-4609.908	285.7772	0.8270436	0.444783	12.6688
69918	-4320.2	-4605.942	285.7423	0.8410291	0.3879317	12.73522
69924	-4328.482	-4615.688	287.206	0.9471755	0.4826521	11.82694
69930	-4320.263	-4606.893	286.6304	0.7596268	0.3591031	12.34539
69936	-4339.874	-4626.172	286.298	0.7853995	0.383012	12.47991
69942	-4331.125	-4618.711	287.5859	0.8670263	0.4740623	11.67805
69948	-4330.195	-4618.28	288.0849	0.7823892	0.3242063	11.61361
69954	-4328.77	-4615.425	286.6555	0.7218608	0.3948185	12.31468
69960	-4327.561	-4611.269	283.7073	0.8869101	0.4030622	13.75352
69966	-4327.666	-4615.497	287.8308	0.8429338	0.4030622	11.62993
69972	-4331.804	-4616.794	284.9902	0.7429077	0.3987108	13.16649
69978	-4313.877	-4598.866	284.9893	0.7278581	0.4069825	13.16649
69984	-4317.09	-4603.756	286.6662	0.6807888	0.4515525	12.27562
69990	-4321.475	-4606.32	284.8446	0.8816822	0.5027326	13.07374
69996	-4317.545	-4602.449	284.9044	0.7799973	0.5158397	13.08439
70002	-4324.496	-4610.176	285.6796	0.702953	0.3286573	12.90373
70008	-4319.317	-4604.894	285.5762	0.8405036	0.3133529	12.90373
70014	-4323.177	-4611.446	288.2683	0.8405036	0.382799	11.42318
70020	-4325.144	-4611.753	286.6084	0.6747837	0.3228434	12.44158
70026	-4314.471	-4599.206	284.7353	0.7067976	0.4257761	13.29114
70032	-4319.184	-4604.901	285.7167	0.7570178	0.304382	12.88474
70038	-4321.121	-4605.377	284.256	0.7035401	0.5245909	13.4537
70044	-4332.628	-4620.735	288.1069	0.8242517	0.4899258	11.41403
70050	-4311.589	-4597.699	286.1095	0.7338313	0.3558451	12.63368
70056	-4312.405	-4598.417	286.0124	0.8273432	0.4140188	12.5756
70062	-4306.919	-4591.366	284.4464	0.6553881	0.4140188	13.47924
70068	-4315.642	-4599.231	283.5893	0.7464294	0.4528781	13.84001
70074	-4319.367	-4604.66	285.2926	0.7500526	0.3555995	13.05053
70080	-4330.171	-4618.726	288.5553	0.8511879	0.360221	11.29141
70086	-4325.162	-4610.381	285.2195	0.6504073	0.3679014	13.12714
70092	-4323.292	-4607.97	284.6773	0.7259995	0.4207595	13.31613
70098	-4313.787	-4597.69	283.903	0.6320602	0.3565785	13.83237
70104	-4312.706	-4595.801	283.0954	0.8164725	0.3471008	14.16584
70110	-4312.3	-4597.792	285.4918	0.598113	0.4249882	12.95516
70116	-4316.605	-4605.013	288.4076	0.7519822	0.3356497	11.44772
70122	-4314.196	-4599.088	284.8917	0.7351229	0.3864843	13.2341
70128	-4322.786	-4607.338	284.5514	0.7118168	0.3864843	13.423
70134	-4329.017	-4612.865	283.8484	0.7766451	0.4775894	13.66765
70140	-4325.251	-4612.204	286.9539	0.7782199	0.3616256	12.16439
70146	-4334.715	-4622.149	287.4345	0.7840845	0.4065637	11.86412
70152	-4325.293	-4614.038	288.7445	0.8166694	0.3242672	11.25075
70158	-4320.39	-4608.022	287.6324	0.6916809	0.5073047	11.71625
70164	-4318.256	-4605.688	287.4312	0.7658447	0.3039695	11.98747
70170	-4342.004	-4628.21	286.2059	0.9565322	0.6242148	12.22971
70176	-4335.281	-4622.396	287.1152	0.9191514	0.3243261	12.04834
70182	-4335.332	-4623.424	288.0922	0.8479084	0.3924253	11.50144
70188	-4332.417	-4619.961	287.5442	0.8093273	0.370771	11.83041
70194	-4335.906	-4619.784	283.8779	0.69392	0.4709181	13.7012
70200	-4335.47	-4623.781	288.3112	0.8845605	0.4137769	11.34639
70206	-4337.96	-4621.346	283.3867	0.7342919	0.4631462	13.94206
70212	-4330.595	-4616.026	285.4311	0.8070322	0.4233225	12.87967
70218	-4321.8	-4609.87	288.0697	0.8561972	0.3326732	11.57324
70224	-4318.981	-4604.811	285.83	0.864815	0.5326729	12.54462
70230	-4322.989	-4613.616	290.6271	0.9215951	0.3645549	10.16319
70236	-4321.689	-4610.96	289.2714	0.8041094	0.3499737	10.95234
70242	-4314.796	-4602.394	287.598	0.8041094	0.4069258	11.76792
70248	-4324.146	-4608.634	284.488	0.8796195	0.3654827	13.39067
70254	-4324.605	-4614.293	289.6875	0.8939805	0.4067967	10.62739
70260	-4335.041	-4622.641	287.6002	0.8761613	0.4220327	11.71431
70266	-4336.745	-4619.048	282.3027	0.7877923	0.3549762	14.58273
70272	-4323.222	-4610.142	286.9201	0.9053456	0.4617706	12.01671
70278	-4317.85	-4604.592	286.7415	0.9300349	0.3835745	12.17281
70284	-4325.502	-4614.316	288.8143	0.855154	0.4750374	11.04087
70290	-4314.501	-4601.19	286.6897	0.8348988	0.3423844	12.29363
70296	-4326.236	-4611.478	285.242	0.7317858	0.6486468	12.83103
70302	-4323.273	-4609.181	285.9084	0.7787142	0.3508492	12.72047
70308	-4315.603	-4602.723	287.1203	0.6556187	0.443703	12.05927
70314	-4318.484	-4605.08	286.5954	0.7230631	0.4281409	12.3125
70320	-4312.315	-4600.241	287.9266	0.8255841	0.4255079	11.56687
70326	-4312.481	-4599.403	286.9221	0.768722	0.311531	12.24241
70332	-4307.303	-4597.695	290.3921	1.034166	0.311531	10.28775
70338	-4301.081	-4591.384	290.3036	0.8695295	0.4364605	10.28775
70344	-4330.275	-4615.865	285.5896	0.8506347	0.282074	12.92959
70350	-4344.041	-4631.582	287.5409	0.8215786	0.3889687	11.80674
70356	-4327.634	-4613.307	285.6727	0.7728081	0.4435151	12.75256
70362	-4323.245	-4610.595	287.3502	0.8232447	0.3423975	11.95521
70368	-4327.589	-4611.487	283.8979	0.7106637	0.4532226	13.69818
70374	-4325.323	-4607.325	282.0023	0.9043211	0.4266185	14.60524
70380	-4325.488	-4611.693	286.2054	0.9043211	0.5854236	12.28646
70386	-4318.05	-4603.011	284.9603	0.7915501	0.4210954	13.13466
70392	-4329.281	-4615.37	286.0889	0.7436756	0.40794	12.5853
70398	-4332.949	-4621.623	288.6735	0.822254	0.40794	11.19518
70404	-4316.615	-4601.532	284.9173	0.9647209	0.4312766	13.05724
70410	-4318.391	-4604.852	286.4604	0.9554264	0.5047609	12.19238
70416	-4322.642	-4608.235	285.5933	0.7845289	0.483156	12.75182
70422	-4314.702	-4600.435	285.7335	0.7822327	0.4780237	12.68459
70428	-4323.584	-4607.245	283.661	0.7818971	0.3865438	13.8487
70434	-4311.672	-4599.413	287.7405	0.7437771	0.4151545	11.71692
70440	-4310.781	-4598.235	287.4531	0.8443592	0.3944501	11.83514
70446	-4321.105	-4608.753	287.648	0.8348606	0.3065892	11.83514
70452	-4329.102	-4616.459	287.3575	0.9864096	0.3755423	11.83037
70458	-4305.24	-4590.379	285.1383	0.8723715	0.3755423	13.0459
70464	-4299.677	-4587.088	287.411	0.8781295	0.3573246	11.87842
70470	-4300.1	-4589.467	289.3673	0.9326803	0.4159708	10.76597
70476	-4312.29	-4600.348	288.0578	0.8626062	0.4662412	11.4408
70482	-4309.424	-4597.569	288.1454	0.8943819	0.4175789	11.42423
70488	-4315.309	-4601.338	286.0284	0.824308	0.4750659	12.51176
70494	-4320.414	-4606.805	286.3911	0.8799366	0.3272653	12.44286
70500	-4311.057	-4597.368	286.3103	0.8380806	0.3860947	12.44286
70506	-4315.622	-4600.647	285.0251	0.7407293	0.4329848	13.116
70512	-4336.717	-4624.226	287.5084	0.8054547	0.3890494	11.83208
70518	-4339.766	-4626.972	287.2063	0.8647157	0.5266375	11.83208
70524	-4311.142	-4596.08	284.9381	0.6182114	0.4282705	13.22937
70530	-4322.761	-4609.437	286.6765	0.7952109	0.3538391	12.30854
70536	-4318.47	-4605.229	286.7595	0.7895191	0.3181473	12.30854
70542	-4329.716	-4619.766	290.0501	0.7346049	0.4442136	10.48442
70548	-4323.172	-4611.108	287.9358	0.8185489	0.4416353	11.55036
70554	-4308.765	-4596.976	288.2113	0.8388117	0.4874594	11.35402
70560	-4307.521	-4591.509	283.9886	0.7832976	0.5669835	13.51688
70566	-4303.179	-4590.664	287.4847	0.8761862	0.4096026	11.78678
70572	-4298.846	-4587.419	288.5726	0.7766064	0.4096026	11.27024
70578	-4306.463	-4592.666	286.2028	0.9030508	0.330359	12.52535
70584	-4324.397	-4610.448	286.0515	0.8036502	0.3754201	12.60668
70590	-4321.609	-4608.868	287.2591	0.878203	0.3754201	11.93835
70596	-4323.811	-4609.125	285.3136	0.7357722	0.4091641	12.99166
70602	-4315.451	-4602.038	286.5864	0.8328028	0.3984708	12.28917
70608	-4318.999	-4603.501	284.5017	0.7519277	0.4678408	13.34998
70614	-4325.669	-4613.761	288.0916	0.6971845	0.4443785	11.52977
70620	-4307.306	-4592.605	285.2987	0.7443358	0.3623106	13.04311
70626	-4307.887	-4593.356	285.4689	0.6727878	0.4960685	12.8634
70632	-4305.286	-4591.227	285.9412	0.7281881	0.3096041	12.7767
70638	-4291.897	-4580.565	288.668	0.7762968	0.3707744	11.26034
70644	-4303.08	-4591.085	288.0045	0.9179121	0.3707744	11.53322
70650	-4299.094	-4587.152	288.0587	0.8453851	0.3104107	11.61059
70656	-4299.571	-4586.669	287.0978	0.7253517	0.3770172	12.10057
70662	-4312.009	-4601.456	289.4477	0.8283539	0.3769563	10.8182
70668	-4319.252	-4603.914	284.6624	0.7963594	0.4712975	13.24031
70674	-4319.892	-4608.805	288.9121	0.9086109	0.3177292	11.1225
70680	-4323.618	-4613.135	289.5164	0.8970384	0.2769278	10.86214
70686	-4324.474	-4610.786	286.3119	0.8970384	0.3503981	12.44925
70692	-4314.16	-4603.205	289.0444	0.8822151	0.3278679	11.05524
70698	-4312.367	-4598.739	286.3726	0.7485583	0.4716807	12.37497
70704	-4298.329	-4586.977	288.6483	0.8273136	0.3424689	11.27477
70710	-4311.831	-4598.566	286.7349	0.8273136	0.4534912	12.16163
70716	-4309.093	-4596.128	287.0348	0.795309	0.3655765	12.10905
70722	-4303.897	-4590.858	286.9619	0.852281	0.3734117	12.10905
70728	-4307.074	-4595.153	288.0784	0.852281	0.3520994	11.54904
70734	-4303.538	-4591.797	288.2586	0.746879	0.3520994	11.50997
70740	-4308.194	-4595.814	287.6197	0.8026101	0.3513904	11.81538
70746	-4314.539	-4604.301	289.7619	0.883955	0.4496313	10.55223
70752	-4323.209	-4612.404	289.1948	0.9311614	0.3709354	10.90319
70758	-4306.074	-4595.34	289.2659	0.8973672	0.4013308	10.8522
70764	-4314.926	-4600.248	285.3223	0.6680486	0.3461014	13.08808
70770	-4318.011	-4605.018	287.0069	0.767267	0.5078899	12.00282
70776	-4312.285	-4597.651	285.366	0.7329445	0.5291749	12.85767
70782	-4307.665	-4596.885	289.2198	0.9529897	0.3611824	10.88913
70788	-4302.59	-4592.471	289.8806	0.7698804	0.366431	10.63299
70794	-4310.383	-4598.942	288.5584	0.7707295	0.4595897	11.23306
70800	-4308.343	-4596.983	288.6396	0.8897026	0.5447852	11.05464
70806	-4325.669	-4611.354	285.6853	0.8014984	0.6022571	12.5981
70812	-4324.815	-4612.073	287.2581	0.7687952	0.4819155	11.89348
70818	-4321.611	-4609.242	287.631	0.7890714	0.3633489	11.80357
70824	-4317.259	-4605.371	288.1119	0.7724395	0.455184	11.46976
70830	-4317.601	-4603.69	286.0894	0.9072627	0.4686615	12.44254
70836	-4327.109	-4612.934	285.8251	0.9017249	0.3490214	12.70181
70842	-4327.315	-4613.251	285.9362	0.7929828	0.3478836	12.70181
70848	-4317.958	-4605.401	287.444	0.8184625	0.3478836	11.9027
70854	-4306.947	-4594.848	287.9002	0.7931969	0.539691	11.4962
70860	-4309.7	-4596.215	286.5152	0.7394506	0.4096902	12.36373
70866	-4312.116	-4600.232	288.1157	0.645987	0.4444977	11.5438
70872	-4319.95	-4604.757	284.8072	0.645987	0.4436168	13.2685
70878	-4303.444	-4588.054	284.6092	0.8439198	0.4436168	13.2685
70884	-4296.404	-4582.19	285.7861	0.7524216	0.4590091	12.68984
70890	-4303.582	-4589.25	285.6685	0.8165618	0.4901736	12.68984
70896	-4310.338	-4596.99	286.6524	0.8551524	0.4101258	12.23147
70902	-4313.798	-4600.318	286.5197	0.8331587	0.4974835	12.23147
70908	-4315.981	-4602.649	286.6679	0.7662332	0.366159	12.31488
70914	-4314.494	-4603.561	289.0674	0.969826	0.398396	10.92123
70920	-4328.734	-4613.596	284.8618	0.7470466	0.4071273	13.22263
70926	-4348.092	-4633.554	285.4614	0.8178363	0.352486	12.93089
70932	-4322.499	-4610.523	288.0239	0.8691541	0.4320068	11.48695
70938	-4320.993	-4608.888	287.8942	0.8731235	0.402553	11.58153
70944	-4321.1	-4609.373	288.2731	0.9355376	0.3572434	11.39812
70950	-4313.308	-4600.234	286.9258	0.883838	0.4567201	12.02958
70956	-4305.063	-4593.116	288.0535	0.9317267	0.4693059	11.40412
70962	-4298.183	-4584.615	286.4328	0.8705048	0.3419989	12.40937
70968	-4306.464	-4594.685	288.221	0.8793076	0.5376773	11.28502
70974	-4312.46	-4600.438	287.9778	0.8094675	0.4563669	11.51941
70980	-4309.612	-4597.682	288.0696	0.8550574	0.4722301	11.43317
70986	-4304.24	-4593.71	289.47	0.8933842	0.4256433	10.72325
70992	-4309.068	-4599.058	289.9905	0.8880226	0.3556131	10.52501
70998	-4319.571	-4607.301	287.7299	0.8179742	0.4752124	11.6274
71004	-4312.81	-4600.71	287.9003	0.8273715	0.3779646	11.6274
71010	-4315.006	-4604.936	289.9298	0.8185543	0.4014362	10.54523
71016	-4315.548	-4605.132	289.5843	0.8575024	0.3852723	10.72259
71022	-4317.361	-4603.762	286.4007	0.9539118	0.2936019	12.43929
71028	-4308.383	-4594.961	286.5778	0.8847089	0.3564933	12.31048
71034	-4316.413	-4606.637	290.2235	0.9446006	0.3485524	10.38073
71040	-4315.05	-4600.356	285.3057	0.7720068	0.3693853	13.01754
71046	-4300.403	-4588.001	287.5978	0.758665	0.3685885	11.83118
71052	-4307.407	-4591.225	283.8185	0.8564691	0.3934144	13.72131
71058	-4315.449	-4602.628	287.1788	0.785628	0.3667388	12.03776
71064	-4328.29	-4613.475	285.1857	0.7835225	0.3643078	13.07931
71070	-4313.767	-4600.286	286.5193	0.7941989	0.4496086	12.29485
71076	-4304.451	-4592.47	288.0191	0.7536763	0.382925	11.5987
71082	-4308.886	-4596.389	287.5034	0.7768568	0.382925	11.85593
71088	-4313.329	-4600.427	287.0977	0.7856871	0.3179304	12.13447
71094	-4307.504	-4594.131	286.6273	0.7651932	0.3532633	12.35049
71100	-4311.053	-4599.114	288.0614	0.8060159	0.3532633	11.58082
71106	-4315.422	-4604.428	289.0057	0.9550208	0.3864123	10.97354
71112	-4315.296	-4601.701	286.4053	0.9068938	0.5999142	12.16982
71118	-4315.284	-4599.317	284.033	0.8543049	0.4714541	13.53694
71124	-4315.925	-4600.024	284.0991	0.9341934	0.4609568	13.47062
71130	-4318.093	-4602.377	284.2836	0.792159	0.4370944	13.47062
71136	-4310.739	-4598.834	288.095	0.7547763	0.4370944	11.50474
71142	-4305.442	-4590.229	284.7867	0.8212339	0.420325	13.21018
71148	-4294.457	-4581.787	287.3307	0.85513	0.4215864	11.86646
71154	-4330.965	-4618.938	287.9722	0.7506826	0.3785443	11.6293
71160	-4305.243	-4592.46	287.2175	0.7772745	0.367485	12.02113
71166	-4310.314	-4596.473	286.1593	0.8887982	0.4121702	12.46889
71172	-4307.57	-4596.59	289.02	1.014326	0.4994073	10.82823
71178	-4310.457	-4598.933	288.4762	0.8983445	0.4924236	11.17991
71184	-4316.958	-4601.395	284.4369	0.78422	0.450585	13.38254
71190	-4334.478	-4619.048	284.5702	0.8054888	0.3888166	13.36219
71196	-4318.095	-4602.863	284.7676	0.7634399	0.3443419	13.32871
71202	-4305.204	-4589.8	284.5961	0.8213436	0.4004986	13.32871
71208	-4308.909	-4593.023	284.1142	0.8280346	0.4988868	13.48437
71214	-4300.566	-4583.908	283.3424	0.8912252	0.4532218	13.89268
71220	-4292.205	-4578.383	286.178	0.9153256	0.475098	12.38638
71226	-4305.348	-4591.106	285.7576	0.8683918	0.356198	12.74641
71232	-4314.259	-4598.734	284.4745	0.9221068	0.4906185	13.25552
71238	-4312.567	-4598.714	286.1472	0.7258089	0.3799446	12.59266
71244	-4304.067	-4590.87	286.8035	0.7626592	0.4590517	12.15445
71250	-4302.138	-4588.915	286.7771	0.7864347	0.4605175	12.15445
71256	-4308.174	-4595.746	287.572	0.6826436	0.3789013	11.8735
71262	-4294.075	-4581.435	287.3598	0.7679915	0.4459944	11.8735
71268	-4299.146	-4587.422	288.2759	0.7523266	0.3801913	11.468
71274	-4306.104	-4593.227	287.1233	0.8325076	0.3435885	12.06746
71280	-4304.703	-4592.988	288.2843	0.8686972	0.3239895	11.4645
71286	-4304.367	-4590.294	285.9278	0.7939989	0.3908139	12.66019
71292	-4302.901	-4593.139	290.2384	0.8198497	0.5177296	10.27504
71298	-4298.183	-4584.306	286.1227	0.8168076	0.4051447	12.53238
71304	-4306.657	-4592.773	286.1163	0.8847107	0.4210872	12.48474
71310	-4302.906	-4591.656	288.7493	0.8485562	0.403212	11.1465
71316	-4306.135	-4594.39	288.2546	0.9132071	0.5276873	11.25799
71322	-4304.492	-4592.897	288.4048	0.8022077	0.3388383	11.41935
71328	-4317.364	-4603.532	286.1675	0.9347368	0.4700354	12.38632
71334	-4319.469	-4606.063	286.5939	0.7715897	0.3336696	12.38632
71340	-4311.075	-4594.81	283.7354	0.6753427	0.3811878	13.87088
71346	-4316.531	-4600.785	284.2542	0.6353511	0.3811878	13.62244
71352	-4304.645	-4592.054	287.4091	0.9467689	0.4407726	11.75932
71358	-4305.232	-4594.017	288.7846	0.8136694	0.3720184	11.17841
71364	-4313.64	-4601.381	287.7406	0.8887547	0.4393744	11.61777
71370	-4312.361	-4599.612	287.2514	0.9262914	0.4299707	11.86258
71376	-4313.778	-4600.561	286.7834	0.8100556	0.4350166	12.1626
71382	-4319.577	-4610.335	290.7581	1.071477	0.290267	10.10166
71388	-4325.501	-4614.041	288.5399	0.8508534	0.5676457	11.10885
71394	-4311.462	-4597.086	285.6241	0.983937	0.4232097	12.68728
71400	-4318.169	-4602.813	284.6438	0.9367497	0.5515893	13.10898
71406	-4325.968	-4616.855	290.887	1.024504	0.4510918	9.885479
71412	-4315.478	-4601.477	285.9993	0.7710353	0.444558	12.58254
71418	-4312.019	-4598.217	286.1979	0.8171159	0.3142487	12.59128
71424	-4309.178	-4594.929	285.7506	0.9968893	0.5030902	12.54208
71430	-4313.2	-4602.125	288.9252	0.8186549	0.3424478	11.13442
71436	-4317.227	-4605.34	288.1128	0.7726719	0.3799183	11.54294
71442	-4317.429	-4605.347	287.918	0.8624989	0.4602963	11.51937
71448	-4323.149	-4610.44	287.2913	0.8624989	0.2974032	12.01802
71454	-4327.99	-4615.037	287.0469	0.9669011	0.3610947	12.01802
71460	-4323.198	-4609.816	286.6178	0.9105815	0.3951136	12.23567
71466	-4332.986	-4618.516	285.5303	0.8544098	0.5590111	12.68476
71472	-4325.792	-4613.187	287.3946	0.9320644	0.4220458	11.79248
71478	-4338.876	-4627.103	288.2264	1.014224	0.379169	11.35803
71484	-4330.093	-4616.891	286.7979	0.8314651	0.4302988	12.14836
71490	-4336.969	-4623.529	286.5608	0.8340516	0.4302988	12.27065
71496	-4331.68	-4619.025	287.3456	0.9140341	0.3543412	11.89705
71502	-4339.672	-4625.113	285.4404	0.8199878	0.3570816	12.93567
71508	-4330.411	-4615.017	284.6061	0.8483835	0.4212158	13.28909
71514	-4341.308	-4628.276	286.9676	0.8577337	0.2886572	12.20008
71520	-4326.94	-4613.683	286.7426	0.7219633	0.4039653	12.26004
71526	-4313.253	-4602.116	288.8635	0.8921864	0.338068	11.13315
71532	-4314.26	-4603.185	288.9249	0.9251008	0.4042452	11.01343
71538	-4308.775	-4594.515	285.74	0.7521606	0.4384497	12.73304
71544	-4320.188	-4604.632	284.4433	0.892816	0.3233506	13.45369
71550	-4318.333	-4602.681	284.3473	0.7329041	0.3655082	13.53991
71556	-4330.212	-4612.968	282.7552	0.8573895	0.3698337	14.29649
71562	-4333.824	-4616.02	282.1958	0.8400054	0.3703735	14.59463
71568	-4339.929	-4624.967	285.0381	0.8305604	0.3669179	13.12883
71574	-4336.346	-4625.125	288.7782	0.9872742	0.4093591	11.0526
71580	-4345.001	-4627.955	282.9541	0.7566492	0.3590991	14.25705
71586	-4350.853	-4635.093	284.2401	0.9554673	0.3090102	13.54344
71592	-4327.935	-4617.657	289.7225	1.065394	0.4070499	10.51882
71598	-4333.957	-4623.968	290.0108	1.045445	0.2817528	10.51882
71604	-4343.77	-4629.687	285.9164	0.8054528	0.4197539	12.63135
71610	-4320.635	-4606.514	285.8785	0.9839572	0.3834511	12.59449
71616	-4321.533	-4605.724	284.1912	0.848398	0.3597367	13.56717
71622	-4348.454	-4633.496	285.0423	0.7734126	0.3029599	13.22857
71628	-4341.1	-4625.787	284.6875	0.9703344	0.3762364	13.22857
71634	-4328.091	-4616.741	288.6491	0.9267801	0.3413293	11.22359
71640	-4338.205	-4622.657	284.4514	0.7690064	0.4864693	13.35067
71646	-4334.861	-4620.648	285.7866	0.8334124	0.3652189	12.73982
71652	-4320.373	-4608.145	287.7712	0.8890395	0.4701982	11.57318
71658	-4319.558	-4607.631	288.0723	0.757692	0.4141697	11.53725
71664	-4319.017	-4606.257	287.2406	0.7627577	0.4308124	11.9528
71670	-4344.988	-4633.698	288.7108	0.7680213	0.3601227	11.25367
71676	-4337.634	-4624.909	287.2756	0.6603415	0.3601227	12.05971
71682	-4309.739	-4594.215	284.4761	0.7468017	0.3956973	13.43455
71688	-4307.176	-4592.67	285.4943	0.8485703	0.4461388	12.80353
71694	-4310.452	-4601.981	291.5292	0.8864239	0.3680517	9.703001
71700	-4316.739	-4604.301	287.562	0.7882722	0.4319329	11.77063
71706	-4313.708	-4600.902	287.1942	0.9583594	0.3676179	11.93866
71712	-4314.481	-4602.712	288.2309	0.7365879	0.4869385	11.39766
71718	-4295.417	-4584.002	288.5849	0.7349256	0.3067521	11.39766
71724	-4300.148	-4585.325	285.1771	0.6805828	0.4568447	13.04601
71730	-4310.852	-4595.411	284.5595	0.7409598	0.4855519	13.30989
71736	-4314.761	-4601.731	286.9696	0.8988408	0.3103471	12.15125
71742	-4324.4	-4611.414	287.0136	0.847578	0.4986528	11.96532
71748	-4315.688	-4603.404	287.7167	0.8636634	0.452443	11.63114
71754	-4305.148	-4590.231	285.0832	0.7690139	0.452443	13.05289
71760	-4309.608	-4598.803	289.1947	0.915705	0.3565213	10.92688
71766	-4316.252	-4604.331	288.0795	0.9188665	0.3599298	11.50513
71772	-4312.745	-4601.646	288.9013	0.7637963	0.4400302	11.0754
71778	-4303.803	-4592.114	288.311	0.8079907	0.4440802	11.35739
71784	-4305.046	-4592.43	287.3845	0.8484359	0.4510577	11.81388
71790	-4309.139	-4594	284.8604	0.881058	0.3928486	13.16802
71796	-4305.248	-4595.004	289.7554	0.9047118	0.4311329	10.56226
71802	-4307.533	-4594.863	287.3301	0.8322474	0.4311329	11.8695
71808	-4310.859	-4601.281	290.4222	0.9524576	0.4311329	10.1869
71814	-4305.67	-4590.361	284.6908	0.8059882	0.4567452	13.23368
71820	-4314.238	-4599.485	285.2469	0.8439771	0.4399906	12.94038
71826	-4320.83	-4604.147	283.3167	0.8786889	0.5868255	13.80069
71832	-4357.989	-4637.348	279.3597	0.7746173	0.4148417	16.04949
71838	-4355.693	-4635.463	279.7704	0.8355403	0.4001656	15.82046
71844	-4319.36	-4607.976	288.616	0.9432882	0.3802311	11.19019
71850	-4313.603	-4602.416	288.8134	0.8439366	0.3331597	11.19019
71856	-4332.431	-4621.075	288.6442	0.8639835	0.4010903	11.19557
71862	-4332.359	-4619.354	286.9952	0.8290236	0.3737873	12.10342
71868	-4339.535	-4625.908	286.3733	0.9523379	0.3737873	12.3633
71874	-4316.928	-4605.236	288.3076	0.9626113	0.592199	11.15281
71880	-4314.949	-4603.527	288.5787	1.005991	0.4855955	11.07587
71886	-4322.746	-4611.135	288.389	0.7449667	0.4332161	11.35982
71892	-4316.211	-4602.048	285.837	0.8169087	0.3714368	12.71563
71898	-4316.817	-4602.473	285.656	0.9304087	0.4057817	12.71563
71904	-4320.279	-4607.934	287.6549	0.8438587	0.5338453	11.60271
71910	-4311.634	-4598.619	286.9852	0.7654865	0.5406161	11.98776
71916	-4328.852	-4611.838	282.9861	0.9120309	0.4310992	14.08729
71922	-4316.531	-4600.369	283.8386	0.7573737	0.3279452	13.83254
71928	-4318.228	-4605.291	287.063	0.8153877	0.4037575	12.04445
71934	-4326.439	-4611.806	285.3669	0.8474252	0.316981	13.00473
71940	-4315.959	-4601.647	285.6882	0.9528391	0.2994684	12.80361
71946	-4331.113	-4618.158	287.0449	0.9441617	0.4404683	11.95106
71952	-4317.659	-4601.703	284.0437	0.8792953	0.4739111	13.51621
71958	-4324.405	-4610.505	286.1	0.8947055	0.4394386	12.47046
71964	-4355.282	-4638.009	282.7276	0.9879742	0.3599211	14.25366
71970	-4346.191	-4631.62	285.4293	0.902922	0.3599211	12.89528
71976	-4346.686	-4633.531	286.8441	0.9949479	0.4976512	11.97777
71982	-4345.283	-4630.084	284.801	0.8388347	0.5089013	13.11338
71988	-4332.45	-4618.03	285.5805	0.9895748	0.3321747	12.80219
71994	-4336.095	-4620.065	283.9703	0.9006336	0.4144982	13.59863
72000	-4333.63	-4620.117	286.4868	0.8260529	0.3682648	12.3758
72006	-4325.674	-4612.781	287.1069	0.8582049	0.3924418	12.01062
72012	-4333.24	-4620.245	287.0043	0.8820261	0.3860295	12.0583
72018	-4340.826	-4627.622	286.7958	0.8803465	0.4198785	12.13404
72024	-4340.923	-4629.276	288.3523	0.9459451	0.3937282	11.31283
72030	-4350.758	-4639.492	288.7339	0.8556492	0.4382217	11.11669
72036	-4330.152	-4621.989	291.8365	0.9676037	0.4382217	9.426985
72042	-4333.255	-4620.839	287.5839	0.8612939	0.4281572	11.72466
72048	-4336.841	-4621.996	285.1552	0.8318126	0.5701695	12.88289
72054	-4338.745	-4624.862	286.1169	0.8828133	0.3930922	12.51319
72060	-4335.819	-4623.06	287.2407	0.868908	0.321701	12.01208
72066	-4333.432	-4621.584	288.1515	1.026163	0.5638658	11.22336
72072	-4320.939	-4609.591	288.6515	0.834929	0.3849918	11.22336
72078	-4316.316	-4601.471	285.1542	0.8833179	0.3717722	13.03589
72084	-4319.963	-4608.309	288.3459	0.8703644	0.342981	11.40987
72090	-4325.404	-4611.77	286.3661	0.8733978	0.3393235	12.44559
72096	-4324.146	-4611.801	287.6548	0.9393802	0.4689516	11.60884
72102	-4323.169	-4613.089	289.9197	0.9392466	0.4054596	10.4831
72108	-4332.427	-4618.988	286.5606	0.8806515	0.430743	12.24603
72114	-4335.634	-4623.353	287.7186	0.8735509	0.2910233	11.79706
72120	-4333.027	-4622.603	289.5763	0.9456659	0.4721351	10.59661
72126	-4331.942	-4618.445	286.5035	0.8512975	0.4721351	12.25276
72132	-4327.774	-4616.63	288.8554	0.8048646	0.3592863	11.1596
72138	-4333.652	-4622.872	289.2201	0.9161916	0.3624014	10.90695
72144	-4325.347	-4613.292	287.9448	0.8807667	0.4385342	11.51606
72150	-4343.551	-4631.617	288.0668	0.8181235	0.4297503	11.49338
72156	-4332.917	-4618.322	285.4052	0.8181235	0.5840287	12.74914
72162	-4322.669	-4607.966	285.2974	0.8680885	0.419808	12.92083
72168	-4328.206	-4612.304	284.0974	0.7133032	0.4304945	13.61448
72174	-4317.496	-4602.16	284.6646	0.8256219	0.4181773	13.27346
72180	-4321.12	-4608.38	287.2603	0.7987446	0.4288487	11.92561
72186	-4328.146	-4614.651	286.5048	0.7153064	0.3945133	12.3969
72192	-4330.101	-4616.334	286.233	0.8465549	0.3945133	12.47014
72198	-4328.683	-4613.029	284.3463	0.9749772	0.3275794	13.4565
72204	-4310.514	-4594.177	283.6632	0.8924463	0.5110881	13.67468
72210	-4310.002	-4595.022	285.0201	0.7418099	0.4420513	13.1095
72216	-4322.449	-4608.29	285.8414	0.8226581	0.3607367	12.72172
72222	-4320.335	-4604.107	283.7729	0.845048	0.4279918	13.71693
72228	-4307.177	-4595.114	287.9368	0.8355235	0.474392	11.51087
72234	-4319.176	-4602.467	283.2912	0.9945078	0.4448424	13.87339
72240	-4314.045	-4597.606	283.5608	0.855496	0.5228934	13.73709
72246	-4317.001	-4604.079	287.0777	0.8975907	0.4491975	11.95013
72252	-4323.433	-4610.522	287.0891	0.9397866	0.3333854	12.04079
72258	-4313.491	-4601.31	287.8193	0.9800176	0.4937144	11.47968
72264	-4325.093	-4611.678	286.5856	0.9112534	0.3960455	12.25113
72270	-4321.576	-4610.216	288.6398	0.8548199	0.4963992	11.11359
72276	-4318.348	-4607.2	288.8521	0.8757033	0.3692116	11.11359
72282	-4316.9	-4606.674	289.7736	0.880735	0.3647576	10.63278
72288	-4328.769	-4617.193	288.4234	0.8668196	0.4533134	11.25919
72294	-4331.651	-4618.167	286.5162	0.825824	0.4308754	12.2976
72300	-4326.761	-4613.557	286.7962	1.065898	0.4308754	12.02643
72306	-4326.053	-4611.326	285.2733	0.8482056	0.5416751	12.83566
72312	-4323.22	-4615.307	292.0875	0.9511247	0.4402864	9.30111
72318	-4311.48	-4598.423	286.9434	0.7472701	0.4514416	12.09654
72324	-4315.52	-4602.581	287.0615	0.7844607	0.369575	12.09654
72330	-4320.445	-4607.7	287.2548	0.8656853	0.369575	11.9533
72336	-4326.324	-4612.575	286.2513	0.8660544	0.4070829	12.43787
72342	-4318.245	-4604.474	286.2296	0.8039741	0.4526901	12.43787
72348	-4312.834	-4598.679	285.8456	0.9100985	0.629407	12.43787
72354	-4318.349	-4608.894	290.5454	1.107983	0.3385471	10.1369
72360	-4307.4	-4597.063	289.6629	0.942117	0.4956759	10.53212
72366	-4320.014	-4606.322	286.3083	0.870159	0.5149621	12.30746
72372	-4317.133	-4603.17	286.0367	0.873057	0.481931	12.47594
72378	-4311.539	-4597.766	286.2266	0.8073726	0.4125091	12.47594
72384	-4322.828	-4608.983	286.1556	0.8410188	0.4325853	12.47594
72390	-4331.704	-4619.108	287.4033	0.8410188	0.4162331	11.84114
72396	-4320.803	-4608.05	287.2474	0.7810716	0.5426253	11.84114
72402	-4319.515	-4604.329	284.814	0.713069	0.3578659	13.31599
72408	-4310.167	-4596.723	286.5559	0.8207227	0.3933811	12.31652
72414	-4319.648	-4605.006	285.3586	0.7789337	0.3933811	12.96156
72420	-4331.853	-4617.948	286.0953	0.7952947	0.3818443	12.58153
72426	-4332.809	-4618.301	285.4922	0.7297677	0.436652	12.87531
72432	-4325.37	-4610.558	285.1877	0.8493871	0.304283	13.11191
72438	-4340.062	-4624.242	284.1802	0.7789422	0.3195732	13.65375
72444	-4335.638	-4623.484	287.8455	0.7174967	0.3811344	11.71015
72450	-4344.343	-4631.465	287.1215	0.7600367	0.4362186	12.01121
72456	-4334.503	-4620.25	285.7475	0.7384827	0.3851778	12.78867
72462	-4327.594	-4615.698	288.1042	0.8556546	0.4337101	11.45043
72468	-4322.594	-4608.961	286.3672	0.8558609	0.3631005	12.4281
72474	-4325.162	-4611.9	286.7374	0.8010724	0.5591272	12.08353
72480	-4325.571	-4610.95	285.3795	0.6305565	0.4080962	13.01314
72486	-4318.265	-4604.833	286.5673	0.7701913	0.3947986	12.33549
72492	-4315.233	-4602.011	286.7782	0.7452753	0.3617268	12.27302
72498	-4316.076	-4600.353	284.2763	0.7361458	0.3570692	13.58413
72504	-4311.975	-4598.049	286.0734	0.8242486	0.3945387	12.56483
72510	-4319.369	-4604.069	284.7006	0.7753744	0.4324348	13.26718
72516	-4328.215	-4612.286	284.0707	0.927358	0.4841537	13.46821
72522	-4334.076	-4618.315	284.2383	0.8819894	0.4154831	13.46821
72528	-4338.301	-4623.906	285.6048	0.8918501	0.4046551	12.76344
72534	-4336.469	-4622.19	285.7216	0.7750146	0.4046551	12.76344
72540	-4326.41	-4612.568	286.1582	0.9636314	0.3917184	12.45094
72546	-4328.901	-4613.355	284.4541	0.8381698	0.4209816	13.37357
72552	-4322.509	-4610.198	287.6889	0.8251939	0.3687247	11.74873
72558	-4332.516	-4617.004	284.4883	0.8314735	0.3911374	13.38886
72564	-4332.842	-4617.688	284.8469	0.7874268	0.3911374	13.22547
72570	-4346.135	-4631.223	285.0873	0.8969589	0.3808922	13.05406
72576	-4345.059	-4630.335	285.2757	0.7467913	0.3620187	13.05406
72582	-4358.649	-4645.55	286.9014	0.7349276	0.3771897	12.19783
72588	-4331.86	-4617.2	285.3398	0.7349276	0.3809915	13.00693
72594	-4345.036	-4630.494	285.458	0.8086008	0.2924639	13.00693
72600	-4335.116	-4620.205	285.0891	0.8282792	0.4503309	13.02097
72606	-4333.724	-4619.927	286.2027	0.8580793	0.3069321	12.57617
72612	-4318.163	-4604.456	286.2933	1.012367	0.4040532	12.34272
72618	-4327.921	-4612.079	284.1576	0.8727875	0.3568038	13.57508
72624	-4318.034	-4606.025	287.9907	0.9094204	0.3685267	11.54725
72630	-4314.825	-4603.054	288.2286	0.8129672	0.4132689	11.42754
72636	-4325.879	-4614.391	288.5118	0.8943682	0.3425134	11.31104
72642	-4324.765	-4613.293	288.5278	0.944659	0.312415	11.31104
72648	-4327.971	-4616.384	288.4137	0.9341235	0.3705346	11.31104
72654	-4337.561	-4624.431	286.8694	0.8523415	0.424924	12.10537
72660	-4352.561	-4637.912	285.3511	0.7698939	0.3440097	13.02248
72666	-4345.21	-4630.208	284.9977	0.7766279	0.5340492	13.02248
72672	-4323.968	-4612.066	288.0979	0.815433	0.4455248	11.46358
72678	-4326.662	-4615.145	288.483	0.6658572	0.3791346	11.40606
72684	-4330.387	-4618.406	288.0191	0.7040016	0.4840311	11.52801
72690	-4326.97	-4612.98	286.0097	0.8064702	0.439027	12.56385
72696	-4330.879	-4613.028	282.1491	0.605888	0.3761536	14.73398
72702	-4344.462	-4630.075	285.6131	0.803679	0.4662513	12.74664
72708	-4344.482	-4630.121	285.6385	0.8032548	0.4520277	12.74664
72714	-4342.745	-4629.624	286.8785	0.7104819	0.4078937	12.19126
72720	-4340.608	-4625.184	284.576	0.7649332	0.4099862	13.35901
72726	-4336.508	-4624.66	288.1518	0.662867	0.3296798	11.63481
72732	-4322.941	-4609.238	286.2969	0.7421461	0.3692225	12.51745
72738	-4324.615	-4612.273	287.6581	0.6756856	0.3692225	11.84235
72744	-4334.447	-4621.271	286.8235	0.6381217	0.3990751	12.26644
72750	-4321.107	-4608.641	287.5336	0.7518116	0.4837491	11.75693
72756	-4336.346	-4623.98	287.6336	0.7492953	0.5110257	11.68236
72762	-4329.292	-4611.707	282.4145	0.7823973	0.3351318	14.54953
72768	-4334.112	-4621.929	287.8166	0.8231103	0.4503571	11.60207
72774	-4336.359	-4623.722	287.363	0.7460274	0.4078273	11.92002
72780	-4334.357	-4621.37	287.0125	0.7328489	0.4635606	12.05686
72786	-4333.135	-4619.522	286.3875	0.7175562	0.3607332	12.49212
72792	-4332.071	-4616.686	284.6155	0.743881	0.378681	13.38109
72798	-4346.787	-4630.279	283.4924	0.7032934	0.3665058	13.99778
72804	-4327.003	-4614.055	287.0524	0.7874062	0.4236595	12.045
72810	-4324.909	-4610.958	286.0493	0.8516565	0.4791602	12.483
72816	-4325.708	-4613.027	287.3197	0.8195948	0.406464	11.90561
72822	-4325.364	-4615.281	289.917	0.8977521	0.406464	10.50529
72828	-4330.568	-4620.904	290.3364	0.8546816	0.406464	10.30764
72834	-4330.409	-4620.78	290.3715	0.8349318	0.3984479	10.30764
72840	-4328.382	-4616.275	287.8928	0.8527129	0.3720747	11.62427
72846	-4321.508	-4604.601	283.0928	0.8446852	0.4075516	14.08966
72852	-4322.984	-4607.453	284.4691	0.8737838	0.3528971	13.41709
72858	-4323.232	-4610.612	287.3804	0.8245368	0.3929167	11.88499
72864	-4319.769	-4604.139	284.3696	0.7576813	0.4113905	13.4686
72870	-4321.788	-4607.114	285.3259	0.8308729	0.3239222	13.0266
72876	-4318.929	-4607.454	288.5253	0.6910026	0.4242782	11.32538
72882	-4303.741	-4591.818	288.0761	0.8705048	0.3340371	11.5609
72888	-4302.792	-4592.046	289.254	0.757601	0.3818876	10.95162
72894	-4316.273	-4605.276	289.0033	0.9108632	0.3818876	11.00264
72900	-4311.382	-4599.764	288.3827	0.8185919	0.3818876	11.37578
72906	-4315.227	-4604.359	289.1319	0.8755702	0.4105772	10.92462
72912	-4319.3	-4605.28	285.9798	0.8508921	0.4385684	12.55671
72918	-4327.062	-4612.147	285.0854	0.8096244	0.409378	13.07171
72924	-4322.087	-4613.242	291.1549	0.9137536	0.3977427	9.854772
72930	-4320.159	-4607.643	287.4839	0.8421597	0.3621148	11.85399
72936	-4316.468	-4604.86	288.3916	0.8722159	0.4790788	11.2496
72942	-4332.559	-4616.715	284.1559	0.7122189	0.5326831	13.49445
72948	-4342.567	-4626.867	284.3002	0.7114184	0.4472495	13.49445
72954	-4325.883	-4609.66	283.7772	0.8663347	0.3979543	13.73303
72960	-4331.546	-4622.04	290.4945	1.148775	0.3979543	10.07846
72966	-4317.121	-4606.656	289.5349	1.148775	0.3979543	10.58271
72972	-4315.442	-4599.313	283.8707	0.8214582	0.3849232	13.72103
72978	-4317.622	-4604.841	287.2186	0.8303115	0.350091	12.01167
72984	-4318.642	-4605.592	286.9506	0.9563788	0.4219096	12.01167
72990	-4314.309	-4601.85	287.541	0.7611475	0.3921214	11.83503
72996	-4328.111	-4612.287	284.1763	0.8696177	0.3949154	13.52726
73002	-4324.813	-4610.215	285.4014	0.853379	0.3277116	12.97128
73008	-4327.248	-4610.738	283.4895	0.8289681	0.3277116	13.97674
73014	-4337.928	-4625.726	287.7983	0.9021096	0.5026163	11.52366
73020	-4338.592	-4622.102	283.5095	0.8731861	0.3986071	13.86769
73026	-4332.37	-4617.754	285.3842	0.8703661	0.3986071	12.89544
73032	-4320.312	-4603.986	283.6746	0.7915003	0.3737521	13.84992
73038	-4331.825	-4615.5	283.6746	0.7915003	0.3737521	13.84992
73044	-4346.889	-4631.535	284.6465	0.8990787	0.3291008	13.33827
73050	-4333.703	-4622.796	289.0933	0.8368422	0.3903213	10.98557
73056	-4329.915	-4618.72	288.8051	0.9361795	0.4950266	10.98557
73062	-4302.951	-4589.606	286.6551	0.8380924	0.3624386	12.28808
73068	-4306.287	-4593.865	287.5783	0.8017385	0.4298607	11.75709
73074	-4330.218	-4617.941	287.7238	0.7608973	0.4355899	11.69692
73080	-4317.168	-4609.424	292.2559	0.9891168	0.3563206	9.277983
73086	-4314.579	-4602.154	287.5743	0.780867	0.3563206	11.84507
73092	-4311.053	-4597.642	286.5885	0.7720927	0.3819053	12.33663
73098	-4318.278	-4602.523	284.2447	0.7673043	0.4776786	13.46666
73104	-4318.356	-4604.923	286.5671	0.7624384	0.4391164	12.29629
73110	-4335.621	-4623.057	287.4357	0.8016086	0.4607035	11.80272
73116	-4329.233	-4618.013	288.7803	0.7612963	0.3557801	11.22552
73122	-4327.901	-4616.462	288.5607	0.9559004	0.3235654	11.27486
73128	-4336.49	-4622.312	285.8223	0.850958	0.4199021	12.65655
73134	-4335.792	-4619.877	284.0844	0.7081869	0.3283601	13.7301
73140	-4322.445	-4607.387	284.9418	0.6310019	0.3745808	13.2745
73146	-4316.157	-4600.583	284.4262	0.7904113	0.4264231	13.40764
73152	-4325.207	-4612.561	287.3535	0.6515241	0.4309167	11.9518
73158	-4323.641	-4611.376	287.7351	0.7858141	0.4309167	11.68246
73164	-4334.752	-4622.518	287.7657	0.9557454	0.4606782	11.54984
73170	-4340.744	-4626.955	286.2106	1.015439	0.4631803	12.32798
73176	-4333.43	-4621.529	288.0988	0.8040957	0.3554968	11.55988
73182	-4328.526	-4612.636	284.1096	0.8430205	0.401843	13.56874
73188	-4328.886	-4618.984	290.0981	0.849072	0.493605	10.35423
73194	-4326.126	-4612.15	286.0244	0.877017	0.3781249	12.57976
73200	-4317.707	-4603.65	285.9432	0.877017	0.3781249	12.62204
73206	-4323.466	-4610.269	286.8033	0.922226	0.4070792	12.12084
73212	-4329.67	-4616.481	286.8103	0.9051875	0.4123581	12.12084
73218	-4315.069	-4600.497	285.4274	0.9260555	0.3617412	12.88225
73224	-4318.84	-4606.299	287.459	0.8188905	0.3617412	11.87954
73230	-4318.772	-4605.069	286.2975	0.7605092	0.4336457	12.44298
73236	-4310.563	-4596.018	285.4544	0.9103057	0.4336457	12.80393
73242	-4307.538	-4593.197	285.6592	0.7054793	0.4336457	12.80393
73248	-4317.591	-4606.662	289.0712	0.8427933	0.4990021	10.89162
73254	-4315.956	-4604.513	288.5573	0.9094565	0.479916	11.14269
73260	-4313.886	-4599.616	285.7295	0.8698037	0.2825802	12.84619
73266	-4314.931	-4598.561	283.6301	0.7447537	0.334411	13.9399
73272	-4310.17	-4594.682	284.5127	0.9316393	0.3828977	13.33262
73278	-4328.99	-4614.439	285.449	0.7751279	0.3681366	12.94272
73284	-4319.045	-4603.53	284.4859	0.782717	0.474217	13.33648
73290	-4323.213	-4610.251	287.0378	0.8197403	0.3927202	12.06644
73296	-4313.041	-4600.272	287.2308	0.7834124	0.3870099	11.99055
73302	-4296.782	-4585.459	288.6774	0.7970309	0.4008067	11.21349
73308	-4306.211	-4593.86	287.6493	0.8592529	0.354062	11.76744
73314	-4303.439	-4592.332	288.8926	0.7611543	0.4206977	11.0999
73320	-4319.979	-4610.427	290.4483	1.07845	0.5644916	9.990174
73326	-4307.22	-4597.059	289.8395	0.9272746	0.4623092	10.47703
73332	-4308.925	-4595.874	286.9493	0.7700748	0.4546655	12.07857
73338	-4327.799	-4614.92	287.1205	1.003353	0.4204892	11.89988
73344	-4322.844	-4611.341	288.4971	0.9898689	0.4593545	11.15065
73350	-4317.75	-4609.02	291.2701	0.9680621	0.4495801	9.714796
73356	-4317.055	-4602.544	285.4888	0.8614275	0.3210323	12.9293
73362	-4325.076	-4611.052	285.9759	0.8283889	0.3678525	12.64112
73368	-4317.491	-4606.24	288.7485	0.9225402	0.4723901	11.04246
73374	-4319.239	-4607.203	287.9641	0.84427	0.4010916	11.56155
73380	-4324.644	-4609.913	285.269	0.9354302	0.4010916	12.919
73386	-4325.398	-4613.525	288.1265	1.025333	0.4010916	11.38197
73392	-4319.03	-4608.291	289.261	0.8324826	0.4040101	10.88607
73398	-4305.693	-4591.696	286.0035	0.8357086	0.4040101	12.58575
73404	-4312.984	-4601.66	288.6766	0.8608178	0.4040101	11.17734
73410	-4308.552	-4594.831	286.279	0.8608178	0.3147019	12.52577
73416	-4322.777	-4608.709	285.9322	0.7982811	0.5330403	12.52577
73422	-4333.839	-4621.331	287.4922	0.8750741	0.3092055	11.89236
73428	-4326.165	-4612.502	286.3369	0.8397145	0.3923598	12.42176
73434	-4331.448	-4617.523	286.0757	0.7562624	0.4086911	12.5849
73440	-4326.683	-4610.796	284.1135	0.6888616	0.4111792	13.63751
73446	-4312.513	-4596.536	284.0234	0.7653086	0.4184436	13.63751
73452	-4321.001	-4605.62	284.6197	0.7764858	0.4644003	13.27899
73458	-4320.633	-4605.839	285.2067	0.8179637	0.5135553	12.90933
73464	-4319.908	-4608.685	288.7767	0.9925314	0.4786101	10.98542
73470	-4328.495	-4614.214	285.7184	1.063827	0.5404944	12.49267
73476	-4326.586	-4611.913	285.3277	0.8813558	0.4291234	12.8892
73482	-4329.203	-4614.389	285.1862	0.8359008	0.4877718	12.93282
73488	-4317.341	-4603.416	286.0758	0.7549456	0.4567105	12.53981
73494	-4314.162	-4600.168	286.0059	0.7519744	0.4994259	12.53981
73500	-4318.308	-4605.088	286.7801	0.7582868	0.3777528	12.24831
73506	-4331.653	-4617.002	285.3491	0.7128858	0.5588475	12.85282
73512	-4339.066	-4622.312	283.2465	0.9224624	0.4975448	13.88683
73518	-4320.05	-4602.827	282.7765	0.7406307	0.4111177	14.30405
73524	-4326.45	-4613.42	286.9698	0.7753327	0.4131605	12.10462
73530	-4320.001	-4607.387	287.3865	0.8813853	0.4393461	11.80663
73536	-4319.609	-4605.651	286.042	0.7800231	0.4123324	12.58645
73542	-4321.175	-4605.863	284.6877	0.6761365	0.3774026	13.38012
73548	-4324.265	-4610.308	286.0428	0.8018872	0.3774026	12.61003
73554	-4342.844	-4625.801	282.9573	0.6703283	0.4505102	14.20935
73560	-4324.527	-4609.698	285.1714	0.8771947	0.3551592	13.04791
73566	-4326.943	-4612.842	285.8982	0.8953594	0.4236992	12.5902
73572	-4325.347	-4609.06	283.713	0.8287035	0.4118968	13.77207
73578	-4332.231	-4617.894	285.6631	0.9102573	0.4912038	12.64298
73584	-4317.789	-4603.814	286.0252	0.811202	0.3963414	12.5949
73590	-4311.566	-4595.936	284.3699	0.8698368	0.4287956	13.39334
73596	-4301.728	-4589.269	287.5408	0.8751865	0.3376978	11.83391
73602	-4314.091	-4604.294	290.2025	0.8592071	0.3146497	10.4755
73608	-4302.831	-4592.537	289.7056	0.831278	0.3679556	10.69097
73614	-4301.249	-4587.246	285.9972	0.794484	0.3770691	12.63797
73620	-4303.917	-4592.334	288.4176	0.7297867	0.4067912	11.37862
73626	-4309.975	-4597.972	287.9971	0.7810053	0.4067912	11.57164
73632	-4326.631	-4612.644	286.0131	0.8255266	0.3526157	12.63963
73638	-4334.79	-4618.573	283.7836	0.820867	0.3082562	13.85107
73644	-4327.099	-4615.478	288.3783	0.8161561	0.2743428	11.50352
73650	-4329.75	-4611.98	282.2296	0.6981078	0.4066813	14.61363
73656	-4318.868	-4603.376	284.5086	0.7334527	0.4611628	13.362
73662	-4318.883	-4606.941	288.0583	0.8349552	0.3318595	11.59126
73668	-4322.266	-4607.942	285.6761	0.8551923	0.4688866	12.68467
73674	-4310.984	-4598.875	287.8908	0.9528382	0.3912432	11.55308
73680	-4321.493	-4610.478	288.985	1.016506	0.3912432	10.94725
73686	-4317.513	-4606.424	288.9117	0.9039486	0.3632959	11.07392
73692	-4324.14	-4611.799	287.6596	0.8121218	0.3995594	11.73894
73698	-4319.482	-4608.659	289.1768	0.89554	0.3995594	10.90164
73704	-4333.239	-4622.251	289.0121	0.9130142	0.4809959	10.90164
73710	-4323.43	-4609.601	286.171	0.7039547	0.4131957	12.55804
73716	-4318.645	-4606.522	287.8764	0.8999269	0.4091203	11.57029
73722	-4312.713	-4599.517	286.8035	0.6902075	0.3300431	12.32365
73728	-4324.206	-4610.128	285.9227	0.7666094	0.4687682	12.6025
73734	-4319.419	-4607.388	287.9686	0.8199148	0.4997116	11.48008
73740	-4323.02	-4610.093	287.0732	0.9088662	0.3821149	12.01236
73746	-4325.269	-4611.806	286.5378	0.9313857	0.3945998	12.267
73752	-4314.461	-4601.789	287.3283	0.8966482	0.338787	11.93237
73758	-4328.402	-4618.3	289.8978	0.9947645	0.3459938	10.5283
73764	-4321.924	-4609.505	287.5809	0.9161467	0.4064202	11.71885
73770	-4326.867	-4614.389	287.5226	0.8849739	0.4064202	11.76556
73776	-4333.552	-4617.31	283.7584	0.8306088	0.498043	13.66846
73782	-4326.354	-4612.999	286.6456	0.729192	0.3319558	12.38344
73788	-4326.201	-4613.578	287.3773	0.7577155	0.403581	11.91071
73794	-4326.72	-4612.015	285.2945	0.6645282	0.4060642	13.0417
73800	-4320.231	-4605.562	285.3314	0.7053943	0.3666374	13.0417
73806	-4317.099	-4603.719	286.6202	0.7396632	0.3790868	12.33994
73812	-4320.676	-4607.862	287.1857	0.8785201	0.397493	11.95377
73818	-4330.614	-4618.066	287.4522	0.639254	0.3835887	11.95377
73824	-4313.42	-4598.312	284.8926	0.738387	0.373029	13.24592
73830	-4312.73	-4600.197	287.4676	0.7501525	0.3299644	11.94612
73836	-4316.137	-4601.976	285.839	0.7775268	0.4052258	12.70049
73842	-4314.308	-4601.584	287.2762	0.8366849	0.3449096	11.98404
73848	-4321.159	-4608.253	287.094	0.7827217	0.4683294	11.98404
73854	-4331.117	-4617.182	286.0654	0.6305986	0.3738918	12.69112
73860	-4327.179	-4613.332	286.153	0.913804	0.3018259	12.57917
73866	-4328.771	-4616.686	287.9149	0.9578092	0.2655784	11.68302
73872	-4334.805	-4622.521	287.7153	0.9848437	0.2784479	11.75651
73878	-4322.71	-4611.136	288.4257	0.8995345	0.4324319	11.26056
73884	-4318.585	-4606.685	288.1001	0.7895289	0.3678195	11.5535
73890	-4324.943	-4613.095	288.152	0.7999722	0.3380846	11.5535
73896	-4334.542	-4621.964	287.422	0.8073684	0.4215885	11.84373
73902	-4331.049	-4619.303	288.2547	0.8863372	0.4215885	11.36734
73908	-4333.714	-4622.8	289.0861	0.8607043	0.4300782	10.93734
73914	-4328.883	-4616.452	287.5688	0.8779779	0.2963727	11.86638
73920	-4347.357	-4630.423	283.0657	0.7748123	0.3872165	14.16038
73926	-4330.844	-4618.669	287.8244	0.7970045	0.3872165	11.67334
73932	-4323.905	-4613.26	289.3545	0.9220685	0.4367349	10.75811
73938	-4328.06	-4615.413	287.3534	0.9265169	0.4367349	11.80281
73944	-4317.812	-4605.422	287.6101	0.8364367	0.3513198	11.80281
73950	-4321.485	-4609.851	288.366	0.8364367	0.3513198	11.40782
73956	-4332.304	-4622.313	290.0087	0.8922278	0.3502099	10.5192
73962	-4341.556	-4632.45	290.8943	0.9863905	0.4243397	9.927258
73968	-4330.977	-4616.9	285.9229	0.9011426	0.3334556	12.66852
73974	-4329.168	-4619.206	290.038	0.8349169	0.3496226	10.53454
73980	-4307.707	-4597.197	289.4909	0.9107869	0.3988053	10.72976
73986	-4331.518	-4616.481	284.9632	0.8546672	0.3988053	13.12229
73992	-4322.902	-4607.687	284.7853	0.6603708	0.3579004	13.35824
73998	-4306.67	-4596.206	289.5356	0.877548	0.3579004	10.76669
74004	-4314.589	-4603.62	289.0315	0.8212272	0.2963887	11.13138
74010	-4330.855	-4615.663	284.8079	0.7734466	0.3627376	13.28259
74016	-4331.134	-4618.659	287.5259	0.783406	0.4512309	11.77384
74022	-4324.088	-4609.229	285.1409	0.7797401	0.4685772	13.00264
74028	-4320.931	-4608.245	287.3141	0.8251816	0.3047726	12.01664
74034	-4329.877	-4614.165	284.2875	0.7560093	0.3047726	13.62743
74040	-4325.382	-4611.582	286.1994	0.9366985	0.3490858	12.48863
74046	-4320.637	-4604.856	284.2183	0.8165738	0.3585518	13.5709
74052	-4325.514	-4611.944	286.4308	0.8904394	0.3254332	12.41876
74058	-4334.032	-4620.53	286.4987	0.8802267	0.3000154	12.41876
74064	-4318.795	-4607.742	288.9467	0.8802267	0.5241702	10.91578
74070	-4324.21	-4611.703	287.4932	0.830408	0.4619091	11.75657
74076	-4322.213	-4609.369	287.1557	0.836551	0.4421767	11.94783
74082	-4313.911	-4601.098	287.1872	0.8415527	0.4222197	11.94783
74088	-4330.6	-4614.135	283.5353	0.7617249	0.4092759	13.90154
74094	-4323.004	-4606.376	283.3724	0.8248522	0.4641908	13.90154
74100	-4318.742	-4603.776	285.0341	0.8427103	0.4169832	13.0737
74106	-4314.348	-4602.422	288.0744	0.9945545	0.376292	11.45081
74112	-4312.158	-4598.956	286.7981	0.8616043	0.3894334	12.17298
74118	-4332.748	-4616.511	283.7631	0.7363784	0.4522023	13.75569
74124	-4329.647	-4617.516	287.8689	0.807093	0.3639945	11.66922
74130	-4323.434	-4612.031	288.5971	0.8354588	0.2855577	11.3647
74136	-4312.038	-4599.98	287.9422	0.8809751	0.3631926	11.59321
74142	-4314.252	-4601.538	287.2863	0.9057943	0.4373837	11.84801
74148	-4313.81	-4602.561	288.7509	0.933937	0.4610153	11.04555
74154	-4327.224	-4612.077	284.8527	0.8982874	0.3031814	13.26194
74160	-4340.948	-4627.95	287.002	0.9529317	0.3962181	12.01208
74166	-4334.645	-4617.783	283.1375	0.8556537	0.3853478	14.08315
74172	-4344.831	-4628.486	283.6554	0.7602935	0.4357499	13.81447
74178	-4321.669	-4606.876	285.207	0.6865695	0.3862233	13.09573
74184	-4337.829	-4622.623	284.7942	0.8970478	0.4982828	13.09573
74190	-4326.467	-4609.531	283.0639	0.8048224	0.3804392	14.15268
74196	-4317.921	-4602.279	284.3583	0.8442689	0.4801725	13.36551
